{
    "ecqa_gpt4": {
        "0": 0.144,
        "1": 0.0901,
        "2": 0.00479,
        "3": 0.0109,
        "4": 0.015,
        "5": 0.0226,
        "6": 0.0335,
        "7": 0.0452,
        "8": 0.0631,
        "9": 0.0672,
        "10": 0.0823,
        "11": 0.095,
        "12": 0.11,
        "13": 0.126,
        "14": 0.125,
        "15": 0.133,
        "16": 0.154,
        "17": 0.177,
        "18": 0.172,
        "19": 0.202,
        "20": 0.207,
        "21": 0.194,
        "22": 0.178,
        "23": 0.168,
        "24": 0.171,
        "25": 0.162,
        "26": 0.152,
        "27": 0.156,
        "28": 0.156,
        "29": 0.164,
        "30": 0.144,
        "31": 0.136,
        "32": 0.213
    },
    "ecqa_claude": {
        "0": 0.136,
        "1": 0.0822,
        "2": 0.00313,
        "3": 0.00708,
        "4": 0.0102,
        "5": 0.0154,
        "6": 0.0249,
        "7": 0.0343,
        "8": 0.0502,
        "9": 0.0551,
        "10": 0.0664,
        "11": 0.0747,
        "12": 0.0876,
        "13": 0.102,
        "14": 0.102,
        "15": 0.11,
        "16": 0.133,
        "17": 0.156,
        "18": 0.151,
        "19": 0.185,
        "20": 0.191,
        "21": 0.183,
        "22": 0.171,
        "23": 0.164,
        "24": 0.168,
        "25": 0.16,
        "26": 0.151,
        "27": 0.154,
        "28": 0.151,
        "29": 0.158,
        "30": 0.138,
        "31": 0.13,
        "32": 0.206
    },
    "ecqa_step_by_step": {
        "0": 0.141,
        "1": 0.106,
        "2": 0.00874,
        "3": 0.0192,
        "4": 0.025,
        "5": 0.036,
        "6": 0.0521,
        "7": 0.0682,
        "8": 0.0905,
        "9": 0.0948,
        "10": 0.116,
        "11": 0.127,
        "12": 0.153,
        "13": 0.173,
        "14": 0.166,
        "15": 0.178,
        "16": 0.204,
        "17": 0.229,
        "18": 0.22,
        "19": 0.248,
        "20": 0.254,
        "21": 0.232,
        "22": 0.209,
        "23": 0.192,
        "24": 0.19,
        "25": 0.178,
        "26": 0.165,
        "27": 0.167,
        "28": 0.165,
        "29": 0.173,
        "30": 0.151,
        "31": 0.141,
        "32": 0.221
    },
    "ecqa_mini_gpt4": {
        "0": 0.15,
        "1": 0.0709,
        "2": 0.00244,
        "3": 0.00581,
        "4": 0.00825,
        "5": 0.0128,
        "6": 0.0196,
        "7": 0.0267,
        "8": 0.0373,
        "9": 0.042,
        "10": 0.0508,
        "11": 0.0598,
        "12": 0.0717,
        "13": 0.0841,
        "14": 0.0879,
        "15": 0.0973,
        "16": 0.117,
        "17": 0.134,
        "18": 0.135,
        "19": 0.164,
        "20": 0.17,
        "21": 0.163,
        "22": 0.153,
        "23": 0.147,
        "24": 0.153,
        "25": 0.146,
        "26": 0.138,
        "27": 0.141,
        "28": 0.142,
        "29": 0.152,
        "30": 0.135,
        "31": 0.134,
        "32": 0.218
    },
    "ecqa_groundtruth": {
        "0": 0.214,
        "1": 0.0624,
        "2": 0.00137,
        "3": 0.00244,
        "4": 0.00376,
        "5": 0.00571,
        "6": 0.00898,
        "7": 0.013,
        "8": 0.0188,
        "9": 0.0223,
        "10": 0.0281,
        "11": 0.0354,
        "12": 0.0424,
        "13": 0.0509,
        "14": 0.0567,
        "15": 0.0607,
        "16": 0.0771,
        "17": 0.0941,
        "18": 0.102,
        "19": 0.134,
        "20": 0.155,
        "21": 0.159,
        "22": 0.162,
        "23": 0.159,
        "24": 0.172,
        "25": 0.171,
        "26": 0.165,
        "27": 0.172,
        "28": 0.188,
        "29": 0.208,
        "30": 0.197,
        "31": 0.206,
        "32": 0.328
    },
    "ecqa_gpt4_style_in_context_examples": {
        "0": 0.139,
        "1": 0.112,
        "2": 0.0103,
        "3": 0.0225,
        "4": 0.0294,
        "5": 0.0423,
        "6": 0.0613,
        "7": 0.0799,
        "8": 0.107,
        "9": 0.111,
        "10": 0.135,
        "11": 0.157,
        "12": 0.187,
        "13": 0.209,
        "14": 0.199,
        "15": 0.209,
        "16": 0.23,
        "17": 0.257,
        "18": 0.243,
        "19": 0.277,
        "20": 0.27,
        "21": 0.241,
        "22": 0.216,
        "23": 0.198,
        "24": 0.2,
        "25": 0.185,
        "26": 0.17,
        "27": 0.172,
        "28": 0.172,
        "29": 0.182,
        "30": 0.158,
        "31": 0.147,
        "32": 0.227
    },
    "ecqa_openai_human_written_examples": {
        "0": 0.143,
        "1": 0.0829,
        "2": 0.00493,
        "3": 0.0104,
        "4": 0.014,
        "5": 0.0213,
        "6": 0.0324,
        "7": 0.0426,
        "8": 0.061,
        "9": 0.0638,
        "10": 0.079,
        "11": 0.0931,
        "12": 0.108,
        "13": 0.127,
        "14": 0.122,
        "15": 0.125,
        "16": 0.144,
        "17": 0.167,
        "18": 0.162,
        "19": 0.187,
        "20": 0.196,
        "21": 0.181,
        "22": 0.169,
        "23": 0.16,
        "24": 0.162,
        "25": 0.153,
        "26": 0.144,
        "27": 0.148,
        "28": 0.147,
        "29": 0.155,
        "30": 0.135,
        "31": 0.128,
        "32": 0.209
    },
    "ecqa_simple_response": {
        "0": 0.198,
        "1": 0.0813,
        "2": 0.00957,
        "3": 0.0106,
        "4": 0.0118,
        "5": 0.0132,
        "6": 0.016,
        "7": 0.0193,
        "8": 0.0241,
        "9": 0.0256,
        "10": 0.0306,
        "11": 0.0349,
        "12": 0.0397,
        "13": 0.0465,
        "14": 0.0494,
        "15": 0.0522,
        "16": 0.0663,
        "17": 0.0807,
        "18": 0.0865,
        "19": 0.112,
        "20": 0.127,
        "21": 0.133,
        "22": 0.134,
        "23": 0.133,
        "24": 0.142,
        "25": 0.139,
        "26": 0.136,
        "27": 0.143,
        "28": 0.151,
        "29": 0.169,
        "30": 0.159,
        "31": 0.169,
        "32": 0.272
    },
    "ecqa_rewrite_groundtruth_in_own_words": {
        "0": 0.172,
        "1": 0.0524,
        "2": 0.00117,
        "3": 0.00215,
        "4": 0.00317,
        "5": 0.00498,
        "6": 0.00801,
        "7": 0.0119,
        "8": 0.0179,
        "9": 0.0207,
        "10": 0.0265,
        "11": 0.0338,
        "12": 0.041,
        "13": 0.0496,
        "14": 0.0543,
        "15": 0.057,
        "16": 0.071,
        "17": 0.0851,
        "18": 0.0905,
        "19": 0.114,
        "20": 0.129,
        "21": 0.13,
        "22": 0.131,
        "23": 0.13,
        "24": 0.135,
        "25": 0.134,
        "26": 0.129,
        "27": 0.134,
        "28": 0.137,
        "29": 0.148,
        "30": 0.136,
        "31": 0.14,
        "32": 0.233
    }
}