{
    "squad_gpt4": {
        "0": 0.148,
        "1": 0.0409,
        "2": 0.0387,
        "3": 0.0412,
        "4": 0.0019,
        "5": 0.00142,
        "6": 0.00146,
        "7": 0.00181,
        "8": 0.00254,
        "9": 0.00259,
        "10": 0.00347,
        "11": 0.00327,
        "12": 0.00356,
        "13": 0.00352,
        "14": 0.00396,
        "15": 0.00415,
        "16": 0.00469,
        "17": 0.00459,
        "18": 0.00503,
        "19": 0.00576,
        "20": 0.00825,
        "21": 0.0106,
        "22": 0.0147,
        "23": 0.0206,
        "24": 0.0302,
        "25": 0.0383,
        "26": 0.0469,
        "27": 0.0441,
        "28": 0.133
    },
    "squad_claude": {
        "0": 0.171,
        "1": 0.0489,
        "2": 0.0528,
        "3": 0.0544,
        "4": 0.00581,
        "5": 0.00425,
        "6": 0.00488,
        "7": 0.00571,
        "8": 0.00654,
        "9": 0.00786,
        "10": 0.00952,
        "11": 0.00991,
        "12": 0.00952,
        "13": 0.00977,
        "14": 0.0111,
        "15": 0.0121,
        "16": 0.0134,
        "17": 0.0146,
        "18": 0.0154,
        "19": 0.0175,
        "20": 0.0265,
        "21": 0.0346,
        "22": 0.0471,
        "23": 0.0635,
        "24": 0.0848,
        "25": 0.0974,
        "26": 0.108,
        "27": 0.0632,
        "28": 0.19
    },
    "squad_step_by_step": {
        "0": 0.167,
        "1": 0.0521,
        "2": 0.0532,
        "3": 0.0579,
        "4": 0.00635,
        "5": 0.00444,
        "6": 0.00537,
        "7": 0.0062,
        "8": 0.00718,
        "9": 0.00796,
        "10": 0.00942,
        "11": 0.00962,
        "12": 0.00967,
        "13": 0.00967,
        "14": 0.011,
        "15": 0.012,
        "16": 0.0135,
        "17": 0.0145,
        "18": 0.0157,
        "19": 0.0179,
        "20": 0.027,
        "21": 0.035,
        "22": 0.0474,
        "23": 0.0648,
        "24": 0.0867,
        "25": 0.1,
        "26": 0.113,
        "27": 0.0666,
        "28": 0.213
    },
    "squad_mini_gpt4": {
        "0": 0.149,
        "1": 0.0405,
        "2": 0.0398,
        "3": 0.0421,
        "4": 0.002,
        "5": 0.00151,
        "6": 0.00151,
        "7": 0.00186,
        "8": 0.00244,
        "9": 0.00293,
        "10": 0.00352,
        "11": 0.00352,
        "12": 0.00361,
        "13": 0.00352,
        "14": 0.0041,
        "15": 0.00444,
        "16": 0.00508,
        "17": 0.00547,
        "18": 0.00581,
        "19": 0.00669,
        "20": 0.00991,
        "21": 0.0134,
        "22": 0.0185,
        "23": 0.026,
        "24": 0.0367,
        "25": 0.0458,
        "26": 0.0547,
        "27": 0.0471,
        "28": 0.158
    },
    "squad_groundtruth": {
        "0": 0.307,
        "1": 0.146,
        "2": 0.0919,
        "3": 0.164,
        "4": 0.00132,
        "5": 0.000928,
        "6": 0.00137,
        "7": 0.00127,
        "8": 0.00142,
        "9": 0.00151,
        "10": 0.002,
        "11": 0.002,
        "12": 0.00229,
        "13": 0.00186,
        "14": 0.0022,
        "15": 0.00264,
        "16": 0.00288,
        "17": 0.00303,
        "18": 0.00332,
        "19": 0.00381,
        "20": 0.00474,
        "21": 0.0064,
        "22": 0.0085,
        "23": 0.0125,
        "24": 0.0198,
        "25": 0.0303,
        "26": 0.0426,
        "27": 0.0984,
        "28": 0.308
    },
    "squad_gpt4_style_in_context_examples": {
        "0": 0.166,
        "1": 0.0505,
        "2": 0.0527,
        "3": 0.0569,
        "4": 0.00659,
        "5": 0.00488,
        "6": 0.00547,
        "7": 0.00649,
        "8": 0.00752,
        "9": 0.0084,
        "10": 0.0101,
        "11": 0.0106,
        "12": 0.0105,
        "13": 0.0106,
        "14": 0.0118,
        "15": 0.0129,
        "16": 0.0147,
        "17": 0.016,
        "18": 0.0169,
        "19": 0.0194,
        "20": 0.03,
        "21": 0.0384,
        "22": 0.0521,
        "23": 0.0702,
        "24": 0.0934,
        "25": 0.106,
        "26": 0.119,
        "27": 0.0708,
        "28": 0.208
    },
    "squad_openai_human_written_examples": {
        "0": 0.112,
        "1": 0.0368,
        "2": 0.0319,
        "3": 0.0353,
        "4": 0.000977,
        "5": 0.000586,
        "6": 0.000781,
        "7": 0.000879,
        "8": 0.000977,
        "9": 0.00107,
        "10": 0.00137,
        "11": 0.00156,
        "12": 0.00156,
        "13": 0.00171,
        "14": 0.00195,
        "15": 0.002,
        "16": 0.00229,
        "17": 0.00229,
        "18": 0.00273,
        "19": 0.00293,
        "20": 0.0041,
        "21": 0.00542,
        "22": 0.00762,
        "23": 0.0108,
        "24": 0.0164,
        "25": 0.0219,
        "26": 0.0282,
        "27": 0.0366,
        "28": 0.116
    },
    "squad_simple_response": {
        "0": 0.166,
        "1": 0.049,
        "2": 0.0359,
        "3": 0.042,
        "4": 0.00103,
        "5": 0.000879,
        "6": 0.000635,
        "7": 0.00083,
        "8": 0.00117,
        "9": 0.00122,
        "10": 0.00161,
        "11": 0.00151,
        "12": 0.00166,
        "13": 0.00171,
        "14": 0.00205,
        "15": 0.0021,
        "16": 0.00225,
        "17": 0.00239,
        "18": 0.00254,
        "19": 0.00283,
        "20": 0.00381,
        "21": 0.00479,
        "22": 0.00635,
        "23": 0.00928,
        "24": 0.0137,
        "25": 0.0187,
        "26": 0.0234,
        "27": 0.0403,
        "28": 0.136
    }
}