{
    "math_algebra_gpt4": {
        "0": 0.0988,
        "1": 0.0273,
        "2": 0.0102,
        "3": 0.0172,
        "4": 0.0222,
        "5": 0.0295,
        "6": 0.0342,
        "7": 0.0397,
        "8": 0.0458,
        "9": 0.0554,
        "10": 0.055,
        "11": 0.0599,
        "12": 0.067,
        "13": 0.0684,
        "14": 0.0722,
        "15": 0.0735,
        "16": 0.0758,
        "17": 0.0708,
        "18": 0.0705,
        "19": 0.07,
        "20": 0.0651,
        "21": 0.0655,
        "22": 0.063,
        "23": 0.0633,
        "24": 0.0695,
        "25": 0.0711,
        "26": 0.0747,
        "27": 0.0849,
        "28": 0.0861,
        "29": 0.0872,
        "30": 0.0872,
        "31": 0.0889,
        "32": 0.119
    },
    "math_algebra_claude": {
        "0": 0.0958,
        "1": 0.031,
        "2": 0.00449,
        "3": 0.00928,
        "4": 0.012,
        "5": 0.0182,
        "6": 0.0231,
        "7": 0.0288,
        "8": 0.0361,
        "9": 0.0429,
        "10": 0.0464,
        "11": 0.0527,
        "12": 0.06,
        "13": 0.063,
        "14": 0.0658,
        "15": 0.0682,
        "16": 0.075,
        "17": 0.0743,
        "18": 0.0724,
        "19": 0.0749,
        "20": 0.0751,
        "21": 0.0789,
        "22": 0.0764,
        "23": 0.0797,
        "24": 0.0861,
        "25": 0.0856,
        "26": 0.0878,
        "27": 0.0929,
        "28": 0.0916,
        "29": 0.0958,
        "30": 0.0944,
        "31": 0.102,
        "32": 0.167
    },
    "math_algebra_step_by_step": {
        "0": 0.107,
        "1": 0.0293,
        "2": 0.00713,
        "3": 0.0133,
        "4": 0.0172,
        "5": 0.0234,
        "6": 0.0286,
        "7": 0.0344,
        "8": 0.0407,
        "9": 0.049,
        "10": 0.0498,
        "11": 0.054,
        "12": 0.0598,
        "13": 0.062,
        "14": 0.0636,
        "15": 0.0654,
        "16": 0.0701,
        "17": 0.0687,
        "18": 0.0689,
        "19": 0.0686,
        "20": 0.0647,
        "21": 0.0653,
        "22": 0.0633,
        "23": 0.064,
        "24": 0.0699,
        "25": 0.0727,
        "26": 0.0773,
        "27": 0.0877,
        "28": 0.0882,
        "29": 0.0893,
        "30": 0.0882,
        "31": 0.09,
        "32": 0.119
    },
    "math_algebra_mini_gpt4": {
        "0": 0.0907,
        "1": 0.0268,
        "2": 0.00601,
        "3": 0.0109,
        "4": 0.0138,
        "5": 0.0201,
        "6": 0.0247,
        "7": 0.0306,
        "8": 0.0383,
        "9": 0.0459,
        "10": 0.0482,
        "11": 0.0542,
        "12": 0.0607,
        "13": 0.0634,
        "14": 0.0669,
        "15": 0.068,
        "16": 0.0748,
        "17": 0.0728,
        "18": 0.0714,
        "19": 0.0722,
        "20": 0.0701,
        "21": 0.0698,
        "22": 0.0664,
        "23": 0.066,
        "24": 0.0702,
        "25": 0.0703,
        "26": 0.0738,
        "27": 0.0845,
        "28": 0.0851,
        "29": 0.0863,
        "30": 0.085,
        "31": 0.0855,
        "32": 0.109
    },
    "math_algebra_groundtruth": {
        "0": 0.121,
        "1": 0.0552,
        "2": 0.0331,
        "3": 0.0395,
        "4": 0.0438,
        "5": 0.0537,
        "6": 0.0624,
        "7": 0.0722,
        "8": 0.0896,
        "9": 0.103,
        "10": 0.114,
        "11": 0.121,
        "12": 0.132,
        "13": 0.142,
        "14": 0.146,
        "15": 0.148,
        "16": 0.162,
        "17": 0.165,
        "18": 0.161,
        "19": 0.166,
        "20": 0.166,
        "21": 0.159,
        "22": 0.149,
        "23": 0.145,
        "24": 0.151,
        "25": 0.144,
        "26": 0.142,
        "27": 0.148,
        "28": 0.149,
        "29": 0.151,
        "30": 0.144,
        "31": 0.138,
        "32": 0.163
    },
    "math_algebra_gpt4_style_in_context_examples": {
        "0": 0.196,
        "1": 0.0664,
        "2": 0.00835,
        "3": 0.0165,
        "4": 0.0232,
        "5": 0.0369,
        "6": 0.0588,
        "7": 0.0785,
        "8": 0.113,
        "9": 0.14,
        "10": 0.161,
        "11": 0.169,
        "12": 0.181,
        "13": 0.2,
        "14": 0.212,
        "15": 0.225,
        "16": 0.28,
        "17": 0.303,
        "18": 0.295,
        "19": 0.32,
        "20": 0.345,
        "21": 0.371,
        "22": 0.366,
        "23": 0.353,
        "24": 0.353,
        "25": 0.334,
        "26": 0.327,
        "27": 0.321,
        "28": 0.305,
        "29": 0.299,
        "30": 0.285,
        "31": 0.286,
        "32": 0.421
    },
    "math_algebra_openai_human_written_examples": {
        "0": 0.094,
        "1": 0.0269,
        "2": 0.00508,
        "3": 0.00933,
        "4": 0.0124,
        "5": 0.0179,
        "6": 0.0233,
        "7": 0.0292,
        "8": 0.0392,
        "9": 0.0476,
        "10": 0.0515,
        "11": 0.0567,
        "12": 0.0637,
        "13": 0.0671,
        "14": 0.0707,
        "15": 0.0735,
        "16": 0.0833,
        "17": 0.0847,
        "18": 0.0801,
        "19": 0.081,
        "20": 0.0775,
        "21": 0.0767,
        "22": 0.0733,
        "23": 0.0722,
        "24": 0.0775,
        "25": 0.0762,
        "26": 0.0799,
        "27": 0.0883,
        "28": 0.0873,
        "29": 0.0876,
        "30": 0.0851,
        "31": 0.0846,
        "32": 0.113
    },
    "math_algebra_simple_response": {
        "0": 0.125,
        "1": 0.0832,
        "2": 0.0143,
        "3": 0.0253,
        "4": 0.0314,
        "5": 0.0445,
        "6": 0.0584,
        "7": 0.0723,
        "8": 0.0982,
        "9": 0.113,
        "10": 0.13,
        "11": 0.141,
        "12": 0.158,
        "13": 0.173,
        "14": 0.175,
        "15": 0.179,
        "16": 0.202,
        "17": 0.214,
        "18": 0.203,
        "19": 0.217,
        "20": 0.222,
        "21": 0.223,
        "22": 0.206,
        "23": 0.199,
        "24": 0.202,
        "25": 0.19,
        "26": 0.185,
        "27": 0.194,
        "28": 0.195,
        "29": 0.201,
        "30": 0.193,
        "31": 0.181,
        "32": 0.204
    },
    "math_algebra_rewrite_groundtruth_in_own_words": {
        "0": 0.0828,
        "1": 0.0294,
        "2": 0.00884,
        "3": 0.0123,
        "4": 0.0153,
        "5": 0.022,
        "6": 0.0273,
        "7": 0.0341,
        "8": 0.0431,
        "9": 0.0529,
        "10": 0.0553,
        "11": 0.0613,
        "12": 0.0676,
        "13": 0.0724,
        "14": 0.0757,
        "15": 0.0813,
        "16": 0.0918,
        "17": 0.0926,
        "18": 0.0928,
        "19": 0.0944,
        "20": 0.0924,
        "21": 0.0892,
        "22": 0.0868,
        "23": 0.0857,
        "24": 0.0894,
        "25": 0.0864,
        "26": 0.0861,
        "27": 0.088,
        "28": 0.0877,
        "29": 0.0864,
        "30": 0.0805,
        "31": 0.0791,
        "32": 0.101
    }
}