{
    "math_geometry_step_by_step": {
        "0": 0.135,
        "1": 0.0425,
        "2": 0.0116,
        "3": 0.021,
        "4": 0.0271,
        "5": 0.0372,
        "6": 0.0475,
        "7": 0.0591,
        "8": 0.0751,
        "9": 0.0872,
        "10": 0.091,
        "11": 0.0932,
        "12": 0.103,
        "13": 0.107,
        "14": 0.109,
        "15": 0.112,
        "16": 0.117,
        "17": 0.113,
        "18": 0.109,
        "19": 0.114,
        "20": 0.113,
        "21": 0.109,
        "22": 0.105,
        "23": 0.104,
        "24": 0.107,
        "25": 0.107,
        "26": 0.111,
        "27": 0.119,
        "28": 0.122,
        "29": 0.126,
        "30": 0.119,
        "31": 0.118,
        "32": 0.158
    },
    "math_geometry_gpt4": {
        "0": 0.134,
        "1": 0.0378,
        "2": 0.00918,
        "3": 0.014,
        "4": 0.0188,
        "5": 0.0248,
        "6": 0.0304,
        "7": 0.0374,
        "8": 0.0473,
        "9": 0.0582,
        "10": 0.061,
        "11": 0.0662,
        "12": 0.0745,
        "13": 0.0766,
        "14": 0.0829,
        "15": 0.0878,
        "16": 0.0966,
        "17": 0.0966,
        "18": 0.0958,
        "19": 0.103,
        "20": 0.104,
        "21": 0.106,
        "22": 0.104,
        "23": 0.104,
        "24": 0.109,
        "25": 0.11,
        "26": 0.114,
        "27": 0.124,
        "28": 0.127,
        "29": 0.131,
        "30": 0.125,
        "31": 0.125,
        "32": 0.172
    },
    "math_geometry_claude": {
        "0": 0.156,
        "1": 0.0487,
        "2": 0.0164,
        "3": 0.0256,
        "4": 0.0304,
        "5": 0.039,
        "6": 0.0458,
        "7": 0.0541,
        "8": 0.0667,
        "9": 0.0794,
        "10": 0.0802,
        "11": 0.0854,
        "12": 0.0944,
        "13": 0.0953,
        "14": 0.101,
        "15": 0.104,
        "16": 0.115,
        "17": 0.116,
        "18": 0.116,
        "19": 0.126,
        "20": 0.13,
        "21": 0.132,
        "22": 0.128,
        "23": 0.129,
        "24": 0.137,
        "25": 0.135,
        "26": 0.141,
        "27": 0.147,
        "28": 0.149,
        "29": 0.156,
        "30": 0.148,
        "31": 0.149,
        "32": 0.236
    },
    "math_geometry_mini_gpt4": {
        "0": 0.124,
        "1": 0.0369,
        "2": 0.00864,
        "3": 0.0131,
        "4": 0.0166,
        "5": 0.022,
        "6": 0.0279,
        "7": 0.0344,
        "8": 0.0436,
        "9": 0.0527,
        "10": 0.0558,
        "11": 0.0605,
        "12": 0.0693,
        "13": 0.0729,
        "14": 0.0799,
        "15": 0.0846,
        "16": 0.0921,
        "17": 0.0908,
        "18": 0.0886,
        "19": 0.094,
        "20": 0.0955,
        "21": 0.0958,
        "22": 0.0924,
        "23": 0.0929,
        "24": 0.0981,
        "25": 0.101,
        "26": 0.106,
        "27": 0.117,
        "28": 0.12,
        "29": 0.123,
        "30": 0.117,
        "31": 0.118,
        "32": 0.155
    },
    "math_geometry_groundtruth": {
        "0": 0.147,
        "1": 0.0635,
        "2": 0.0237,
        "3": 0.034,
        "4": 0.0397,
        "5": 0.0501,
        "6": 0.0583,
        "7": 0.0699,
        "8": 0.0847,
        "9": 0.1,
        "10": 0.102,
        "11": 0.109,
        "12": 0.12,
        "13": 0.122,
        "14": 0.128,
        "15": 0.133,
        "16": 0.148,
        "17": 0.155,
        "18": 0.154,
        "19": 0.168,
        "20": 0.175,
        "21": 0.181,
        "22": 0.175,
        "23": 0.173,
        "24": 0.18,
        "25": 0.175,
        "26": 0.176,
        "27": 0.182,
        "28": 0.19,
        "29": 0.193,
        "30": 0.182,
        "31": 0.173,
        "32": 0.206
    },
    "math_geometry_gpt4_style_in_context_examples": {
        "0": 0.131,
        "1": 0.0382,
        "2": 0.00693,
        "3": 0.0112,
        "4": 0.0152,
        "5": 0.0213,
        "6": 0.0277,
        "7": 0.0353,
        "8": 0.0451,
        "9": 0.0558,
        "10": 0.0591,
        "11": 0.0641,
        "12": 0.072,
        "13": 0.0756,
        "14": 0.0803,
        "15": 0.086,
        "16": 0.0931,
        "17": 0.0941,
        "18": 0.0928,
        "19": 0.1,
        "20": 0.101,
        "21": 0.102,
        "22": 0.0998,
        "23": 0.101,
        "24": 0.106,
        "25": 0.108,
        "26": 0.113,
        "27": 0.123,
        "28": 0.126,
        "29": 0.131,
        "30": 0.126,
        "31": 0.126,
        "32": 0.168
    },
    "math_geometry_openai_human_written_examples": {
        "0": 0.137,
        "1": 0.0399,
        "2": 0.00903,
        "3": 0.0138,
        "4": 0.0188,
        "5": 0.0255,
        "6": 0.0326,
        "7": 0.041,
        "8": 0.0503,
        "9": 0.0623,
        "10": 0.0652,
        "11": 0.0706,
        "12": 0.0786,
        "13": 0.0811,
        "14": 0.0866,
        "15": 0.0924,
        "16": 0.101,
        "17": 0.102,
        "18": 0.102,
        "19": 0.111,
        "20": 0.111,
        "21": 0.113,
        "22": 0.114,
        "23": 0.116,
        "24": 0.124,
        "25": 0.125,
        "26": 0.13,
        "27": 0.14,
        "28": 0.145,
        "29": 0.149,
        "30": 0.142,
        "31": 0.142,
        "32": 0.188
    },
    "math_geometry_rewrite_groundtruth_in_own_words": {
        "0": 0.152,
        "1": 0.0441,
        "2": 0.0169,
        "3": 0.0226,
        "4": 0.0266,
        "5": 0.0337,
        "6": 0.0387,
        "7": 0.0468,
        "8": 0.0556,
        "9": 0.0681,
        "10": 0.0692,
        "11": 0.0728,
        "12": 0.0804,
        "13": 0.0824,
        "14": 0.089,
        "15": 0.0928,
        "16": 0.103,
        "17": 0.105,
        "18": 0.107,
        "19": 0.113,
        "20": 0.114,
        "21": 0.114,
        "22": 0.112,
        "23": 0.113,
        "24": 0.118,
        "25": 0.117,
        "26": 0.12,
        "27": 0.129,
        "28": 0.133,
        "29": 0.136,
        "30": 0.128,
        "31": 0.127,
        "32": 0.164
    }
}