{
    "winogrande_gpt4": {
        "0": 0.131,
        "1": 0.0542,
        "2": 0.0019,
        "3": 0.00391,
        "4": 0.00566,
        "5": 0.00854,
        "6": 0.013,
        "7": 0.0188,
        "8": 0.0273,
        "9": 0.0304,
        "10": 0.038,
        "11": 0.0448,
        "12": 0.0525,
        "13": 0.0634,
        "14": 0.067,
        "15": 0.0728,
        "16": 0.0884,
        "17": 0.111,
        "18": 0.115,
        "19": 0.14,
        "20": 0.153,
        "21": 0.154,
        "22": 0.145,
        "23": 0.14,
        "24": 0.145,
        "25": 0.139,
        "26": 0.133,
        "27": 0.137,
        "28": 0.136,
        "29": 0.146,
        "30": 0.133,
        "31": 0.132,
        "32": 0.22
    },
    "winogrande_claude": {
        "0": 0.127,
        "1": 0.0744,
        "2": 0.00249,
        "3": 0.00635,
        "4": 0.00947,
        "5": 0.0143,
        "6": 0.0223,
        "7": 0.0312,
        "8": 0.0464,
        "9": 0.0504,
        "10": 0.0589,
        "11": 0.068,
        "12": 0.0802,
        "13": 0.095,
        "14": 0.0983,
        "15": 0.107,
        "16": 0.127,
        "17": 0.157,
        "18": 0.157,
        "19": 0.189,
        "20": 0.2,
        "21": 0.193,
        "22": 0.18,
        "23": 0.172,
        "24": 0.179,
        "25": 0.169,
        "26": 0.159,
        "27": 0.165,
        "28": 0.161,
        "29": 0.166,
        "30": 0.144,
        "31": 0.132,
        "32": 0.224
    },
    "winogrande_step_by_step": {
        "0": 0.11,
        "1": 0.0831,
        "2": 0.00605,
        "3": 0.0135,
        "4": 0.0184,
        "5": 0.0266,
        "6": 0.0383,
        "7": 0.0514,
        "8": 0.0686,
        "9": 0.0729,
        "10": 0.0875,
        "11": 0.0985,
        "12": 0.115,
        "13": 0.134,
        "14": 0.129,
        "15": 0.137,
        "16": 0.153,
        "17": 0.178,
        "18": 0.176,
        "19": 0.202,
        "20": 0.206,
        "21": 0.192,
        "22": 0.173,
        "23": 0.16,
        "24": 0.164,
        "25": 0.153,
        "26": 0.143,
        "27": 0.143,
        "28": 0.142,
        "29": 0.151,
        "30": 0.133,
        "31": 0.126,
        "32": 0.211
    },
    "winogrande_mini_gpt4": {
        "0": 0.123,
        "1": 0.0561,
        "2": 0.00161,
        "3": 0.00337,
        "4": 0.00522,
        "5": 0.00771,
        "6": 0.0123,
        "7": 0.0178,
        "8": 0.0258,
        "9": 0.0295,
        "10": 0.0366,
        "11": 0.0427,
        "12": 0.0501,
        "13": 0.0611,
        "14": 0.065,
        "15": 0.0697,
        "16": 0.0867,
        "17": 0.11,
        "18": 0.115,
        "19": 0.14,
        "20": 0.153,
        "21": 0.155,
        "22": 0.145,
        "23": 0.138,
        "24": 0.143,
        "25": 0.137,
        "26": 0.13,
        "27": 0.133,
        "28": 0.132,
        "29": 0.142,
        "30": 0.127,
        "31": 0.124,
        "32": 0.208
    },
    "winogrande_groundtruth": {
        "0": 0.601,
        "1": 0.478,
        "2": 0.0315,
        "3": 0.034,
        "4": 0.037,
        "5": 0.0396,
        "6": 0.045,
        "7": 0.0516,
        "8": 0.0614,
        "9": 0.0647,
        "10": 0.0738,
        "11": 0.0815,
        "12": 0.0898,
        "13": 0.103,
        "14": 0.105,
        "15": 0.112,
        "16": 0.131,
        "17": 0.168,
        "18": 0.178,
        "19": 0.23,
        "20": 0.263,
        "21": 0.296,
        "22": 0.3,
        "23": 0.303,
        "24": 0.322,
        "25": 0.324,
        "26": 0.333,
        "27": 0.363,
        "28": 0.393,
        "29": 0.468,
        "30": 0.522,
        "31": 0.629,
        "32": 0.617
    },
    "winogrande_gpt4_style_in_context_examples": {
        "0": 0.12,
        "1": 0.071,
        "2": 0.00259,
        "3": 0.00552,
        "4": 0.00825,
        "5": 0.0128,
        "6": 0.0193,
        "7": 0.0276,
        "8": 0.0393,
        "9": 0.043,
        "10": 0.0529,
        "11": 0.0615,
        "12": 0.0728,
        "13": 0.0863,
        "14": 0.087,
        "15": 0.093,
        "16": 0.111,
        "17": 0.136,
        "18": 0.139,
        "19": 0.168,
        "20": 0.181,
        "21": 0.179,
        "22": 0.165,
        "23": 0.155,
        "24": 0.16,
        "25": 0.151,
        "26": 0.142,
        "27": 0.145,
        "28": 0.143,
        "29": 0.155,
        "30": 0.138,
        "31": 0.134,
        "32": 0.22
    },
    "winogrande_openai_human_written_examples": {
        "0": 0.125,
        "1": 0.0372,
        "2": 0.000732,
        "3": 0.00146,
        "4": 0.00225,
        "5": 0.00361,
        "6": 0.00571,
        "7": 0.00889,
        "8": 0.014,
        "9": 0.0165,
        "10": 0.0207,
        "11": 0.0254,
        "12": 0.0309,
        "13": 0.0381,
        "14": 0.042,
        "15": 0.0458,
        "16": 0.0573,
        "17": 0.0745,
        "18": 0.0793,
        "19": 0.1,
        "20": 0.116,
        "21": 0.122,
        "22": 0.117,
        "23": 0.115,
        "24": 0.119,
        "25": 0.116,
        "26": 0.111,
        "27": 0.115,
        "28": 0.116,
        "29": 0.126,
        "30": 0.118,
        "31": 0.122,
        "32": 0.209
    },
    "winogrande_simple_response": {
        "0": 0.167,
        "1": 0.0859,
        "2": 0.00195,
        "3": 0.00313,
        "4": 0.00439,
        "5": 0.00605,
        "6": 0.00928,
        "7": 0.0129,
        "8": 0.0193,
        "9": 0.0214,
        "10": 0.027,
        "11": 0.032,
        "12": 0.0375,
        "13": 0.0464,
        "14": 0.0482,
        "15": 0.0525,
        "16": 0.0657,
        "17": 0.088,
        "18": 0.0932,
        "19": 0.121,
        "20": 0.14,
        "21": 0.152,
        "22": 0.147,
        "23": 0.144,
        "24": 0.152,
        "25": 0.146,
        "26": 0.141,
        "27": 0.148,
        "28": 0.155,
        "29": 0.174,
        "30": 0.164,
        "31": 0.172,
        "32": 0.289
    }
}