{
    "math_geometry_step_by_step": {
        "0": 0.0458,
        "1": 0.0104,
        "2": 0.0102,
        "3": 0.0102,
        "4": 0.00479,
        "5": 0.00464,
        "6": 0.00425,
        "7": 0.00469,
        "8": 0.00591,
        "9": 0.00693,
        "10": 0.00728,
        "11": 0.00781,
        "12": 0.00835,
        "13": 0.0084,
        "14": 0.00957,
        "15": 0.00864,
        "16": 0.00996,
        "17": 0.00962,
        "18": 0.0101,
        "19": 0.0117,
        "20": 0.0171,
        "21": 0.0195,
        "22": 0.0187,
        "23": 0.0203,
        "24": 0.0205,
        "25": 0.0187,
        "26": 0.0199,
        "27": 0.0209,
        "28": 0.112
    },
    "math_geometry_gpt4": {
        "0": 0.0435,
        "1": 0.00981,
        "2": 0.00967,
        "3": 0.00981,
        "4": 0.00439,
        "5": 0.00425,
        "6": 0.00386,
        "7": 0.00454,
        "8": 0.00581,
        "9": 0.00679,
        "10": 0.00767,
        "11": 0.0083,
        "12": 0.00825,
        "13": 0.00854,
        "14": 0.00981,
        "15": 0.00918,
        "16": 0.0103,
        "17": 0.0102,
        "18": 0.0108,
        "19": 0.0124,
        "20": 0.0181,
        "21": 0.0208,
        "22": 0.0206,
        "23": 0.023,
        "24": 0.023,
        "25": 0.0209,
        "26": 0.0212,
        "27": 0.021,
        "28": 0.0945
    },
    "math_geometry_claude": {
        "0": 0.093,
        "1": 0.0207,
        "2": 0.0204,
        "3": 0.0218,
        "4": 0.0159,
        "5": 0.0138,
        "6": 0.0121,
        "7": 0.0131,
        "8": 0.015,
        "9": 0.0178,
        "10": 0.0169,
        "11": 0.0174,
        "12": 0.0175,
        "13": 0.0173,
        "14": 0.0194,
        "15": 0.0187,
        "16": 0.0206,
        "17": 0.0203,
        "18": 0.0209,
        "19": 0.0231,
        "20": 0.0301,
        "21": 0.0329,
        "22": 0.0314,
        "23": 0.037,
        "24": 0.0375,
        "25": 0.0342,
        "26": 0.0366,
        "27": 0.0396,
        "28": 0.141
    },
    "math_geometry_mini_gpt4": {
        "0": 0.0324,
        "1": 0.0082,
        "2": 0.00806,
        "3": 0.00796,
        "4": 0.00527,
        "5": 0.00474,
        "6": 0.00415,
        "7": 0.00488,
        "8": 0.00576,
        "9": 0.00693,
        "10": 0.00723,
        "11": 0.00737,
        "12": 0.00757,
        "13": 0.00786,
        "14": 0.00898,
        "15": 0.0085,
        "16": 0.00952,
        "17": 0.00942,
        "18": 0.00981,
        "19": 0.011,
        "20": 0.0156,
        "21": 0.0176,
        "22": 0.0174,
        "23": 0.0194,
        "24": 0.0188,
        "25": 0.0167,
        "26": 0.0172,
        "27": 0.0156,
        "28": 0.085
    },
    "math_geometry_groundtruth": {
        "0": 0.0928,
        "1": 0.027,
        "2": 0.0297,
        "3": 0.0329,
        "4": 0.0284,
        "5": 0.0237,
        "6": 0.0227,
        "7": 0.0258,
        "8": 0.0298,
        "9": 0.0356,
        "10": 0.0367,
        "11": 0.0386,
        "12": 0.0387,
        "13": 0.0388,
        "14": 0.043,
        "15": 0.0432,
        "16": 0.0479,
        "17": 0.05,
        "18": 0.0521,
        "19": 0.0568,
        "20": 0.079,
        "21": 0.0903,
        "22": 0.102,
        "23": 0.124,
        "24": 0.134,
        "25": 0.127,
        "26": 0.116,
        "27": 0.0733,
        "28": 0.171
    },
    "math_geometry_gpt4_style_in_context_examples": {
        "0": 0.0413,
        "1": 0.00947,
        "2": 0.00952,
        "3": 0.00947,
        "4": 0.00527,
        "5": 0.00522,
        "6": 0.00464,
        "7": 0.00527,
        "8": 0.00669,
        "9": 0.00786,
        "10": 0.00786,
        "11": 0.00825,
        "12": 0.00874,
        "13": 0.00879,
        "14": 0.00972,
        "15": 0.00898,
        "16": 0.00991,
        "17": 0.0102,
        "18": 0.011,
        "19": 0.0127,
        "20": 0.0178,
        "21": 0.0206,
        "22": 0.0198,
        "23": 0.0215,
        "24": 0.0213,
        "25": 0.0194,
        "26": 0.0203,
        "27": 0.0197,
        "28": 0.0997
    },
    "math_geometry_openai_human_written_examples": {
        "0": 0.0585,
        "1": 0.0162,
        "2": 0.0168,
        "3": 0.0172,
        "4": 0.0108,
        "5": 0.00957,
        "6": 0.00889,
        "7": 0.0104,
        "8": 0.0128,
        "9": 0.0151,
        "10": 0.0152,
        "11": 0.0161,
        "12": 0.0164,
        "13": 0.017,
        "14": 0.0188,
        "15": 0.0182,
        "16": 0.0199,
        "17": 0.0203,
        "18": 0.0216,
        "19": 0.0243,
        "20": 0.0314,
        "21": 0.0362,
        "22": 0.037,
        "23": 0.0415,
        "24": 0.0417,
        "25": 0.0378,
        "26": 0.0381,
        "27": 0.03,
        "28": 0.122
    },
    "math_geometry_rewrite_groundtruth_in_own_words": {
        "0": 0.0676,
        "1": 0.0161,
        "2": 0.0166,
        "3": 0.0173,
        "4": 0.0164,
        "5": 0.0143,
        "6": 0.0128,
        "7": 0.0142,
        "8": 0.0168,
        "9": 0.0197,
        "10": 0.0199,
        "11": 0.0212,
        "12": 0.0216,
        "13": 0.0215,
        "14": 0.024,
        "15": 0.023,
        "16": 0.025,
        "17": 0.0254,
        "18": 0.0262,
        "19": 0.0293,
        "20": 0.0378,
        "21": 0.0431,
        "22": 0.0449,
        "23": 0.0506,
        "24": 0.0509,
        "25": 0.0455,
        "26": 0.0446,
        "27": 0.0361,
        "28": 0.126
    }
}