{
    "mmlu_pro_law_step_by_step": {
        "0": 0.0988,
        "1": 0.0474,
        "2": 0.0138,
        "3": 0.0285,
        "4": 0.0366,
        "5": 0.0526,
        "6": 0.0701,
        "7": 0.0897,
        "8": 0.111,
        "9": 0.118,
        "10": 0.129,
        "11": 0.143,
        "12": 0.156,
        "13": 0.168,
        "14": 0.16,
        "15": 0.165,
        "16": 0.173,
        "17": 0.18,
        "18": 0.174,
        "19": 0.194,
        "20": 0.194,
        "21": 0.172,
        "22": 0.157,
        "23": 0.147,
        "24": 0.153,
        "25": 0.144,
        "26": 0.135,
        "27": 0.136,
        "28": 0.138,
        "29": 0.142,
        "30": 0.125,
        "31": 0.12,
        "32": 0.167
    },
    "mmlu_pro_law_gpt4": {
        "0": 0.0966,
        "1": 0.0395,
        "2": 0.00782,
        "3": 0.0162,
        "4": 0.0218,
        "5": 0.0316,
        "6": 0.0441,
        "7": 0.0577,
        "8": 0.074,
        "9": 0.0787,
        "10": 0.0882,
        "11": 0.0969,
        "12": 0.105,
        "13": 0.116,
        "14": 0.114,
        "15": 0.117,
        "16": 0.126,
        "17": 0.136,
        "18": 0.133,
        "19": 0.149,
        "20": 0.152,
        "21": 0.141,
        "22": 0.132,
        "23": 0.125,
        "24": 0.131,
        "25": 0.124,
        "26": 0.118,
        "27": 0.119,
        "28": 0.119,
        "29": 0.123,
        "30": 0.109,
        "31": 0.104,
        "32": 0.148
    },
    "mmlu_pro_law_claude": {
        "0": 0.0926,
        "1": 0.0393,
        "2": 0.00571,
        "3": 0.0121,
        "4": 0.0165,
        "5": 0.0249,
        "6": 0.0363,
        "7": 0.0477,
        "8": 0.0633,
        "9": 0.0685,
        "10": 0.0779,
        "11": 0.0854,
        "12": 0.0928,
        "13": 0.104,
        "14": 0.104,
        "15": 0.109,
        "16": 0.12,
        "17": 0.133,
        "18": 0.128,
        "19": 0.145,
        "20": 0.147,
        "21": 0.135,
        "22": 0.126,
        "23": 0.12,
        "24": 0.124,
        "25": 0.118,
        "26": 0.112,
        "27": 0.112,
        "28": 0.111,
        "29": 0.113,
        "30": 0.0989,
        "31": 0.0937,
        "32": 0.132
    },
    "mmlu_pro_law_mini_gpt4": {
        "0": 0.0846,
        "1": 0.0323,
        "2": 0.00646,
        "3": 0.0126,
        "4": 0.0168,
        "5": 0.024,
        "6": 0.0336,
        "7": 0.044,
        "8": 0.0569,
        "9": 0.0608,
        "10": 0.0674,
        "11": 0.076,
        "12": 0.0824,
        "13": 0.0923,
        "14": 0.0922,
        "15": 0.0966,
        "16": 0.105,
        "17": 0.115,
        "18": 0.112,
        "19": 0.128,
        "20": 0.131,
        "21": 0.121,
        "22": 0.114,
        "23": 0.109,
        "24": 0.114,
        "25": 0.109,
        "26": 0.103,
        "27": 0.104,
        "28": 0.106,
        "29": 0.11,
        "30": 0.0971,
        "31": 0.0943,
        "32": 0.131
    },
    "mmlu_pro_law_groundtruth": {
        "0": 0.729,
        "1": 0.684,
        "2": 0.0463,
        "3": 0.0579,
        "4": 0.0663,
        "5": 0.0781,
        "6": 0.0983,
        "7": 0.12,
        "8": 0.152,
        "9": 0.157,
        "10": 0.182,
        "11": 0.193,
        "12": 0.208,
        "13": 0.235,
        "14": 0.23,
        "15": 0.237,
        "16": 0.276,
        "17": 0.336,
        "18": 0.332,
        "19": 0.41,
        "20": 0.472,
        "21": 0.512,
        "22": 0.524,
        "23": 0.521,
        "24": 0.548,
        "25": 0.542,
        "26": 0.541,
        "27": 0.579,
        "28": 0.606,
        "29": 0.684,
        "30": 0.73,
        "31": 0.816,
        "32": 0.844
    },
    "mmlu_pro_law_gpt4_style_in_context_examples": {
        "0": 0.0931,
        "1": 0.0392,
        "2": 0.00823,
        "3": 0.0164,
        "4": 0.0219,
        "5": 0.0322,
        "6": 0.0445,
        "7": 0.0578,
        "8": 0.0736,
        "9": 0.0783,
        "10": 0.0885,
        "11": 0.0993,
        "12": 0.107,
        "13": 0.118,
        "14": 0.115,
        "15": 0.118,
        "16": 0.126,
        "17": 0.134,
        "18": 0.13,
        "19": 0.147,
        "20": 0.15,
        "21": 0.137,
        "22": 0.128,
        "23": 0.122,
        "24": 0.127,
        "25": 0.12,
        "26": 0.114,
        "27": 0.115,
        "28": 0.116,
        "29": 0.119,
        "30": 0.105,
        "31": 0.101,
        "32": 0.141
    },
    "mmlu_pro_law_openai_human_written_examples": {
        "0": 0.0998,
        "1": 0.0345,
        "2": 0.00566,
        "3": 0.00998,
        "4": 0.0134,
        "5": 0.0187,
        "6": 0.0264,
        "7": 0.0348,
        "8": 0.0455,
        "9": 0.0492,
        "10": 0.0562,
        "11": 0.064,
        "12": 0.0695,
        "13": 0.0793,
        "14": 0.0822,
        "15": 0.0836,
        "16": 0.0934,
        "17": 0.105,
        "18": 0.105,
        "19": 0.122,
        "20": 0.13,
        "21": 0.123,
        "22": 0.118,
        "23": 0.114,
        "24": 0.119,
        "25": 0.114,
        "26": 0.109,
        "27": 0.112,
        "28": 0.114,
        "29": 0.12,
        "30": 0.107,
        "31": 0.104,
        "32": 0.151
    }
}