{
    "api_bank_step_by_step": {
        "0": 0.128,
        "1": 0.0559,
        "2": 0.0111,
        "3": 0.023,
        "4": 0.0304,
        "5": 0.0442,
        "6": 0.0577,
        "7": 0.0742,
        "8": 0.0932,
        "9": 0.0957,
        "10": 0.114,
        "11": 0.127,
        "12": 0.143,
        "13": 0.164,
        "14": 0.157,
        "15": 0.163,
        "16": 0.166,
        "17": 0.174,
        "18": 0.17,
        "19": 0.19,
        "20": 0.182,
        "21": 0.166,
        "22": 0.146,
        "23": 0.128,
        "24": 0.127,
        "25": 0.119,
        "26": 0.109,
        "27": 0.11,
        "28": 0.11,
        "29": 0.124,
        "30": 0.115,
        "31": 0.118,
        "32": 0.156
    },
    "api_bank_gpt4": {
        "0": 0.099,
        "1": 0.0357,
        "2": 0.00415,
        "3": 0.00801,
        "4": 0.011,
        "5": 0.0162,
        "6": 0.022,
        "7": 0.0297,
        "8": 0.0411,
        "9": 0.0433,
        "10": 0.054,
        "11": 0.061,
        "12": 0.0715,
        "13": 0.0868,
        "14": 0.0871,
        "15": 0.0903,
        "16": 0.0973,
        "17": 0.11,
        "18": 0.109,
        "19": 0.127,
        "20": 0.126,
        "21": 0.116,
        "22": 0.105,
        "23": 0.0962,
        "24": 0.0987,
        "25": 0.0922,
        "26": 0.0851,
        "27": 0.0873,
        "28": 0.0886,
        "29": 0.101,
        "30": 0.0938,
        "31": 0.0982,
        "32": 0.135
    },
    "api_bank_claude": {
        "0": 0.0937,
        "1": 0.0309,
        "2": 0.00195,
        "3": 0.00396,
        "4": 0.00601,
        "5": 0.00894,
        "6": 0.0131,
        "7": 0.0186,
        "8": 0.0277,
        "9": 0.0306,
        "10": 0.0391,
        "11": 0.0454,
        "12": 0.0546,
        "13": 0.0671,
        "14": 0.0705,
        "15": 0.0734,
        "16": 0.0822,
        "17": 0.0931,
        "18": 0.0919,
        "19": 0.11,
        "20": 0.113,
        "21": 0.111,
        "22": 0.104,
        "23": 0.0965,
        "24": 0.0988,
        "25": 0.0939,
        "26": 0.0868,
        "27": 0.0899,
        "28": 0.0904,
        "29": 0.101,
        "30": 0.0945,
        "31": 0.0996,
        "32": 0.147
    },
    "api_bank_mini_gpt4": {
        "0": 0.12,
        "1": 0.0424,
        "2": 0.00391,
        "3": 0.00737,
        "4": 0.0104,
        "5": 0.0152,
        "6": 0.0215,
        "7": 0.0291,
        "8": 0.0391,
        "9": 0.0416,
        "10": 0.0541,
        "11": 0.0634,
        "12": 0.0734,
        "13": 0.0897,
        "14": 0.0888,
        "15": 0.0901,
        "16": 0.0989,
        "17": 0.11,
        "18": 0.109,
        "19": 0.131,
        "20": 0.132,
        "21": 0.122,
        "22": 0.113,
        "23": 0.103,
        "24": 0.106,
        "25": 0.1,
        "26": 0.093,
        "27": 0.096,
        "28": 0.0995,
        "29": 0.113,
        "30": 0.105,
        "31": 0.11,
        "32": 0.163
    },
    "api_bank_groundtruth": {
        "0": 0.147,
        "1": 0.219,
        "2": 0.0393,
        "3": 0.0427,
        "4": 0.0461,
        "5": 0.0502,
        "6": 0.055,
        "7": 0.061,
        "8": 0.0694,
        "9": 0.0691,
        "10": 0.0812,
        "11": 0.085,
        "12": 0.0925,
        "13": 0.107,
        "14": 0.103,
        "15": 0.102,
        "16": 0.116,
        "17": 0.136,
        "18": 0.135,
        "19": 0.174,
        "20": 0.189,
        "21": 0.191,
        "22": 0.183,
        "23": 0.177,
        "24": 0.185,
        "25": 0.182,
        "26": 0.177,
        "27": 0.19,
        "28": 0.199,
        "29": 0.242,
        "30": 0.249,
        "31": 0.301,
        "32": 0.308
    },
    "api_bank_gpt4_style_in_context_examples": {
        "0": 0.0951,
        "1": 0.0309,
        "2": 0.0043,
        "3": 0.00591,
        "4": 0.00791,
        "5": 0.0112,
        "6": 0.015,
        "7": 0.0202,
        "8": 0.0274,
        "9": 0.0289,
        "10": 0.0368,
        "11": 0.0429,
        "12": 0.049,
        "13": 0.0607,
        "14": 0.0605,
        "15": 0.059,
        "16": 0.0674,
        "17": 0.0788,
        "18": 0.0792,
        "19": 0.0943,
        "20": 0.0994,
        "21": 0.0969,
        "22": 0.0923,
        "23": 0.086,
        "24": 0.0884,
        "25": 0.0844,
        "26": 0.0783,
        "27": 0.0821,
        "28": 0.0835,
        "29": 0.093,
        "30": 0.0891,
        "31": 0.0946,
        "32": 0.145
    },
    "api_bank_openai_human_written_examples": {
        "0": 0.104,
        "1": 0.032,
        "2": 0.00381,
        "3": 0.00601,
        "4": 0.00811,
        "5": 0.0119,
        "6": 0.0164,
        "7": 0.0219,
        "8": 0.0306,
        "9": 0.032,
        "10": 0.0405,
        "11": 0.0475,
        "12": 0.0551,
        "13": 0.0671,
        "14": 0.0682,
        "15": 0.0679,
        "16": 0.0747,
        "17": 0.0864,
        "18": 0.0878,
        "19": 0.104,
        "20": 0.108,
        "21": 0.103,
        "22": 0.0956,
        "23": 0.0886,
        "24": 0.091,
        "25": 0.0862,
        "26": 0.0796,
        "27": 0.0828,
        "28": 0.084,
        "29": 0.0936,
        "30": 0.0892,
        "31": 0.0954,
        "32": 0.149
    }
}