{
    "mmlu_pro_law_step_by_step": {
        "0": 0.124,
        "1": 0.075,
        "2": 0.0151,
        "3": 0.032,
        "4": 0.0411,
        "5": 0.0592,
        "6": 0.0792,
        "7": 0.1,
        "8": 0.123,
        "9": 0.131,
        "10": 0.143,
        "11": 0.159,
        "12": 0.173,
        "13": 0.19,
        "14": 0.182,
        "15": 0.187,
        "16": 0.2,
        "17": 0.207,
        "18": 0.201,
        "19": 0.225,
        "20": 0.229,
        "21": 0.204,
        "22": 0.19,
        "23": 0.177,
        "24": 0.184,
        "25": 0.171,
        "26": 0.161,
        "27": 0.164,
        "28": 0.166,
        "29": 0.172,
        "30": 0.154,
        "31": 0.146,
        "32": 0.191
    },
    "mmlu_pro_law_gpt4": {
        "0": 0.106,
        "1": 0.0518,
        "2": 0.00625,
        "3": 0.0131,
        "4": 0.0182,
        "5": 0.0261,
        "6": 0.0375,
        "7": 0.0492,
        "8": 0.0657,
        "9": 0.0701,
        "10": 0.0805,
        "11": 0.0873,
        "12": 0.0946,
        "13": 0.107,
        "14": 0.106,
        "15": 0.106,
        "16": 0.118,
        "17": 0.129,
        "18": 0.127,
        "19": 0.145,
        "20": 0.155,
        "21": 0.149,
        "22": 0.143,
        "23": 0.135,
        "24": 0.141,
        "25": 0.133,
        "26": 0.127,
        "27": 0.129,
        "28": 0.128,
        "29": 0.134,
        "30": 0.119,
        "31": 0.113,
        "32": 0.152
    },
    "mmlu_pro_law_claude": {
        "0": 0.104,
        "1": 0.0611,
        "2": 0.00654,
        "3": 0.0142,
        "4": 0.0196,
        "5": 0.0295,
        "6": 0.0428,
        "7": 0.0558,
        "8": 0.074,
        "9": 0.0791,
        "10": 0.0904,
        "11": 0.0982,
        "12": 0.106,
        "13": 0.12,
        "14": 0.119,
        "15": 0.123,
        "16": 0.138,
        "17": 0.149,
        "18": 0.142,
        "19": 0.16,
        "20": 0.161,
        "21": 0.149,
        "22": 0.14,
        "23": 0.132,
        "24": 0.136,
        "25": 0.129,
        "26": 0.122,
        "27": 0.123,
        "28": 0.122,
        "29": 0.125,
        "30": 0.11,
        "31": 0.101,
        "32": 0.131
    },
    "mmlu_pro_law_mini_gpt4": {
        "0": 0.0879,
        "1": 0.0418,
        "2": 0.00391,
        "3": 0.00806,
        "4": 0.0114,
        "5": 0.0166,
        "6": 0.0249,
        "7": 0.0325,
        "8": 0.0436,
        "9": 0.0476,
        "10": 0.0534,
        "11": 0.061,
        "12": 0.0663,
        "13": 0.0763,
        "14": 0.0767,
        "15": 0.0803,
        "16": 0.0917,
        "17": 0.102,
        "18": 0.1,
        "19": 0.117,
        "20": 0.123,
        "21": 0.118,
        "22": 0.113,
        "23": 0.108,
        "24": 0.114,
        "25": 0.109,
        "26": 0.103,
        "27": 0.107,
        "28": 0.108,
        "29": 0.113,
        "30": 0.102,
        "31": 0.0975,
        "32": 0.125
    },
    "mmlu_pro_law_groundtruth": {
        "0": 0.721,
        "1": 0.65,
        "2": 0.0483,
        "3": 0.0604,
        "4": 0.0692,
        "5": 0.0812,
        "6": 0.102,
        "7": 0.124,
        "8": 0.158,
        "9": 0.162,
        "10": 0.186,
        "11": 0.196,
        "12": 0.211,
        "13": 0.238,
        "14": 0.23,
        "15": 0.236,
        "16": 0.274,
        "17": 0.335,
        "18": 0.329,
        "19": 0.402,
        "20": 0.457,
        "21": 0.496,
        "22": 0.505,
        "23": 0.499,
        "24": 0.529,
        "25": 0.524,
        "26": 0.521,
        "27": 0.558,
        "28": 0.581,
        "29": 0.652,
        "30": 0.696,
        "31": 0.778,
        "32": 0.835
    },
    "mmlu_pro_law_gpt4_style_in_context_examples": {
        "0": 0.105,
        "1": 0.0621,
        "2": 0.0116,
        "3": 0.0231,
        "4": 0.0306,
        "5": 0.0433,
        "6": 0.0584,
        "7": 0.073,
        "8": 0.0921,
        "9": 0.096,
        "10": 0.109,
        "11": 0.122,
        "12": 0.131,
        "13": 0.145,
        "14": 0.14,
        "15": 0.143,
        "16": 0.155,
        "17": 0.162,
        "18": 0.157,
        "19": 0.175,
        "20": 0.178,
        "21": 0.162,
        "22": 0.152,
        "23": 0.144,
        "24": 0.148,
        "25": 0.139,
        "26": 0.132,
        "27": 0.135,
        "28": 0.136,
        "29": 0.14,
        "30": 0.124,
        "31": 0.115,
        "32": 0.149
    },
    "mmlu_pro_law_openai_human_written_examples": {
        "0": 0.112,
        "1": 0.0518,
        "2": 0.0083,
        "3": 0.0142,
        "4": 0.0186,
        "5": 0.0259,
        "6": 0.0358,
        "7": 0.0456,
        "8": 0.06,
        "9": 0.0624,
        "10": 0.0726,
        "11": 0.0803,
        "12": 0.086,
        "13": 0.0993,
        "14": 0.0983,
        "15": 0.0981,
        "16": 0.109,
        "17": 0.121,
        "18": 0.12,
        "19": 0.139,
        "20": 0.144,
        "21": 0.137,
        "22": 0.131,
        "23": 0.125,
        "24": 0.131,
        "25": 0.124,
        "26": 0.118,
        "27": 0.124,
        "28": 0.126,
        "29": 0.131,
        "30": 0.119,
        "31": 0.114,
        "32": 0.16
    }
}