{
    "mbpp_step_by_step": {
        "0": 0.167,
        "1": 0.0408,
        "2": 0.0363,
        "3": 0.041,
        "4": 0.0042,
        "5": 0.00288,
        "6": 0.00313,
        "7": 0.00366,
        "8": 0.00459,
        "9": 0.00532,
        "10": 0.0062,
        "11": 0.00645,
        "12": 0.00645,
        "13": 0.00684,
        "14": 0.00771,
        "15": 0.00864,
        "16": 0.00938,
        "17": 0.0102,
        "18": 0.0108,
        "19": 0.0125,
        "20": 0.0199,
        "21": 0.0244,
        "22": 0.032,
        "23": 0.0447,
        "24": 0.0526,
        "25": 0.0593,
        "26": 0.0651,
        "27": 0.046,
        "28": 0.156
    },
    "mbpp_gpt4": {
        "0": 0.0836,
        "1": 0.0186,
        "2": 0.0122,
        "3": 0.0156,
        "4": 0.000635,
        "5": 0.000293,
        "6": 0.000537,
        "7": 0.000244,
        "8": 0.000391,
        "9": 0.000586,
        "10": 0.000635,
        "11": 0.000732,
        "12": 0.00083,
        "13": 0.000928,
        "14": 0.000879,
        "15": 0.00132,
        "16": 0.00127,
        "17": 0.00122,
        "18": 0.00151,
        "19": 0.00181,
        "20": 0.00303,
        "21": 0.00337,
        "22": 0.00454,
        "23": 0.00601,
        "24": 0.00664,
        "25": 0.00815,
        "26": 0.00918,
        "27": 0.0155,
        "28": 0.0407
    },
    "mbpp_claude": {
        "0": 0.124,
        "1": 0.0267,
        "2": 0.0183,
        "3": 0.0236,
        "4": 0.000537,
        "5": 0.000342,
        "6": 0.000439,
        "7": 0.000146,
        "8": 0.000293,
        "9": 0.000342,
        "10": 0.000391,
        "11": 0.000439,
        "12": 0.000439,
        "13": 0.000537,
        "14": 0.000586,
        "15": 0.000439,
        "16": 0.000537,
        "17": 0.000684,
        "18": 0.000586,
        "19": 0.000977,
        "20": 0.00166,
        "21": 0.00205,
        "22": 0.00283,
        "23": 0.00391,
        "24": 0.00562,
        "25": 0.00728,
        "26": 0.00869,
        "27": 0.0184,
        "28": 0.0466
    },
    "mbpp_mini_gpt4": {
        "0": 0.0998,
        "1": 0.0217,
        "2": 0.0144,
        "3": 0.0176,
        "4": 0.000391,
        "5": 0.000391,
        "6": 0.000342,
        "7": 9.77e-05,
        "8": 0.000146,
        "9": 0.000342,
        "10": 0.000293,
        "11": 0.000244,
        "12": 0.000293,
        "13": 0.000293,
        "14": 0.000342,
        "15": 0.000391,
        "16": 0.000342,
        "17": 0.000391,
        "18": 0.000439,
        "19": 0.000391,
        "20": 0.000977,
        "21": 0.00112,
        "22": 0.00146,
        "23": 0.0022,
        "24": 0.00308,
        "25": 0.00425,
        "26": 0.00522,
        "27": 0.0126,
        "28": 0.036
    },
    "mbpp_groundtruth": {
        "0": 0.164,
        "1": 0.0327,
        "2": 0.0228,
        "3": 0.0285,
        "4": 0.000635,
        "5": 0.000439,
        "6": 0.000537,
        "7": 0.000488,
        "8": 0.000391,
        "9": 0.000537,
        "10": 0.000781,
        "11": 0.000732,
        "12": 0.000684,
        "13": 0.000781,
        "14": 0.00112,
        "15": 0.000977,
        "16": 0.00117,
        "17": 0.00112,
        "18": 0.00117,
        "19": 0.00146,
        "20": 0.00239,
        "21": 0.00317,
        "22": 0.00425,
        "23": 0.00566,
        "24": 0.00757,
        "25": 0.00957,
        "26": 0.0115,
        "27": 0.0391,
        "28": 0.0867
    },
    "mbpp_gpt4_style_in_context_examples": {
        "0": 0.138,
        "1": 0.0286,
        "2": 0.0192,
        "3": 0.0256,
        "4": 0.000391,
        "5": 0.000391,
        "6": 0.000488,
        "7": 0.000439,
        "8": 0.000342,
        "9": 0.000391,
        "10": 0.000439,
        "11": 0.000537,
        "12": 0.000439,
        "13": 0.000635,
        "14": 0.000781,
        "15": 0.00083,
        "16": 0.000586,
        "17": 0.000586,
        "18": 0.000781,
        "19": 0.00103,
        "20": 0.002,
        "21": 0.00225,
        "22": 0.00298,
        "23": 0.00405,
        "24": 0.00552,
        "25": 0.00679,
        "26": 0.00791,
        "27": 0.0185,
        "28": 0.056
    },
    "mbpp_openai_human_written_examples": {
        "0": 0.212,
        "1": 0.0545,
        "2": 0.0529,
        "3": 0.0606,
        "4": 0.0082,
        "5": 0.00581,
        "6": 0.00654,
        "7": 0.00762,
        "8": 0.00889,
        "9": 0.0104,
        "10": 0.0122,
        "11": 0.0125,
        "12": 0.0126,
        "13": 0.0129,
        "14": 0.0144,
        "15": 0.0158,
        "16": 0.0166,
        "17": 0.0182,
        "18": 0.0189,
        "19": 0.0208,
        "20": 0.0328,
        "21": 0.0402,
        "22": 0.0517,
        "23": 0.0697,
        "24": 0.081,
        "25": 0.0899,
        "26": 0.0992,
        "27": 0.0617,
        "28": 0.245
    },
    "mbpp_rewrite_groundtruth_in_own_words": {
        "0": 0.146,
        "1": 0.0296,
        "2": 0.0214,
        "3": 0.0268,
        "4": 0.000439,
        "5": 0.000391,
        "6": 0.000488,
        "7": 0.000146,
        "8": 0.000244,
        "9": 0.000391,
        "10": 0.000635,
        "11": 0.000586,
        "12": 0.000781,
        "13": 0.000537,
        "14": 0.000928,
        "15": 0.00112,
        "16": 0.00103,
        "17": 0.000781,
        "18": 0.000977,
        "19": 0.00117,
        "20": 0.00225,
        "21": 0.00254,
        "22": 0.00396,
        "23": 0.00542,
        "24": 0.00723,
        "25": 0.00928,
        "26": 0.011,
        "27": 0.0269,
        "28": 0.0537
    }
}