{
    "api_bank_step_by_step": {
        "0": 0.118,
        "1": 0.0432,
        "2": 0.0063,
        "3": 0.0131,
        "4": 0.0176,
        "5": 0.0269,
        "6": 0.0365,
        "7": 0.0472,
        "8": 0.061,
        "9": 0.0641,
        "10": 0.0793,
        "11": 0.0922,
        "12": 0.103,
        "13": 0.119,
        "14": 0.114,
        "15": 0.119,
        "16": 0.124,
        "17": 0.132,
        "18": 0.129,
        "19": 0.153,
        "20": 0.147,
        "21": 0.135,
        "22": 0.121,
        "23": 0.109,
        "24": 0.109,
        "25": 0.102,
        "26": 0.0941,
        "27": 0.0953,
        "28": 0.0949,
        "29": 0.106,
        "30": 0.0994,
        "31": 0.103,
        "32": 0.144
    },
    "api_bank_gpt4": {
        "0": 0.101,
        "1": 0.0345,
        "2": 0.004,
        "3": 0.00806,
        "4": 0.0112,
        "5": 0.0169,
        "6": 0.0229,
        "7": 0.0309,
        "8": 0.0408,
        "9": 0.0437,
        "10": 0.0557,
        "11": 0.0639,
        "12": 0.0747,
        "13": 0.0892,
        "14": 0.0884,
        "15": 0.0906,
        "16": 0.0966,
        "17": 0.107,
        "18": 0.105,
        "19": 0.124,
        "20": 0.122,
        "21": 0.114,
        "22": 0.103,
        "23": 0.0939,
        "24": 0.0946,
        "25": 0.0892,
        "26": 0.0828,
        "27": 0.084,
        "28": 0.0847,
        "29": 0.0973,
        "30": 0.0922,
        "31": 0.0967,
        "32": 0.139
    },
    "api_bank_claude": {
        "0": 0.0965,
        "1": 0.0266,
        "2": 0.00122,
        "3": 0.00225,
        "4": 0.00371,
        "5": 0.00601,
        "6": 0.00884,
        "7": 0.0132,
        "8": 0.0203,
        "9": 0.0237,
        "10": 0.0302,
        "11": 0.0359,
        "12": 0.0432,
        "13": 0.0537,
        "14": 0.0587,
        "15": 0.0605,
        "16": 0.0702,
        "17": 0.082,
        "18": 0.0818,
        "19": 0.0981,
        "20": 0.104,
        "21": 0.103,
        "22": 0.0969,
        "23": 0.0892,
        "24": 0.0901,
        "25": 0.0859,
        "26": 0.0796,
        "27": 0.0817,
        "28": 0.0813,
        "29": 0.0916,
        "30": 0.0879,
        "31": 0.0936,
        "32": 0.145
    },
    "api_bank_mini_gpt4": {
        "0": 0.11,
        "1": 0.0325,
        "2": 0.00269,
        "3": 0.00532,
        "4": 0.00752,
        "5": 0.0115,
        "6": 0.0163,
        "7": 0.0221,
        "8": 0.0304,
        "9": 0.0331,
        "10": 0.0425,
        "11": 0.0505,
        "12": 0.0583,
        "13": 0.0707,
        "14": 0.0706,
        "15": 0.0714,
        "16": 0.0797,
        "17": 0.0902,
        "18": 0.0896,
        "19": 0.106,
        "20": 0.109,
        "21": 0.101,
        "22": 0.0935,
        "23": 0.0855,
        "24": 0.0861,
        "25": 0.0815,
        "26": 0.0765,
        "27": 0.0787,
        "28": 0.0805,
        "29": 0.0918,
        "30": 0.0864,
        "31": 0.0912,
        "32": 0.145
    },
    "api_bank_groundtruth": {
        "0": 0.142,
        "1": 0.229,
        "2": 0.0383,
        "3": 0.0415,
        "4": 0.0445,
        "5": 0.0488,
        "6": 0.0529,
        "7": 0.0589,
        "8": 0.068,
        "9": 0.0687,
        "10": 0.0822,
        "11": 0.0864,
        "12": 0.0945,
        "13": 0.11,
        "14": 0.107,
        "15": 0.106,
        "16": 0.122,
        "17": 0.144,
        "18": 0.143,
        "19": 0.187,
        "20": 0.205,
        "21": 0.209,
        "22": 0.197,
        "23": 0.188,
        "24": 0.194,
        "25": 0.189,
        "26": 0.183,
        "27": 0.193,
        "28": 0.2,
        "29": 0.247,
        "30": 0.251,
        "31": 0.306,
        "32": 0.293
    },
    "api_bank_gpt4_style_in_context_examples": {
        "0": 0.104,
        "1": 0.0283,
        "2": 0.00234,
        "3": 0.00288,
        "4": 0.00415,
        "5": 0.00601,
        "6": 0.00796,
        "7": 0.0114,
        "8": 0.0164,
        "9": 0.0191,
        "10": 0.0248,
        "11": 0.0303,
        "12": 0.0355,
        "13": 0.0447,
        "14": 0.047,
        "15": 0.0466,
        "16": 0.0547,
        "17": 0.064,
        "18": 0.0655,
        "19": 0.0794,
        "20": 0.0865,
        "21": 0.0858,
        "22": 0.0823,
        "23": 0.0774,
        "24": 0.0784,
        "25": 0.0756,
        "26": 0.0705,
        "27": 0.0734,
        "28": 0.0746,
        "29": 0.0839,
        "30": 0.0824,
        "31": 0.0884,
        "32": 0.147
    },
    "api_bank_openai_human_written_examples": {
        "0": 0.108,
        "1": 0.0336,
        "2": 0.00244,
        "3": 0.00386,
        "4": 0.00566,
        "5": 0.00869,
        "6": 0.0122,
        "7": 0.017,
        "8": 0.0248,
        "9": 0.0276,
        "10": 0.0352,
        "11": 0.0423,
        "12": 0.05,
        "13": 0.0625,
        "14": 0.065,
        "15": 0.0654,
        "16": 0.0737,
        "17": 0.0852,
        "18": 0.0862,
        "19": 0.103,
        "20": 0.108,
        "21": 0.106,
        "22": 0.0996,
        "23": 0.0922,
        "24": 0.0931,
        "25": 0.0887,
        "26": 0.0826,
        "27": 0.0848,
        "28": 0.085,
        "29": 0.0945,
        "30": 0.0912,
        "31": 0.0972,
        "32": 0.158
    }
}