{
    "arc_challenge_gpt4": {
        "0": 0.105,
        "1": 0.05,
        "2": 0.00502,
        "3": 0.00991,
        "4": 0.0136,
        "5": 0.0203,
        "6": 0.0315,
        "7": 0.0422,
        "8": 0.0581,
        "9": 0.0609,
        "10": 0.0707,
        "11": 0.0779,
        "12": 0.0901,
        "13": 0.104,
        "14": 0.101,
        "15": 0.105,
        "16": 0.12,
        "17": 0.128,
        "18": 0.124,
        "19": 0.139,
        "20": 0.142,
        "21": 0.137,
        "22": 0.128,
        "23": 0.122,
        "24": 0.125,
        "25": 0.119,
        "26": 0.114,
        "27": 0.116,
        "28": 0.113,
        "29": 0.117,
        "30": 0.103,
        "31": 0.098,
        "32": 0.139
    },
    "arc_challenge_claude": {
        "0": 0.109,
        "1": 0.0506,
        "2": 0.00452,
        "3": 0.00887,
        "4": 0.0123,
        "5": 0.0181,
        "6": 0.0284,
        "7": 0.0383,
        "8": 0.0539,
        "9": 0.0572,
        "10": 0.0655,
        "11": 0.0715,
        "12": 0.0833,
        "13": 0.0955,
        "14": 0.0951,
        "15": 0.101,
        "16": 0.118,
        "17": 0.13,
        "18": 0.125,
        "19": 0.142,
        "20": 0.144,
        "21": 0.136,
        "22": 0.126,
        "23": 0.119,
        "24": 0.124,
        "25": 0.117,
        "26": 0.112,
        "27": 0.114,
        "28": 0.113,
        "29": 0.115,
        "30": 0.101,
        "31": 0.0955,
        "32": 0.133
    },
    "arc_challenge_step_by_step": {
        "0": 0.104,
        "1": 0.0593,
        "2": 0.0101,
        "3": 0.0199,
        "4": 0.026,
        "5": 0.0371,
        "6": 0.0536,
        "7": 0.0694,
        "8": 0.0913,
        "9": 0.0943,
        "10": 0.107,
        "11": 0.114,
        "12": 0.132,
        "13": 0.147,
        "14": 0.141,
        "15": 0.147,
        "16": 0.162,
        "17": 0.17,
        "18": 0.162,
        "19": 0.177,
        "20": 0.178,
        "21": 0.165,
        "22": 0.15,
        "23": 0.139,
        "24": 0.142,
        "25": 0.133,
        "26": 0.126,
        "27": 0.127,
        "28": 0.125,
        "29": 0.129,
        "30": 0.113,
        "31": 0.108,
        "32": 0.151
    },
    "arc_challenge_mini_gpt4": {
        "0": 0.11,
        "1": 0.0464,
        "2": 0.00495,
        "3": 0.00957,
        "4": 0.013,
        "5": 0.019,
        "6": 0.0283,
        "7": 0.0374,
        "8": 0.0507,
        "9": 0.0543,
        "10": 0.0622,
        "11": 0.0686,
        "12": 0.08,
        "13": 0.092,
        "14": 0.092,
        "15": 0.0974,
        "16": 0.112,
        "17": 0.123,
        "18": 0.12,
        "19": 0.133,
        "20": 0.137,
        "21": 0.131,
        "22": 0.122,
        "23": 0.117,
        "24": 0.121,
        "25": 0.116,
        "26": 0.111,
        "27": 0.113,
        "28": 0.113,
        "29": 0.117,
        "30": 0.104,
        "31": 0.102,
        "32": 0.149
    },
    "arc_challenge_groundtruth": {
        "0": 0.877,
        "1": 0.677,
        "2": 0.0331,
        "3": 0.0394,
        "4": 0.045,
        "5": 0.0525,
        "6": 0.0674,
        "7": 0.0822,
        "8": 0.106,
        "9": 0.109,
        "10": 0.127,
        "11": 0.138,
        "12": 0.153,
        "13": 0.175,
        "14": 0.174,
        "15": 0.183,
        "16": 0.224,
        "17": 0.268,
        "18": 0.276,
        "19": 0.344,
        "20": 0.402,
        "21": 0.451,
        "22": 0.475,
        "23": 0.48,
        "24": 0.507,
        "25": 0.508,
        "26": 0.516,
        "27": 0.556,
        "28": 0.591,
        "29": 0.674,
        "30": 0.754,
        "31": 0.88,
        "32": 0.971
    },
    "arc_challenge_gpt4_style_in_context_examples": {
        "0": 0.116,
        "1": 0.0596,
        "2": 0.00707,
        "3": 0.0134,
        "4": 0.018,
        "5": 0.0264,
        "6": 0.0399,
        "7": 0.0524,
        "8": 0.0699,
        "9": 0.0727,
        "10": 0.0848,
        "11": 0.0939,
        "12": 0.11,
        "13": 0.127,
        "14": 0.122,
        "15": 0.127,
        "16": 0.143,
        "17": 0.152,
        "18": 0.145,
        "19": 0.159,
        "20": 0.161,
        "21": 0.151,
        "22": 0.138,
        "23": 0.129,
        "24": 0.133,
        "25": 0.126,
        "26": 0.12,
        "27": 0.122,
        "28": 0.122,
        "29": 0.126,
        "30": 0.113,
        "31": 0.108,
        "32": 0.151
    },
    "arc_challenge_openai_human_written_examples": {
        "0": 0.117,
        "1": 0.0381,
        "2": 0.00206,
        "3": 0.00348,
        "4": 0.00527,
        "5": 0.00795,
        "6": 0.0126,
        "7": 0.0177,
        "8": 0.0254,
        "9": 0.0283,
        "10": 0.0338,
        "11": 0.0408,
        "12": 0.0486,
        "13": 0.058,
        "14": 0.0617,
        "15": 0.0639,
        "16": 0.0766,
        "17": 0.0861,
        "18": 0.0876,
        "19": 0.102,
        "20": 0.111,
        "21": 0.111,
        "22": 0.109,
        "23": 0.106,
        "24": 0.111,
        "25": 0.108,
        "26": 0.105,
        "27": 0.108,
        "28": 0.109,
        "29": 0.116,
        "30": 0.106,
        "31": 0.106,
        "32": 0.159
    },
    "arc_challenge_simple_response": {
        "0": 0.163,
        "1": 0.0841,
        "2": 0.0108,
        "3": 0.0134,
        "4": 0.0158,
        "5": 0.0194,
        "6": 0.0259,
        "7": 0.0326,
        "8": 0.0413,
        "9": 0.0425,
        "10": 0.05,
        "11": 0.0547,
        "12": 0.0619,
        "13": 0.0714,
        "14": 0.0711,
        "15": 0.0729,
        "16": 0.0883,
        "17": 0.101,
        "18": 0.101,
        "19": 0.121,
        "20": 0.133,
        "21": 0.135,
        "22": 0.133,
        "23": 0.13,
        "24": 0.138,
        "25": 0.132,
        "26": 0.129,
        "27": 0.137,
        "28": 0.142,
        "29": 0.153,
        "30": 0.141,
        "31": 0.139,
        "32": 0.2
    }
}