{
    "api_bank_step_by_step": {
        "0": 0.0884,
        "1": 0.0234,
        "2": 0.00387,
        "3": 0.00812,
        "4": 0.0118,
        "5": 0.0182,
        "6": 0.024,
        "7": 0.0315,
        "8": 0.0389,
        "9": 0.0434,
        "10": 0.0501,
        "11": 0.0597,
        "12": 0.0671,
        "13": 0.0767,
        "14": 0.0817,
        "15": 0.0851,
        "16": 0.0911,
        "17": 0.097,
        "18": 0.098,
        "19": 0.109,
        "20": 0.106,
        "21": 0.0973,
        "22": 0.0878,
        "23": 0.0808,
        "24": 0.0811,
        "25": 0.0763,
        "26": 0.0695,
        "27": 0.0724,
        "28": 0.0717,
        "29": 0.078,
        "30": 0.0733,
        "31": 0.0773,
        "32": 0.135
    },
    "api_bank_gpt4": {
        "0": 0.0826,
        "1": 0.0265,
        "2": 0.00506,
        "3": 0.0104,
        "4": 0.0142,
        "5": 0.0203,
        "6": 0.0265,
        "7": 0.0345,
        "8": 0.0431,
        "9": 0.0458,
        "10": 0.0528,
        "11": 0.0608,
        "12": 0.0684,
        "13": 0.0768,
        "14": 0.0803,
        "15": 0.0814,
        "16": 0.0878,
        "17": 0.0949,
        "18": 0.0945,
        "19": 0.106,
        "20": 0.105,
        "21": 0.0958,
        "22": 0.086,
        "23": 0.0792,
        "24": 0.0799,
        "25": 0.0749,
        "26": 0.0685,
        "27": 0.0709,
        "28": 0.0711,
        "29": 0.0775,
        "30": 0.0719,
        "31": 0.0748,
        "32": 0.131
    },
    "api_bank_claude": {
        "0": 0.0932,
        "1": 0.0305,
        "2": 0.00739,
        "3": 0.0153,
        "4": 0.0204,
        "5": 0.0292,
        "6": 0.0382,
        "7": 0.049,
        "8": 0.0608,
        "9": 0.0618,
        "10": 0.0718,
        "11": 0.0806,
        "12": 0.0905,
        "13": 0.102,
        "14": 0.103,
        "15": 0.103,
        "16": 0.111,
        "17": 0.119,
        "18": 0.117,
        "19": 0.13,
        "20": 0.129,
        "21": 0.119,
        "22": 0.108,
        "23": 0.099,
        "24": 0.0974,
        "25": 0.0929,
        "26": 0.0852,
        "27": 0.0859,
        "28": 0.0826,
        "29": 0.0876,
        "30": 0.0798,
        "31": 0.0808,
        "32": 0.139
    },
    "api_bank_mini_gpt4": {
        "0": 0.103,
        "1": 0.0392,
        "2": 0.00796,
        "3": 0.0165,
        "4": 0.0221,
        "5": 0.0316,
        "6": 0.041,
        "7": 0.0524,
        "8": 0.0654,
        "9": 0.0665,
        "10": 0.0779,
        "11": 0.0876,
        "12": 0.0984,
        "13": 0.111,
        "14": 0.111,
        "15": 0.11,
        "16": 0.118,
        "17": 0.127,
        "18": 0.124,
        "19": 0.139,
        "20": 0.14,
        "21": 0.131,
        "22": 0.119,
        "23": 0.109,
        "24": 0.109,
        "25": 0.104,
        "26": 0.0951,
        "27": 0.0974,
        "28": 0.0959,
        "29": 0.102,
        "30": 0.0937,
        "31": 0.0946,
        "32": 0.167
    },
    "api_bank_groundtruth": {
        "0": 0.267,
        "1": 0.334,
        "2": 0.0535,
        "3": 0.0751,
        "4": 0.0892,
        "5": 0.111,
        "6": 0.132,
        "7": 0.158,
        "8": 0.189,
        "9": 0.186,
        "10": 0.219,
        "11": 0.235,
        "12": 0.258,
        "13": 0.293,
        "14": 0.279,
        "15": 0.276,
        "16": 0.298,
        "17": 0.34,
        "18": 0.326,
        "19": 0.389,
        "20": 0.393,
        "21": 0.372,
        "22": 0.34,
        "23": 0.316,
        "24": 0.325,
        "25": 0.311,
        "26": 0.296,
        "27": 0.315,
        "28": 0.325,
        "29": 0.383,
        "30": 0.372,
        "31": 0.417,
        "32": 0.406
    },
    "api_bank_gpt4_style_in_context_examples": {
        "0": 0.0874,
        "1": 0.0342,
        "2": 0.00926,
        "3": 0.0175,
        "4": 0.0226,
        "5": 0.0308,
        "6": 0.0382,
        "7": 0.0486,
        "8": 0.0588,
        "9": 0.0605,
        "10": 0.0692,
        "11": 0.0782,
        "12": 0.0871,
        "13": 0.097,
        "14": 0.0983,
        "15": 0.0992,
        "16": 0.107,
        "17": 0.114,
        "18": 0.112,
        "19": 0.124,
        "20": 0.122,
        "21": 0.11,
        "22": 0.0979,
        "23": 0.089,
        "24": 0.0893,
        "25": 0.0838,
        "26": 0.0765,
        "27": 0.0785,
        "28": 0.0776,
        "29": 0.0835,
        "30": 0.076,
        "31": 0.0783,
        "32": 0.134
    },
    "api_bank_openai_human_written_examples": {
        "0": 0.0881,
        "1": 0.0287,
        "2": 0.00653,
        "3": 0.0124,
        "4": 0.0165,
        "5": 0.0235,
        "6": 0.0296,
        "7": 0.0382,
        "8": 0.0466,
        "9": 0.049,
        "10": 0.0559,
        "11": 0.065,
        "12": 0.0736,
        "13": 0.0819,
        "14": 0.0856,
        "15": 0.0867,
        "16": 0.0943,
        "17": 0.0995,
        "18": 0.0982,
        "19": 0.108,
        "20": 0.106,
        "21": 0.0971,
        "22": 0.087,
        "23": 0.0797,
        "24": 0.0796,
        "25": 0.0753,
        "26": 0.0689,
        "27": 0.0698,
        "28": 0.0687,
        "29": 0.0736,
        "30": 0.0677,
        "31": 0.0697,
        "32": 0.131
    }
}