{
    "api_bank_gpt4": {
        "0": 0.107,
        "1": 0.0252,
        "2": 0.0269,
        "3": 0.0307,
        "4": 0.00859,
        "5": 0.00619,
        "6": 0.0065,
        "7": 0.00736,
        "8": 0.00857,
        "9": 0.00963,
        "10": 0.0109,
        "11": 0.0108,
        "12": 0.0105,
        "13": 0.0107,
        "14": 0.012,
        "15": 0.0128,
        "16": 0.0141,
        "17": 0.0158,
        "18": 0.0165,
        "19": 0.0185,
        "20": 0.0259,
        "21": 0.0318,
        "22": 0.0397,
        "23": 0.0494,
        "24": 0.0537,
        "25": 0.0508,
        "26": 0.0518,
        "27": 0.0328,
        "28": 0.237
    },
    "api_bank_claude": {
        "0": 0.105,
        "1": 0.0236,
        "2": 0.0232,
        "3": 0.027,
        "4": 0.00236,
        "5": 0.00174,
        "6": 0.00199,
        "7": 0.00234,
        "8": 0.00291,
        "9": 0.00348,
        "10": 0.00393,
        "11": 0.00383,
        "12": 0.0042,
        "13": 0.0042,
        "14": 0.00473,
        "15": 0.00516,
        "16": 0.00582,
        "17": 0.0067,
        "18": 0.00713,
        "19": 0.00818,
        "20": 0.0122,
        "21": 0.0153,
        "22": 0.0207,
        "23": 0.0271,
        "24": 0.031,
        "25": 0.0314,
        "26": 0.0329,
        "27": 0.0264,
        "28": 0.221
    },
    "api_bank_step_by_step": {
        "0": 0.108,
        "1": 0.0266,
        "2": 0.0298,
        "3": 0.035,
        "4": 0.0166,
        "5": 0.0123,
        "6": 0.0131,
        "7": 0.0146,
        "8": 0.0162,
        "9": 0.0178,
        "10": 0.0198,
        "11": 0.02,
        "12": 0.0198,
        "13": 0.0201,
        "14": 0.0219,
        "15": 0.0229,
        "16": 0.0254,
        "17": 0.0278,
        "18": 0.0291,
        "19": 0.0325,
        "20": 0.0452,
        "21": 0.0541,
        "22": 0.064,
        "23": 0.0768,
        "24": 0.0788,
        "25": 0.071,
        "26": 0.07,
        "27": 0.0394,
        "28": 0.269
    },
    "api_bank_mini_gpt4": {
        "0": 0.111,
        "1": 0.0287,
        "2": 0.0283,
        "3": 0.0332,
        "4": 0.00318,
        "5": 0.00252,
        "6": 0.00258,
        "7": 0.00309,
        "8": 0.00387,
        "9": 0.00453,
        "10": 0.00512,
        "11": 0.00523,
        "12": 0.00537,
        "13": 0.00543,
        "14": 0.00604,
        "15": 0.00668,
        "16": 0.00748,
        "17": 0.0082,
        "18": 0.00873,
        "19": 0.0098,
        "20": 0.0139,
        "21": 0.0176,
        "22": 0.0235,
        "23": 0.0304,
        "24": 0.0346,
        "25": 0.0349,
        "26": 0.0368,
        "27": 0.0316,
        "28": 0.255
    },
    "api_bank_groundtruth": {
        "0": 0.209,
        "1": 0.0627,
        "2": 0.058,
        "3": 0.0764,
        "4": 0.00555,
        "5": 0.00416,
        "6": 0.00455,
        "7": 0.00529,
        "8": 0.00605,
        "9": 0.00689,
        "10": 0.00762,
        "11": 0.00795,
        "12": 0.00781,
        "13": 0.00777,
        "14": 0.00912,
        "15": 0.0101,
        "16": 0.0112,
        "17": 0.0121,
        "18": 0.0129,
        "19": 0.0144,
        "20": 0.0206,
        "21": 0.026,
        "22": 0.0353,
        "23": 0.0484,
        "24": 0.0642,
        "25": 0.0771,
        "26": 0.0893,
        "27": 0.0653,
        "28": 0.417
    },
    "api_bank_gpt4_style_in_context_examples": {
        "0": 0.104,
        "1": 0.0247,
        "2": 0.0249,
        "3": 0.0289,
        "4": 0.00309,
        "5": 0.00223,
        "6": 0.0025,
        "7": 0.00279,
        "8": 0.00344,
        "9": 0.00404,
        "10": 0.00449,
        "11": 0.00449,
        "12": 0.00445,
        "13": 0.00449,
        "14": 0.00512,
        "15": 0.00533,
        "16": 0.00623,
        "17": 0.00693,
        "18": 0.00738,
        "19": 0.00857,
        "20": 0.0118,
        "21": 0.0147,
        "22": 0.0196,
        "23": 0.0253,
        "24": 0.0291,
        "25": 0.0294,
        "26": 0.0312,
        "27": 0.0252,
        "28": 0.221
    },
    "api_bank_openai_human_written_examples": {
        "0": 0.102,
        "1": 0.0234,
        "2": 0.0238,
        "3": 0.0273,
        "4": 0.00396,
        "5": 0.00295,
        "6": 0.0033,
        "7": 0.00381,
        "8": 0.00459,
        "9": 0.00527,
        "10": 0.0059,
        "11": 0.00602,
        "12": 0.00623,
        "13": 0.00627,
        "14": 0.00705,
        "15": 0.00756,
        "16": 0.00844,
        "17": 0.00951,
        "18": 0.00994,
        "19": 0.0114,
        "20": 0.0154,
        "21": 0.0189,
        "22": 0.0246,
        "23": 0.0314,
        "24": 0.0353,
        "25": 0.0351,
        "26": 0.0367,
        "27": 0.0264,
        "28": 0.219
    },
    "api_bank_simple_response": {
        "0": 0.127,
        "1": 0.0316,
        "2": 0.0306,
        "3": 0.0371,
        "4": 0.00295,
        "5": 0.0023,
        "6": 0.0025,
        "7": 0.00283,
        "8": 0.00352,
        "9": 0.00402,
        "10": 0.00449,
        "11": 0.00463,
        "12": 0.00443,
        "13": 0.00455,
        "14": 0.00516,
        "15": 0.00561,
        "16": 0.00629,
        "17": 0.00686,
        "18": 0.00734,
        "19": 0.00832,
        "20": 0.0115,
        "21": 0.0145,
        "22": 0.0193,
        "23": 0.0253,
        "24": 0.0301,
        "25": 0.0317,
        "26": 0.0342,
        "27": 0.0309,
        "28": 0.229
    }
}