{
    "mbpp_step_by_step": {
        "0": 0.279,
        "1": 0.145,
        "2": 0.00132,
        "3": 0.00352,
        "4": 0.00576,
        "5": 0.00918,
        "6": 0.0135,
        "7": 0.0202,
        "8": 0.0299,
        "9": 0.0356,
        "10": 0.0433,
        "11": 0.0482,
        "12": 0.0601,
        "13": 0.0722,
        "14": 0.077,
        "15": 0.0825,
        "16": 0.0993,
        "17": 0.117,
        "18": 0.122,
        "19": 0.148,
        "20": 0.168,
        "21": 0.185,
        "22": 0.187,
        "23": 0.185,
        "24": 0.186,
        "25": 0.181,
        "26": 0.185,
        "27": 0.193,
        "28": 0.201,
        "29": 0.225,
        "30": 0.224,
        "31": 0.239,
        "32": 0.264
    },
    "mbpp_gpt4": {
        "0": 0.17,
        "1": 0.0755,
        "2": 0.000635,
        "3": 0.00161,
        "4": 0.00249,
        "5": 0.00342,
        "6": 0.00488,
        "7": 0.00752,
        "8": 0.0102,
        "9": 0.0112,
        "10": 0.0148,
        "11": 0.0165,
        "12": 0.0206,
        "13": 0.0246,
        "14": 0.0271,
        "15": 0.0284,
        "16": 0.0341,
        "17": 0.0423,
        "18": 0.0443,
        "19": 0.0495,
        "20": 0.0605,
        "21": 0.0687,
        "22": 0.0731,
        "23": 0.0751,
        "24": 0.0766,
        "25": 0.0774,
        "26": 0.0799,
        "27": 0.0859,
        "28": 0.0907,
        "29": 0.105,
        "30": 0.113,
        "31": 0.127,
        "32": 0.129
    },
    "mbpp_claude": {
        "0": 0.166,
        "1": 0.0795,
        "2": 0.00112,
        "3": 0.002,
        "4": 0.00303,
        "5": 0.00396,
        "6": 0.00566,
        "7": 0.00845,
        "8": 0.0113,
        "9": 0.0123,
        "10": 0.0159,
        "11": 0.018,
        "12": 0.0222,
        "13": 0.0267,
        "14": 0.0288,
        "15": 0.0306,
        "16": 0.0366,
        "17": 0.0449,
        "18": 0.0469,
        "19": 0.0528,
        "20": 0.0644,
        "21": 0.0725,
        "22": 0.0766,
        "23": 0.0775,
        "24": 0.0792,
        "25": 0.0798,
        "26": 0.0817,
        "27": 0.088,
        "28": 0.0935,
        "29": 0.11,
        "30": 0.118,
        "31": 0.131,
        "32": 0.131
    },
    "mbpp_mini_gpt4": {
        "0": 0.163,
        "1": 0.0779,
        "2": 0.000732,
        "3": 0.00171,
        "4": 0.00273,
        "5": 0.00352,
        "6": 0.00527,
        "7": 0.00786,
        "8": 0.0109,
        "9": 0.0118,
        "10": 0.0155,
        "11": 0.0173,
        "12": 0.0216,
        "13": 0.026,
        "14": 0.0284,
        "15": 0.0298,
        "16": 0.0356,
        "17": 0.0439,
        "18": 0.0457,
        "19": 0.0512,
        "20": 0.0621,
        "21": 0.0697,
        "22": 0.0736,
        "23": 0.0752,
        "24": 0.0763,
        "25": 0.0767,
        "26": 0.079,
        "27": 0.0849,
        "28": 0.0901,
        "29": 0.105,
        "30": 0.113,
        "31": 0.126,
        "32": 0.121
    },
    "mbpp_groundtruth": {
        "0": 0.259,
        "1": 0.0871,
        "2": 0.00122,
        "3": 0.00229,
        "4": 0.00313,
        "5": 0.0043,
        "6": 0.00586,
        "7": 0.00869,
        "8": 0.0119,
        "9": 0.0132,
        "10": 0.0164,
        "11": 0.0184,
        "12": 0.0234,
        "13": 0.0278,
        "14": 0.0306,
        "15": 0.0321,
        "16": 0.039,
        "17": 0.0481,
        "18": 0.0512,
        "19": 0.0601,
        "20": 0.0736,
        "21": 0.0844,
        "22": 0.0892,
        "23": 0.0908,
        "24": 0.0939,
        "25": 0.096,
        "26": 0.0987,
        "27": 0.108,
        "28": 0.115,
        "29": 0.132,
        "30": 0.149,
        "31": 0.175,
        "32": 0.194
    },
    "mbpp_gpt4_style_in_context_examples": {
        "0": 0.205,
        "1": 0.0714,
        "2": 0.000684,
        "3": 0.00142,
        "4": 0.00244,
        "5": 0.00347,
        "6": 0.00454,
        "7": 0.00703,
        "8": 0.00967,
        "9": 0.0107,
        "10": 0.0138,
        "11": 0.0157,
        "12": 0.02,
        "13": 0.0237,
        "14": 0.0261,
        "15": 0.0276,
        "16": 0.0333,
        "17": 0.0407,
        "18": 0.0433,
        "19": 0.0487,
        "20": 0.0588,
        "21": 0.0665,
        "22": 0.0715,
        "23": 0.0735,
        "24": 0.0749,
        "25": 0.0756,
        "26": 0.0773,
        "27": 0.0829,
        "28": 0.0869,
        "29": 0.101,
        "30": 0.106,
        "31": 0.122,
        "32": 0.14
    },
    "mbpp_openai_human_written_examples": {
        "0": 0.294,
        "1": 0.212,
        "2": 0.00415,
        "3": 0.00952,
        "4": 0.0134,
        "5": 0.0199,
        "6": 0.029,
        "7": 0.0416,
        "8": 0.06,
        "9": 0.0703,
        "10": 0.0838,
        "11": 0.0947,
        "12": 0.112,
        "13": 0.131,
        "14": 0.136,
        "15": 0.14,
        "16": 0.165,
        "17": 0.185,
        "18": 0.188,
        "19": 0.227,
        "20": 0.246,
        "21": 0.272,
        "22": 0.269,
        "23": 0.267,
        "24": 0.266,
        "25": 0.261,
        "26": 0.258,
        "27": 0.265,
        "28": 0.277,
        "29": 0.304,
        "30": 0.296,
        "31": 0.304,
        "32": 0.341
    },
    "mbpp_rewrite_groundtruth_in_own_words": {
        "0": 0.249,
        "1": 0.0892,
        "2": 0.00103,
        "3": 0.002,
        "4": 0.00288,
        "5": 0.00396,
        "6": 0.00566,
        "7": 0.00874,
        "8": 0.0118,
        "9": 0.0132,
        "10": 0.0164,
        "11": 0.0187,
        "12": 0.0233,
        "13": 0.028,
        "14": 0.0309,
        "15": 0.0322,
        "16": 0.0391,
        "17": 0.0482,
        "18": 0.0513,
        "19": 0.0597,
        "20": 0.0735,
        "21": 0.0842,
        "22": 0.0887,
        "23": 0.0902,
        "24": 0.0922,
        "25": 0.0937,
        "26": 0.0962,
        "27": 0.104,
        "28": 0.111,
        "29": 0.128,
        "30": 0.135,
        "31": 0.153,
        "32": 0.166
    }
}