{
    "esnli_step_by_step": {
        "0": 0.0614,
        "1": 0.0487,
        "2": 0.0217,
        "3": 0.0298,
        "4": 0.056,
        "5": 0.0764,
        "6": 0.0997,
        "7": 0.109,
        "8": 0.114,
        "9": 0.119,
        "10": 0.136,
        "11": 0.143,
        "12": 0.149,
        "13": 0.142,
        "14": 0.151,
        "15": 0.159,
        "16": 0.161,
        "17": 0.154,
        "18": 0.153,
        "19": 0.147,
        "20": 0.135,
        "21": 0.135,
        "22": 0.127,
        "23": 0.118,
        "24": 0.108,
        "25": 0.0979,
        "26": 0.0946,
        "27": 0.0836,
        "28": 0.0789,
        "29": 0.0747,
        "30": 0.0692,
        "31": 0.0829,
        "32": 0.15
    },
    "esnli_gpt4": {
        "0": 0.0517,
        "1": 0.0477,
        "2": 0.00479,
        "3": 0.00684,
        "4": 0.0134,
        "5": 0.0194,
        "6": 0.0275,
        "7": 0.0315,
        "8": 0.0366,
        "9": 0.0396,
        "10": 0.0473,
        "11": 0.0517,
        "12": 0.0563,
        "13": 0.0586,
        "14": 0.0664,
        "15": 0.0702,
        "16": 0.0772,
        "17": 0.0771,
        "18": 0.0826,
        "19": 0.0826,
        "20": 0.079,
        "21": 0.0804,
        "22": 0.0802,
        "23": 0.0779,
        "24": 0.0735,
        "25": 0.0686,
        "26": 0.0676,
        "27": 0.0608,
        "28": 0.0581,
        "29": 0.0562,
        "30": 0.0535,
        "31": 0.0669,
        "32": 0.134
    },
    "esnli_claude": {
        "0": 0.0638,
        "1": 0.0358,
        "2": 0.00811,
        "3": 0.0149,
        "4": 0.0289,
        "5": 0.0413,
        "6": 0.056,
        "7": 0.0632,
        "8": 0.0684,
        "9": 0.0725,
        "10": 0.0837,
        "11": 0.0883,
        "12": 0.0945,
        "13": 0.0935,
        "14": 0.104,
        "15": 0.109,
        "16": 0.114,
        "17": 0.112,
        "18": 0.115,
        "19": 0.11,
        "20": 0.103,
        "21": 0.105,
        "22": 0.101,
        "23": 0.096,
        "24": 0.0887,
        "25": 0.0809,
        "26": 0.0783,
        "27": 0.0693,
        "28": 0.0639,
        "29": 0.0606,
        "30": 0.0558,
        "31": 0.0643,
        "32": 0.117
    },
    "esnli_mini_gpt4": {
        "0": 0.0576,
        "1": 0.0333,
        "2": 0.00244,
        "3": 0.00405,
        "4": 0.0085,
        "5": 0.0134,
        "6": 0.0188,
        "7": 0.0219,
        "8": 0.0266,
        "9": 0.0297,
        "10": 0.0354,
        "11": 0.0383,
        "12": 0.041,
        "13": 0.0437,
        "14": 0.0495,
        "15": 0.0532,
        "16": 0.0587,
        "17": 0.0589,
        "18": 0.064,
        "19": 0.0643,
        "20": 0.0616,
        "21": 0.0632,
        "22": 0.064,
        "23": 0.0628,
        "24": 0.0604,
        "25": 0.056,
        "26": 0.0556,
        "27": 0.0502,
        "28": 0.0481,
        "29": 0.0469,
        "30": 0.0443,
        "31": 0.0569,
        "32": 0.113
    },
    "esnli_groundtruth": {
        "0": 0.148,
        "1": 0.129,
        "2": 0.00371,
        "3": 0.00703,
        "4": 0.0143,
        "5": 0.0231,
        "6": 0.0329,
        "7": 0.0399,
        "8": 0.0478,
        "9": 0.0548,
        "10": 0.0654,
        "11": 0.0712,
        "12": 0.0761,
        "13": 0.0915,
        "14": 0.101,
        "15": 0.106,
        "16": 0.124,
        "17": 0.142,
        "18": 0.163,
        "19": 0.175,
        "20": 0.183,
        "21": 0.186,
        "22": 0.194,
        "23": 0.201,
        "24": 0.202,
        "25": 0.2,
        "26": 0.198,
        "27": 0.192,
        "28": 0.185,
        "29": 0.179,
        "30": 0.164,
        "31": 0.181,
        "32": 0.283
    },
    "esnli_gpt4_style_in_context_examples": {
        "0": 0.0704,
        "1": 0.0511,
        "2": 0.0142,
        "3": 0.0208,
        "4": 0.0408,
        "5": 0.0585,
        "6": 0.0777,
        "7": 0.0863,
        "8": 0.0913,
        "9": 0.0972,
        "10": 0.113,
        "11": 0.12,
        "12": 0.125,
        "13": 0.121,
        "14": 0.131,
        "15": 0.14,
        "16": 0.141,
        "17": 0.138,
        "18": 0.137,
        "19": 0.131,
        "20": 0.121,
        "21": 0.122,
        "22": 0.115,
        "23": 0.108,
        "24": 0.0997,
        "25": 0.0909,
        "26": 0.0878,
        "27": 0.0781,
        "28": 0.0741,
        "29": 0.0708,
        "30": 0.0655,
        "31": 0.0825,
        "32": 0.154
    },
    "esnli_openai_human_written_examples": {
        "0": 0.0552,
        "1": 0.0563,
        "2": 0.00151,
        "3": 0.00273,
        "4": 0.00581,
        "5": 0.00913,
        "6": 0.0123,
        "7": 0.0156,
        "8": 0.0196,
        "9": 0.0226,
        "10": 0.0277,
        "11": 0.0302,
        "12": 0.0315,
        "13": 0.0341,
        "14": 0.0393,
        "15": 0.042,
        "16": 0.0479,
        "17": 0.0486,
        "18": 0.0542,
        "19": 0.0545,
        "20": 0.0539,
        "21": 0.0558,
        "22": 0.0573,
        "23": 0.0571,
        "24": 0.0552,
        "25": 0.0525,
        "26": 0.0528,
        "27": 0.0483,
        "28": 0.0468,
        "29": 0.0458,
        "30": 0.0437,
        "31": 0.0567,
        "32": 0.117
    },
    "esnli_rewrite_groundtruth_in_own_words": {
        "0": 0.0528,
        "1": 0.039,
        "2": 0.00264,
        "3": 0.00474,
        "4": 0.00967,
        "5": 0.0151,
        "6": 0.0214,
        "7": 0.0249,
        "8": 0.0302,
        "9": 0.0333,
        "10": 0.039,
        "11": 0.0431,
        "12": 0.0466,
        "13": 0.0492,
        "14": 0.0561,
        "15": 0.0603,
        "16": 0.0666,
        "17": 0.0672,
        "18": 0.0727,
        "19": 0.0723,
        "20": 0.069,
        "21": 0.0712,
        "22": 0.0712,
        "23": 0.0696,
        "24": 0.0665,
        "25": 0.0616,
        "26": 0.0607,
        "27": 0.0548,
        "28": 0.0521,
        "29": 0.0505,
        "30": 0.0476,
        "31": 0.0597,
        "32": 0.114
    }
}