{
    "mbpp_step_by_step": {
        "0": 0.197,
        "1": 0.0503,
        "2": 0.045,
        "3": 0.0515,
        "4": 0.00551,
        "5": 0.00398,
        "6": 0.00446,
        "7": 0.00528,
        "8": 0.00638,
        "9": 0.00717,
        "10": 0.00833,
        "11": 0.00876,
        "12": 0.00884,
        "13": 0.00905,
        "14": 0.0102,
        "15": 0.0115,
        "16": 0.0124,
        "17": 0.0134,
        "18": 0.0142,
        "19": 0.0162,
        "20": 0.025,
        "21": 0.0303,
        "22": 0.0388,
        "23": 0.0536,
        "24": 0.0633,
        "25": 0.0714,
        "26": 0.0783,
        "27": 0.056,
        "28": 0.165
    },
    "mbpp_gpt4": {
        "0": 0.117,
        "1": 0.0266,
        "2": 0.0198,
        "3": 0.0237,
        "4": 0.000679,
        "5": 0.000527,
        "6": 0.000581,
        "7": 0.000737,
        "8": 0.000864,
        "9": 0.000908,
        "10": 0.00111,
        "11": 0.00116,
        "12": 0.00127,
        "13": 0.00131,
        "14": 0.00154,
        "15": 0.00175,
        "16": 0.00189,
        "17": 0.00201,
        "18": 0.00216,
        "19": 0.00247,
        "20": 0.00358,
        "21": 0.00446,
        "22": 0.0057,
        "23": 0.00788,
        "24": 0.00944,
        "25": 0.0113,
        "26": 0.0132,
        "27": 0.0204,
        "28": 0.0467
    },
    "mbpp_claude": {
        "0": 0.123,
        "1": 0.0277,
        "2": 0.02,
        "3": 0.0244,
        "4": 0.000532,
        "5": 0.000391,
        "6": 0.000435,
        "7": 0.000566,
        "8": 0.000659,
        "9": 0.000684,
        "10": 0.000889,
        "11": 0.000942,
        "12": 0.00105,
        "13": 0.00106,
        "14": 0.00124,
        "15": 0.00138,
        "16": 0.00145,
        "17": 0.00155,
        "18": 0.00165,
        "19": 0.00193,
        "20": 0.00287,
        "21": 0.00362,
        "22": 0.00453,
        "23": 0.00649,
        "24": 0.0079,
        "25": 0.00952,
        "26": 0.0112,
        "27": 0.0195,
        "28": 0.0451
    },
    "mbpp_mini_gpt4": {
        "0": 0.115,
        "1": 0.0265,
        "2": 0.0195,
        "3": 0.0234,
        "4": 0.000527,
        "5": 0.000366,
        "6": 0.000454,
        "7": 0.00062,
        "8": 0.000674,
        "9": 0.000732,
        "10": 0.000854,
        "11": 0.000874,
        "12": 0.000991,
        "13": 0.000977,
        "14": 0.00119,
        "15": 0.00127,
        "16": 0.00135,
        "17": 0.00148,
        "18": 0.00168,
        "19": 0.00181,
        "20": 0.0028,
        "21": 0.00349,
        "22": 0.00436,
        "23": 0.00627,
        "24": 0.0076,
        "25": 0.00932,
        "26": 0.0109,
        "27": 0.0191,
        "28": 0.0405
    },
    "mbpp_groundtruth": {
        "0": 0.197,
        "1": 0.0424,
        "2": 0.031,
        "3": 0.0376,
        "4": 0.000947,
        "5": 0.000723,
        "6": 0.000767,
        "7": 0.00104,
        "8": 0.00118,
        "9": 0.00134,
        "10": 0.00178,
        "11": 0.00187,
        "12": 0.00197,
        "13": 0.00194,
        "14": 0.00233,
        "15": 0.00261,
        "16": 0.00279,
        "17": 0.00292,
        "18": 0.0031,
        "19": 0.00346,
        "20": 0.0054,
        "21": 0.00661,
        "22": 0.00821,
        "23": 0.0111,
        "24": 0.0134,
        "25": 0.0164,
        "26": 0.0192,
        "27": 0.0439,
        "28": 0.0951
    },
    "mbpp_gpt4_style_in_context_examples": {
        "0": 0.152,
        "1": 0.0337,
        "2": 0.0241,
        "3": 0.0293,
        "4": 0.000605,
        "5": 0.000444,
        "6": 0.000474,
        "7": 0.00064,
        "8": 0.000771,
        "9": 0.000737,
        "10": 0.000928,
        "11": 0.000938,
        "12": 0.00101,
        "13": 0.0011,
        "14": 0.00132,
        "15": 0.00149,
        "16": 0.00155,
        "17": 0.00167,
        "18": 0.00184,
        "19": 0.00207,
        "20": 0.00306,
        "21": 0.00385,
        "22": 0.00487,
        "23": 0.00685,
        "24": 0.0082,
        "25": 0.0101,
        "26": 0.0118,
        "27": 0.0219,
        "28": 0.0556
    },
    "mbpp_openai_human_written_examples": {
        "0": 0.227,
        "1": 0.0589,
        "2": 0.0566,
        "3": 0.0642,
        "4": 0.00961,
        "5": 0.00691,
        "6": 0.00752,
        "7": 0.0089,
        "8": 0.0104,
        "9": 0.012,
        "10": 0.014,
        "11": 0.0146,
        "12": 0.0147,
        "13": 0.0149,
        "14": 0.0167,
        "15": 0.0184,
        "16": 0.0195,
        "17": 0.0211,
        "18": 0.0221,
        "19": 0.0246,
        "20": 0.0371,
        "21": 0.0449,
        "22": 0.0565,
        "23": 0.0758,
        "24": 0.0875,
        "25": 0.097,
        "26": 0.106,
        "27": 0.0655,
        "28": 0.214
    },
    "mbpp_rewrite_groundtruth_in_own_words": {
        "0": 0.179,
        "1": 0.0387,
        "2": 0.029,
        "3": 0.0353,
        "4": 0.000859,
        "5": 0.000679,
        "6": 0.000776,
        "7": 0.000884,
        "8": 0.00111,
        "9": 0.00117,
        "10": 0.0016,
        "11": 0.00161,
        "12": 0.00181,
        "13": 0.00178,
        "14": 0.00218,
        "15": 0.0025,
        "16": 0.00257,
        "17": 0.00273,
        "18": 0.00293,
        "19": 0.00331,
        "20": 0.0049,
        "21": 0.00598,
        "22": 0.00766,
        "23": 0.0104,
        "24": 0.0127,
        "25": 0.0157,
        "26": 0.0184,
        "27": 0.0315,
        "28": 0.0617
    }
}