{
    "api_bank_step_by_step": {
        "0": 0.0767,
        "1": 0.0173,
        "2": 0.0173,
        "3": 0.0188,
        "4": 0.0033,
        "5": 0.00281,
        "6": 0.00273,
        "7": 0.00354,
        "8": 0.00444,
        "9": 0.00529,
        "10": 0.0059,
        "11": 0.00627,
        "12": 0.00631,
        "13": 0.00663,
        "14": 0.00724,
        "15": 0.00712,
        "16": 0.00834,
        "17": 0.00899,
        "18": 0.00956,
        "19": 0.0117,
        "20": 0.0159,
        "21": 0.0196,
        "22": 0.023,
        "23": 0.0261,
        "24": 0.0238,
        "25": 0.0201,
        "26": 0.0204,
        "27": 0.0221,
        "28": 0.111
    },
    "api_bank_gpt4": {
        "0": 0.0906,
        "1": 0.0211,
        "2": 0.0224,
        "3": 0.0251,
        "4": 0.00602,
        "5": 0.00496,
        "6": 0.00513,
        "7": 0.0057,
        "8": 0.00667,
        "9": 0.00757,
        "10": 0.00785,
        "11": 0.00826,
        "12": 0.00814,
        "13": 0.00846,
        "14": 0.00928,
        "15": 0.00948,
        "16": 0.0103,
        "17": 0.0115,
        "18": 0.0122,
        "19": 0.0138,
        "20": 0.0181,
        "21": 0.022,
        "22": 0.0261,
        "23": 0.0308,
        "24": 0.0308,
        "25": 0.0273,
        "26": 0.0279,
        "27": 0.0233,
        "28": 0.11
    },
    "api_bank_claude": {
        "0": 0.0804,
        "1": 0.0189,
        "2": 0.0184,
        "3": 0.0197,
        "4": 0.00513,
        "5": 0.00415,
        "6": 0.00423,
        "7": 0.00468,
        "8": 0.0057,
        "9": 0.00647,
        "10": 0.00704,
        "11": 0.0072,
        "12": 0.00716,
        "13": 0.00749,
        "14": 0.00818,
        "15": 0.00863,
        "16": 0.00944,
        "17": 0.0101,
        "18": 0.0109,
        "19": 0.0127,
        "20": 0.0164,
        "21": 0.0196,
        "22": 0.0227,
        "23": 0.0271,
        "24": 0.026,
        "25": 0.0226,
        "26": 0.0228,
        "27": 0.0222,
        "28": 0.0951
    },
    "api_bank_mini_gpt4": {
        "0": 0.0951,
        "1": 0.0232,
        "2": 0.0238,
        "3": 0.0258,
        "4": 0.00822,
        "5": 0.00635,
        "6": 0.00659,
        "7": 0.00749,
        "8": 0.00854,
        "9": 0.00944,
        "10": 0.0105,
        "11": 0.0106,
        "12": 0.0104,
        "13": 0.0108,
        "14": 0.012,
        "15": 0.0127,
        "16": 0.0139,
        "17": 0.0149,
        "18": 0.0157,
        "19": 0.0181,
        "20": 0.0238,
        "21": 0.0292,
        "22": 0.035,
        "23": 0.0415,
        "24": 0.0424,
        "25": 0.0381,
        "26": 0.0377,
        "27": 0.0269,
        "28": 0.115
    },
    "api_bank_groundtruth": {
        "0": 0.298,
        "1": 0.0905,
        "2": 0.093,
        "3": 0.115,
        "4": 0.0216,
        "5": 0.0164,
        "6": 0.0175,
        "7": 0.0201,
        "8": 0.022,
        "9": 0.0242,
        "10": 0.0276,
        "11": 0.0285,
        "12": 0.0276,
        "13": 0.0281,
        "14": 0.0315,
        "15": 0.0347,
        "16": 0.0376,
        "17": 0.04,
        "18": 0.0431,
        "19": 0.0484,
        "20": 0.068,
        "21": 0.0843,
        "22": 0.109,
        "23": 0.141,
        "24": 0.174,
        "25": 0.191,
        "26": 0.209,
        "27": 0.107,
        "28": 0.512
    },
    "api_bank_gpt4_style_in_context_examples": {
        "0": 0.0841,
        "1": 0.0196,
        "2": 0.0215,
        "3": 0.0242,
        "4": 0.00631,
        "5": 0.00505,
        "6": 0.00505,
        "7": 0.0059,
        "8": 0.00667,
        "9": 0.00749,
        "10": 0.0083,
        "11": 0.00838,
        "12": 0.00798,
        "13": 0.00863,
        "14": 0.00907,
        "15": 0.00944,
        "16": 0.0101,
        "17": 0.0111,
        "18": 0.0117,
        "19": 0.0134,
        "20": 0.0174,
        "21": 0.0212,
        "22": 0.0249,
        "23": 0.0291,
        "24": 0.0286,
        "25": 0.0247,
        "26": 0.025,
        "27": 0.0208,
        "28": 0.101
    },
    "api_bank_openai_human_written_examples": {
        "0": 0.0811,
        "1": 0.0184,
        "2": 0.0205,
        "3": 0.0215,
        "4": 0.0046,
        "5": 0.00391,
        "6": 0.00407,
        "7": 0.00464,
        "8": 0.00545,
        "9": 0.00647,
        "10": 0.00663,
        "11": 0.00675,
        "12": 0.00684,
        "13": 0.00696,
        "14": 0.00749,
        "15": 0.00773,
        "16": 0.0085,
        "17": 0.00932,
        "18": 0.00989,
        "19": 0.0115,
        "20": 0.0153,
        "21": 0.0186,
        "22": 0.0221,
        "23": 0.0261,
        "24": 0.0255,
        "25": 0.0215,
        "26": 0.0217,
        "27": 0.0197,
        "28": 0.101
    }
}