{
    "drop_gpt4": {
        "0": 0.0546,
        "1": 0.0489,
        "2": 0.0081,
        "3": 0.0127,
        "4": 0.022,
        "5": 0.0299,
        "6": 0.0376,
        "7": 0.0443,
        "8": 0.049,
        "9": 0.0525,
        "10": 0.0601,
        "11": 0.0625,
        "12": 0.0665,
        "13": 0.0693,
        "14": 0.0759,
        "15": 0.0784,
        "16": 0.0835,
        "17": 0.0875,
        "18": 0.0912,
        "19": 0.0929,
        "20": 0.0903,
        "21": 0.091,
        "22": 0.0886,
        "23": 0.086,
        "24": 0.0803,
        "25": 0.0764,
        "26": 0.0736,
        "27": 0.0666,
        "28": 0.0621,
        "29": 0.0586,
        "30": 0.0551,
        "31": 0.0643,
        "32": 0.0969
    },
    "drop_claude": {
        "0": 0.0607,
        "1": 0.0531,
        "2": 0.00364,
        "3": 0.00613,
        "4": 0.0124,
        "5": 0.0185,
        "6": 0.0247,
        "7": 0.0305,
        "8": 0.0352,
        "9": 0.0383,
        "10": 0.046,
        "11": 0.0491,
        "12": 0.0527,
        "13": 0.0563,
        "14": 0.0635,
        "15": 0.0665,
        "16": 0.0729,
        "17": 0.0784,
        "18": 0.0842,
        "19": 0.0875,
        "20": 0.0862,
        "21": 0.0878,
        "22": 0.0872,
        "23": 0.0852,
        "24": 0.08,
        "25": 0.077,
        "26": 0.0747,
        "27": 0.0681,
        "28": 0.0639,
        "29": 0.0604,
        "30": 0.0563,
        "31": 0.066,
        "32": 0.102
    },
    "drop_step_by_step": {
        "0": 0.0643,
        "1": 0.0673,
        "2": 0.0111,
        "3": 0.017,
        "4": 0.0327,
        "5": 0.0462,
        "6": 0.06,
        "7": 0.0705,
        "8": 0.078,
        "9": 0.0834,
        "10": 0.0977,
        "11": 0.101,
        "12": 0.106,
        "13": 0.111,
        "14": 0.119,
        "15": 0.125,
        "16": 0.131,
        "17": 0.136,
        "18": 0.14,
        "19": 0.142,
        "20": 0.137,
        "21": 0.136,
        "22": 0.131,
        "23": 0.125,
        "24": 0.115,
        "25": 0.108,
        "26": 0.103,
        "27": 0.0924,
        "28": 0.0855,
        "29": 0.0797,
        "30": 0.0741,
        "31": 0.0837,
        "32": 0.11
    },
    "drop_mini_gpt4": {
        "0": 0.0494,
        "1": 0.0411,
        "2": 0.00405,
        "3": 0.00659,
        "4": 0.0126,
        "5": 0.0181,
        "6": 0.0236,
        "7": 0.0283,
        "8": 0.031,
        "9": 0.0341,
        "10": 0.0407,
        "11": 0.0421,
        "12": 0.0453,
        "13": 0.0476,
        "14": 0.0542,
        "15": 0.0579,
        "16": 0.0633,
        "17": 0.0678,
        "18": 0.0728,
        "19": 0.0752,
        "20": 0.0743,
        "21": 0.0756,
        "22": 0.0749,
        "23": 0.0739,
        "24": 0.0693,
        "25": 0.0663,
        "26": 0.0642,
        "27": 0.0586,
        "28": 0.0548,
        "29": 0.0522,
        "30": 0.0495,
        "31": 0.0585,
        "32": 0.0905
    },
    "drop_groundtruth": {
        "0": 0.39,
        "1": 0.145,
        "2": 0.00305,
        "3": 0.00646,
        "4": 0.0132,
        "5": 0.0215,
        "6": 0.028,
        "7": 0.035,
        "8": 0.0413,
        "9": 0.0499,
        "10": 0.0594,
        "11": 0.0639,
        "12": 0.0677,
        "13": 0.088,
        "14": 0.0974,
        "15": 0.104,
        "16": 0.125,
        "17": 0.147,
        "18": 0.168,
        "19": 0.193,
        "20": 0.214,
        "21": 0.229,
        "22": 0.263,
        "23": 0.289,
        "24": 0.321,
        "25": 0.347,
        "26": 0.368,
        "27": 0.398,
        "28": 0.416,
        "29": 0.44,
        "30": 0.441,
        "31": 0.473,
        "32": 0.443
    },
    "drop_gpt4_style_in_context_examples": {
        "0": 0.0578,
        "1": 0.0481,
        "2": 0.00538,
        "3": 0.00813,
        "4": 0.0152,
        "5": 0.0223,
        "6": 0.0306,
        "7": 0.0377,
        "8": 0.0439,
        "9": 0.0486,
        "10": 0.0567,
        "11": 0.0598,
        "12": 0.0633,
        "13": 0.0705,
        "14": 0.076,
        "15": 0.079,
        "16": 0.085,
        "17": 0.0908,
        "18": 0.0961,
        "19": 0.0993,
        "20": 0.0966,
        "21": 0.0963,
        "22": 0.0937,
        "23": 0.0905,
        "24": 0.0845,
        "25": 0.0806,
        "26": 0.0774,
        "27": 0.0706,
        "28": 0.066,
        "29": 0.062,
        "30": 0.0582,
        "31": 0.0704,
        "32": 0.0999
    },
    "drop_openai_human_written_examples": {
        "0": 0.0472,
        "1": 0.0306,
        "2": 0.00227,
        "3": 0.00398,
        "4": 0.0076,
        "5": 0.0114,
        "6": 0.0155,
        "7": 0.0195,
        "8": 0.0223,
        "9": 0.0247,
        "10": 0.0292,
        "11": 0.0312,
        "12": 0.0332,
        "13": 0.0362,
        "14": 0.0411,
        "15": 0.0428,
        "16": 0.0475,
        "17": 0.0519,
        "18": 0.0568,
        "19": 0.0597,
        "20": 0.0594,
        "21": 0.0605,
        "22": 0.0608,
        "23": 0.0603,
        "24": 0.0576,
        "25": 0.0556,
        "26": 0.0541,
        "27": 0.0497,
        "28": 0.0468,
        "29": 0.0444,
        "30": 0.0419,
        "31": 0.0491,
        "32": 0.0706
    },
    "drop_simple_response": {
        "0": 0.072,
        "1": 0.0399,
        "2": 0.000916,
        "3": 0.00186,
        "4": 0.00397,
        "5": 0.0065,
        "6": 0.0088,
        "7": 0.0111,
        "8": 0.0139,
        "9": 0.0169,
        "10": 0.0196,
        "11": 0.0224,
        "12": 0.0237,
        "13": 0.0273,
        "14": 0.031,
        "15": 0.0325,
        "16": 0.038,
        "17": 0.0433,
        "18": 0.0502,
        "19": 0.0546,
        "20": 0.0571,
        "21": 0.0606,
        "22": 0.0642,
        "23": 0.0658,
        "24": 0.066,
        "25": 0.0661,
        "26": 0.0663,
        "27": 0.063,
        "28": 0.0606,
        "29": 0.0597,
        "30": 0.0596,
        "31": 0.0731,
        "32": 0.127
    }
}