{
    "mmlu_moral_scenarios_step_by_step": {
        "0": 0.0573,
        "1": 0.0154,
        "2": 0.0157,
        "3": 0.0162,
        "4": 0.00425,
        "5": 0.00322,
        "6": 0.00347,
        "7": 0.00405,
        "8": 0.00479,
        "9": 0.00625,
        "10": 0.0063,
        "11": 0.00674,
        "12": 0.00669,
        "13": 0.00688,
        "14": 0.00732,
        "15": 0.00771,
        "16": 0.00815,
        "17": 0.0082,
        "18": 0.0085,
        "19": 0.00977,
        "20": 0.0124,
        "21": 0.0147,
        "22": 0.0162,
        "23": 0.0182,
        "24": 0.017,
        "25": 0.0151,
        "26": 0.0146,
        "27": 0.0144,
        "28": 0.0384
    },
    "mmlu_moral_scenarios_gpt4": {
        "0": 0.0577,
        "1": 0.0178,
        "2": 0.0192,
        "3": 0.022,
        "4": 0.00332,
        "5": 0.00259,
        "6": 0.00259,
        "7": 0.00313,
        "8": 0.00371,
        "9": 0.00483,
        "10": 0.00479,
        "11": 0.00513,
        "12": 0.00498,
        "13": 0.00527,
        "14": 0.00566,
        "15": 0.00581,
        "16": 0.0063,
        "17": 0.00693,
        "18": 0.00669,
        "19": 0.00801,
        "20": 0.0103,
        "21": 0.0121,
        "22": 0.0141,
        "23": 0.0161,
        "24": 0.0157,
        "25": 0.0141,
        "26": 0.0141,
        "27": 0.015,
        "28": 0.0343
    },
    "mmlu_moral_scenarios_claude": {
        "0": 0.0568,
        "1": 0.0144,
        "2": 0.0135,
        "3": 0.014,
        "4": 0.0019,
        "5": 0.00166,
        "6": 0.00176,
        "7": 0.00229,
        "8": 0.00254,
        "9": 0.00327,
        "10": 0.00342,
        "11": 0.00352,
        "12": 0.00366,
        "13": 0.00371,
        "14": 0.0041,
        "15": 0.00425,
        "16": 0.00439,
        "17": 0.00464,
        "18": 0.00469,
        "19": 0.00562,
        "20": 0.00669,
        "21": 0.00815,
        "22": 0.00996,
        "23": 0.0115,
        "24": 0.0113,
        "25": 0.00991,
        "26": 0.00972,
        "27": 0.0101,
        "28": 0.0214
    },
    "mmlu_moral_scenarios_mini_gpt4": {
        "0": 0.0597,
        "1": 0.0168,
        "2": 0.0185,
        "3": 0.0223,
        "4": 0.00322,
        "5": 0.00254,
        "6": 0.00254,
        "7": 0.00317,
        "8": 0.00381,
        "9": 0.00483,
        "10": 0.00488,
        "11": 0.00532,
        "12": 0.00532,
        "13": 0.00537,
        "14": 0.00581,
        "15": 0.0062,
        "16": 0.00679,
        "17": 0.00708,
        "18": 0.00776,
        "19": 0.00879,
        "20": 0.0116,
        "21": 0.0136,
        "22": 0.0159,
        "23": 0.018,
        "24": 0.018,
        "25": 0.0162,
        "26": 0.0162,
        "27": 0.0163,
        "28": 0.0304
    },
    "mmlu_moral_scenarios_groundtruth": {
        "0": 0.613,
        "1": 0.256,
        "2": 0.232,
        "3": 0.313,
        "4": 0.0182,
        "5": 0.0138,
        "6": 0.0152,
        "7": 0.018,
        "8": 0.0202,
        "9": 0.0235,
        "10": 0.0275,
        "11": 0.0291,
        "12": 0.0287,
        "13": 0.029,
        "14": 0.0326,
        "15": 0.0357,
        "16": 0.0405,
        "17": 0.0428,
        "18": 0.0453,
        "19": 0.0527,
        "20": 0.0788,
        "21": 0.101,
        "22": 0.134,
        "23": 0.178,
        "24": 0.234,
        "25": 0.277,
        "26": 0.319,
        "27": 0.275,
        "28": 0.577
    },
    "mmlu_moral_scenarios_gpt4_style_in_context_examples": {
        "0": 0.0484,
        "1": 0.0123,
        "2": 0.0121,
        "3": 0.0133,
        "4": 0.00322,
        "5": 0.00269,
        "6": 0.00254,
        "7": 0.00303,
        "8": 0.00366,
        "9": 0.00449,
        "10": 0.00464,
        "11": 0.00508,
        "12": 0.00503,
        "13": 0.00527,
        "14": 0.00532,
        "15": 0.00576,
        "16": 0.00591,
        "17": 0.00615,
        "18": 0.00605,
        "19": 0.00693,
        "20": 0.00889,
        "21": 0.0107,
        "22": 0.0119,
        "23": 0.0139,
        "24": 0.0128,
        "25": 0.0108,
        "26": 0.0105,
        "27": 0.0101,
        "28": 0.0228
    },
    "mmlu_moral_scenarios_openai_human_written_examples": {
        "0": 0.0859,
        "1": 0.0262,
        "2": 0.028,
        "3": 0.0329,
        "4": 0.00654,
        "5": 0.00503,
        "6": 0.00547,
        "7": 0.00654,
        "8": 0.00728,
        "9": 0.00879,
        "10": 0.00952,
        "11": 0.00972,
        "12": 0.00952,
        "13": 0.00952,
        "14": 0.0104,
        "15": 0.0114,
        "16": 0.0125,
        "17": 0.0132,
        "18": 0.0138,
        "19": 0.0156,
        "20": 0.0219,
        "21": 0.0257,
        "22": 0.0307,
        "23": 0.0357,
        "24": 0.0376,
        "25": 0.0343,
        "26": 0.034,
        "27": 0.0254,
        "28": 0.0635
    }
}