{
    "piqa_gpt4": {
        "0": 0.0829,
        "1": 0.0466,
        "2": 0.00435,
        "3": 0.00786,
        "4": 0.016,
        "5": 0.0246,
        "6": 0.0325,
        "7": 0.0403,
        "8": 0.0486,
        "9": 0.055,
        "10": 0.0634,
        "11": 0.0676,
        "12": 0.0709,
        "13": 0.0724,
        "14": 0.0798,
        "15": 0.0828,
        "16": 0.0933,
        "17": 0.0956,
        "18": 0.106,
        "19": 0.106,
        "20": 0.103,
        "21": 0.106,
        "22": 0.107,
        "23": 0.105,
        "24": 0.101,
        "25": 0.0956,
        "26": 0.0933,
        "27": 0.085,
        "28": 0.0793,
        "29": 0.076,
        "30": 0.0719,
        "31": 0.083,
        "32": 0.127
    },
    "piqa_claude": {
        "0": 0.0678,
        "1": 0.0605,
        "2": 0.00576,
        "3": 0.0113,
        "4": 0.0231,
        "5": 0.0352,
        "6": 0.0448,
        "7": 0.0537,
        "8": 0.0619,
        "9": 0.0685,
        "10": 0.0784,
        "11": 0.083,
        "12": 0.086,
        "13": 0.0869,
        "14": 0.0973,
        "15": 0.1,
        "16": 0.112,
        "17": 0.112,
        "18": 0.122,
        "19": 0.121,
        "20": 0.116,
        "21": 0.118,
        "22": 0.118,
        "23": 0.115,
        "24": 0.107,
        "25": 0.101,
        "26": 0.0977,
        "27": 0.0881,
        "28": 0.0807,
        "29": 0.0768,
        "30": 0.0716,
        "31": 0.0804,
        "32": 0.134
    },
    "piqa_step_by_step": {
        "0": 0.0712,
        "1": 0.0585,
        "2": 0.0174,
        "3": 0.0268,
        "4": 0.0505,
        "5": 0.0707,
        "6": 0.0894,
        "7": 0.0992,
        "8": 0.108,
        "9": 0.114,
        "10": 0.128,
        "11": 0.136,
        "12": 0.141,
        "13": 0.139,
        "14": 0.152,
        "15": 0.153,
        "16": 0.165,
        "17": 0.164,
        "18": 0.173,
        "19": 0.169,
        "20": 0.159,
        "21": 0.159,
        "22": 0.156,
        "23": 0.15,
        "24": 0.137,
        "25": 0.128,
        "26": 0.123,
        "27": 0.11,
        "28": 0.102,
        "29": 0.0966,
        "30": 0.0896,
        "31": 0.104,
        "32": 0.175
    },
    "piqa_mini_gpt4": {
        "0": 0.075,
        "1": 0.0562,
        "2": 0.00488,
        "3": 0.0085,
        "4": 0.0174,
        "5": 0.0264,
        "6": 0.0346,
        "7": 0.0422,
        "8": 0.0493,
        "9": 0.0554,
        "10": 0.0644,
        "11": 0.0696,
        "12": 0.0723,
        "13": 0.0756,
        "14": 0.0848,
        "15": 0.0878,
        "16": 0.0992,
        "17": 0.102,
        "18": 0.112,
        "19": 0.113,
        "20": 0.11,
        "21": 0.112,
        "22": 0.112,
        "23": 0.11,
        "24": 0.103,
        "25": 0.0978,
        "26": 0.095,
        "27": 0.086,
        "28": 0.0796,
        "29": 0.0758,
        "30": 0.071,
        "31": 0.0802,
        "32": 0.126
    },
    "piqa_groundtruth": {
        "0": 0.688,
        "1": 0.331,
        "2": 0.016,
        "3": 0.0279,
        "4": 0.0533,
        "5": 0.0792,
        "6": 0.108,
        "7": 0.131,
        "8": 0.146,
        "9": 0.171,
        "10": 0.203,
        "11": 0.211,
        "12": 0.224,
        "13": 0.27,
        "14": 0.294,
        "15": 0.315,
        "16": 0.348,
        "17": 0.392,
        "18": 0.419,
        "19": 0.448,
        "20": 0.478,
        "21": 0.494,
        "22": 0.534,
        "23": 0.567,
        "24": 0.599,
        "25": 0.624,
        "26": 0.651,
        "27": 0.685,
        "28": 0.706,
        "29": 0.735,
        "30": 0.744,
        "31": 0.765,
        "32": 0.99
    },
    "piqa_gpt4_style_in_context_examples": {
        "0": 0.0782,
        "1": 0.0362,
        "2": 0.00444,
        "3": 0.00713,
        "4": 0.0141,
        "5": 0.0218,
        "6": 0.0284,
        "7": 0.0358,
        "8": 0.0427,
        "9": 0.0482,
        "10": 0.0544,
        "11": 0.0587,
        "12": 0.0609,
        "13": 0.0636,
        "14": 0.0715,
        "15": 0.0749,
        "16": 0.0844,
        "17": 0.087,
        "18": 0.0973,
        "19": 0.0982,
        "20": 0.0956,
        "21": 0.0976,
        "22": 0.101,
        "23": 0.1,
        "24": 0.0954,
        "25": 0.0909,
        "26": 0.0891,
        "27": 0.0815,
        "28": 0.0763,
        "29": 0.0737,
        "30": 0.0704,
        "31": 0.0831,
        "32": 0.139
    },
    "piqa_openai_human_written_examples": {
        "0": 0.096,
        "1": 0.0423,
        "2": 0.00659,
        "3": 0.0105,
        "4": 0.0203,
        "5": 0.0304,
        "6": 0.0393,
        "7": 0.0485,
        "8": 0.0548,
        "9": 0.0621,
        "10": 0.0713,
        "11": 0.075,
        "12": 0.0781,
        "13": 0.083,
        "14": 0.0903,
        "15": 0.0945,
        "16": 0.103,
        "17": 0.105,
        "18": 0.112,
        "19": 0.11,
        "20": 0.107,
        "21": 0.109,
        "22": 0.11,
        "23": 0.107,
        "24": 0.1,
        "25": 0.0954,
        "26": 0.0925,
        "27": 0.0834,
        "28": 0.078,
        "29": 0.0754,
        "30": 0.0722,
        "31": 0.0861,
        "32": 0.15
    },
    "piqa_simple_response": {
        "0": 0.12,
        "1": 0.0539,
        "2": 0.00869,
        "3": 0.0151,
        "4": 0.0284,
        "5": 0.0422,
        "6": 0.0562,
        "7": 0.068,
        "8": 0.0752,
        "9": 0.0852,
        "10": 0.0986,
        "11": 0.104,
        "12": 0.109,
        "13": 0.118,
        "14": 0.127,
        "15": 0.133,
        "16": 0.143,
        "17": 0.149,
        "18": 0.157,
        "19": 0.158,
        "20": 0.157,
        "21": 0.159,
        "22": 0.159,
        "23": 0.155,
        "24": 0.146,
        "25": 0.139,
        "26": 0.134,
        "27": 0.122,
        "28": 0.113,
        "29": 0.106,
        "30": 0.0974,
        "31": 0.108,
        "32": 0.152
    },
    "mmlu_gpt4": {
        "0": 0.046,
        "1": 0.0512,
        "2": 0.018,
        "3": 0.0265,
        "4": 0.0446,
        "5": 0.0577,
        "6": 0.0674,
        "7": 0.0745,
        "8": 0.0818,
        "9": 0.0849,
        "10": 0.0904,
        "11": 0.096,
        "12": 0.0963,
        "13": 0.0881,
        "14": 0.0936,
        "15": 0.096,
        "16": 0.101,
        "17": 0.0938,
        "18": 0.1,
        "19": 0.096,
        "20": 0.0864,
        "21": 0.0879,
        "22": 0.0835,
        "23": 0.0783,
        "24": 0.0691,
        "25": 0.0616,
        "26": 0.0603,
        "27": 0.0526,
        "28": 0.05,
        "29": 0.0462,
        "30": 0.044,
        "31": 0.0552,
        "32": 0.108
    },
    "mmlu_claude": {
        "0": 0.0471,
        "1": 0.0424,
        "2": 0.013,
        "3": 0.0211,
        "4": 0.0374,
        "5": 0.0499,
        "6": 0.0594,
        "7": 0.0673,
        "8": 0.0752,
        "9": 0.079,
        "10": 0.0843,
        "11": 0.0902,
        "12": 0.0913,
        "13": 0.0831,
        "14": 0.0894,
        "15": 0.0908,
        "16": 0.0933,
        "17": 0.0889,
        "18": 0.0937,
        "19": 0.0906,
        "20": 0.0816,
        "21": 0.0834,
        "22": 0.0791,
        "23": 0.0742,
        "24": 0.0648,
        "25": 0.0581,
        "26": 0.0565,
        "27": 0.0484,
        "28": 0.0455,
        "29": 0.0418,
        "30": 0.0396,
        "31": 0.0464,
        "32": 0.091
    },
    "mmlu_step_by_step": {
        "0": 0.0441,
        "1": 0.0522,
        "2": 0.0193,
        "3": 0.027,
        "4": 0.0465,
        "5": 0.0592,
        "6": 0.0695,
        "7": 0.076,
        "8": 0.0843,
        "9": 0.0879,
        "10": 0.0939,
        "11": 0.1,
        "12": 0.0996,
        "13": 0.0941,
        "14": 0.1,
        "15": 0.1,
        "16": 0.103,
        "17": 0.0964,
        "18": 0.102,
        "19": 0.0976,
        "20": 0.0874,
        "21": 0.0885,
        "22": 0.0833,
        "23": 0.0775,
        "24": 0.0679,
        "25": 0.0602,
        "26": 0.0588,
        "27": 0.0513,
        "28": 0.05,