{
    "mmlu_moral_scenarios_step_by_step": {
        "0": 0.0611,
        "1": 0.016,
        "2": 0.0164,
        "3": 0.0172,
        "4": 0.00498,
        "5": 0.00392,
        "6": 0.00418,
        "7": 0.0047,
        "8": 0.00556,
        "9": 0.00675,
        "10": 0.0071,
        "11": 0.00746,
        "12": 0.00735,
        "13": 0.00771,
        "14": 0.0082,
        "15": 0.00838,
        "16": 0.00907,
        "17": 0.00943,
        "18": 0.00959,
        "19": 0.011,
        "20": 0.014,
        "21": 0.0164,
        "22": 0.0182,
        "23": 0.0205,
        "24": 0.0192,
        "25": 0.0167,
        "26": 0.0162,
        "27": 0.0143,
        "28": 0.0359
    },
    "mmlu_moral_scenarios_gpt4": {
        "0": 0.0594,
        "1": 0.0186,
        "2": 0.0198,
        "3": 0.0224,
        "4": 0.0031,
        "5": 0.00258,
        "6": 0.00263,
        "7": 0.00313,
        "8": 0.00379,
        "9": 0.00471,
        "10": 0.00476,
        "11": 0.00491,
        "12": 0.00483,
        "13": 0.00505,
        "14": 0.00546,
        "15": 0.00563,
        "16": 0.00624,
        "17": 0.0066,
        "18": 0.00665,
        "19": 0.00767,
        "20": 0.0102,
        "21": 0.0118,
        "22": 0.0138,
        "23": 0.0158,
        "24": 0.0154,
        "25": 0.0139,
        "26": 0.0139,
        "27": 0.0148,
        "28": 0.0348
    },
    "mmlu_moral_scenarios_claude": {
        "0": 0.0591,
        "1": 0.0157,
        "2": 0.0154,
        "3": 0.0161,
        "4": 0.00238,
        "5": 0.0021,
        "6": 0.00215,
        "7": 0.00242,
        "8": 0.00313,
        "9": 0.00378,
        "10": 0.00393,
        "11": 0.00404,
        "12": 0.00395,
        "13": 0.00418,
        "14": 0.00451,
        "15": 0.00467,
        "16": 0.00503,
        "17": 0.00522,
        "18": 0.00534,
        "19": 0.00636,
        "20": 0.00813,
        "21": 0.00975,
        "22": 0.0117,
        "23": 0.0134,
        "24": 0.0132,
        "25": 0.0116,
        "26": 0.0113,
        "27": 0.0109,
        "28": 0.0258
    },
    "mmlu_moral_scenarios_mini_gpt4": {
        "0": 0.0595,
        "1": 0.0166,
        "2": 0.0179,
        "3": 0.0213,
        "4": 0.00313,
        "5": 0.00251,
        "6": 0.00241,
        "7": 0.0031,
        "8": 0.00379,
        "9": 0.00455,
        "10": 0.00476,
        "11": 0.00504,
        "12": 0.00499,
        "13": 0.00521,
        "14": 0.0057,
        "15": 0.00581,
        "16": 0.00657,
        "17": 0.00695,
        "18": 0.00728,
        "19": 0.00841,
        "20": 0.0111,
        "21": 0.013,
        "22": 0.0153,
        "23": 0.0174,
        "24": 0.0172,
        "25": 0.0152,
        "26": 0.0152,
        "27": 0.0153,
        "28": 0.0295
    },
    "mmlu_moral_scenarios_groundtruth": {
        "0": 0.609,
        "1": 0.253,
        "2": 0.227,
        "3": 0.31,
        "4": 0.017,
        "5": 0.0128,
        "6": 0.014,
        "7": 0.0166,
        "8": 0.0188,
        "9": 0.0216,
        "10": 0.0251,
        "11": 0.0267,
        "12": 0.0264,
        "13": 0.0266,
        "14": 0.03,
        "15": 0.0328,
        "16": 0.0371,
        "17": 0.0392,
        "18": 0.0415,
        "19": 0.0479,
        "20": 0.0721,
        "21": 0.0919,
        "22": 0.123,
        "23": 0.164,
        "24": 0.217,
        "25": 0.261,
        "26": 0.302,
        "27": 0.269,
        "28": 0.563
    },
    "mmlu_moral_scenarios_gpt4_style_in_context_examples": {
        "0": 0.0555,
        "1": 0.0141,
        "2": 0.0146,
        "3": 0.0158,
        "4": 0.00368,
        "5": 0.00292,
        "6": 0.00298,
        "7": 0.00341,
        "8": 0.0042,
        "9": 0.00504,
        "10": 0.00534,
        "11": 0.00568,
        "12": 0.00549,
        "13": 0.00584,
        "14": 0.00604,
        "15": 0.00633,
        "16": 0.00672,
        "17": 0.00714,
        "18": 0.00703,
        "19": 0.00797,
        "20": 0.0106,
        "21": 0.0124,
        "22": 0.0142,
        "23": 0.0164,
        "24": 0.0155,
        "25": 0.0133,
        "26": 0.0127,
        "27": 0.011,
        "28": 0.0278
    },
    "mmlu_moral_scenarios_openai_human_written_examples": {
        "0": 0.0808,
        "1": 0.024,
        "2": 0.0259,
        "3": 0.0306,
        "4": 0.00548,
        "5": 0.00429,
        "6": 0.00456,
        "7": 0.00534,
        "8": 0.00614,
        "9": 0.00734,
        "10": 0.00779,
        "11": 0.00814,
        "12": 0.00777,
        "13": 0.008,
        "14": 0.00863,
        "15": 0.00929,
        "16": 0.0103,
        "17": 0.0109,
        "18": 0.0113,
        "19": 0.0127,
        "20": 0.0177,
        "21": 0.0204,
        "22": 0.0242,
        "23": 0.028,
        "24": 0.029,
        "25": 0.0264,
        "26": 0.0262,
        "27": 0.0222,
        "28": 0.0525
    }
}