{
    "mmlu_pro_law_step_by_step": {
        "0": 0.0629,
        "1": 0.0167,
        "2": 0.0161,
        "3": 0.0165,
        "4": 0.0104,
        "5": 0.00908,
        "6": 0.00835,
        "7": 0.00928,
        "8": 0.0115,
        "9": 0.0138,
        "10": 0.0132,
        "11": 0.0141,
        "12": 0.0145,
        "13": 0.0153,
        "14": 0.0167,
        "15": 0.0153,
        "16": 0.0172,
        "17": 0.0173,
        "18": 0.0177,
        "19": 0.0201,
        "20": 0.0232,
        "21": 0.0272,
        "22": 0.0284,
        "23": 0.0286,
        "24": 0.0241,
        "25": 0.0196,
        "26": 0.0188,
        "27": 0.0174,
        "28": 0.0312
    },
    "mmlu_pro_law_gpt4": {
        "0": 0.0534,
        "1": 0.0169,
        "2": 0.0186,
        "3": 0.0202,
        "4": 0.0199,
        "5": 0.0158,
        "6": 0.0154,
        "7": 0.0172,
        "8": 0.0192,
        "9": 0.0221,
        "10": 0.0217,
        "11": 0.0228,
        "12": 0.023,
        "13": 0.0233,
        "14": 0.0247,
        "15": 0.0231,
        "16": 0.025,
        "17": 0.0254,
        "18": 0.0258,
        "19": 0.0287,
        "20": 0.0334,
        "21": 0.0383,
        "22": 0.0403,
        "23": 0.0408,
        "24": 0.0359,
        "25": 0.0294,
        "26": 0.0268,
        "27": 0.0177,
        "28": 0.0278
    },
    "mmlu_pro_law_claude": {
        "0": 0.0496,
        "1": 0.0153,
        "2": 0.0166,
        "3": 0.0165,
        "4": 0.0156,
        "5": 0.0127,
        "6": 0.012,
        "7": 0.0132,
        "8": 0.0149,
        "9": 0.0166,
        "10": 0.0156,
        "11": 0.0168,
        "12": 0.0172,
        "13": 0.0174,
        "14": 0.0186,
        "15": 0.0172,
        "16": 0.0184,
        "17": 0.0184,
        "18": 0.0188,
        "19": 0.0211,
        "20": 0.023,
        "21": 0.0261,
        "22": 0.0274,
        "23": 0.0271,
        "24": 0.0228,
        "25": 0.0186,
        "26": 0.017,
        "27": 0.0145,
        "28": 0.0238
    },
    "mmlu_pro_law_mini_gpt4": {
        "0": 0.05,
        "1": 0.0172,
        "2": 0.0201,
        "3": 0.0195,
        "4": 0.0234,
        "5": 0.0184,
        "6": 0.0176,
        "7": 0.0196,
        "8": 0.0217,
        "9": 0.0248,
        "10": 0.024,
        "11": 0.025,
        "12": 0.0252,
        "13": 0.0259,
        "14": 0.0275,
        "15": 0.026,
        "16": 0.0285,
        "17": 0.0288,
        "18": 0.0294,
        "19": 0.0325,
        "20": 0.0367,
        "21": 0.0417,
        "22": 0.0435,
        "23": 0.0435,
        "24": 0.0379,
        "25": 0.0304,
        "26": 0.0281,
        "27": 0.0187,
        "28": 0.0264
    },
    "mmlu_pro_law_groundtruth": {
        "0": 0.648,
        "1": 0.277,
        "2": 0.268,
        "3": 0.338,
        "4": 0.0835,
        "5": 0.0629,
        "6": 0.0635,
        "7": 0.0717,
        "8": 0.0792,
        "9": 0.091,
        "10": 0.0981,
        "11": 0.104,
        "12": 0.102,
        "13": 0.101,
        "14": 0.11,
        "15": 0.112,
        "16": 0.121,
        "17": 0.124,
        "18": 0.128,
        "19": 0.143,
        "20": 0.189,
        "21": 0.228,
        "22": 0.275,
        "23": 0.332,
        "24": 0.38,
        "25": 0.406,
        "26": 0.44,
        "27": 0.316,
        "28": 0.634
    },
    "mmlu_pro_law_gpt4_style_in_context_examples": {
        "0": 0.0579,
        "1": 0.0192,
        "2": 0.0217,
        "3": 0.0227,
        "4": 0.0185,
        "5": 0.0153,
        "6": 0.0145,
        "7": 0.0162,
        "8": 0.0183,
        "9": 0.0205,
        "10": 0.02,
        "11": 0.0209,
        "12": 0.0213,
        "13": 0.0218,
        "14": 0.0242,
        "15": 0.0226,
        "16": 0.0252,
        "17": 0.0256,
        "18": 0.0258,
        "19": 0.029,
        "20": 0.0325,
        "21": 0.0368,
        "22": 0.0388,
        "23": 0.0385,
        "24": 0.033,
        "25": 0.0267,
        "26": 0.0246,
        "27": 0.0197,
        "28": 0.0312
    },
    "mmlu_pro_law_openai_human_written_examples": {
        "0": 0.0673,
        "1": 0.0221,
        "2": 0.0265,
        "3": 0.0298,
        "4": 0.0386,
        "5": 0.0301,
        "6": 0.0294,
        "7": 0.0327,
        "8": 0.0354,
        "9": 0.0397,
        "10": 0.0397,
        "11": 0.0412,
        "12": 0.041,
        "13": 0.0414,
        "14": 0.0437,
        "15": 0.0425,
        "16": 0.0457,
        "17": 0.0465,
        "18": 0.0476,
        "19": 0.052,
        "20": 0.0613,
        "21": 0.0692,
        "22": 0.0728,
        "23": 0.0741,
        "24": 0.0654,
        "25": 0.0521,
        "26": 0.0473,
        "27": 0.0274,
        "28": 0.0432
    }
}