{
    "squad_gpt4": {
        "0": 0.167,
        "1": 0.0979,
        "2": 0.00161,
        "3": 0.00264,
        "4": 0.00381,
        "5": 0.0061,
        "6": 0.00913,
        "7": 0.0127,
        "8": 0.02,
        "9": 0.0228,
        "10": 0.0285,
        "11": 0.0337,
        "12": 0.0385,
        "13": 0.0463,
        "14": 0.0498,
        "15": 0.0488,
        "16": 0.061,
        "17": 0.0706,
        "18": 0.0735,
        "19": 0.0917,
        "20": 0.105,
        "21": 0.115,
        "22": 0.126,
        "23": 0.131,
        "24": 0.144,
        "25": 0.144,
        "26": 0.143,
        "27": 0.15,
        "28": 0.155,
        "29": 0.175,
        "30": 0.173,
        "31": 0.178,
        "32": 0.197
    },
    "squad_claude": {
        "0": 0.157,
        "1": 0.153,
        "2": 0.00469,
        "3": 0.00957,
        "4": 0.0126,
        "5": 0.0192,
        "6": 0.0287,
        "7": 0.0376,
        "8": 0.0544,
        "9": 0.0574,
        "10": 0.0704,
        "11": 0.08,
        "12": 0.0934,
        "13": 0.114,
        "14": 0.115,
        "15": 0.115,
        "16": 0.136,
        "17": 0.158,
        "18": 0.154,
        "19": 0.193,
        "20": 0.207,
        "21": 0.204,
        "22": 0.208,
        "23": 0.208,
        "24": 0.227,
        "25": 0.224,
        "26": 0.22,
        "27": 0.239,
        "28": 0.248,
        "29": 0.272,
        "30": 0.253,
        "31": 0.239,
        "32": 0.248
    },
    "squad_step_by_step": {
        "0": 0.192,
        "1": 0.177,
        "2": 0.00474,
        "3": 0.00981,
        "4": 0.0132,
        "5": 0.0205,
        "6": 0.0303,
        "7": 0.041,
        "8": 0.0587,
        "9": 0.0643,
        "10": 0.0818,
        "11": 0.0965,
        "12": 0.112,
        "13": 0.137,
        "14": 0.138,
        "15": 0.141,
        "16": 0.171,
        "17": 0.206,
        "18": 0.197,
        "19": 0.249,
        "20": 0.264,
        "21": 0.279,
        "22": 0.283,
        "23": 0.281,
        "24": 0.299,
        "25": 0.294,
        "26": 0.288,
        "27": 0.3,
        "28": 0.306,
        "29": 0.334,
        "30": 0.315,
        "31": 0.306,
        "32": 0.353
    },
    "squad_mini_gpt4": {
        "0": 0.168,
        "1": 0.0992,
        "2": 0.00161,
        "3": 0.00288,
        "4": 0.00405,
        "5": 0.00684,
        "6": 0.0105,
        "7": 0.0149,
        "8": 0.0233,
        "9": 0.0268,
        "10": 0.0333,
        "11": 0.0391,
        "12": 0.0454,
        "13": 0.0552,
        "14": 0.0581,
        "15": 0.0586,
        "16": 0.0726,
        "17": 0.0841,
        "18": 0.0875,
        "19": 0.111,
        "20": 0.124,
        "21": 0.134,
        "22": 0.145,
        "23": 0.149,
        "24": 0.165,
        "25": 0.164,
        "26": 0.162,
        "27": 0.17,
        "28": 0.174,
        "29": 0.194,
        "30": 0.185,
        "31": 0.188,
        "32": 0.202
    },
    "squad_groundtruth": {
        "0": 0.329,
        "1": 0.283,
        "2": 0.0292,
        "3": 0.0309,
        "4": 0.0327,
        "5": 0.0357,
        "6": 0.0407,
        "7": 0.0468,
        "8": 0.0569,
        "9": 0.0609,
        "10": 0.0713,
        "11": 0.077,
        "12": 0.0828,
        "13": 0.0925,
        "14": 0.0958,
        "15": 0.0925,
        "16": 0.113,
        "17": 0.12,
        "18": 0.122,
        "19": 0.146,
        "20": 0.176,
        "21": 0.215,
        "22": 0.245,
        "23": 0.258,
        "24": 0.285,
        "25": 0.29,
        "26": 0.288,
        "27": 0.296,
        "28": 0.295,
        "29": 0.327,
        "30": 0.358,
        "31": 0.438,
        "32": 0.6
    },
    "squad_gpt4_style_in_context_examples": {
        "0": 0.197,
        "1": 0.187,
        "2": 0.00513,
        "3": 0.00854,
        "4": 0.0113,
        "5": 0.017,
        "6": 0.0252,
        "7": 0.0343,
        "8": 0.0484,
        "9": 0.0531,
        "10": 0.0673,
        "11": 0.0826,
        "12": 0.0978,
        "13": 0.121,
        "14": 0.117,
        "15": 0.124,
        "16": 0.148,
        "17": 0.174,
        "18": 0.168,
        "19": 0.219,
        "20": 0.239,
        "21": 0.251,
        "22": 0.255,
        "23": 0.255,
        "24": 0.274,
        "25": 0.271,
        "26": 0.267,
        "27": 0.278,
        "28": 0.285,
        "29": 0.317,
        "30": 0.299,
        "31": 0.299,
        "32": 0.319
    },
    "squad_openai_human_written_examples": {
        "0": 0.129,
        "1": 0.0671,
        "2": 0.000928,
        "3": 0.00186,
        "4": 0.00244,
        "5": 0.00444,
        "6": 0.00713,
        "7": 0.0108,
        "8": 0.0173,
        "9": 0.0202,
        "10": 0.0261,
        "11": 0.0319,
        "12": 0.0353,
        "13": 0.0419,
        "14": 0.0443,
        "15": 0.0424,
        "16": 0.0542,
        "17": 0.0601,
        "18": 0.061,
        "19": 0.0746,
        "20": 0.0877,
        "21": 0.104,
        "22": 0.118,
        "23": 0.126,
        "24": 0.137,
        "25": 0.141,
        "26": 0.142,
        "27": 0.145,
        "28": 0.148,
        "29": 0.166,
        "30": 0.169,
        "31": 0.182,
        "32": 0.22
    },
    "squad_simple_response": {
        "0": 0.144,
        "1": 0.0716,
        "2": 0.00142,
        "3": 0.00229,
        "4": 0.00288,
        "5": 0.00493,
        "6": 0.00737,
        "7": 0.0106,
        "8": 0.0165,
        "9": 0.0188,
        "10": 0.0237,
        "11": 0.0269,
        "12": 0.0298,
        "13": 0.0351,
        "14": 0.0368,
        "15": 0.0353,
        "16": 0.0462,
        "17": 0.0511,
        "18": 0.0522,
        "19": 0.0626,
        "20": 0.0722,
        "21": 0.0829,
        "22": 0.0961,
        "23": 0.101,
        "24": 0.108,
        "25": 0.109,
        "26": 0.109,
        "27": 0.113,
        "28": 0.112,
        "29": 0.125,
        "30": 0.127,
        "31": 0.136,
        "32": 0.148
    }
}