{
    "api_bank_step_by_step": {
        "0": 0.0651,
        "1": 0.0371,
        "2": 0.0198,
        "3": 0.027,
        "4": 0.0481,
        "5": 0.062,
        "6": 0.0765,
        "7": 0.083,
        "8": 0.0894,
        "9": 0.0969,
        "10": 0.103,
        "11": 0.11,
        "12": 0.109,
        "13": 0.105,
        "14": 0.109,
        "15": 0.115,
        "16": 0.11,
        "17": 0.103,
        "18": 0.103,
        "19": 0.0921,
        "20": 0.0825,
        "21": 0.0813,
        "22": 0.0745,
        "23": 0.0684,
        "24": 0.0601,
        "25": 0.0547,
        "26": 0.0527,
        "27": 0.0474,
        "28": 0.0447,
        "29": 0.044,
        "30": 0.0446,
        "31": 0.0575,
        "32": 0.122
    },
    "api_bank_gpt4": {
        "0": 0.0664,
        "1": 0.036,
        "2": 0.0125,
        "3": 0.0184,
        "4": 0.034,
        "5": 0.0458,
        "6": 0.0568,
        "7": 0.0608,
        "8": 0.0668,
        "9": 0.0731,
        "10": 0.079,
        "11": 0.0837,
        "12": 0.0851,
        "13": 0.0821,
        "14": 0.087,
        "15": 0.0913,
        "16": 0.0894,
        "17": 0.0843,
        "18": 0.0856,
        "19": 0.0771,
        "20": 0.0696,
        "21": 0.0694,
        "22": 0.0639,
        "23": 0.0596,
        "24": 0.0529,
        "25": 0.0482,
        "26": 0.0469,
        "27": 0.0427,
        "28": 0.0401,
        "29": 0.04,
        "30": 0.0405,
        "31": 0.0536,
        "32": 0.115
    },
    "api_bank_claude": {
        "0": 0.066,
        "1": 0.0378,
        "2": 0.00864,
        "3": 0.0148,
        "4": 0.028,
        "5": 0.0398,
        "6": 0.0496,
        "7": 0.0558,
        "8": 0.0632,
        "9": 0.0718,
        "10": 0.0784,
        "11": 0.0848,
        "12": 0.086,
        "13": 0.0861,
        "14": 0.0941,
        "15": 0.099,
        "16": 0.0971,
        "17": 0.0907,
        "18": 0.0936,
        "19": 0.086,
        "20": 0.0777,
        "21": 0.0779,
        "22": 0.0733,
        "23": 0.0688,
        "24": 0.0612,
        "25": 0.0558,
        "26": 0.0541,
        "27": 0.0487,
        "28": 0.0453,
        "29": 0.0449,
        "30": 0.0455,
        "31": 0.0568,
        "32": 0.126
    },
    "api_bank_mini_gpt4": {
        "0": 0.0641,
        "1": 0.036,
        "2": 0.00894,
        "3": 0.0137,
        "4": 0.0258,
        "5": 0.0351,
        "6": 0.0441,
        "7": 0.0499,
        "8": 0.0557,
        "9": 0.0627,
        "10": 0.0684,
        "11": 0.0743,
        "12": 0.0753,
        "13": 0.0747,
        "14": 0.0788,
        "15": 0.0835,
        "16": 0.0816,
        "17": 0.0773,
        "18": 0.0788,
        "19": 0.0718,
        "20": 0.065,
        "21": 0.0652,
        "22": 0.0604,
        "23": 0.057,
        "24": 0.0508,
        "25": 0.0464,
        "26": 0.0455,
        "27": 0.0413,
        "28": 0.0393,
        "29": 0.0392,
        "30": 0.0396,
        "31": 0.0524,
        "32": 0.116
    },
    "api_bank_groundtruth": {
        "0": 0.162,
        "1": 0.134,
        "2": 0.0115,
        "3": 0.0215,
        "4": 0.0452,
        "5": 0.0639,
        "6": 0.0828,
        "7": 0.0938,
        "8": 0.0963,
        "9": 0.11,
        "10": 0.129,
        "11": 0.139,
        "12": 0.149,
        "13": 0.161,
        "14": 0.173,
        "15": 0.184,
        "16": 0.201,
        "17": 0.217,
        "18": 0.23,
        "19": 0.238,
        "20": 0.237,
        "21": 0.237,
        "22": 0.239,
        "23": 0.235,
        "24": 0.228,
        "25": 0.221,
        "26": 0.214,
        "27": 0.205,
        "28": 0.195,
        "29": 0.193,
        "30": 0.18,
        "31": 0.205,
        "32": 0.273
    },
    "api_bank_gpt4_style_in_context_examples": {
        "0": 0.0617,
        "1": 0.033,
        "2": 0.0042,
        "3": 0.00698,
        "4": 0.0136,
        "5": 0.0203,
        "6": 0.0281,
        "7": 0.0321,
        "8": 0.0382,
        "9": 0.0441,
        "10": 0.0473,
        "11": 0.052,
        "12": 0.054,
        "13": 0.0548,
        "14": 0.06,
        "15": 0.0626,
        "16": 0.0629,
        "17": 0.0613,
        "18": 0.0652,
        "19": 0.0598,
        "20": 0.0552,
        "21": 0.0551,
        "22": 0.0528,
        "23": 0.0506,
        "24": 0.0461,
        "25": 0.0425,
        "26": 0.0418,
        "27": 0.0387,
        "28": 0.0375,
        "29": 0.0373,
        "30": 0.0383,
        "31": 0.0521,
        "32": 0.12
    },
    "api_bank_openai_human_written_examples": {
        "0": 0.057,
        "1": 0.0284,
        "2": 0.00488,
        "3": 0.0082,
        "4": 0.0157,
        "5": 0.0229,
        "6": 0.0304,
        "7": 0.0355,
        "8": 0.0423,
        "9": 0.0499,
        "10": 0.0539,
        "11": 0.0591,
        "12": 0.0609,
        "13": 0.0628,
        "14": 0.068,
        "15": 0.0711,
        "16": 0.0693,
        "17": 0.0666,
        "18": 0.0692,
        "19": 0.0631,
        "20": 0.057,
        "21": 0.0569,
        "22": 0.0538,
        "23": 0.0504,
        "24": 0.0451,
        "25": 0.0413,
        "26": 0.0401,
        "27": 0.0365,
        "28": 0.0351,
        "29": 0.0348,
        "30": 0.0355,
        "31": 0.0467,
        "32": 0.1
    }
}