{
    "mmlu_pro_law_step_by_step": {
        "0": 0.0958,
        "1": 0.0415,
        "2": 0.0205,
        "3": 0.0413,
        "4": 0.052,
        "5": 0.0718,
        "6": 0.0919,
        "7": 0.114,
        "8": 0.135,
        "9": 0.142,
        "10": 0.149,
        "11": 0.167,
        "12": 0.18,
        "13": 0.189,
        "14": 0.181,
        "15": 0.189,
        "16": 0.191,
        "17": 0.193,
        "18": 0.188,
        "19": 0.207,
        "20": 0.2,
        "21": 0.173,
        "22": 0.153,
        "23": 0.144,
        "24": 0.154,
        "25": 0.144,
        "26": 0.135,
        "27": 0.136,
        "28": 0.14,
        "29": 0.143,
        "30": 0.126,
        "31": 0.122,
        "32": 0.174
    },
    "mmlu_pro_law_gpt4": {
        "0": 0.0955,
        "1": 0.0394,
        "2": 0.0169,
        "3": 0.0344,
        "4": 0.0448,
        "5": 0.0621,
        "6": 0.0826,
        "7": 0.105,
        "8": 0.125,
        "9": 0.13,
        "10": 0.139,
        "11": 0.15,
        "12": 0.159,
        "13": 0.171,
        "14": 0.167,
        "15": 0.169,
        "16": 0.175,
        "17": 0.178,
        "18": 0.174,
        "19": 0.185,
        "20": 0.18,
        "21": 0.16,
        "22": 0.147,
        "23": 0.141,
        "24": 0.146,
        "25": 0.138,
        "26": 0.13,
        "27": 0.132,
        "28": 0.133,
        "29": 0.134,
        "30": 0.119,
        "31": 0.113,
        "32": 0.164
    },
    "mmlu_pro_law_claude": {
        "0": 0.0824,
        "1": 0.0312,
        "2": 0.00942,
        "3": 0.0188,
        "4": 0.0246,
        "5": 0.0348,
        "6": 0.0474,
        "7": 0.0604,
        "8": 0.0755,
        "9": 0.0818,
        "10": 0.0896,
        "11": 0.0972,
        "12": 0.104,
        "13": 0.112,
        "14": 0.112,
        "15": 0.115,
        "16": 0.121,
        "17": 0.13,
        "18": 0.127,
        "19": 0.14,
        "20": 0.139,
        "21": 0.125,
        "22": 0.113,
        "23": 0.109,
        "24": 0.114,
        "25": 0.109,
        "26": 0.103,
        "27": 0.102,
        "28": 0.102,
        "29": 0.102,
        "30": 0.089,
        "31": 0.084,
        "32": 0.119
    },
    "mmlu_pro_law_mini_gpt4": {
        "0": 0.078,
        "1": 0.0271,
        "2": 0.00947,
        "3": 0.0175,
        "4": 0.0229,
        "5": 0.0304,
        "6": 0.0399,
        "7": 0.0514,
        "8": 0.0625,
        "9": 0.0669,
        "10": 0.0728,
        "11": 0.0817,
        "12": 0.0875,
        "13": 0.0951,
        "14": 0.0978,
        "15": 0.1,
        "16": 0.105,
        "17": 0.112,
        "18": 0.11,
        "19": 0.124,
        "20": 0.124,
        "21": 0.114,
        "22": 0.104,
        "23": 0.101,
        "24": 0.106,
        "25": 0.1,
        "26": 0.0951,
        "27": 0.0958,
        "28": 0.0967,
        "29": 0.0979,
        "30": 0.0867,
        "31": 0.0831,
        "32": 0.121
    },
    "mmlu_pro_law_groundtruth": {
        "0": 0.748,
        "1": 0.718,
        "2": 0.0551,
        "3": 0.0752,
        "4": 0.0883,
        "5": 0.105,
        "6": 0.132,
        "7": 0.158,
        "8": 0.196,
        "9": 0.201,
        "10": 0.229,
        "11": 0.24,
        "12": 0.254,
        "13": 0.281,
        "14": 0.276,
        "15": 0.279,
        "16": 0.323,
        "17": 0.386,
        "18": 0.378,
        "19": 0.458,
        "20": 0.521,
        "21": 0.562,
        "22": 0.576,
        "23": 0.571,
        "24": 0.599,
        "25": 0.591,
        "26": 0.586,
        "27": 0.626,
        "28": 0.65,
        "29": 0.728,
        "30": 0.767,
        "31": 0.845,
        "32": 0.879
    },
    "mmlu_pro_law_gpt4_style_in_context_examples": {
        "0": 0.0855,
        "1": 0.0296,
        "2": 0.00933,
        "3": 0.0186,
        "4": 0.0241,
        "5": 0.0347,
        "6": 0.0459,
        "7": 0.058,
        "8": 0.0708,
        "9": 0.0766,
        "10": 0.0835,
        "11": 0.0946,
        "12": 0.102,
        "13": 0.11,
        "14": 0.11,
        "15": 0.112,
        "16": 0.116,
        "17": 0.121,
        "18": 0.118,
        "19": 0.134,
        "20": 0.136,
        "21": 0.123,
        "22": 0.113,
        "23": 0.109,
        "24": 0.116,
        "25": 0.11,
        "26": 0.104,
        "27": 0.105,
        "28": 0.108,
        "29": 0.11,
        "30": 0.0982,
        "31": 0.0941,
        "32": 0.135
    },
    "mmlu_pro_law_openai_human_written_examples": {
        "0": 0.0918,
        "1": 0.0274,
        "2": 0.00879,
        "3": 0.0162,
        "4": 0.0211,
        "5": 0.0272,
        "6": 0.0344,
        "7": 0.0435,
        "8": 0.052,
        "9": 0.0561,
        "10": 0.0598,
        "11": 0.0671,
        "12": 0.0721,
        "13": 0.0783,
        "14": 0.0834,
        "15": 0.0853,
        "16": 0.0924,
        "17": 0.102,
        "18": 0.102,
        "19": 0.118,
        "20": 0.126,
        "21": 0.119,
        "22": 0.111,
        "23": 0.108,
        "24": 0.115,
        "25": 0.11,
        "26": 0.104,
        "27": 0.107,
        "28": 0.109,
        "29": 0.112,
        "30": 0.0998,
        "31": 0.096,
        "32": 0.148
    }
}