{
    "mmlu_gpt4": {
        "0": 0.0791,
        "1": 0.0313,
        "2": 0.00488,
        "3": 0.00997,
        "4": 0.0136,
        "5": 0.0202,
        "6": 0.0292,
        "7": 0.0391,
        "8": 0.0509,
        "9": 0.0553,
        "10": 0.0634,
        "11": 0.0721,
        "12": 0.0799,
        "13": 0.0884,
        "14": 0.0901,
        "15": 0.0942,
        "16": 0.102,
        "17": 0.111,
        "18": 0.109,
        "19": 0.123,
        "20": 0.126,
        "21": 0.117,
        "22": 0.108,
        "23": 0.104,
        "24": 0.108,
        "25": 0.103,
        "26": 0.097,
        "27": 0.1,
        "28": 0.101,
        "29": 0.103,
        "30": 0.0912,
        "31": 0.0869,
        "32": 0.126
    },
    "mmlu_claude": {
        "0": 0.0815,
        "1": 0.0368,
        "2": 0.00497,
        "3": 0.0108,
        "4": 0.015,
        "5": 0.0222,
        "6": 0.0325,
        "7": 0.0432,
        "8": 0.0579,
        "9": 0.0626,
        "10": 0.0715,
        "11": 0.0788,
        "12": 0.0866,
        "13": 0.0966,
        "14": 0.0959,
        "15": 0.102,
        "16": 0.111,
        "17": 0.123,
        "18": 0.119,
        "19": 0.133,
        "20": 0.135,
        "21": 0.123,
        "22": 0.113,
        "23": 0.107,
        "24": 0.11,
        "25": 0.104,
        "26": 0.0983,
        "27": 0.1,
        "28": 0.0989,
        "29": 0.1,
        "30": 0.0872,
        "31": 0.0821,
        "32": 0.115
    },
    "mmlu_step_by_step": {
        "0": 0.0839,
        "1": 0.039,
        "2": 0.00755,
        "3": 0.016,
        "4": 0.021,
        "5": 0.0309,
        "6": 0.0432,
        "7": 0.0565,
        "8": 0.0726,
        "9": 0.0782,
        "10": 0.0873,
        "11": 0.097,
        "12": 0.108,
        "13": 0.118,
        "14": 0.116,
        "15": 0.12,
        "16": 0.128,
        "17": 0.136,
        "18": 0.133,
        "19": 0.152,
        "20": 0.155,
        "21": 0.142,
        "22": 0.131,
        "23": 0.123,
        "24": 0.128,
        "25": 0.12,
        "26": 0.113,
        "27": 0.117,
        "28": 0.117,
        "29": 0.119,
        "30": 0.105,
        "31": 0.101,
        "32": 0.142
    },
    "mmlu_mini_gpt4": {
        "0": 0.0777,
        "1": 0.0323,
        "2": 0.00521,
        "3": 0.0105,
        "4": 0.0142,
        "5": 0.0206,
        "6": 0.0299,
        "7": 0.0397,
        "8": 0.0527,
        "9": 0.0564,
        "10": 0.0636,
        "11": 0.0717,
        "12": 0.079,
        "13": 0.0886,
        "14": 0.0895,
        "15": 0.0943,
        "16": 0.103,
        "17": 0.113,
        "18": 0.11,
        "19": 0.126,
        "20": 0.13,
        "21": 0.12,
        "22": 0.112,
        "23": 0.107,
        "24": 0.112,
        "25": 0.106,
        "26": 0.101,
        "27": 0.104,
        "28": 0.106,
        "29": 0.108,
        "30": 0.0963,
        "31": 0.0914,
        "32": 0.125
    },
    "mmlu_groundtruth": {
        "0": 0.727,
        "1": 0.703,
        "2": 0.0473,
        "3": 0.0608,
        "4": 0.0705,
        "5": 0.0849,
        "6": 0.109,
        "7": 0.134,
        "8": 0.172,
        "9": 0.176,
        "10": 0.204,
        "11": 0.215,
        "12": 0.23,
        "13": 0.258,
        "14": 0.25,
        "15": 0.261,
        "16": 0.305,
        "17": 0.373,
        "18": 0.367,
        "19": 0.45,
        "20": 0.511,
        "21": 0.549,
        "22": 0.559,
        "23": 0.555,
        "24": 0.581,
        "25": 0.572,
        "26": 0.568,
        "27": 0.608,
        "28": 0.632,
        "29": 0.708,
        "30": 0.747,
        "31": 0.826,
        "32": 0.849
    },
    "mmlu_gpt4_style_in_context_examples": {
        "0": 0.0868,
        "1": 0.0424,
        "2": 0.0114,
        "3": 0.0235,
        "4": 0.0304,
        "5": 0.0443,
        "6": 0.0599,
        "7": 0.0768,
        "8": 0.0946,
        "9": 0.0991,
        "10": 0.11,
        "11": 0.123,
        "12": 0.135,
        "13": 0.145,
        "14": 0.138,
        "15": 0.143,
        "16": 0.146,
        "17": 0.15,
        "18": 0.145,
        "19": 0.165,
        "20": 0.164,
        "21": 0.146,
        "22": 0.132,
        "23": 0.122,
        "24": 0.129,
        "25": 0.121,
        "26": 0.113,
        "27": 0.118,
        "28": 0.12,
        "29": 0.124,
        "30": 0.111,
        "31": 0.107,
        "32": 0.146
    },
    "mmlu_openai_human_written_examples": {
        "0": 0.0818,
        "1": 0.0381,
        "2": 0.00715,
        "3": 0.0148,
        "4": 0.0199,
        "5": 0.0294,
        "6": 0.0416,
        "7": 0.0539,
        "8": 0.0697,
        "9": 0.0741,
        "10": 0.084,
        "11": 0.0947,
        "12": 0.105,
        "13": 0.115,
        "14": 0.113,
        "15": 0.118,
        "16": 0.124,
        "17": 0.131,
        "18": 0.127,
        "19": 0.145,
        "20": 0.146,
        "21": 0.134,
        "22": 0.122,
        "23": 0.115,
        "24": 0.121,
        "25": 0.114,
        "26": 0.107,
        "27": 0.111,
        "28": 0.113,
        "29": 0.116,
        "30": 0.103,
        "31": 0.0977,
        "32": 0.135
    },
    "mmlu_simple_response": {
        "0": 0.116,
        "1": 0.0713,
        "2": 0.0119,
        "3": 0.0188,
        "4": 0.0235,
        "5": 0.0315,
        "6": 0.0441,
        "7": 0.0561,
        "8": 0.073,
        "9": 0.0745,
        "10": 0.0864,
        "11": 0.0913,
        "12": 0.0978,
        "13": 0.11,
        "14": 0.108,
        "15": 0.111,
        "16": 0.128,
        "17": 0.151,
        "18": 0.147,
        "19": 0.174,
        "20": 0.188,
        "21": 0.181,
        "22": 0.173,
        "23": 0.165,
        "24": 0.173,
        "25": 0.163,
        "26": 0.154,
        "27": 0.166,
        "28": 0.171,
        "29": 0.178,
        "30": 0.158,
        "31": 0.149,
        "32": 0.216
    }
}