{
    "hellaswag_gpt4": {
        "0": 0.104,
        "1": 0.0407,
        "2": 0.004,
        "3": 0.00864,
        "4": 0.0124,
        "5": 0.0192,
        "6": 0.029,
        "7": 0.0398,
        "8": 0.0528,
        "9": 0.0562,
        "10": 0.0666,
        "11": 0.0768,
        "12": 0.0889,
        "13": 0.104,
        "14": 0.104,
        "15": 0.106,
        "16": 0.12,
        "17": 0.134,
        "18": 0.131,
        "19": 0.148,
        "20": 0.156,
        "21": 0.144,
        "22": 0.138,
        "23": 0.129,
        "24": 0.136,
        "25": 0.13,
        "26": 0.121,
        "27": 0.123,
        "28": 0.124,
        "29": 0.129,
        "30": 0.113,
        "31": 0.108,
        "32": 0.195
    },
    "hellaswag_claude": {
        "0": 0.101,
        "1": 0.034,
        "2": 0.00254,
        "3": 0.00596,
        "4": 0.00859,
        "5": 0.0132,
        "6": 0.0209,
        "7": 0.0287,
        "8": 0.0402,
        "9": 0.0435,
        "10": 0.0526,
        "11": 0.06,
        "12": 0.0692,
        "13": 0.082,
        "14": 0.0822,
        "15": 0.085,
        "16": 0.101,
        "17": 0.119,
        "18": 0.118,
        "19": 0.138,
        "20": 0.147,
        "21": 0.14,
        "22": 0.136,
        "23": 0.129,
        "24": 0.133,
        "25": 0.128,
        "26": 0.12,
        "27": 0.121,
        "28": 0.118,
        "29": 0.12,
        "30": 0.105,
        "31": 0.101,
        "32": 0.19
    },
    "hellaswag_step_by_step": {
        "0": 0.097,
        "1": 0.0461,
        "2": 0.00723,
        "3": 0.0157,
        "4": 0.0208,
        "5": 0.0311,
        "6": 0.0441,
        "7": 0.058,
        "8": 0.0744,
        "9": 0.0776,
        "10": 0.0905,
        "11": 0.103,
        "12": 0.118,
        "13": 0.135,
        "14": 0.128,
        "15": 0.133,
        "16": 0.142,
        "17": 0.156,
        "18": 0.152,
        "19": 0.172,
        "20": 0.178,
        "21": 0.158,
        "22": 0.15,
        "23": 0.137,
        "24": 0.144,
        "25": 0.136,
        "26": 0.126,
        "27": 0.127,
        "28": 0.129,
        "29": 0.134,
        "30": 0.119,
        "31": 0.114,
        "32": 0.197
    },
    "hellaswag_mini_gpt4": {
        "0": 0.103,
        "1": 0.0328,
        "2": 0.00239,
        "3": 0.00498,
        "4": 0.00747,
        "5": 0.0116,
        "6": 0.0174,
        "7": 0.0242,
        "8": 0.0332,
        "9": 0.0361,
        "10": 0.0422,
        "11": 0.0492,
        "12": 0.0572,
        "13": 0.0683,
        "14": 0.0694,
        "15": 0.0714,
        "16": 0.0836,
        "17": 0.0991,
        "18": 0.0992,
        "19": 0.12,
        "20": 0.131,
        "21": 0.126,
        "22": 0.123,
        "23": 0.118,
        "24": 0.123,
        "25": 0.118,
        "26": 0.112,
        "27": 0.114,
        "28": 0.114,
        "29": 0.119,
        "30": 0.106,
        "31": 0.104,
        "32": 0.195
    },
    "hellaswag_groundtruth": {
        "0": 0.791,
        "1": 0.701,
        "2": 0.0363,
        "3": 0.0437,
        "4": 0.0497,
        "5": 0.0575,
        "6": 0.0701,
        "7": 0.0837,
        "8": 0.105,
        "9": 0.105,
        "10": 0.124,
        "11": 0.137,
        "12": 0.154,
        "13": 0.178,
        "14": 0.178,
        "15": 0.19,
        "16": 0.22,
        "17": 0.274,
        "18": 0.285,
        "19": 0.358,
        "20": 0.409,
        "21": 0.43,
        "22": 0.439,
        "23": 0.443,
        "24": 0.472,
        "25": 0.473,
        "26": 0.484,
        "27": 0.532,
        "28": 0.592,
        "29": 0.695,
        "30": 0.803,
        "31": 0.967,
        "32": 0.848
    },
    "hellaswag_gpt4_style_in_context_examples": {
        "0": 0.118,
        "1": 0.0503,
        "2": 0.00518,
        "3": 0.0114,
        "4": 0.0155,
        "5": 0.0243,
        "6": 0.0364,
        "7": 0.0494,
        "8": 0.0659,
        "9": 0.0687,
        "10": 0.0838,
        "11": 0.0951,
        "12": 0.111,
        "13": 0.131,
        "14": 0.127,
        "15": 0.129,
        "16": 0.143,
        "17": 0.156,
        "18": 0.153,
        "19": 0.175,
        "20": 0.186,
        "21": 0.168,
        "22": 0.159,
        "23": 0.146,
        "24": 0.15,
        "25": 0.142,
        "26": 0.131,
        "27": 0.132,
        "28": 0.133,
        "29": 0.138,
        "30": 0.122,
        "31": 0.118,
        "32": 0.206
    },
    "hellaswag_openai_human_written_examples": {
        "0": 0.118,
        "1": 0.0365,
        "2": 0.00264,
        "3": 0.00513,
        "4": 0.00757,
        "5": 0.0118,
        "6": 0.018,
        "7": 0.0252,
        "8": 0.0353,
        "9": 0.0376,
        "10": 0.0442,
        "11": 0.0526,
        "12": 0.0608,
        "13": 0.0731,
        "14": 0.0742,
        "15": 0.0764,
        "16": 0.0909,
        "17": 0.104,
        "18": 0.106,
        "19": 0.125,
        "20": 0.135,
        "21": 0.128,
        "22": 0.125,
        "23": 0.119,
        "24": 0.125,
        "25": 0.119,
        "26": 0.112,
        "27": 0.113,
        "28": 0.113,
        "29": 0.117,
        "30": 0.104,
        "31": 0.101,
        "32": 0.183
    },
    "hellaswag_simple_response": {
        "0": 0.166,
        "1": 0.124,
        "2": 0.00615,
        "3": 0.0104,
        "4": 0.0138,
        "5": 0.019,
        "6": 0.0273,
        "7": 0.0358,
        "8": 0.0485,
        "9": 0.0496,
        "10": 0.0604,
        "11": 0.0677,
        "12": 0.0779,
        "13": 0.0942,
        "14": 0.0941,
        "15": 0.0994,
        "16": 0.119,
        "17": 0.15,
        "18": 0.153,
        "19": 0.192,
        "20": 0.216,
        "21": 0.214,
        "22": 0.208,
        "23": 0.202,
        "24": 0.212,
        "25": 0.202,
        "26": 0.193,
        "27": 0.204,
        "28": 0.214,
        "29": 0.232,
        "30": 0.211,
        "31": 0.205,
        "32": 0.32
    }
}