{
    "piqa_gpt4": {
        "0": 0.114,
        "1": 0.0458,
        "2": 0.00311,
        "3": 0.0062,
        "4": 0.00878,
        "5": 0.0135,
        "6": 0.0213,
        "7": 0.0293,
        "8": 0.0422,
        "9": 0.046,
        "10": 0.0536,
        "11": 0.061,
        "12": 0.0678,
        "13": 0.0793,
        "14": 0.0797,
        "15": 0.0855,
        "16": 0.1,
        "17": 0.115,
        "18": 0.114,
        "19": 0.135,
        "20": 0.141,
        "21": 0.139,
        "22": 0.133,
        "23": 0.129,
        "24": 0.135,
        "25": 0.131,
        "26": 0.125,
        "27": 0.127,
        "28": 0.128,
        "29": 0.132,
        "30": 0.116,
        "31": 0.112,
        "32": 0.161
    },
    "piqa_claude": {
        "0": 0.107,
        "1": 0.0519,
        "2": 0.00354,
        "3": 0.00787,
        "4": 0.011,
        "5": 0.0168,
        "6": 0.0266,
        "7": 0.0364,
        "8": 0.0522,
        "9": 0.0571,
        "10": 0.0667,
        "11": 0.0758,
        "12": 0.0853,
        "13": 0.0986,
        "14": 0.0979,
        "15": 0.107,
        "16": 0.126,
        "17": 0.146,
        "18": 0.139,
        "19": 0.164,
        "20": 0.165,
        "21": 0.157,
        "22": 0.147,
        "23": 0.141,
        "24": 0.148,
        "25": 0.141,
        "26": 0.133,
        "27": 0.135,
        "28": 0.134,
        "29": 0.136,
        "30": 0.117,
        "31": 0.11,
        "32": 0.157
    },
    "piqa_step_by_step": {
        "0": 0.107,
        "1": 0.0634,
        "2": 0.00719,
        "3": 0.0161,
        "4": 0.0213,
        "5": 0.0312,
        "6": 0.0455,
        "7": 0.0602,
        "8": 0.08,
        "9": 0.0838,
        "10": 0.0986,
        "11": 0.113,
        "12": 0.129,
        "13": 0.149,
        "14": 0.14,
        "15": 0.15,
        "16": 0.165,
        "17": 0.185,
        "18": 0.177,
        "19": 0.203,
        "20": 0.205,
        "21": 0.19,
        "22": 0.174,
        "23": 0.162,
        "24": 0.167,
        "25": 0.158,
        "26": 0.149,
        "27": 0.15,
        "28": 0.149,
        "29": 0.154,
        "30": 0.134,
        "31": 0.128,
        "32": 0.184
    },
    "piqa_mini_gpt4": {
        "0": 0.109,
        "1": 0.0384,
        "2": 0.00156,
        "3": 0.00305,
        "4": 0.00449,
        "5": 0.00704,
        "6": 0.0113,
        "7": 0.016,
        "8": 0.0235,
        "9": 0.0267,
        "10": 0.0319,
        "11": 0.0375,
        "12": 0.0437,
        "13": 0.0527,
        "14": 0.0551,
        "15": 0.0607,
        "16": 0.0738,
        "17": 0.0887,
        "18": 0.0891,
        "19": 0.108,
        "20": 0.117,
        "21": 0.116,
        "22": 0.113,
        "23": 0.109,
        "24": 0.115,
        "25": 0.112,
        "26": 0.108,
        "27": 0.111,
        "28": 0.111,
        "29": 0.116,
        "30": 0.103,
        "31": 0.102,
        "32": 0.148
    },
    "piqa_groundtruth": {
        "0": 0.761,
        "1": 0.626,
        "2": 0.0359,
        "3": 0.0396,
        "4": 0.0433,
        "5": 0.0475,
        "6": 0.0569,
        "7": 0.0665,
        "8": 0.084,
        "9": 0.0874,
        "10": 0.1,
        "11": 0.11,
        "12": 0.121,
        "13": 0.137,
        "14": 0.14,
        "15": 0.152,
        "16": 0.187,
        "17": 0.229,
        "18": 0.236,
        "19": 0.302,
        "20": 0.356,
        "21": 0.399,
        "22": 0.421,
        "23": 0.428,
        "24": 0.455,
        "25": 0.465,
        "26": 0.476,
        "27": 0.516,
        "28": 0.559,
        "29": 0.642,
        "30": 0.741,
        "31": 0.891,
        "32": 0.839
    },
    "piqa_gpt4_style_in_context_examples": {
        "0": 0.119,
        "1": 0.041,
        "2": 0.00153,
        "3": 0.00284,
        "4": 0.00427,
        "5": 0.00684,
        "6": 0.0112,
        "7": 0.0164,
        "8": 0.0245,
        "9": 0.028,
        "10": 0.0339,
        "11": 0.0416,
        "12": 0.0484,
        "13": 0.0586,
        "14": 0.0611,
        "15": 0.0648,
        "16": 0.0792,
        "17": 0.0959,
        "18": 0.0964,
        "19": 0.117,
        "20": 0.128,
        "21": 0.129,
        "22": 0.126,
        "23": 0.123,
        "24": 0.128,
        "25": 0.125,
        "26": 0.12,
        "27": 0.122,
        "28": 0.122,
        "29": 0.127,
        "30": 0.113,
        "31": 0.111,
        "32": 0.167
    },
    "piqa_openai_human_written_examples": {
        "0": 0.132,
        "1": 0.0465,
        "2": 0.00128,
        "3": 0.00245,
        "4": 0.00351,
        "5": 0.00547,
        "6": 0.009,
        "7": 0.013,
        "8": 0.0195,
        "9": 0.022,
        "10": 0.0267,
        "11": 0.0315,
        "12": 0.0367,
        "13": 0.0442,
        "14": 0.0474,
        "15": 0.0513,
        "16": 0.0661,
        "17": 0.0816,
        "18": 0.0836,
        "19": 0.105,
        "20": 0.119,
        "21": 0.126,
        "22": 0.127,
        "23": 0.125,
        "24": 0.132,
        "25": 0.131,
        "26": 0.127,
        "27": 0.132,
        "28": 0.133,
        "29": 0.141,
        "30": 0.129,
        "31": 0.13,
        "32": 0.189
    },
    "piqa_simple_response": {
        "0": 0.15,
        "1": 0.0792,
        "2": 0.00464,
        "3": 0.00604,
        "4": 0.00734,
        "5": 0.00953,
        "6": 0.0135,
        "7": 0.0176,
        "8": 0.0246,
        "9": 0.0266,
        "10": 0.032,
        "11": 0.0359,
        "12": 0.0412,
        "13": 0.0488,
        "14": 0.0508,
        "15": 0.0553,
        "16": 0.0704,
        "17": 0.0867,
        "18": 0.0886,
        "19": 0.113,
        "20": 0.127,
        "21": 0.135,
        "22": 0.137,
        "23": 0.135,
        "24": 0.144,
        "25": 0.142,
        "26": 0.138,
        "27": 0.147,
        "28": 0.15,
        "29": 0.161,
        "30": 0.147,
        "31": 0.146,
        "32": 0.192
    }
}