{
    "hellaswag_gpt4": {
        "0": 0.111,
        "1": 0.0511,
        "2": 0.00493,
        "3": 0.0112,
        "4": 0.0159,
        "5": 0.024,
        "6": 0.0354,
        "7": 0.0471,
        "8": 0.0637,
        "9": 0.0655,
        "10": 0.0785,
        "11": 0.0896,
        "12": 0.105,
        "13": 0.122,
        "14": 0.119,
        "15": 0.123,
        "16": 0.139,
        "17": 0.156,
        "18": 0.151,
        "19": 0.171,
        "20": 0.18,
        "21": 0.166,
        "22": 0.158,
        "23": 0.149,
        "24": 0.156,
        "25": 0.15,
        "26": 0.14,
        "27": 0.14,
        "28": 0.141,
        "29": 0.148,
        "30": 0.13,
        "31": 0.125,
        "32": 0.225
    },
    "hellaswag_claude": {
        "0": 0.117,
        "1": 0.0445,
        "2": 0.00264,
        "3": 0.00571,
        "4": 0.00845,
        "5": 0.0129,
        "6": 0.0203,
        "7": 0.0276,
        "8": 0.039,
        "9": 0.0416,
        "10": 0.0508,
        "11": 0.0591,
        "12": 0.0702,
        "13": 0.0841,
        "14": 0.086,
        "15": 0.0899,
        "16": 0.11,
        "17": 0.132,
        "18": 0.128,
        "19": 0.148,
        "20": 0.16,
        "21": 0.15,
        "22": 0.147,
        "23": 0.14,
        "24": 0.147,
        "25": 0.142,
        "26": 0.135,
        "27": 0.137,
        "28": 0.134,
        "29": 0.138,
        "30": 0.122,
        "31": 0.117,
        "32": 0.214
    },
    "hellaswag_step_by_step": {
        "0": 0.112,
        "1": 0.0606,
        "2": 0.00811,
        "3": 0.0177,
        "4": 0.0236,
        "5": 0.0353,
        "6": 0.0507,
        "7": 0.0655,
        "8": 0.0859,
        "9": 0.089,
        "10": 0.106,
        "11": 0.12,
        "12": 0.14,
        "13": 0.162,
        "14": 0.152,
        "15": 0.158,
        "16": 0.173,
        "17": 0.19,
        "18": 0.185,
        "19": 0.207,
        "20": 0.214,
        "21": 0.193,
        "22": 0.18,
        "23": 0.167,
        "24": 0.173,
        "25": 0.164,
        "26": 0.152,
        "27": 0.151,
        "28": 0.151,
        "29": 0.155,
        "30": 0.136,
        "31": 0.128,
        "32": 0.217
    },
    "hellaswag_mini_gpt4": {
        "0": 0.114,
        "1": 0.041,
        "2": 0.00337,
        "3": 0.00649,
        "4": 0.00889,
        "5": 0.0137,
        "6": 0.0204,
        "7": 0.0267,
        "8": 0.0373,
        "9": 0.0379,
        "10": 0.0464,
        "11": 0.0521,
        "12": 0.0605,
        "13": 0.0722,
        "14": 0.0733,
        "15": 0.0767,
        "16": 0.0901,
        "17": 0.109,
        "18": 0.108,
        "19": 0.127,
        "20": 0.139,
        "21": 0.134,
        "22": 0.129,
        "23": 0.123,
        "24": 0.129,
        "25": 0.124,
        "26": 0.117,
        "27": 0.119,
        "28": 0.119,
        "29": 0.125,
        "30": 0.11,
        "31": 0.107,
        "32": 0.205
    },
    "hellaswag_groundtruth": {
        "0": 0.781,
        "1": 0.64,
        "2": 0.0355,
        "3": 0.0397,
        "4": 0.0435,
        "5": 0.0483,
        "6": 0.0565,
        "7": 0.0648,
        "8": 0.0792,
        "9": 0.0803,
        "10": 0.0944,
        "11": 0.104,
        "12": 0.117,
        "13": 0.134,
        "14": 0.136,
        "15": 0.145,
        "16": 0.173,
        "17": 0.219,
        "18": 0.231,
        "19": 0.292,
        "20": 0.344,
        "21": 0.375,
        "22": 0.387,
        "23": 0.393,
        "24": 0.422,
        "25": 0.424,
        "26": 0.437,
        "27": 0.478,
        "28": 0.534,
        "29": 0.636,
        "30": 0.747,
        "31": 0.923,
        "32": 0.867
    },
    "hellaswag_gpt4_style_in_context_examples": {
        "0": 0.122,
        "1": 0.0633,
        "2": 0.00674,
        "3": 0.0154,
        "4": 0.0205,
        "5": 0.0314,
        "6": 0.047,
        "7": 0.0625,
        "8": 0.083,
        "9": 0.0844,
        "10": 0.103,
        "11": 0.118,
        "12": 0.138,
        "13": 0.162,
        "14": 0.152,
        "15": 0.156,
        "16": 0.172,
        "17": 0.191,
        "18": 0.184,
        "19": 0.207,
        "20": 0.215,
        "21": 0.196,
        "22": 0.182,
        "23": 0.167,
        "24": 0.17,
        "25": 0.162,
        "26": 0.15,
        "27": 0.148,
        "28": 0.147,
        "29": 0.152,
        "30": 0.134,
        "31": 0.126,
        "32": 0.215
    },
    "hellaswag_openai_human_written_examples": {
        "0": 0.142,
        "1": 0.0465,
        "2": 0.00391,
        "3": 0.00659,
        "4": 0.00933,
        "5": 0.014,
        "6": 0.0217,
        "7": 0.0286,
        "8": 0.0406,
        "9": 0.0432,
        "10": 0.0518,
        "11": 0.0618,
        "12": 0.0722,
        "13": 0.0864,
        "14": 0.0873,
        "15": 0.0874,
        "16": 0.105,
        "17": 0.126,
        "18": 0.125,
        "19": 0.146,
        "20": 0.162,
        "21": 0.155,
        "22": 0.152,
        "23": 0.146,
        "24": 0.152,
        "25": 0.147,
        "26": 0.138,
        "27": 0.138,
        "28": 0.135,
        "29": 0.14,
        "30": 0.124,
        "31": 0.121,
        "32": 0.214
    },
    "hellaswag_simple_response": {
        "0": 0.161,
        "1": 0.1,
        "2": 0.00625,
        "3": 0.00771,
        "4": 0.00972,
        "5": 0.0125,
        "6": 0.0173,
        "7": 0.0225,
        "8": 0.0301,
        "9": 0.0319,
        "10": 0.0395,
        "11": 0.0452,
        "12": 0.0521,
        "13": 0.063,
        "14": 0.0653,
        "15": 0.07,
        "16": 0.0886,
        "17": 0.113,
        "18": 0.118,
        "19": 0.15,
        "20": 0.175,
        "21": 0.182,
        "22": 0.18,
        "23": 0.175,
        "24": 0.187,
        "25": 0.18,
        "26": 0.173,
        "27": 0.179,
        "28": 0.188,
        "29": 0.208,
        "30": 0.193,
        "31": 0.195,
        "32": 0.341
    }
}