{
    "plan_bench_reuse_gpt4_style_in_context_examples": {
        "0": 0.128,
        "1": 0.0469,
        "2": 0.00981,
        "3": 0.0173,
        "4": 0.0237,
        "5": 0.0327,
        "6": 0.0414,
        "7": 0.0514,
        "8": 0.0608,
        "9": 0.0755,
        "10": 0.0781,
        "11": 0.09,
        "12": 0.104,
        "13": 0.118,
        "14": 0.127,
        "15": 0.139,
        "16": 0.141,
        "17": 0.142,
        "18": 0.144,
        "19": 0.146,
        "20": 0.147,
        "21": 0.139,
        "22": 0.131,
        "23": 0.118,
        "24": 0.117,
        "25": 0.11,
        "26": 0.0998,
        "27": 0.0965,
        "28": 0.0966,
        "29": 0.101,
        "30": 0.0946,
        "31": 0.0928,
        "32": 0.177
    },
    "plan_bench_reuse_claude": {
        "0": 0.116,
        "1": 0.0401,
        "2": 0.00781,
        "3": 0.018,
        "4": 0.0267,
        "5": 0.0386,
        "6": 0.0532,
        "7": 0.0672,
        "8": 0.0798,
        "9": 0.0964,
        "10": 0.0979,
        "11": 0.114,
        "12": 0.132,
        "13": 0.147,
        "14": 0.16,
        "15": 0.168,
        "16": 0.177,
        "17": 0.179,
        "18": 0.182,
        "19": 0.182,
        "20": 0.183,
        "21": 0.178,
        "22": 0.167,
        "23": 0.15,
        "24": 0.146,
        "25": 0.135,
        "26": 0.122,
        "27": 0.117,
        "28": 0.115,
        "29": 0.118,
        "30": 0.108,
        "31": 0.102,
        "32": 0.176
    },
    "plan_bench_reuse_step_by_step": {
        "0": 0.121,
        "1": 0.0419,
        "2": 0.0142,
        "3": 0.0283,
        "4": 0.0371,
        "5": 0.05,
        "6": 0.0627,
        "7": 0.0746,
        "8": 0.0851,
        "9": 0.101,
        "10": 0.1,
        "11": 0.112,
        "12": 0.128,
        "13": 0.143,
        "14": 0.154,
        "15": 0.168,
        "16": 0.169,
        "17": 0.17,
        "18": 0.17,
        "19": 0.169,
        "20": 0.165,
        "21": 0.155,
        "22": 0.145,
        "23": 0.13,
        "24": 0.127,
        "25": 0.119,
        "26": 0.108,
        "27": 0.104,
        "28": 0.103,
        "29": 0.107,
        "30": 0.0981,
        "31": 0.0945,
        "32": 0.168
    },
    "plan_bench_reuse_gpt4": {
        "0": 0.118,
        "1": 0.0401,
        "2": 0.0109,
        "3": 0.0218,
        "4": 0.0292,
        "5": 0.0397,
        "6": 0.0499,
        "7": 0.061,
        "8": 0.0702,
        "9": 0.0867,
        "10": 0.088,
        "11": 0.102,
        "12": 0.117,
        "13": 0.13,
        "14": 0.14,
        "15": 0.153,
        "16": 0.155,
        "17": 0.154,
        "18": 0.157,
        "19": 0.157,
        "20": 0.158,
        "21": 0.149,
        "22": 0.14,
        "23": 0.127,
        "24": 0.124,
        "25": 0.117,
        "26": 0.106,
        "27": 0.103,
        "28": 0.101,
        "29": 0.105,
        "30": 0.0963,
        "31": 0.0923,
        "32": 0.167
    },
    "plan_bench_reuse_mini_gpt4": {
        "0": 0.0787,
        "1": 0.0289,
        "2": 0.00811,
        "3": 0.0167,
        "4": 0.0245,
        "5": 0.0359,
        "6": 0.0483,
        "7": 0.0609,
        "8": 0.0726,
        "9": 0.0897,
        "10": 0.0906,
        "11": 0.105,
        "12": 0.122,
        "13": 0.137,
        "14": 0.15,
        "15": 0.167,
        "16": 0.17,
        "17": 0.172,
        "18": 0.174,
        "19": 0.177,
        "20": 0.175,
        "21": 0.164,
        "22": 0.154,
        "23": 0.138,
        "24": 0.136,
        "25": 0.125,
        "26": 0.112,
        "27": 0.108,
        "28": 0.108,
        "29": 0.112,
        "30": 0.101,
        "31": 0.0958,
        "32": 0.165
    },
    "plan_bench_reuse_groundtruth": {
        "0": 0.48,
        "1": 0.421,
        "2": 0.0215,
        "3": 0.05,
        "4": 0.0694,
        "5": 0.0974,
        "6": 0.139,
        "7": 0.173,
        "8": 0.214,
        "9": 0.233,
        "10": 0.253,
        "11": 0.274,
        "12": 0.319,
        "13": 0.362,
        "14": 0.36,
        "15": 0.374,
        "16": 0.413,
        "17": 0.459,
        "18": 0.46,
        "19": 0.5,
        "20": 0.559,
        "21": 0.586,
        "22": 0.564,
        "23": 0.508,
        "24": 0.507,
        "25": 0.48,
        "26": 0.46,
        "27": 0.459,
        "28": 0.473,
        "29": 0.531,
        "30": 0.537,
        "31": 0.571,
        "32": 0.614
    },
    "plan_bench_reuse_openai_human_written_examples": {
        "0": 0.082,
        "1": 0.0301,
        "2": 0.00654,
        "3": 0.0145,
        "4": 0.0217,
        "5": 0.0312,
        "6": 0.0422,
        "7": 0.0541,
        "8": 0.0643,
        "9": 0.079,
        "10": 0.081,
        "11": 0.0954,
        "12": 0.11,
        "13": 0.125,
        "14": 0.139,
        "15": 0.147,
        "16": 0.155,
        "17": 0.159,
        "18": 0.16,
        "19": 0.159,
        "20": 0.161,
        "21": 0.155,
        "22": 0.147,
        "23": 0.133,
        "24": 0.129,
        "25": 0.12,
        "26": 0.108,
        "27": 0.104,
        "28": 0.103,
        "29": 0.107,
        "30": 0.0983,
        "31": 0.0945,
        "32": 0.166
    },
    "plan_bench_reuse_rewrite_groundtruth_in_own_words": {
        "0": 0.0927,
        "1": 0.0369,
        "2": 0.00903,
        "3": 0.0211,
        "4": 0.03,
        "5": 0.0427,
        "6": 0.0577,
        "7": 0.0726,
        "8": 0.0859,
        "9": 0.104,
        "10": 0.105,
        "11": 0.121,
        "12": 0.138,
        "13": 0.154,
        "14": 0.167,
        "15": 0.178,
        "16": 0.188,
        "17": 0.192,
        "18": 0.193,
        "19": 0.194,
        "20": 0.196,
        "21": 0.19,
        "22": 0.177,
        "23": 0.158,
        "24": 0.155,
        "25": 0.142,
        "26": 0.127,
        "27": 0.122,
        "28": 0.122,
        "29": 0.125,
        "30": 0.114,
        "31": 0.108,
        "32": 0.179
    }
}