{
    "gsm8k_gpt4": {
        "0": 0.109,
        "1": 0.0279,
        "2": 0.028,
        "3": 0.0289,
        "4": 0.00913,
        "5": 0.00723,
        "6": 0.00781,
        "7": 0.00894,
        "8": 0.0103,
        "9": 0.0121,
        "10": 0.0122,
        "11": 0.0133,
        "12": 0.013,
        "13": 0.0135,
        "14": 0.0145,
        "15": 0.0154,
        "16": 0.0174,
        "17": 0.0187,
        "18": 0.0194,
        "19": 0.0216,
        "20": 0.0318,
        "21": 0.0368,
        "22": 0.0418,
        "23": 0.0533,
        "24": 0.0563,
        "25": 0.0498,
        "26": 0.0481,
        "27": 0.0404,
        "28": 0.126
    },
    "gsm8k_claude": {
        "0": 0.116,
        "1": 0.033,
        "2": 0.0335,
        "3": 0.0349,
        "4": 0.0127,
        "5": 0.0101,
        "6": 0.0104,
        "7": 0.0119,
        "8": 0.0133,
        "9": 0.0157,
        "10": 0.0156,
        "11": 0.0164,
        "12": 0.0159,
        "13": 0.0161,
        "14": 0.0174,
        "15": 0.0185,
        "16": 0.0201,
        "17": 0.0217,
        "18": 0.0227,
        "19": 0.0249,
        "20": 0.036,
        "21": 0.0417,
        "22": 0.0464,
        "23": 0.0587,
        "24": 0.0634,
        "25": 0.0563,
        "26": 0.0545,
        "27": 0.0423,
        "28": 0.118
    },
    "gsm8k_step_by_step": {
        "0": 0.0888,
        "1": 0.0219,
        "2": 0.02,
        "3": 0.0206,
        "4": 0.00503,
        "5": 0.00439,
        "6": 0.00454,
        "7": 0.00498,
        "8": 0.00576,
        "9": 0.00732,
        "10": 0.00713,
        "11": 0.00776,
        "12": 0.00781,
        "13": 0.00781,
        "14": 0.00918,
        "15": 0.00957,
        "16": 0.0109,
        "17": 0.0117,
        "18": 0.0122,
        "19": 0.0144,
        "20": 0.0197,
        "21": 0.0222,
        "22": 0.0238,
        "23": 0.0295,
        "24": 0.0297,
        "25": 0.0261,
        "26": 0.0279,
        "27": 0.0289,
        "28": 0.0826
    },
    "gsm8k_mini_gpt4": {
        "0": 0.104,
        "1": 0.0282,
        "2": 0.0272,
        "3": 0.0282,
        "4": 0.00825,
        "5": 0.00679,
        "6": 0.00698,
        "7": 0.0084,
        "8": 0.00977,
        "9": 0.0115,
        "10": 0.0116,
        "11": 0.0127,
        "12": 0.0125,
        "13": 0.0128,
        "14": 0.0145,
        "15": 0.0157,
        "16": 0.0182,
        "17": 0.0197,
        "18": 0.0209,
        "19": 0.0238,
        "20": 0.0356,
        "21": 0.0415,
        "22": 0.0476,
        "23": 0.0607,
        "24": 0.0631,
        "25": 0.0544,
        "26": 0.0521,
        "27": 0.045,
        "28": 0.109
    },
    "gsm8k_groundtruth": {
        "0": 0.184,
        "1": 0.0585,
        "2": 0.0615,
        "3": 0.0652,
        "4": 0.0146,
        "5": 0.0121,
        "6": 0.0131,
        "7": 0.0158,
        "8": 0.0176,
        "9": 0.0211,
        "10": 0.0211,
        "11": 0.0218,
        "12": 0.0214,
        "13": 0.0219,
        "14": 0.0238,
        "15": 0.0252,
        "16": 0.0287,
        "17": 0.0308,
        "18": 0.0326,
        "19": 0.0373,
        "20": 0.0608,
        "21": 0.0722,
        "22": 0.0847,
        "23": 0.109,
        "24": 0.12,
        "25": 0.104,
        "26": 0.0953,
        "27": 0.0727,
        "28": 0.279
    },
    "gsm8k_gpt4_style_in_context_examples": {
        "0": 0.1,
        "1": 0.0267,
        "2": 0.0267,
        "3": 0.0284,
        "4": 0.00801,
        "5": 0.00674,
        "6": 0.00718,
        "7": 0.0084,
        "8": 0.00967,
        "9": 0.0114,
        "10": 0.0114,
        "11": 0.0122,
        "12": 0.0118,
        "13": 0.0121,
        "14": 0.0134,
        "15": 0.0146,
        "16": 0.017,
        "17": 0.0187,
        "18": 0.0198,
        "19": 0.0227,
        "20": 0.0348,
        "21": 0.0414,
        "22": 0.0494,
        "23": 0.0643,
        "24": 0.0697,
        "25": 0.0607,
        "26": 0.0569,
        "27": 0.0497,
        "28": 0.147
    },
    "gsm8k_openai_human_written_examples": {
        "0": 0.125,
        "1": 0.0323,
        "2": 0.0332,
        "3": 0.0347,
        "4": 0.0104,
        "5": 0.0084,
        "6": 0.00903,
        "7": 0.0105,
        "8": 0.0122,
        "9": 0.0143,
        "10": 0.0144,
        "11": 0.0156,
        "12": 0.0152,
        "13": 0.0155,
        "14": 0.0171,
        "15": 0.0186,
        "16": 0.0217,
        "17": 0.0238,
        "18": 0.0252,
        "19": 0.0287,
        "20": 0.0462,
        "21": 0.0547,
        "22": 0.066,
        "23": 0.0861,
        "24": 0.0935,
        "25": 0.0814,
        "26": 0.0746,
        "27": 0.0605,
        "28": 0.163
    },
    "gsm8k_simple_response": {
        "0": 0.164,
        "1": 0.0495,
        "2": 0.0524,
        "3": 0.0573,
        "4": 0.0198,
        "5": 0.0157,
        "6": 0.0168,
        "7": 0.0192,
        "8": 0.0216,
        "9": 0.025,
        "10": 0.0262,
        "11": 0.0271,
        "12": 0.0267,
        "13": 0.0267,
        "14": 0.0287,
        "15": 0.0314,
        "16": 0.0351,
        "17": 0.0379,
        "18": 0.0401,
        "19": 0.0449,
        "20": 0.0687,
        "21": 0.0817,
        "22": 0.0982,
        "23": 0.127,
        "24": 0.146,
        "25": 0.137,
        "26": 0.126,
        "27": 0.0795,
        "28": 0.186
    },
    "gsm8k_rewrite_groundtruth_in_own_words": {
        "0": 0.134,
        "1": 0.0345,
        "2": 0.0353,
        "3": 0.037,
        "4": 0.0127,
        "5": 0.0105,
        "6": 0.0111,
        "7": 0.0131,
        "8": 0.0151,
        "9": 0.0177,
        "10": 0.0181,
        "11": 0.0196,
        "12": 0.0193,
        "13": 0.0197,
        "14": 0.0215,
        "15": 0.0233,
        "16": 0.0268,
        "17": 0.0292,
        "18": 0.0309,
        "19": 0.0351,
        "20": 0.0528,
        "21": 0.0624,
        "22": 0.0736,
        "23": 0.0922,
        "24": 0.0977,
        "25": 0.0863,
        "26": 0.0801,
        "27": 0.0615,
        "28": 0.132
    }
}