{
    "api_bank_step_by_step": {
        "0": 0.277,
        "1": 0.0686,
        "2": 0.0719,
        "3": 0.0857,
        "4": 0.02,
        "5": 0.0146,
        "6": 0.016,
        "7": 0.0185,
        "8": 0.0203,
        "9": 0.0222,
        "10": 0.0259,
        "11": 0.0264,
        "12": 0.0255,
        "13": 0.0262,
        "14": 0.0284,
        "15": 0.0305,
        "16": 0.0338,
        "17": 0.0363,
        "18": 0.0387,
        "19": 0.0441,
        "20": 0.0639,
        "21": 0.0784,
        "22": 0.0984,
        "23": 0.125,
        "24": 0.142,
        "25": 0.139,
        "26": 0.142,
        "27": 0.0655,
        "28": 0.653
    },
    "api_bank_gpt4": {
        "0": 0.268,
        "1": 0.0655,
        "2": 0.0693,
        "3": 0.0798,
        "4": 0.0146,
        "5": 0.0107,
        "6": 0.0118,
        "7": 0.0136,
        "8": 0.0148,
        "9": 0.0165,
        "10": 0.0189,
        "11": 0.019,
        "12": 0.0185,
        "13": 0.0186,
        "14": 0.0206,
        "15": 0.0221,
        "16": 0.0246,
        "17": 0.0264,
        "18": 0.0281,
        "19": 0.0316,
        "20": 0.0466,
        "21": 0.058,
        "22": 0.0744,
        "23": 0.0961,
        "24": 0.113,
        "25": 0.113,
        "26": 0.118,
        "27": 0.0597,
        "28": 0.646
    },
    "api_bank_claude": {
        "0": 0.294,
        "1": 0.0708,
        "2": 0.0733,
        "3": 0.083,
        "4": 0.00942,
        "5": 0.00742,
        "6": 0.00786,
        "7": 0.00928,
        "8": 0.0105,
        "9": 0.0119,
        "10": 0.0136,
        "11": 0.0139,
        "12": 0.0135,
        "13": 0.0142,
        "14": 0.0155,
        "15": 0.0173,
        "16": 0.0193,
        "17": 0.0209,
        "18": 0.0229,
        "19": 0.0268,
        "20": 0.0402,
        "21": 0.0508,
        "22": 0.0665,
        "23": 0.0868,
        "24": 0.103,
        "25": 0.105,
        "26": 0.109,
        "27": 0.0555,
        "28": 0.657
    },
    "api_bank_mini_gpt4": {
        "0": 0.304,
        "1": 0.0713,
        "2": 0.0742,
        "3": 0.0845,
        "4": 0.0108,
        "5": 0.00796,
        "6": 0.00894,
        "7": 0.0104,
        "8": 0.0116,
        "9": 0.0129,
        "10": 0.0149,
        "11": 0.015,
        "12": 0.0146,
        "13": 0.0149,
        "14": 0.0167,
        "15": 0.0182,
        "16": 0.0202,
        "17": 0.022,
        "18": 0.0236,
        "19": 0.0271,
        "20": 0.0414,
        "21": 0.052,
        "22": 0.0701,
        "23": 0.0919,
        "24": 0.11,
        "25": 0.111,
        "26": 0.116,
        "27": 0.0601,
        "28": 0.695
    },
    "api_bank_groundtruth": {
        "0": 0.0289,
        "1": 0.0185,
        "2": 0.0167,
        "3": 0.0278,
        "4": 0.00127,
        "5": 0.000879,
        "6": 0.000879,
        "7": 0.00103,
        "8": 0.000928,
        "9": 0.000928,
        "10": 0.00142,
        "11": 0.00137,
        "12": 0.00112,
        "13": 0.00142,
        "14": 0.00146,
        "15": 0.00132,
        "16": 0.00161,
        "17": 0.0019,
        "18": 0.002,
        "19": 0.0021,
        "20": 0.00273,
        "21": 0.00352,
        "22": 0.00449,
        "23": 0.00596,
        "24": 0.0083,
        "25": 0.0119,
        "26": 0.0157,
        "27": 0.0235,
        "28": 0.169
    },
    "api_bank_gpt4_style_in_context_examples": {
        "0": 0.253,
        "1": 0.0638,
        "2": 0.0646,
        "3": 0.0725,
        "4": 0.00562,
        "5": 0.00405,
        "6": 0.00449,
        "7": 0.00527,
        "8": 0.00596,
        "9": 0.00679,
        "10": 0.00811,
        "11": 0.00811,
        "12": 0.00781,
        "13": 0.00811,
        "14": 0.00908,
        "15": 0.00967,
        "16": 0.0108,
        "17": 0.0119,
        "18": 0.0127,
        "19": 0.015,
        "20": 0.0218,
        "21": 0.0279,
        "22": 0.0387,
        "23": 0.0528,
        "24": 0.0663,
        "25": 0.0709,
        "26": 0.0768,
        "27": 0.0485,
        "28": 0.596
    },
    "api_bank_openai_human_written_examples": {
        "0": 0.269,
        "1": 0.0649,
        "2": 0.0661,
        "3": 0.0749,
        "4": 0.00688,
        "5": 0.00522,
        "6": 0.00571,
        "7": 0.00659,
        "8": 0.00723,
        "9": 0.00835,
        "10": 0.00957,
        "11": 0.00991,
        "12": 0.00947,
        "13": 0.00996,
        "14": 0.0112,
        "15": 0.0124,
        "16": 0.0138,
        "17": 0.0147,
        "18": 0.0162,
        "19": 0.0188,
        "20": 0.027,
        "21": 0.0341,
        "22": 0.0461,
        "23": 0.0614,
        "24": 0.0763,
        "25": 0.0808,
        "26": 0.0869,
        "27": 0.0498,
        "28": 0.613
    }
}