{
    "gsm8k_gpt4": {
        "0": 0.0779,
        "1": 0.0227,
        "2": 0.0229,
        "3": 0.0235,
        "4": 0.00981,
        "5": 0.00776,
        "6": 0.00776,
        "7": 0.00918,
        "8": 0.0107,
        "9": 0.0125,
        "10": 0.0126,
        "11": 0.0136,
        "12": 0.0135,
        "13": 0.013,
        "14": 0.0147,
        "15": 0.0154,
        "16": 0.0183,
        "17": 0.0194,
        "18": 0.0202,
        "19": 0.0231,
        "20": 0.0343,
        "21": 0.0415,
        "22": 0.0479,
        "23": 0.0599,
        "24": 0.0634,
        "25": 0.0528,
        "26": 0.0494,
        "27": 0.0423,
        "28": 0.147
    },
    "gsm8k_claude": {
        "0": 0.106,
        "1": 0.0275,
        "2": 0.0282,
        "3": 0.0286,
        "4": 0.0133,
        "5": 0.0104,
        "6": 0.0106,
        "7": 0.0123,
        "8": 0.0136,
        "9": 0.0159,
        "10": 0.016,
        "11": 0.0165,
        "12": 0.0161,
        "13": 0.0158,
        "14": 0.0167,
        "15": 0.0173,
        "16": 0.0184,
        "17": 0.0193,
        "18": 0.0199,
        "19": 0.0224,
        "20": 0.0296,
        "21": 0.0334,
        "22": 0.0345,
        "23": 0.0405,
        "24": 0.041,
        "25": 0.0348,
        "26": 0.0366,
        "27": 0.0345,
        "28": 0.145
    },
    "gsm8k_step_by_step": {
        "0": 0.0748,
        "1": 0.0197,
        "2": 0.0183,
        "3": 0.0183,
        "4": 0.00684,
        "5": 0.00562,
        "6": 0.00552,
        "7": 0.00635,
        "8": 0.00757,
        "9": 0.00869,
        "10": 0.00864,
        "11": 0.00918,
        "12": 0.00913,
        "13": 0.00884,
        "14": 0.00996,
        "15": 0.0103,
        "16": 0.0117,
        "17": 0.0123,
        "18": 0.0128,
        "19": 0.0146,
        "20": 0.0209,
        "21": 0.0234,
        "22": 0.0244,
        "23": 0.0289,
        "24": 0.0295,
        "25": 0.0258,
        "26": 0.0272,
        "27": 0.0269,
        "28": 0.123
    },
    "gsm8k_mini_gpt4": {
        "0": 0.0952,
        "1": 0.0249,
        "2": 0.0243,
        "3": 0.025,
        "4": 0.0114,
        "5": 0.00928,
        "6": 0.00938,
        "7": 0.011,
        "8": 0.0129,
        "9": 0.0149,
        "10": 0.0155,
        "11": 0.0166,
        "12": 0.0165,
        "13": 0.016,
        "14": 0.0181,
        "15": 0.0191,
        "16": 0.0224,
        "17": 0.0237,
        "18": 0.0249,
        "19": 0.0279,
        "20": 0.0394,
        "21": 0.0458,
        "22": 0.0513,
        "23": 0.063,
        "24": 0.0648,
        "25": 0.0541,
        "26": 0.0516,
        "27": 0.0419,
        "28": 0.146
    },
    "gsm8k_groundtruth": {
        "0": 0.185,
        "1": 0.0583,
        "2": 0.063,
        "3": 0.0662,
        "4": 0.0198,
        "5": 0.0162,
        "6": 0.0168,
        "7": 0.0208,
        "8": 0.0229,
        "9": 0.0267,
        "10": 0.0271,
        "11": 0.0279,
        "12": 0.0274,
        "13": 0.0277,
        "14": 0.0302,
        "15": 0.0312,
        "16": 0.0354,
        "17": 0.0375,
        "18": 0.0395,
        "19": 0.0452,
        "20": 0.0704,
        "21": 0.0825,
        "22": 0.0965,
        "23": 0.124,
        "24": 0.136,
        "25": 0.117,
        "26": 0.105,
        "27": 0.0773,
        "28": 0.369
    },
    "gsm8k_gpt4_style_in_context_examples": {
        "0": 0.0903,
        "1": 0.0239,
        "2": 0.023,
        "3": 0.0239,
        "4": 0.00938,
        "5": 0.00752,
        "6": 0.00771,
        "7": 0.00894,
        "8": 0.0107,
        "9": 0.0125,
        "10": 0.0126,
        "11": 0.0137,
        "12": 0.0136,
        "13": 0.0135,
        "14": 0.0153,
        "15": 0.0166,
        "16": 0.0196,
        "17": 0.021,
        "18": 0.0219,
        "19": 0.0251,
        "20": 0.036,
        "21": 0.0417,
        "22": 0.046,
        "23": 0.056,
        "24": 0.0562,
        "25": 0.046,
        "26": 0.0451,
        "27": 0.0417,
        "28": 0.148
    },
    "gsm8k_openai_human_written_examples": {
        "0": 0.0976,
        "1": 0.0266,
        "2": 0.0278,
        "3": 0.0292,
        "4": 0.0126,
        "5": 0.0103,
        "6": 0.0106,
        "7": 0.0124,
        "8": 0.0144,
        "9": 0.0169,
        "10": 0.0172,
        "11": 0.0183,
        "12": 0.0181,
        "13": 0.0178,
        "14": 0.0197,
        "15": 0.0213,
        "16": 0.0249,
        "17": 0.0271,
        "18": 0.0283,
        "19": 0.0322,
        "20": 0.05,
        "21": 0.0598,
        "22": 0.0707,
        "23": 0.0901,
        "24": 0.0959,
        "25": 0.0803,
        "26": 0.0728,
        "27": 0.0586,
        "28": 0.175
    },
    "gsm8k_simple_response": {
        "0": 0.15,
        "1": 0.0433,
        "2": 0.0481,
        "3": 0.0519,
        "4": 0.0264,
        "5": 0.0209,
        "6": 0.0218,
        "7": 0.0256,
        "8": 0.0285,
        "9": 0.0325,
        "10": 0.0345,
        "11": 0.0354,
        "12": 0.0351,
        "13": 0.0344,
        "14": 0.0376,
        "15": 0.0406,
        "16": 0.0449,
        "17": 0.0486,
        "18": 0.0512,
        "19": 0.0572,
        "20": 0.0838,
        "21": 0.1,
        "22": 0.12,
        "23": 0.152,
        "24": 0.172,
        "25": 0.162,
        "26": 0.149,
        "27": 0.0853,
        "28": 0.229
    },
    "gsm8k_rewrite_groundtruth_in_own_words": {
        "0": 0.118,
        "1": 0.0334,
        "2": 0.0355,
        "3": 0.0367,
        "4": 0.0182,
        "5": 0.0147,
        "6": 0.0154,
        "7": 0.0183,
        "8": 0.0209,
        "9": 0.024,
        "10": 0.0244,
        "11": 0.0258,
        "12": 0.0257,
        "13": 0.0253,
        "14": 0.0278,
        "15": 0.0296,
        "16": 0.0339,
        "17": 0.0365,
        "18": 0.0384,
        "19": 0.0434,
        "20": 0.0625,
        "21": 0.0743,
        "22": 0.0857,
        "23": 0.103,
        "24": 0.108,
        "25": 0.0915,
        "26": 0.0853,
        "27": 0.0643,
        "28": 0.156
    }
}