{
    "mmlu_gpt4": {
        "0": 0.0777,
        "1": 0.0306,
        "2": 0.00506,
        "3": 0.0103,
        "4": 0.0142,
        "5": 0.021,
        "6": 0.0304,
        "7": 0.0408,
        "8": 0.0536,
        "9": 0.0576,
        "10": 0.0661,
        "11": 0.0751,
        "12": 0.0827,
        "13": 0.0919,
        "14": 0.0927,
        "15": 0.0962,
        "16": 0.105,
        "17": 0.113,
        "18": 0.111,
        "19": 0.126,
        "20": 0.129,
        "21": 0.119,
        "22": 0.11,
        "23": 0.106,
        "24": 0.111,
        "25": 0.105,
        "26": 0.0992,
        "27": 0.102,
        "28": 0.103,
        "29": 0.105,
        "30": 0.0917,
        "31": 0.0871,
        "32": 0.125
    },
    "mmlu_claude": {
        "0": 0.0809,
        "1": 0.0345,
        "2": 0.00513,
        "3": 0.0108,
        "4": 0.015,
        "5": 0.0222,
        "6": 0.0329,
        "7": 0.0438,
        "8": 0.0588,
        "9": 0.0635,
        "10": 0.0722,
        "11": 0.0792,
        "12": 0.0866,
        "13": 0.0966,
        "14": 0.0963,
        "15": 0.102,
        "16": 0.112,
        "17": 0.124,
        "18": 0.12,
        "19": 0.134,
        "20": 0.137,
        "21": 0.125,
        "22": 0.115,
        "23": 0.11,
        "24": 0.114,
        "25": 0.108,
        "26": 0.102,
        "27": 0.103,
        "28": 0.102,
        "29": 0.102,
        "30": 0.0884,
        "31": 0.0832,
        "32": 0.118
    },
    "mmlu_step_by_step": {
        "0": 0.0842,
        "1": 0.0373,
        "2": 0.00739,
        "3": 0.0157,
        "4": 0.0208,
        "5": 0.0306,
        "6": 0.0431,
        "7": 0.0566,
        "8": 0.0732,
        "9": 0.0783,
        "10": 0.0877,
        "11": 0.0978,
        "12": 0.109,
        "13": 0.119,
        "14": 0.117,
        "15": 0.122,
        "16": 0.13,
        "17": 0.137,
        "18": 0.134,
        "19": 0.154,
        "20": 0.158,
        "21": 0.143,
        "22": 0.132,
        "23": 0.124,
        "24": 0.13,
        "25": 0.122,
        "26": 0.115,
        "27": 0.118,
        "28": 0.119,
        "29": 0.12,
        "30": 0.106,
        "31": 0.101,
        "32": 0.143
    },
    "mmlu_mini_gpt4": {
        "0": 0.0773,
        "1": 0.0303,
        "2": 0.00497,
        "3": 0.00988,
        "4": 0.0133,
        "5": 0.0194,
        "6": 0.0285,
        "7": 0.038,
        "8": 0.051,
        "9": 0.0546,
        "10": 0.0619,
        "11": 0.0697,
        "12": 0.0764,
        "13": 0.0859,
        "14": 0.0873,
        "15": 0.0918,
        "16": 0.1,
        "17": 0.11,
        "18": 0.108,
        "19": 0.123,
        "20": 0.127,
        "21": 0.118,
        "22": 0.111,
        "23": 0.107,
        "24": 0.112,
        "25": 0.107,
        "26": 0.101,
        "27": 0.104,
        "28": 0.105,
        "29": 0.107,
        "30": 0.0939,
        "31": 0.0892,
        "32": 0.124
    },
    "mmlu_groundtruth": {
        "0": 0.729,
        "1": 0.703,
        "2": 0.0459,
        "3": 0.0585,
        "4": 0.0674,
        "5": 0.0807,
        "6": 0.103,
        "7": 0.127,
        "8": 0.162,
        "9": 0.167,
        "10": 0.194,
        "11": 0.205,
        "12": 0.22,
        "13": 0.248,
        "14": 0.242,
        "15": 0.253,
        "16": 0.295,
        "17": 0.361,
        "18": 0.357,
        "19": 0.44,
        "20": 0.502,
        "21": 0.541,
        "22": 0.554,
        "23": 0.55,
        "24": 0.577,
        "25": 0.569,
        "26": 0.566,
        "27": 0.606,
        "28": 0.631,
        "29": 0.708,
        "30": 0.747,
        "31": 0.827,
        "32": 0.848
    },
    "mmlu_gpt4_style_in_context_examples": {
        "0": 0.0885,
        "1": 0.0413,
        "2": 0.0127,
        "3": 0.026,
        "4": 0.0334,
        "5": 0.0482,
        "6": 0.0654,
        "7": 0.0834,
        "8": 0.103,
        "9": 0.107,
        "10": 0.118,
        "11": 0.131,
        "12": 0.142,
        "13": 0.152,
        "14": 0.144,
        "15": 0.149,
        "16": 0.152,
        "17": 0.155,
        "18": 0.15,
        "19": 0.17,
        "20": 0.169,
        "21": 0.15,
        "22": 0.136,
        "23": 0.127,
        "24": 0.134,
        "25": 0.126,
        "26": 0.118,
        "27": 0.122,
        "28": 0.124,
        "29": 0.128,
        "30": 0.113,
        "31": 0.11,
        "32": 0.151
    },
    "mmlu_openai_human_written_examples": {
        "0": 0.0834,
        "1": 0.0359,
        "2": 0.0066,
        "3": 0.0136,
        "4": 0.0185,
        "5": 0.0276,
        "6": 0.0398,
        "7": 0.0523,
        "8": 0.0683,
        "9": 0.0728,
        "10": 0.0829,
        "11": 0.0938,
        "12": 0.103,
        "13": 0.114,
        "14": 0.112,
        "15": 0.117,
        "16": 0.124,
        "17": 0.13,
        "18": 0.127,
        "19": 0.144,
        "20": 0.146,
        "21": 0.133,
        "22": 0.122,
        "23": 0.116,
        "24": 0.122,
        "25": 0.115,
        "26": 0.109,
        "27": 0.112,
        "28": 0.114,
        "29": 0.116,
        "30": 0.103,
        "31": 0.0984,
        "32": 0.137
    },
    "mmlu_simple_response": {
        "0": 0.115,
        "1": 0.067,
        "2": 0.0112,
        "3": 0.0171,
        "4": 0.0212,
        "5": 0.0282,
        "6": 0.0392,
        "7": 0.0498,
        "8": 0.065,
        "9": 0.0668,
        "10": 0.0779,
        "11": 0.0834,
        "12": 0.0896,
        "13": 0.101,
        "14": 0.1,
        "15": 0.104,
        "16": 0.119,
        "17": 0.142,
        "18": 0.138,
        "19": 0.165,
        "20": 0.179,
        "21": 0.173,
        "22": 0.166,
        "23": 0.159,
        "24": 0.168,
        "25": 0.159,
        "26": 0.15,
        "27": 0.161,
        "28": 0.165,
        "29": 0.172,
        "30": 0.152,
        "31": 0.144,
        "32": 0.206
    }
}