{
    "math_algebra_step_by_step": {
        "0": 0.0274,
        "1": 0.00712,
        "2": 0.00691,
        "3": 0.00703,
        "4": 0.00461,
        "5": 0.00406,
        "6": 0.00374,
        "7": 0.00438,
        "8": 0.00531,
        "9": 0.00638,
        "10": 0.00662,
        "11": 0.00686,
        "12": 0.00691,
        "13": 0.00683,
        "14": 0.00768,
        "15": 0.00762,
        "16": 0.00847,
        "17": 0.00854,
        "18": 0.00905,
        "19": 0.0108,
        "20": 0.0166,
        "21": 0.0187,
        "22": 0.0173,
        "23": 0.0191,
        "24": 0.0183,
        "25": 0.0166,
        "26": 0.0181,
        "27": 0.02,
        "28": 0.158
    },
    "math_algebra_claude": {
        "0": 0.0813,
        "1": 0.0224,
        "2": 0.0229,
        "3": 0.025,
        "4": 0.0202,
        "5": 0.0164,
        "6": 0.0159,
        "7": 0.0178,
        "8": 0.0202,
        "9": 0.0235,
        "10": 0.0237,
        "11": 0.0244,
        "12": 0.0242,
        "13": 0.0239,
        "14": 0.0264,
        "15": 0.0273,
        "16": 0.0296,
        "17": 0.03,
        "18": 0.0315,
        "19": 0.0343,
        "20": 0.0465,
        "21": 0.0521,
        "22": 0.0487,
        "23": 0.0577,
        "24": 0.0559,
        "25": 0.0503,
        "26": 0.0538,
        "27": 0.0568,
        "28": 0.243
    },
    "math_algebra_gpt4_style_in_context_examples": {
        "0": 0.189,
        "1": 0.0633,
        "2": 0.0581,
        "3": 0.061,
        "4": 0.0296,
        "5": 0.0248,
        "6": 0.0243,
        "7": 0.0278,
        "8": 0.0333,
        "9": 0.0403,
        "10": 0.0441,
        "11": 0.0471,
        "12": 0.0476,
        "13": 0.0475,
        "14": 0.0542,
        "15": 0.0546,
        "16": 0.0557,
        "17": 0.0578,
        "18": 0.0599,
        "19": 0.0652,
        "20": 0.0838,
        "21": 0.0965,
        "22": 0.103,
        "23": 0.122,
        "24": 0.118,
        "25": 0.104,
        "26": 0.103,
        "27": 0.0966,
        "28": 0.368
    },
    "math_algebra_gpt4": {
        "0": 0.0278,
        "1": 0.00739,
        "2": 0.00749,
        "3": 0.00756,
        "4": 0.0078,
        "5": 0.00654,
        "6": 0.00626,
        "7": 0.007,
        "8": 0.00814,
        "9": 0.00962,
        "10": 0.00952,
        "11": 0.00972,
        "12": 0.00995,
        "13": 0.00994,
        "14": 0.0109,
        "15": 0.0108,
        "16": 0.0117,
        "17": 0.0119,
        "18": 0.0126,
        "19": 0.0144,
        "20": 0.0195,
        "21": 0.0221,
        "22": 0.0202,
        "23": 0.0223,
        "24": 0.0206,
        "25": 0.0183,
        "26": 0.0191,
        "27": 0.0193,
        "28": 0.15
    },
    "math_algebra_mini_gpt4": {
        "0": 0.0265,
        "1": 0.00713,
        "2": 0.00695,
        "3": 0.00694,
        "4": 0.00671,
        "5": 0.0055,
        "6": 0.00531,
        "7": 0.00594,
        "8": 0.00705,
        "9": 0.00839,
        "10": 0.00851,
        "11": 0.0087,
        "12": 0.00876,
        "13": 0.00855,
        "14": 0.00948,
        "15": 0.00953,
        "16": 0.0102,
        "17": 0.0105,
        "18": 0.0112,
        "19": 0.0126,
        "20": 0.0175,
        "21": 0.0199,
        "22": 0.0187,
        "23": 0.0207,
        "24": 0.0193,
        "25": 0.0172,
        "26": 0.0178,
        "27": 0.0179,
        "28": 0.146
    },
    "math_algebra_groundtruth": {
        "0": 0.102,
        "1": 0.0316,
        "2": 0.0325,
        "3": 0.0349,
        "4": 0.0333,
        "5": 0.0267,
        "6": 0.0267,
        "7": 0.0305,
        "8": 0.0344,
        "9": 0.0401,
        "10": 0.041,
        "11": 0.0423,
        "12": 0.0423,
        "13": 0.042,
        "14": 0.046,
        "15": 0.0479,
        "16": 0.0523,
        "17": 0.0551,
        "18": 0.0583,
        "19": 0.064,
        "20": 0.0882,
        "21": 0.102,
        "22": 0.108,
        "23": 0.13,
        "24": 0.133,
        "25": 0.124,
        "26": 0.116,
        "27": 0.0814,
        "28": 0.221
    },
    "math_algebra_openai_human_written_examples": {
        "0": 0.0334,
        "1": 0.00922,
        "2": 0.00931,
        "3": 0.00975,
        "4": 0.0101,
        "5": 0.00844,
        "6": 0.00809,
        "7": 0.00914,
        "8": 0.0105,
        "9": 0.0124,
        "10": 0.0125,
        "11": 0.0129,
        "12": 0.0129,
        "13": 0.0128,
        "14": 0.0141,
        "15": 0.0141,
        "16": 0.0152,
        "17": 0.0156,
        "18": 0.0165,
        "19": 0.0187,
        "20": 0.0253,
        "21": 0.0291,
        "22": 0.0274,
        "23": 0.0302,
        "24": 0.0282,
        "25": 0.025,
        "26": 0.0259,
        "27": 0.0257,
        "28": 0.168
    },
    "math_algebra_rewrite_groundtruth_in_own_words": {
        "0": 0.0989,
        "1": 0.0259,
        "2": 0.0257,
        "3": 0.0251,
        "4": 0.0178,
        "5": 0.0149,
        "6": 0.0144,
        "7": 0.0163,
        "8": 0.0191,
        "9": 0.0224,
        "10": 0.0223,
        "11": 0.0237,
        "12": 0.0239,
        "13": 0.0239,
        "14": 0.0267,
        "15": 0.0275,
        "16": 0.0302,
        "17": 0.0314,
        "18": 0.0333,
        "19": 0.037,
        "20": 0.0495,
        "21": 0.0568,
        "22": 0.0557,
        "23": 0.0621,
        "24": 0.0589,
        "25": 0.0531,
        "26": 0.0558,
        "27": 0.0587,
        "28": 0.246
    }
}