{
    "boolq_step_by_step": {
        "0": 0.0956,
        "1": 0.0836,
        "2": 0.0125,
        "3": 0.0183,
        "4": 0.0365,
        "5": 0.0538,
        "6": 0.0748,
        "7": 0.0867,
        "8": 0.097,
        "9": 0.107,
        "10": 0.122,
        "11": 0.132,
        "12": 0.139,
        "13": 0.148,
        "14": 0.162,
        "15": 0.167,
        "16": 0.18,
        "17": 0.19,
        "18": 0.2,
        "19": 0.208,
        "20": 0.202,
        "21": 0.205,
        "22": 0.205,
        "23": 0.202,
        "24": 0.197,
        "25": 0.188,
        "26": 0.18,
        "27": 0.165,
        "28": 0.155,
        "29": 0.146,
        "30": 0.13,
        "31": 0.145,
        "32": 0.21
    },
    "boolq_gpt4": {
        "0": 0.0987,
        "1": 0.043,
        "2": 0.00361,
        "3": 0.00601,
        "4": 0.0122,
        "5": 0.0185,
        "6": 0.0252,
        "7": 0.0311,
        "8": 0.0361,
        "9": 0.0413,
        "10": 0.0469,
        "11": 0.0513,
        "12": 0.0524,
        "13": 0.0583,
        "14": 0.0648,
        "15": 0.0667,
        "16": 0.074,
        "17": 0.0789,
        "18": 0.0852,
        "19": 0.0908,
        "20": 0.0916,
        "21": 0.0948,
        "22": 0.099,
        "23": 0.101,
        "24": 0.101,
        "25": 0.0985,
        "26": 0.0971,
        "27": 0.0905,
        "28": 0.0855,
        "29": 0.0831,
        "30": 0.0766,
        "31": 0.0869,
        "32": 0.134
    },
    "boolq_claude": {
        "0": 0.0929,
        "1": 0.0914,
        "2": 0.0114,
        "3": 0.0212,
        "4": 0.0416,
        "5": 0.0623,
        "6": 0.0835,
        "7": 0.096,
        "8": 0.104,
        "9": 0.116,
        "10": 0.134,
        "11": 0.143,
        "12": 0.153,
        "13": 0.16,
        "14": 0.176,
        "15": 0.183,
        "16": 0.196,
        "17": 0.205,
        "18": 0.214,
        "19": 0.218,
        "20": 0.214,
        "21": 0.215,
        "22": 0.213,
        "23": 0.209,
        "24": 0.201,
        "25": 0.192,
        "26": 0.183,
        "27": 0.167,
        "28": 0.154,
        "29": 0.144,
        "30": 0.126,
        "31": 0.133,
        "32": 0.153
    },
    "boolq_mini_gpt4": {
        "0": 0.0979,
        "1": 0.0498,
        "2": 0.00313,
        "3": 0.00566,
        "4": 0.0116,
        "5": 0.0182,
        "6": 0.0245,
        "7": 0.0305,
        "8": 0.035,
        "9": 0.0394,
        "10": 0.0461,
        "11": 0.0501,
        "12": 0.0514,
        "13": 0.0569,
        "14": 0.0652,
        "15": 0.0678,
        "16": 0.0755,
        "17": 0.0833,
        "18": 0.0906,
        "19": 0.0969,
        "20": 0.0984,
        "21": 0.103,
        "22": 0.106,
        "23": 0.108,
        "24": 0.108,
        "25": 0.105,
        "26": 0.103,
        "27": 0.0964,
        "28": 0.0904,
        "29": 0.0869,
        "30": 0.0785,
        "31": 0.0866,
        "32": 0.117
    },
    "boolq_groundtruth": {
        "0": 0.661,
        "1": 0.194,
        "2": 0.00557,
        "3": 0.0103,
        "4": 0.0209,
        "5": 0.0334,
        "6": 0.0443,
        "7": 0.0562,
        "8": 0.0649,
        "9": 0.077,
        "10": 0.0901,
        "11": 0.0958,
        "12": 0.0963,
        "13": 0.122,
        "14": 0.134,
        "15": 0.14,
        "16": 0.164,
        "17": 0.188,
        "18": 0.206,
        "19": 0.224,
        "20": 0.244,
        "21": 0.257,
        "22": 0.283,
        "23": 0.304,
        "24": 0.327,
        "25": 0.349,
        "26": 0.369,
        "27": 0.394,
        "28": 0.414,
        "29": 0.438,
        "30": 0.449,
        "31": 0.477,
        "32": 0.636
    },
    "boolq_gpt4_style_in_context_examples": {
        "0": 0.0942,
        "1": 0.0586,
        "2": 0.00405,
        "3": 0.00708,
        "4": 0.0141,
        "5": 0.0225,
        "6": 0.0312,
        "7": 0.0374,
        "8": 0.0436,
        "9": 0.0505,
        "10": 0.0583,
        "11": 0.0641,
        "12": 0.0662,
        "13": 0.0729,
        "14": 0.0834,
        "15": 0.0873,
        "16": 0.0962,
        "17": 0.107,
        "18": 0.117,
        "19": 0.123,
        "20": 0.124,
        "21": 0.127,
        "22": 0.131,
        "23": 0.133,
        "24": 0.131,
        "25": 0.126,
        "26": 0.123,
        "27": 0.114,
        "28": 0.107,
        "29": 0.102,
        "30": 0.0918,
        "31": 0.104,
        "32": 0.146
    },
    "boolq_openai_human_written_examples": {
        "0": 0.0936,
        "1": 0.0524,
        "2": 0.00234,
        "3": 0.00396,
        "4": 0.00854,
        "5": 0.0139,
        "6": 0.0189,
        "7": 0.0245,
        "8": 0.0295,
        "9": 0.0343,
        "10": 0.0407,
        "11": 0.0455,
        "12": 0.0473,
        "13": 0.0538,
        "14": 0.0594,
        "15": 0.0614,
        "16": 0.0671,
        "17": 0.0769,
        "18": 0.0853,
        "19": 0.091,
        "20": 0.0916,
        "21": 0.0955,
        "22": 0.0996,
        "23": 0.102,
        "24": 0.103,
        "25": 0.1,
        "26": 0.0979,
        "27": 0.0921,
        "28": 0.0877,
        "29": 0.0851,
        "30": 0.0782,
        "31": 0.0902,
        "32": 0.144
    }
}