{
    "gsm8k_step_by_step": {
        "0": 0.0968,
        "1": 0.0535,
        "2": 0.0149,
        "3": 0.0232,
        "4": 0.0419,
        "5": 0.0542,
        "6": 0.0632,
        "7": 0.0739,
        "8": 0.0807,
        "9": 0.084,
        "10": 0.0886,
        "11": 0.0952,
        "12": 0.093,
        "13": 0.0967,
        "14": 0.105,
        "15": 0.108,
        "16": 0.106,
        "17": 0.107,
        "18": 0.111,
        "19": 0.105,
        "20": 0.0959,
        "21": 0.0966,
        "22": 0.0901,
        "23": 0.0869,
        "24": 0.0764,
        "25": 0.07,
        "26": 0.0695,
        "27": 0.0613,
        "28": 0.0607,
        "29": 0.0572,
        "30": 0.0605,
        "31": 0.0769,
        "32": 0.122
    },
    "gsm8k_gpt4": {
        "0": 0.0778,
        "1": 0.0404,
        "2": 0.00771,
        "3": 0.0127,
        "4": 0.0244,
        "5": 0.0331,
        "6": 0.0399,
        "7": 0.0476,
        "8": 0.0529,
        "9": 0.0565,
        "10": 0.0605,
        "11": 0.064,
        "12": 0.064,
        "13": 0.0677,
        "14": 0.075,
        "15": 0.0769,
        "16": 0.0754,
        "17": 0.0764,
        "18": 0.0808,
        "19": 0.0771,
        "20": 0.0708,
        "21": 0.072,
        "22": 0.0682,
        "23": 0.066,
        "24": 0.0594,
        "25": 0.0547,
        "26": 0.0536,
        "27": 0.0474,
        "28": 0.0471,
        "29": 0.0443,
        "30": 0.0473,
        "31": 0.0596,
        "32": 0.0932
    },
    "gsm8k_claude": {
        "0": 0.0793,
        "1": 0.0408,
        "2": 0.00649,
        "3": 0.0104,
        "4": 0.0203,
        "5": 0.0285,
        "6": 0.0368,
        "7": 0.0469,
        "8": 0.0544,
        "9": 0.0574,
        "10": 0.0611,
        "11": 0.0648,
        "12": 0.0625,
        "13": 0.0657,
        "14": 0.0746,
        "15": 0.0768,
        "16": 0.0773,
        "17": 0.0834,
        "18": 0.0921,
        "19": 0.0898,
        "20": 0.0833,
        "21": 0.086,
        "22": 0.0816,
        "23": 0.0769,
        "24": 0.0698,
        "25": 0.064,
        "26": 0.0622,
        "27": 0.0551,
        "28": 0.0544,
        "29": 0.0516,
        "30": 0.0541,
        "31": 0.0685,
        "32": 0.111
    },
    "gsm8k_mini_gpt4": {
        "0": 0.0717,
        "1": 0.0399,
        "2": 0.00957,
        "3": 0.0159,
        "4": 0.0286,
        "5": 0.0376,
        "6": 0.0439,
        "7": 0.0524,
        "8": 0.0572,
        "9": 0.0596,
        "10": 0.0641,
        "11": 0.0677,
        "12": 0.0659,
        "13": 0.0678,
        "14": 0.0744,
        "15": 0.0769,
        "16": 0.0764,
        "17": 0.0773,
        "18": 0.0818,
        "19": 0.0784,
        "20": 0.0725,
        "21": 0.0735,
        "22": 0.0687,
        "23": 0.0645,
        "24": 0.0578,
        "25": 0.0527,
        "26": 0.0508,
        "27": 0.0444,
        "28": 0.0439,
        "29": 0.0413,
        "30": 0.0433,
        "31": 0.0536,
        "32": 0.0844
    },
    "gsm8k_groundtruth": {
        "0": 0.13,
        "1": 0.0583,
        "2": 0.0103,
        "3": 0.017,
        "4": 0.0307,
        "5": 0.0443,
        "6": 0.0554,
        "7": 0.0653,
        "8": 0.0707,
        "9": 0.0793,
        "10": 0.0866,
        "11": 0.091,
        "12": 0.0934,
        "13": 0.103,
        "14": 0.113,
        "15": 0.118,
        "16": 0.121,
        "17": 0.122,
        "18": 0.127,
        "19": 0.123,
        "20": 0.113,
        "21": 0.114,
        "22": 0.108,
        "23": 0.103,
        "24": 0.0928,
        "25": 0.0867,
        "26": 0.0864,
        "27": 0.0795,
        "28": 0.0784,
        "29": 0.0762,
        "30": 0.0878,
        "31": 0.114,
        "32": 0.193
    },
    "gsm8k_gpt4_style_in_context_examples": {
        "0": 0.0628,
        "1": 0.0362,
        "2": 0.00879,
        "3": 0.0145,
        "4": 0.0265,
        "5": 0.035,
        "6": 0.0417,
        "7": 0.0497,
        "8": 0.055,
        "9": 0.0575,
        "10": 0.0618,
        "11": 0.0656,
        "12": 0.0646,
        "13": 0.0693,
        "14": 0.0762,
        "15": 0.0783,
        "16": 0.0752,
        "17": 0.076,
        "18": 0.0786,
        "19": 0.0747,
        "20": 0.0685,
        "21": 0.0691,
        "22": 0.0642,
        "23": 0.0605,
        "24": 0.0542,
        "25": 0.0492,
        "26": 0.0474,
        "27": 0.041,
        "28": 0.0405,
        "29": 0.0379,
        "30": 0.0397,
        "31": 0.0502,
        "32": 0.075
    },
    "gsm8k_openai_human_written_examples": {
        "0": 0.0541,
        "1": 0.0284,
        "2": 0.00586,
        "3": 0.00908,
        "4": 0.0172,
        "5": 0.0242,
        "6": 0.0295,
        "7": 0.0356,
        "8": 0.0399,
        "9": 0.0441,
        "10": 0.0487,
        "11": 0.0522,
        "12": 0.0515,
        "13": 0.0564,
        "14": 0.0636,
        "15": 0.065,
        "16": 0.0651,
        "17": 0.0662,
        "18": 0.0695,
        "19": 0.0661,
        "20": 0.0605,
        "21": 0.0615,
        "22": 0.0579,
        "23": 0.0543,
        "24": 0.0491,
        "25": 0.0446,
        "26": 0.0435,
        "27": 0.0377,
        "28": 0.0371,
        "29": 0.0353,
        "30": 0.0372,
        "31": 0.0457,
        "32": 0.0675
    },
    "gsm8k_rewrite_groundtruth_in_own_words": {
        "0": 0.0909,
        "1": 0.0445,
        "2": 0.00732,
        "3": 0.0115,
        "4": 0.0216,
        "5": 0.0304,
        "6": 0.0382,
        "7": 0.046,
        "8": 0.0522,
        "9": 0.0567,
        "10": 0.0638,
        "11": 0.068,
        "12": 0.0686,
        "13": 0.0741,
        "14": 0.0827,
        "15": 0.0833,
        "16": 0.0846,
        "17": 0.0865,
        "18": 0.0927,
        "19": 0.0891,
        "20": 0.0851,
        "21": 0.0867,
        "22": 0.0836,
        "23": 0.0798,
        "24": 0.0738,
        "25": 0.0684,
        "26": 0.0675,
        "27": 0.0607,
        "28": 0.0598,
        "29": 0.0574,
        "30": 0.0593,
        "31": 0.076,
        "32": 0.105
    }
}