{
    "mbpp_step_by_step": {
        "0": 0.274,
        "1": 0.11,
        "2": 0.0254,
        "3": 0.0361,
        "4": 0.0639,
        "5": 0.0826,
        "6": 0.102,
        "7": 0.12,
        "8": 0.13,
        "9": 0.143,
        "10": 0.165,
        "11": 0.171,
        "12": 0.181,
        "13": 0.195,
        "14": 0.212,
        "15": 0.227,
        "16": 0.244,
        "17": 0.262,
        "18": 0.281,
        "19": 0.296,
        "20": 0.299,
        "21": 0.304,
        "22": 0.309,
        "23": 0.309,
        "24": 0.301,
        "25": 0.294,
        "26": 0.284,
        "27": 0.279,
        "28": 0.262,
        "29": 0.257,
        "30": 0.249,
        "31": 0.267,
        "32": 0.309
    },
    "mbpp_gpt4": {
        "0": 0.247,
        "1": 0.0554,
        "2": 0.00225,
        "3": 0.00352,
        "4": 0.00674,
        "5": 0.00928,
        "6": 0.0118,
        "7": 0.0148,
        "8": 0.0176,
        "9": 0.02,
        "10": 0.0245,
        "11": 0.0261,
        "12": 0.0282,
        "13": 0.032,
        "14": 0.0366,
        "15": 0.0379,
        "16": 0.0427,
        "17": 0.0486,
        "18": 0.0559,
        "19": 0.061,
        "20": 0.0646,
        "21": 0.069,
        "22": 0.0739,
        "23": 0.0778,
        "24": 0.079,
        "25": 0.0813,
        "26": 0.0833,
        "27": 0.0876,
        "28": 0.0902,
        "29": 0.0937,
        "30": 0.0993,
        "31": 0.125,
        "32": 0.218
    },
    "mbpp_claude": {
        "0": 0.204,
        "1": 0.0416,
        "2": 0.000879,
        "3": 0.00122,
        "4": 0.00283,
        "5": 0.00361,
        "6": 0.00464,
        "7": 0.00635,
        "8": 0.00786,
        "9": 0.00947,
        "10": 0.0122,
        "11": 0.0129,
        "12": 0.0132,
        "13": 0.0148,
        "14": 0.0167,
        "15": 0.0175,
        "16": 0.0192,
        "17": 0.0221,
        "18": 0.0259,
        "19": 0.029,
        "20": 0.031,
        "21": 0.0336,
        "22": 0.0369,
        "23": 0.0396,
        "24": 0.0404,
        "25": 0.0422,
        "26": 0.0437,
        "27": 0.0472,
        "28": 0.05,
        "29": 0.0529,
        "30": 0.0577,
        "31": 0.0729,
        "32": 0.162
    },
    "mbpp_mini_gpt4": {
        "0": 0.259,
        "1": 0.0695,
        "2": 0.0061,
        "3": 0.00967,
        "4": 0.0169,
        "5": 0.0212,
        "6": 0.0264,
        "7": 0.0328,
        "8": 0.0375,
        "9": 0.0418,
        "10": 0.0504,
        "11": 0.0527,
        "12": 0.0549,
        "13": 0.0608,
        "14": 0.0682,
        "15": 0.0702,
        "16": 0.0768,
        "17": 0.0864,
        "18": 0.0956,
        "19": 0.103,
        "20": 0.106,
        "21": 0.112,
        "22": 0.119,
        "23": 0.123,
        "24": 0.123,
        "25": 0.125,
        "26": 0.124,
        "27": 0.128,
        "28": 0.127,
        "29": 0.128,
        "30": 0.134,
        "31": 0.167,
        "32": 0.258
    },
    "mbpp_groundtruth": {
        "0": 0.291,
        "1": 0.0707,
        "2": 0.00527,
        "3": 0.00874,
        "4": 0.0163,
        "5": 0.0211,
        "6": 0.0268,
        "7": 0.0334,
        "8": 0.0383,
        "9": 0.043,
        "10": 0.0521,
        "11": 0.0548,
        "12": 0.0562,
        "13": 0.0629,
        "14": 0.0699,
        "15": 0.0723,
        "16": 0.0803,
        "17": 0.0903,
        "18": 0.101,
        "19": 0.109,
        "20": 0.113,
        "21": 0.12,
        "22": 0.125,
        "23": 0.128,
        "24": 0.127,
        "25": 0.128,
        "26": 0.127,
        "27": 0.133,
        "28": 0.132,
        "29": 0.133,
        "30": 0.147,
        "31": 0.212,
        "32": 0.373
    },
    "mbpp_gpt4_style_in_context_examples": {
        "0": 0.226,
        "1": 0.0559,
        "2": 0.00249,
        "3": 0.004,
        "4": 0.00781,
        "5": 0.0101,
        "6": 0.0129,
        "7": 0.0158,
        "8": 0.0182,
        "9": 0.0205,
        "10": 0.0247,
        "11": 0.0265,
        "12": 0.0279,
        "13": 0.0315,
        "14": 0.0363,
        "15": 0.0384,
        "16": 0.0429,
        "17": 0.0486,
        "18": 0.0558,
        "19": 0.0599,
        "20": 0.0625,
        "21": 0.0666,
        "22": 0.0709,
        "23": 0.0747,
        "24": 0.0746,
        "25": 0.0756,
        "26": 0.0751,
        "27": 0.0778,
        "28": 0.0775,
        "29": 0.0802,
        "30": 0.0845,
        "31": 0.102,
        "32": 0.195
    },
    "mbpp_openai_human_written_examples": {
        "0": 0.287,
        "1": 0.127,
        "2": 0.0236,
        "3": 0.0372,
        "4": 0.0666,
        "5": 0.0863,
        "6": 0.107,
        "7": 0.127,
        "8": 0.136,
        "9": 0.151,
        "10": 0.179,
        "11": 0.182,
        "12": 0.192,
        "13": 0.207,
        "14": 0.229,
        "15": 0.249,
        "16": 0.268,
        "17": 0.288,
        "18": 0.306,
        "19": 0.324,
        "20": 0.326,
        "21": 0.331,
        "22": 0.336,
        "23": 0.337,
        "24": 0.328,
        "25": 0.319,
        "26": 0.308,
        "27": 0.305,
        "28": 0.285,
        "29": 0.279,
        "30": 0.271,
        "31": 0.291,
        "32": 0.326
    },
    "mbpp_rewrite_groundtruth_in_own_words": {
        "0": 0.276,
        "1": 0.0711,
        "2": 0.00562,
        "3": 0.00903,
        "4": 0.0165,
        "5": 0.0218,
        "6": 0.0273,
        "7": 0.0338,
        "8": 0.0389,
        "9": 0.0435,
        "10": 0.0522,
        "11": 0.055,
        "12": 0.0569,
        "13": 0.0633,
        "14": 0.0703,
        "15": 0.0728,
        "16": 0.081,
        "17": 0.0911,
        "18": 0.103,
        "19": 0.11,
        "20": 0.113,
        "21": 0.12,
        "22": 0.125,
        "23": 0.13,
        "24": 0.128,
        "25": 0.129,
        "26": 0.13,
        "27": 0.133,
        "28": 0.131,
        "29": 0.132,
        "30": 0.138,
        "31": 0.167,
        "32": 0.259
    }
}