{
    "math_algebra_step_by_step": {
        "0": 0.0301,
        "1": 0.00752,
        "2": 0.00698,
        "3": 0.00742,
        "4": 0.00293,
        "5": 0.00259,
        "6": 0.00254,
        "7": 0.00303,
        "8": 0.00376,
        "9": 0.00439,
        "10": 0.00488,
        "11": 0.00522,
        "12": 0.00518,
        "13": 0.00493,
        "14": 0.00566,
        "15": 0.00571,
        "16": 0.0064,
        "17": 0.00679,
        "18": 0.00708,
        "19": 0.0085,
        "20": 0.0135,
        "21": 0.0154,
        "22": 0.0149,
        "23": 0.0167,
        "24": 0.0167,
        "25": 0.0152,
        "26": 0.0168,
        "27": 0.019,
        "28": 0.132
    },
    "math_algebra_gpt4": {
        "0": 0.0267,
        "1": 0.00713,
        "2": 0.00669,
        "3": 0.00693,
        "4": 0.00483,
        "5": 0.004,
        "6": 0.00396,
        "7": 0.00444,
        "8": 0.00532,
        "9": 0.00649,
        "10": 0.00674,
        "11": 0.00698,
        "12": 0.00674,
        "13": 0.00674,
        "14": 0.00776,
        "15": 0.00767,
        "16": 0.00835,
        "17": 0.00859,
        "18": 0.00898,
        "19": 0.0104,
        "20": 0.0149,
        "21": 0.017,
        "22": 0.0163,
        "23": 0.0179,
        "24": 0.0172,
        "25": 0.0155,
        "26": 0.0167,
        "27": 0.0184,
        "28": 0.123
    },
    "math_algebra_claude": {
        "0": 0.0757,
        "1": 0.0212,
        "2": 0.0216,
        "3": 0.0238,
        "4": 0.019,
        "5": 0.0155,
        "6": 0.0154,
        "7": 0.0172,
        "8": 0.0193,
        "9": 0.0228,
        "10": 0.023,
        "11": 0.0234,
        "12": 0.0234,
        "13": 0.0229,
        "14": 0.0249,
        "15": 0.0256,
        "16": 0.0279,
        "17": 0.0284,
        "18": 0.0298,
        "19": 0.0329,
        "20": 0.0437,
        "21": 0.0488,
        "22": 0.0458,
        "23": 0.054,
        "24": 0.0523,
        "25": 0.0458,
        "26": 0.0481,
        "27": 0.0495,
        "28": 0.199
    },
    "math_algebra_mini_gpt4": {
        "0": 0.0269,
        "1": 0.00723,
        "2": 0.00654,
        "3": 0.00669,
        "4": 0.00322,
        "5": 0.00264,
        "6": 0.00278,
        "7": 0.00293,
        "8": 0.00352,
        "9": 0.00464,
        "10": 0.00483,
        "11": 0.00508,
        "12": 0.00483,
        "13": 0.00479,
        "14": 0.00552,
        "15": 0.00591,
        "16": 0.0062,
        "17": 0.00659,
        "18": 0.00723,
        "19": 0.00859,
        "20": 0.0127,
        "21": 0.0146,
        "22": 0.0141,
        "23": 0.0158,
        "24": 0.0157,
        "25": 0.0141,
        "26": 0.0147,
        "27": 0.0167,
        "28": 0.12
    },
    "math_algebra_groundtruth": {
        "0": 0.11,
        "1": 0.0332,
        "2": 0.0336,
        "3": 0.037,
        "4": 0.0299,
        "5": 0.0242,
        "6": 0.0248,
        "7": 0.0282,
        "8": 0.0317,
        "9": 0.0371,
        "10": 0.0376,
        "11": 0.0388,
        "12": 0.0386,
        "13": 0.0387,
        "14": 0.0422,
        "15": 0.0438,
        "16": 0.048,
        "17": 0.0512,
        "18": 0.054,
        "19": 0.0605,
        "20": 0.0827,
        "21": 0.0959,
        "22": 0.103,
        "23": 0.123,
        "24": 0.126,
        "25": 0.114,
        "26": 0.107,
        "27": 0.0783,
        "28": 0.2
    },
    "math_algebra_gpt4_style_in_context_examples": {
        "0": 0.188,
        "1": 0.0639,
        "2": 0.0562,
        "3": 0.0581,
        "4": 0.0263,
        "5": 0.0225,
        "6": 0.0223,
        "7": 0.0254,
        "8": 0.0305,
        "9": 0.0374,
        "10": 0.0416,
        "11": 0.044,
        "12": 0.0445,
        "13": 0.0446,
        "14": 0.0514,
        "15": 0.0513,
        "16": 0.0525,
        "17": 0.0546,
        "18": 0.0565,
        "19": 0.0625,
        "20": 0.0783,
        "21": 0.0899,
        "22": 0.0958,
        "23": 0.112,
        "24": 0.107,
        "25": 0.0938,
        "26": 0.0941,
        "27": 0.0923,
        "28": 0.318
    },
    "math_algebra_openai_human_written_examples": {
        "0": 0.0301,
        "1": 0.00913,
        "2": 0.00972,
        "3": 0.01,
        "4": 0.00752,
        "5": 0.00664,
        "6": 0.0063,
        "7": 0.00708,
        "8": 0.00825,
        "9": 0.01,
        "10": 0.0102,
        "11": 0.0106,
        "12": 0.0107,
        "13": 0.0105,
        "14": 0.0117,
        "15": 0.0117,
        "16": 0.0128,
        "17": 0.0132,
        "18": 0.0145,
        "19": 0.0169,
        "20": 0.024,
        "21": 0.0281,
        "22": 0.0267,
        "23": 0.0293,
        "24": 0.0282,
        "25": 0.0251,
        "26": 0.0273,
        "27": 0.0297,
        "28": 0.163
    },
    "math_algebra_rewrite_groundtruth_in_own_words": {
        "0": 0.106,
        "1": 0.0295,
        "2": 0.0299,
        "3": 0.0284,
        "4": 0.0159,
        "5": 0.0133,
        "6": 0.0132,
        "7": 0.0152,
        "8": 0.0175,
        "9": 0.0209,
        "10": 0.0207,
        "11": 0.0221,
        "12": 0.0223,
        "13": 0.0222,
        "14": 0.0248,
        "15": 0.0253,
        "16": 0.0282,
        "17": 0.0292,
        "18": 0.0311,
        "19": 0.0352,
        "20": 0.046,
        "21": 0.0535,
        "22": 0.053,
        "23": 0.0586,
        "24": 0.0561,
        "25": 0.0502,
        "26": 0.0541,
        "27": 0.0603,
        "28": 0.227
    }
}