{
    "gsm8k_gpt4": {
        "0": 0.088,
        "1": 0.0293,
        "2": 0.00259,
        "3": 0.004,
        "4": 0.00571,
        "5": 0.0082,
        "6": 0.0117,
        "7": 0.0165,
        "8": 0.0214,
        "9": 0.0251,
        "10": 0.0307,
        "11": 0.0376,
        "12": 0.0436,
        "13": 0.0487,
        "14": 0.0535,
        "15": 0.0581,
        "16": 0.0666,
        "17": 0.0739,
        "18": 0.0759,
        "19": 0.0847,
        "20": 0.09,
        "21": 0.088,
        "22": 0.0833,
        "23": 0.079,
        "24": 0.0833,
        "25": 0.0793,
        "26": 0.0768,
        "27": 0.079,
        "28": 0.0789,
        "29": 0.0841,
        "30": 0.0787,
        "31": 0.0778,
        "32": 0.128
    },
    "gsm8k_claude": {
        "0": 0.0758,
        "1": 0.0253,
        "2": 0.00156,
        "3": 0.00244,
        "4": 0.00361,
        "5": 0.00581,
        "6": 0.00894,
        "7": 0.0127,
        "8": 0.0162,
        "9": 0.0198,
        "10": 0.0242,
        "11": 0.0301,
        "12": 0.036,
        "13": 0.0419,
        "14": 0.0472,
        "15": 0.0515,
        "16": 0.0591,
        "17": 0.0645,
        "18": 0.0671,
        "19": 0.0739,
        "20": 0.0784,
        "21": 0.0772,
        "22": 0.0734,
        "23": 0.0679,
        "24": 0.069,
        "25": 0.0641,
        "26": 0.0619,
        "27": 0.062,
        "28": 0.0617,
        "29": 0.0668,
        "30": 0.0629,
        "31": 0.0644,
        "32": 0.102
    },
    "gsm8k_step_by_step": {
        "0": 0.0836,
        "1": 0.0272,
        "2": 0.0022,
        "3": 0.00449,
        "4": 0.00679,
        "5": 0.00996,
        "6": 0.0143,
        "7": 0.02,
        "8": 0.0268,
        "9": 0.0312,
        "10": 0.0373,
        "11": 0.0459,
        "12": 0.0535,
        "13": 0.0591,
        "14": 0.064,
        "15": 0.0679,
        "16": 0.0759,
        "17": 0.0803,
        "18": 0.0831,
        "19": 0.0878,
        "20": 0.0886,
        "21": 0.0846,
        "22": 0.0795,
        "23": 0.0739,
        "24": 0.0763,
        "25": 0.0725,
        "26": 0.0699,
        "27": 0.0708,
        "28": 0.0699,
        "29": 0.0737,
        "30": 0.0687,
        "31": 0.0683,
        "32": 0.112
    },
    "gsm8k_mini_gpt4": {
        "0": 0.0708,
        "1": 0.0224,
        "2": 0.00117,
        "3": 0.00273,
        "4": 0.004,
        "5": 0.00596,
        "6": 0.00869,
        "7": 0.0127,
        "8": 0.0164,
        "9": 0.0204,
        "10": 0.0247,
        "11": 0.0309,
        "12": 0.0362,
        "13": 0.0413,
        "14": 0.0466,
        "15": 0.0518,
        "16": 0.0596,
        "17": 0.0655,
        "18": 0.068,
        "19": 0.074,
        "20": 0.0771,
        "21": 0.0746,
        "22": 0.0703,
        "23": 0.0651,
        "24": 0.0679,
        "25": 0.0636,
        "26": 0.0611,
        "27": 0.0616,
        "28": 0.0616,
        "29": 0.0663,
        "30": 0.0626,
        "31": 0.0626,
        "32": 0.0992
    },
    "gsm8k_groundtruth": {
        "0": 0.146,
        "1": 0.0494,
        "2": 0.00234,
        "3": 0.00508,
        "4": 0.00718,
        "5": 0.0107,
        "6": 0.0159,
        "7": 0.0225,
        "8": 0.0291,
        "9": 0.035,
        "10": 0.0436,
        "11": 0.0531,
        "12": 0.0621,
        "13": 0.0713,
        "14": 0.0774,
        "15": 0.0838,
        "16": 0.0955,
        "17": 0.107,
        "18": 0.113,
        "19": 0.127,
        "20": 0.136,
        "21": 0.136,
        "22": 0.127,
        "23": 0.118,
        "24": 0.12,
        "25": 0.112,
        "26": 0.108,
        "27": 0.113,
        "28": 0.114,
        "29": 0.125,
        "30": 0.123,
        "31": 0.125,
        "32": 0.206
    },
    "gsm8k_gpt4_style_in_context_examples": {
        "0": 0.0642,
        "1": 0.0197,
        "2": 0.00132,
        "3": 0.00239,
        "4": 0.00327,
        "5": 0.00513,
        "6": 0.00757,
        "7": 0.0114,
        "8": 0.0154,
        "9": 0.019,
        "10": 0.0243,
        "11": 0.031,
        "12": 0.0366,
        "13": 0.0414,
        "14": 0.0476,
        "15": 0.0529,
        "16": 0.061,
        "17": 0.0674,
        "18": 0.0692,
        "19": 0.0752,
        "20": 0.0796,
        "21": 0.0766,
        "22": 0.0727,
        "23": 0.0674,
        "24": 0.0689,
        "25": 0.0639,
        "26": 0.0604,
        "27": 0.0603,
        "28": 0.0594,
        "29": 0.0637,
        "30": 0.0602,
        "31": 0.0592,
        "32": 0.0954
    },
    "gsm8k_openai_human_written_examples": {
        "0": 0.0673,
        "1": 0.0244,
        "2": 0.00186,
        "3": 0.00332,
        "4": 0.00479,
        "5": 0.00679,
        "6": 0.00991,
        "7": 0.014,
        "8": 0.0185,
        "9": 0.023,
        "10": 0.0285,
        "11": 0.0358,
        "12": 0.0421,
        "13": 0.0478,
        "14": 0.0538,
        "15": 0.0595,
        "16": 0.0679,
        "17": 0.0746,
        "18": 0.0769,
        "19": 0.0836,
        "20": 0.0881,
        "21": 0.086,
        "22": 0.0812,
        "23": 0.0759,
        "24": 0.0786,
        "25": 0.0733,
        "26": 0.0704,
        "27": 0.071,
        "28": 0.071,
        "29": 0.0764,
        "30": 0.0737,
        "31": 0.0734,
        "32": 0.118
    },
    "gsm8k_simple_response": {
        "0": 0.109,
        "1": 0.0682,
        "2": 0.00576,
        "3": 0.00923,
        "4": 0.0117,
        "5": 0.0161,
        "6": 0.0222,
        "7": 0.0301,
        "8": 0.038,
        "9": 0.0434,
        "10": 0.0536,
        "11": 0.0624,
        "12": 0.0722,
        "13": 0.083,
        "14": 0.0874,
        "15": 0.096,
        "16": 0.111,
        "17": 0.128,
        "18": 0.132,
        "19": 0.15,
        "20": 0.161,
        "21": 0.161,
        "22": 0.15,
        "23": 0.138,
        "24": 0.141,
        "25": 0.13,
        "26": 0.125,
        "27": 0.127,
        "28": 0.128,
        "29": 0.141,
        "30": 0.133,
        "31": 0.129,
        "32": 0.18
    },
    "gsm8k_rewrite_groundtruth_in_own_words": {
        "0": 0.103,
        "1": 0.0379,
        "2": 0.00313,
        "3": 0.00503,
        "4": 0.00703,
        "5": 0.0102,
        "6": 0.0145,
        "7": 0.0205,
        "8": 0.0269,
        "9": 0.0321,
        "10": 0.0385,
        "11": 0.0484,
        "12": 0.0565,
        "13": 0.0631,
        "14": 0.0708,
        "15": 0.0763,
        "16": 0.0858,
        "17": 0.094,
        "18": 0.1,
        "19": 0.113,
        "20": 0.121,
        "21": 0.117,
        "22": 0.112,
        "23": 0.106,
        "24": 0.112,
        "25": 0.104,
        "26": 0.0995,
        "27": 0.102,
        "28": 0.107,
        "29": 0.115,
        "30": 0.108,
        "31": 0.108,
        "32": 0.181
    },
    "math_algebra_gpt4": {
        "0": 0.124,
        "1": 0.0345,
        "2": 0.00327,
        "3": 0.00586,
        "4": 0.00845,
        "5": 0.0123,
        "6": 0.0161,
        "7": 0.022,
        "8": 0.0284,
        "9": 0.0356,
        "10": 0.04,
        "11": 0.0462,
        "12": 0.0536,
        "13": 0.0587,
        "14": 0.0626,
        "15": 0.0648,
        "16": 0.0735,
        "17": 0.0747,
        "18": 0.0755,
        "19": 0.0771,
        "20": 0.0764,
        "21": 0.0762,
        "22": 0.0733,
        "23": 0.0753,
        "24": 0.0811,
        "25": 0.0828,
        "26": 0.0873,
        "27": 0.0991,
        "28": 0.101,
        "29": 0.103,
        "30": 0.101,
        "31": 0.0988,
        "32": 0.127
    },
    "math_algebra_claude": {
        "0": 0.124,
        "1": 0.0369,
        "2": 0.00205,
        "3": 0.00366,
        "4": 0.00552,
        "5": 0.00859,
        "6": 0.0118,
        "7": 0.017,
        "8": 0.0225,
        "9": 0.0275,
        "10": 0.0315,
        "11": 0.0362,
        "12": 0.042,
        "13": 0.0461,
        "14": 0.0485,
        "15": 0.0522,
        "16": 0.0615,
        "17": 0.0646,
        "18": 0.0667,
        "19": 0.0716,
        "20": 0.0736,
        "21": 0.0765,