{
    "hellaswag_step_by_step": {
        "0": 0.0912,
        "1": 0.0299,
        "2": 0.0332,
        "3": 0.0327,
        "4": 0.0164,
        "5": 0.0124,
        "6": 0.0133,
        "7": 0.0152,
        "8": 0.0173,
        "9": 0.0193,
        "10": 0.0215,
        "11": 0.0218,
        "12": 0.0213,
        "13": 0.0216,
        "14": 0.0225,
        "15": 0.0239,
        "16": 0.0258,
        "17": 0.0277,
        "18": 0.0291,
        "19": 0.0327,
        "20": 0.0449,
        "21": 0.0529,
        "22": 0.0622,
        "23": 0.0717,
        "24": 0.0757,
        "25": 0.0701,
        "26": 0.0674,
        "27": 0.0356,
        "28": 0.0564
    },
    "hellaswag_gpt4": {
        "0": 0.0948,
        "1": 0.0293,
        "2": 0.0311,
        "3": 0.0324,
        "4": 0.00789,
        "5": 0.0057,
        "6": 0.00607,
        "7": 0.00687,
        "8": 0.00824,
        "9": 0.00942,
        "10": 0.0107,
        "11": 0.0109,
        "12": 0.0105,
        "13": 0.0107,
        "14": 0.0115,
        "15": 0.0122,
        "16": 0.0131,
        "17": 0.0143,
        "18": 0.0149,
        "19": 0.0171,
        "20": 0.0237,
        "21": 0.0286,
        "22": 0.0354,
        "23": 0.042,
        "24": 0.0464,
        "25": 0.045,
        "26": 0.0447,
        "27": 0.0316,
        "28": 0.0557
    },
    "hellaswag_claude": {
        "0": 0.0972,
        "1": 0.0272,
        "2": 0.0272,
        "3": 0.0293,
        "4": 0.00444,
        "5": 0.00342,
        "6": 0.00391,
        "7": 0.00456,
        "8": 0.00558,
        "9": 0.00636,
        "10": 0.00734,
        "11": 0.00734,
        "12": 0.00731,
        "13": 0.00752,
        "14": 0.00822,
        "15": 0.00902,
        "16": 0.00978,
        "17": 0.0109,
        "18": 0.0114,
        "19": 0.0134,
        "20": 0.0189,
        "21": 0.0235,
        "22": 0.0303,
        "23": 0.0369,
        "24": 0.0415,
        "25": 0.041,
        "26": 0.0415,
        "27": 0.0307,
        "28": 0.0627
    },
    "hellaswag_mini_gpt4": {
        "0": 0.0952,
        "1": 0.0281,
        "2": 0.0287,
        "3": 0.0297,
        "4": 0.0076,
        "5": 0.00365,
        "6": 0.00369,
        "7": 0.00433,
        "8": 0.00527,
        "9": 0.00602,
        "10": 0.00679,
        "11": 0.00698,
        "12": 0.00661,
        "13": 0.00688,
        "14": 0.00737,
        "15": 0.00791,
        "16": 0.00872,
        "17": 0.0097,
        "18": 0.0101,
        "19": 0.0117,
        "20": 0.0167,
        "21": 0.0206,
        "22": 0.0264,
        "23": 0.0319,
        "24": 0.0359,
        "25": 0.0357,
        "26": 0.0362,
        "27": 0.0297,
        "28": 0.0593
    },
    "hellaswag_groundtruth": {
        "0": 0.762,
        "1": 0.362,
        "2": 0.279,
        "3": 0.291,
        "4": 0.00462,
        "5": 0.0035,
        "6": 0.00387,
        "7": 0.00452,
        "8": 0.00542,
        "9": 0.00646,
        "10": 0.00744,
        "11": 0.00798,
        "12": 0.00802,
        "13": 0.00771,
        "14": 0.00926,
        "15": 0.0101,
        "16": 0.0117,
        "17": 0.0127,
        "18": 0.0133,
        "19": 0.0163,
        "20": 0.0247,
        "21": 0.0331,
        "22": 0.0491,
        "23": 0.0711,
        "24": 0.109,
        "25": 0.15,
        "26": 0.195,
        "27": 0.316,
        "28": 1.01
    },
    "hellaswag_gpt4_style_in_context_examples": {
        "0": 0.103,
        "1": 0.0322,
        "2": 0.0345,
        "3": 0.0339,
        "4": 0.0158,
        "5": 0.0119,
        "6": 0.013,
        "7": 0.0147,
        "8": 0.0167,
        "9": 0.019,
        "10": 0.0208,
        "11": 0.0215,
        "12": 0.0211,
        "13": 0.0215,
        "14": 0.0225,
        "15": 0.0243,
        "16": 0.0265,
        "17": 0.0282,
        "18": 0.0295,
        "19": 0.0329,
        "20": 0.045,
        "21": 0.0527,
        "22": 0.0618,
        "23": 0.0719,
        "24": 0.0759,
        "25": 0.0701,
        "26": 0.0673,
        "27": 0.0355,
        "28": 0.0515
    },
    "hellaswag_openai_human_written_examples": {
        "0": 0.111,
        "1": 0.0319,
        "2": 0.0336,
        "3": 0.0348,
        "4": 0.00387,
        "5": 0.00296,
        "6": 0.00324,
        "7": 0.00396,
        "8": 0.00487,
        "9": 0.00568,
        "10": 0.00645,
        "11": 0.00671,
        "12": 0.00656,
        "13": 0.00659,
        "14": 0.00723,
        "15": 0.00788,
        "16": 0.00863,
        "17": 0.00949,
        "18": 0.0101,
        "19": 0.0118,
        "20": 0.0167,
        "21": 0.0205,
        "22": 0.0269,
        "23": 0.0333,
        "24": 0.0382,
        "25": 0.0384,
        "26": 0.0394,
        "27": 0.0321,
        "28": 0.0558
    }
}