{
    "agieval_step_by_step": {
        "0": 0.0511,
        "1": 0.0133,
        "2": 0.0143,
        "3": 0.0153,
        "4": 0.0112,
        "5": 0.00938,
        "6": 0.00856,
        "7": 0.00975,
        "8": 0.0111,
        "9": 0.0128,
        "10": 0.012,
        "11": 0.0126,
        "12": 0.0128,
        "13": 0.0127,
        "14": 0.0135,
        "15": 0.0127,
        "16": 0.0141,
        "17": 0.014,
        "18": 0.0147,
        "19": 0.0175,
        "20": 0.0211,
        "21": 0.0253,
        "22": 0.0245,
        "23": 0.0242,
        "24": 0.0217,
        "25": 0.0171,
        "26": 0.0169,
        "27": 0.0155,
        "28": 0.0255
    },
    "agieval_gpt4": {
        "0": 0.0505,
        "1": 0.015,
        "2": 0.0169,
        "3": 0.0187,
        "4": 0.014,
        "5": 0.0119,
        "6": 0.0109,
        "7": 0.0121,
        "8": 0.0136,
        "9": 0.0154,
        "10": 0.0142,
        "11": 0.0151,
        "12": 0.0154,
        "13": 0.0151,
        "14": 0.016,
        "15": 0.0151,
        "16": 0.0168,
        "17": 0.0167,
        "18": 0.0173,
        "19": 0.0203,
        "20": 0.024,
        "21": 0.0287,
        "22": 0.028,
        "23": 0.0283,
        "24": 0.0251,
        "25": 0.0199,
        "26": 0.0194,
        "27": 0.0169,
        "28": 0.0247
    },
    "agieval_claude": {
        "0": 0.0599,
        "1": 0.0159,
        "2": 0.0162,
        "3": 0.0164,
        "4": 0.0195,
        "5": 0.0157,
        "6": 0.0144,
        "7": 0.016,
        "8": 0.0178,
        "9": 0.02,
        "10": 0.0187,
        "11": 0.0199,
        "12": 0.0202,
        "13": 0.0199,
        "14": 0.0207,
        "15": 0.0195,
        "16": 0.0212,
        "17": 0.0211,
        "18": 0.0218,
        "19": 0.0251,
        "20": 0.0277,
        "21": 0.0321,
        "22": 0.0313,
        "23": 0.0315,
        "24": 0.0273,
        "25": 0.021,
        "26": 0.0196,
        "27": 0.015,
        "28": 0.0225
    },
    "agieval_mini_gpt4": {
        "0": 0.0481,
        "1": 0.0136,
        "2": 0.0149,
        "3": 0.016,
        "4": 0.0136,
        "5": 0.0113,
        "6": 0.0104,
        "7": 0.0116,
        "8": 0.013,
        "9": 0.0148,
        "10": 0.0139,
        "11": 0.0148,
        "12": 0.0151,
        "13": 0.0149,
        "14": 0.0156,
        "15": 0.015,
        "16": 0.0165,
        "17": 0.0165,
        "18": 0.0173,
        "19": 0.02,
        "20": 0.0232,
        "21": 0.0277,
        "22": 0.0272,
        "23": 0.0275,
        "24": 0.0242,
        "25": 0.019,
        "26": 0.0182,
        "27": 0.0145,
        "28": 0.02
    },
    "agieval_groundtruth": {
        "0": 0.781,
        "1": 0.369,
        "2": 0.359,
        "3": 0.358,
        "4": 0.0765,
        "5": 0.0575,
        "6": 0.0582,
        "7": 0.0661,
        "8": 0.0711,
        "9": 0.0799,
        "10": 0.0827,
        "11": 0.0871,
        "12": 0.0852,
        "13": 0.0836,
        "14": 0.0895,
        "15": 0.0921,
        "16": 0.101,
        "17": 0.104,
        "18": 0.109,
        "19": 0.124,
        "20": 0.166,
        "21": 0.205,
        "22": 0.244,
        "23": 0.301,
        "24": 0.363,
        "25": 0.4,
        "26": 0.451,
        "27": 0.42,
        "28": 0.925
    },
    "agieval_gpt4_style_in_context_examples": {
        "0": 0.0529,
        "1": 0.0138,
        "2": 0.0146,
        "3": 0.0152,
        "4": 0.00959,
        "5": 0.0082,
        "6": 0.00762,
        "7": 0.00845,
        "8": 0.0099,
        "9": 0.0115,
        "10": 0.0108,
        "11": 0.0116,
        "12": 0.0118,
        "13": 0.0118,
        "14": 0.0126,
        "15": 0.0118,
        "16": 0.0132,
        "17": 0.013,
        "18": 0.0136,
        "19": 0.0163,
        "20": 0.0198,
        "21": 0.0242,
        "22": 0.0234,
        "23": 0.0236,
        "24": 0.0211,
        "25": 0.0171,
        "26": 0.0168,
        "27": 0.0155,
        "28": 0.0241
    },
    "agieval_openai_human_written_examples": {
        "0": 0.0508,
        "1": 0.0144,
        "2": 0.0157,
        "3": 0.0168,
        "4": 0.0133,
        "5": 0.0111,
        "6": 0.0102,
        "7": 0.0115,
        "8": 0.013,
        "9": 0.0147,
        "10": 0.0138,
        "11": 0.0146,
        "12": 0.0148,
        "13": 0.0145,
        "14": 0.0155,
        "15": 0.0145,
        "16": 0.0165,
        "17": 0.0163,
        "18": 0.017,
        "19": 0.02,
        "20": 0.0237,
        "21": 0.0283,
        "22": 0.0274,
        "23": 0.0276,
        "24": 0.0245,
        "25": 0.019,
        "26": 0.0187,
        "27": 0.0165,
        "28": 0.0234
    }
}