{
    "api_bank_step_by_step": {
        "0": 0.0765,
        "1": 0.0562,
        "2": 0.0286,
        "3": 0.0389,
        "4": 0.068,
        "5": 0.0882,
        "6": 0.108,
        "7": 0.116,
        "8": 0.121,
        "9": 0.128,
        "10": 0.137,
        "11": 0.144,
        "12": 0.146,
        "13": 0.139,
        "14": 0.144,
        "15": 0.149,
        "16": 0.142,
        "17": 0.132,
        "18": 0.129,
        "19": 0.119,
        "20": 0.108,
        "21": 0.105,
        "22": 0.0965,
        "23": 0.0879,
        "24": 0.0776,
        "25": 0.0707,
        "26": 0.0676,
        "27": 0.0598,
        "28": 0.0554,
        "29": 0.0549,
        "30": 0.0525,
        "31": 0.0658,
        "32": 0.126
    },
    "api_bank_gpt4": {
        "0": 0.0721,
        "1": 0.0455,
        "2": 0.0155,
        "3": 0.0218,
        "4": 0.039,
        "5": 0.0521,
        "6": 0.0655,
        "7": 0.0719,
        "8": 0.0776,
        "9": 0.0839,
        "10": 0.0896,
        "11": 0.096,
        "12": 0.0999,
        "13": 0.0975,
        "14": 0.103,
        "15": 0.107,
        "16": 0.105,
        "17": 0.0998,
        "18": 0.0996,
        "19": 0.0931,
        "20": 0.0846,
        "21": 0.0835,
        "22": 0.0777,
        "23": 0.0722,
        "24": 0.0646,
        "25": 0.059,
        "26": 0.057,
        "27": 0.0511,
        "28": 0.0479,
        "29": 0.0476,
        "30": 0.0462,
        "31": 0.0592,
        "32": 0.109
    },
    "api_bank_claude": {
        "0": 0.0745,
        "1": 0.0485,
        "2": 0.00765,
        "3": 0.0132,
        "4": 0.0238,
        "5": 0.0344,
        "6": 0.0434,
        "7": 0.0509,
        "8": 0.058,
        "9": 0.0645,
        "10": 0.0707,
        "11": 0.0763,
        "12": 0.0783,
        "13": 0.0811,
        "14": 0.0896,
        "15": 0.0941,
        "16": 0.0961,
        "17": 0.0935,
        "18": 0.0971,
        "19": 0.0921,
        "20": 0.085,
        "21": 0.0856,
        "22": 0.0823,
        "23": 0.0785,
        "24": 0.0716,
        "25": 0.0659,
        "26": 0.064,
        "27": 0.0573,
        "28": 0.0536,
        "29": 0.0536,
        "30": 0.0528,
        "31": 0.0657,
        "32": 0.14
    },
    "api_bank_mini_gpt4": {
        "0": 0.0659,
        "1": 0.0476,
        "2": 0.00895,
        "3": 0.014,
        "4": 0.026,
        "5": 0.0363,
        "6": 0.0461,
        "7": 0.0519,
        "8": 0.0575,
        "9": 0.0637,
        "10": 0.0695,
        "11": 0.0751,
        "12": 0.0781,
        "13": 0.0779,
        "14": 0.0845,
        "15": 0.0894,
        "16": 0.09,
        "17": 0.0867,
        "18": 0.0876,
        "19": 0.0832,
        "20": 0.0763,
        "21": 0.0759,
        "22": 0.0717,
        "23": 0.0679,
        "24": 0.0614,
        "25": 0.0564,
        "26": 0.0549,
        "27": 0.0495,
        "28": 0.0466,
        "29": 0.0466,
        "30": 0.0452,
        "31": 0.0578,
        "32": 0.114
    },
    "api_bank_groundtruth": {
        "0": 0.309,
        "1": 0.148,
        "2": 0.0113,
        "3": 0.0207,
        "4": 0.0392,
        "5": 0.0558,
        "6": 0.0727,
        "7": 0.0832,
        "8": 0.087,
        "9": 0.0995,
        "10": 0.118,
        "11": 0.128,
        "12": 0.135,
        "13": 0.153,
        "14": 0.167,
        "15": 0.18,
        "16": 0.201,
        "17": 0.227,
        "18": 0.246,
        "19": 0.257,
        "20": 0.264,
        "21": 0.268,
        "22": 0.277,
        "23": 0.278,
        "24": 0.274,
        "25": 0.273,
        "26": 0.268,
        "27": 0.264,
        "28": 0.256,
        "29": 0.257,
        "30": 0.241,
        "31": 0.275,
        "32": 0.416
    },
    "api_bank_gpt4_style_in_context_examples": {
        "0": 0.0751,
        "1": 0.0396,
        "2": 0.00451,
        "3": 0.00754,
        "4": 0.0131,
        "5": 0.0187,
        "6": 0.0242,
        "7": 0.0282,
        "8": 0.0333,
        "9": 0.0385,
        "10": 0.0422,
        "11": 0.0466,
        "12": 0.0491,
        "13": 0.0508,
        "14": 0.0563,
        "15": 0.0596,
        "16": 0.0606,
        "17": 0.0616,
        "18": 0.0646,
        "19": 0.0621,
        "20": 0.0579,
        "21": 0.0581,
        "22": 0.0569,
        "23": 0.0547,
        "24": 0.0507,
        "25": 0.0478,
        "26": 0.047,
        "27": 0.0427,
        "28": 0.0419,
        "29": 0.0424,
        "30": 0.0419,
        "31": 0.0564,
        "32": 0.122
    },
    "api_bank_openai_human_written_examples": {
        "0": 0.0704,
        "1": 0.0381,
        "2": 0.00651,
        "3": 0.0102,
        "4": 0.0184,
        "5": 0.0259,
        "6": 0.0336,
        "7": 0.0388,
        "8": 0.0453,
        "9": 0.0516,
        "10": 0.056,
        "11": 0.0619,
        "12": 0.0646,
        "13": 0.0667,
        "14": 0.0729,
        "15": 0.0765,
        "16": 0.0775,
        "17": 0.0771,
        "18": 0.0791,
        "19": 0.075,
        "20": 0.0692,
        "21": 0.0688,
        "22": 0.066,
        "23": 0.0625,
        "24": 0.0569,
        "25": 0.0528,
        "26": 0.0512,
        "27": 0.0463,
        "28": 0.0444,
        "29": 0.0446,
        "30": 0.0438,
        "31": 0.0587,
        "32": 0.117
    }
}