{
    "drop_step_by_step": {
        "0": 0.12,
        "1": 0.0398,
        "2": 0.042,
        "3": 0.0448,
        "4": 0.00964,
        "5": 0.0072,
        "6": 0.00791,
        "7": 0.00933,
        "8": 0.0105,
        "9": 0.0117,
        "10": 0.0146,
        "11": 0.0152,
        "12": 0.0148,
        "13": 0.0153,
        "14": 0.0168,
        "15": 0.0183,
        "16": 0.0199,
        "17": 0.0216,
        "18": 0.0227,
        "19": 0.0253,
        "20": 0.0361,
        "21": 0.0438,
        "22": 0.0568,
        "23": 0.0731,
        "24": 0.0893,
        "25": 0.0956,
        "26": 0.101,
        "27": 0.0566,
        "28": 0.12
    },
    "drop_gpt4": {
        "0": 0.094,
        "1": 0.0313,
        "2": 0.0314,
        "3": 0.0334,
        "4": 0.00669,
        "5": 0.00496,
        "6": 0.00503,
        "7": 0.00596,
        "8": 0.00657,
        "9": 0.0075,
        "10": 0.0085,
        "11": 0.00889,
        "12": 0.00886,
        "13": 0.00903,
        "14": 0.00977,
        "15": 0.0103,
        "16": 0.0111,
        "17": 0.0121,
        "18": 0.0124,
        "19": 0.0137,
        "20": 0.0192,
        "21": 0.0231,
        "22": 0.0303,
        "23": 0.0395,
        "24": 0.0499,
        "25": 0.0558,
        "26": 0.0607,
        "27": 0.0417,
        "28": 0.0878
    },
    "drop_claude": {
        "0": 0.124,
        "1": 0.0361,
        "2": 0.0373,
        "3": 0.0394,
        "4": 0.00317,
        "5": 0.0022,
        "6": 0.00254,
        "7": 0.00325,
        "8": 0.00364,
        "9": 0.00432,
        "10": 0.00515,
        "11": 0.00542,
        "12": 0.00559,
        "13": 0.00547,
        "14": 0.0063,
        "15": 0.00688,
        "16": 0.0074,
        "17": 0.00825,
        "18": 0.00881,
        "19": 0.00986,
        "20": 0.0152,
        "21": 0.0189,
        "22": 0.0262,
        "23": 0.0351,
        "24": 0.0462,
        "25": 0.0535,
        "26": 0.0601,
        "27": 0.0448,
        "28": 0.105
    },
    "drop_mini_gpt4": {
        "0": 0.0906,
        "1": 0.0305,
        "2": 0.0303,
        "3": 0.0318,
        "4": 0.0031,
        "5": 0.00227,
        "6": 0.00251,
        "7": 0.003,
        "8": 0.00339,
        "9": 0.0041,
        "10": 0.00493,
        "11": 0.0051,
        "12": 0.0051,
        "13": 0.00508,
        "14": 0.00571,
        "15": 0.0064,
        "16": 0.00688,
        "17": 0.00764,
        "18": 0.00803,
        "19": 0.00935,
        "20": 0.0139,
        "21": 0.0176,
        "22": 0.0245,
        "23": 0.0323,
        "24": 0.042,
        "25": 0.048,
        "26": 0.0532,
        "27": 0.0411,
        "28": 0.0994
    },
    "drop_groundtruth": {
        "0": 0.615,
        "1": 0.23,
        "2": 0.169,
        "3": 0.27,
        "4": 0.00261,
        "5": 0.00198,
        "6": 0.0019,
        "7": 0.00249,
        "8": 0.00283,
        "9": 0.00344,
        "10": 0.00486,
        "11": 0.0051,
        "12": 0.00522,
        "13": 0.00525,
        "14": 0.00581,
        "15": 0.00598,
        "16": 0.00674,
        "17": 0.00696,
        "18": 0.00684,
        "19": 0.00847,
        "20": 0.0121,
        "21": 0.0154,
        "22": 0.0236,
        "23": 0.0321,
        "24": 0.0509,
        "25": 0.0706,
        "26": 0.0938,
        "27": 0.173,
        "28": 0.381
    },
    "drop_gpt4_style_in_context_examples": {
        "0": 0.115,
        "1": 0.0374,
        "2": 0.0374,
        "3": 0.0404,
        "4": 0.00505,
        "5": 0.00391,
        "6": 0.00413,
        "7": 0.00498,
        "8": 0.00588,
        "9": 0.00676,
        "10": 0.0083,
        "11": 0.00881,
        "12": 0.00869,
        "13": 0.00894,
        "14": 0.00981,
        "15": 0.0109,
        "16": 0.0122,
        "17": 0.013,
        "18": 0.0136,
        "19": 0.0153,
        "20": 0.0226,
        "21": 0.0281,
        "22": 0.0387,
        "23": 0.0513,
        "24": 0.0658,
        "25": 0.0742,
        "26": 0.0806,
        "27": 0.0494,
        "28": 0.107
    },
    "drop_openai_human_written_examples": {
        "0": 0.101,
        "1": 0.0285,
        "2": 0.0273,
        "3": 0.0304,
        "4": 0.00198,
        "5": 0.00159,
        "6": 0.00178,
        "7": 0.002,
        "8": 0.00254,
        "9": 0.00288,
        "10": 0.00354,
        "11": 0.00388,
        "12": 0.00383,
        "13": 0.004,
        "14": 0.00447,
        "15": 0.00491,
        "16": 0.00535,
        "17": 0.00591,
        "18": 0.00637,
        "19": 0.00708,
        "20": 0.0103,
        "21": 0.0132,
        "22": 0.0192,
        "23": 0.0261,
        "24": 0.0351,
        "25": 0.0413,
        "26": 0.0467,
        "27": 0.0367,
        "28": 0.0881
    }
}