{
    "gsm8k_step_by_step": {
        "0": 0.084,
        "1": 0.0559,
        "2": 0.0145,
        "3": 0.0226,
        "4": 0.0384,
        "5": 0.0502,
        "6": 0.0604,
        "7": 0.0702,
        "8": 0.0766,
        "9": 0.0805,
        "10": 0.0879,
        "11": 0.0931,
        "12": 0.0923,
        "13": 0.0957,
        "14": 0.104,
        "15": 0.109,
        "16": 0.105,
        "17": 0.107,
        "18": 0.11,
        "19": 0.105,
        "20": 0.0956,
        "21": 0.0958,
        "22": 0.0887,
        "23": 0.0853,
        "24": 0.0751,
        "25": 0.0689,
        "26": 0.0669,
        "27": 0.0595,
        "28": 0.0577,
        "29": 0.0542,
        "30": 0.0566,
        "31": 0.0697,
        "32": 0.108
    },
    "gsm8k_gpt4": {
        "0": 0.0687,
        "1": 0.0388,
        "2": 0.00933,
        "3": 0.0143,
        "4": 0.0231,
        "5": 0.0302,
        "6": 0.0368,
        "7": 0.0428,
        "8": 0.0476,
        "9": 0.0507,
        "10": 0.0556,
        "11": 0.0583,
        "12": 0.0585,
        "13": 0.0618,
        "14": 0.0687,
        "15": 0.0716,
        "16": 0.0713,
        "17": 0.0729,
        "18": 0.0766,
        "19": 0.0737,
        "20": 0.0683,
        "21": 0.0694,
        "22": 0.0655,
        "23": 0.0634,
        "24": 0.0568,
        "25": 0.0526,
        "26": 0.0511,
        "27": 0.0458,
        "28": 0.0444,
        "29": 0.0419,
        "30": 0.0441,
        "31": 0.0539,
        "32": 0.084
    },
    "gsm8k_claude": {
        "0": 0.0778,
        "1": 0.0381,
        "2": 0.00905,
        "3": 0.0133,
        "4": 0.0214,
        "5": 0.0278,
        "6": 0.0345,
        "7": 0.041,
        "8": 0.0476,
        "9": 0.0505,
        "10": 0.0551,
        "11": 0.0587,
        "12": 0.0576,
        "13": 0.0611,
        "14": 0.0683,
        "15": 0.0709,
        "16": 0.0707,
        "17": 0.0766,
        "18": 0.0831,
        "19": 0.0817,
        "20": 0.0761,
        "21": 0.0782,
        "22": 0.0745,
        "23": 0.0718,
        "24": 0.0652,
        "25": 0.0606,
        "26": 0.059,
        "27": 0.0531,
        "28": 0.0523,
        "29": 0.0495,
        "30": 0.0522,
        "31": 0.065,
        "32": 0.106
    },
    "gsm8k_mini_gpt4": {
        "0": 0.0749,
        "1": 0.0424,
        "2": 0.0106,
        "3": 0.0159,
        "4": 0.0255,
        "5": 0.0332,
        "6": 0.0402,
        "7": 0.0467,
        "8": 0.0515,
        "9": 0.0543,
        "10": 0.0598,
        "11": 0.0628,
        "12": 0.0629,
        "13": 0.0659,
        "14": 0.0727,
        "15": 0.0764,
        "16": 0.0764,
        "17": 0.0782,
        "18": 0.0819,
        "19": 0.0792,
        "20": 0.0737,
        "21": 0.0747,
        "22": 0.0702,
        "23": 0.0677,
        "24": 0.0605,
        "25": 0.0562,
        "26": 0.0542,
        "27": 0.0482,
        "28": 0.047,
        "29": 0.0443,
        "30": 0.0464,
        "31": 0.0568,
        "32": 0.0888
    },
    "gsm8k_groundtruth": {
        "0": 0.127,
        "1": 0.057,
        "2": 0.00908,
        "3": 0.0135,
        "4": 0.0221,
        "5": 0.0308,
        "6": 0.0388,
        "7": 0.0466,
        "8": 0.0516,
        "9": 0.0583,
        "10": 0.0651,
        "11": 0.0686,
        "12": 0.0704,
        "13": 0.0778,
        "14": 0.0855,
        "15": 0.0899,
        "16": 0.093,
        "17": 0.0971,
        "18": 0.105,
        "19": 0.102,
        "20": 0.0962,
        "21": 0.0978,
        "22": 0.0941,
        "23": 0.0916,
        "24": 0.0831,
        "25": 0.0791,
        "26": 0.0789,
        "27": 0.074,
        "28": 0.0736,
        "29": 0.0719,
        "30": 0.0826,
        "31": 0.107,
        "32": 0.183
    },
    "gsm8k_gpt4_style_in_context_examples": {
        "0": 0.0663,
        "1": 0.0393,
        "2": 0.0108,
        "3": 0.0159,
        "4": 0.0255,
        "5": 0.033,
        "6": 0.04,
        "7": 0.0464,
        "8": 0.0515,
        "9": 0.0542,
        "10": 0.0597,
        "11": 0.0629,
        "12": 0.0632,
        "13": 0.0673,
        "14": 0.0739,
        "15": 0.0775,
        "16": 0.076,
        "17": 0.077,
        "18": 0.0795,
        "19": 0.0761,
        "20": 0.0705,
        "21": 0.0711,
        "22": 0.0661,
        "23": 0.0632,
        "24": 0.0565,
        "25": 0.052,
        "26": 0.0499,
        "27": 0.0439,
        "28": 0.0425,
        "29": 0.04,
        "30": 0.0419,
        "31": 0.0506,
        "32": 0.0752
    },
    "gsm8k_openai_human_written_examples": {
        "0": 0.0641,
        "1": 0.0343,
        "2": 0.00837,
        "3": 0.0116,
        "4": 0.0179,
        "5": 0.0234,
        "6": 0.0287,
        "7": 0.0336,
        "8": 0.0384,
        "9": 0.0417,
        "10": 0.0467,
        "11": 0.0495,
        "12": 0.0498,
        "13": 0.0541,
        "14": 0.0599,
        "15": 0.0628,
        "16": 0.0631,
        "17": 0.0656,
        "18": 0.0691,
        "19": 0.067,
        "20": 0.0622,
        "21": 0.0635,
        "22": 0.0607,
        "23": 0.0586,
        "24": 0.0531,
        "25": 0.0495,
        "26": 0.0484,
        "27": 0.0434,
        "28": 0.0421,
        "29": 0.04,
        "30": 0.0423,
        "31": 0.051,
        "32": 0.0768
    },
    "gsm8k_rewrite_groundtruth_in_own_words": {
        "0": 0.0922,
        "1": 0.0459,
        "2": 0.01,
        "3": 0.0147,
        "4": 0.0233,
        "5": 0.031,
        "6": 0.0382,
        "7": 0.0437,
        "8": 0.0495,
        "9": 0.053,
        "10": 0.0597,
        "11": 0.0634,
        "12": 0.0645,
        "13": 0.0694,
        "14": 0.0775,
        "15": 0.0807,
        "16": 0.0826,
        "17": 0.0856,
        "18": 0.0908,
        "19": 0.088,
        "20": 0.0839,
        "21": 0.0854,
        "22": 0.0819,
        "23": 0.0793,
        "24": 0.0727,
        "25": 0.0676,
        "26": 0.0667,
        "27": 0.0603,
        "28": 0.0585,
        "29": 0.0558,
        "30": 0.0578,
        "31": 0.0708,
        "32": 0.0988
    }
}