{
    "arc_challenge_step_by_step": {
        "0": 0.0659,
        "1": 0.018,
        "2": 0.0189,
        "3": 0.0192,
        "4": 0.00564,
        "5": 0.00432,
        "6": 0.00469,
        "7": 0.00505,
        "8": 0.0061,
        "9": 0.00703,
        "10": 0.00759,
        "11": 0.00801,
        "12": 0.00818,
        "13": 0.00833,
        "14": 0.00906,
        "15": 0.00935,
        "16": 0.0104,
        "17": 0.0106,
        "18": 0.0112,
        "19": 0.0128,
        "20": 0.0166,
        "21": 0.0197,
        "22": 0.0224,
        "23": 0.0254,
        "24": 0.0249,
        "25": 0.0221,
        "26": 0.0214,
        "27": 0.0163,
        "28": 0.0406
    },
    "arc_challenge_gpt4": {
        "0": 0.0655,
        "1": 0.0186,
        "2": 0.0198,
        "3": 0.0208,
        "4": 0.00635,
        "5": 0.00486,
        "6": 0.00513,
        "7": 0.00557,
        "8": 0.00667,
        "9": 0.00798,
        "10": 0.00884,
        "11": 0.00896,
        "12": 0.00903,
        "13": 0.00911,
        "14": 0.0102,
        "15": 0.0104,
        "16": 0.0118,
        "17": 0.0124,
        "18": 0.0129,
        "19": 0.0147,
        "20": 0.0193,
        "21": 0.0228,
        "22": 0.0263,
        "23": 0.0295,
        "24": 0.0295,
        "25": 0.0263,
        "26": 0.0254,
        "27": 0.0184,
        "28": 0.0416
    },
    "arc_challenge_claude": {
        "0": 0.0648,
        "1": 0.0169,
        "2": 0.0178,
        "3": 0.0177,
        "4": 0.005,
        "5": 0.004,
        "6": 0.00415,
        "7": 0.00469,
        "8": 0.00566,
        "9": 0.00671,
        "10": 0.00715,
        "11": 0.00718,
        "12": 0.00757,
        "13": 0.00769,
        "14": 0.00823,
        "15": 0.00854,
        "16": 0.00935,
        "17": 0.00972,
        "18": 0.0103,
        "19": 0.012,
        "20": 0.0152,
        "21": 0.0182,
        "22": 0.0208,
        "23": 0.0233,
        "24": 0.0227,
        "25": 0.02,
        "26": 0.0194,
        "27": 0.0145,
        "28": 0.0302
    },
    "arc_challenge_mini_gpt4": {
        "0": 0.0624,
        "1": 0.0166,
        "2": 0.0172,
        "3": 0.0182,
        "4": 0.00459,
        "5": 0.00356,
        "6": 0.00371,
        "7": 0.00398,
        "8": 0.00505,
        "9": 0.00583,
        "10": 0.00642,
        "11": 0.00635,
        "12": 0.00669,
        "13": 0.00681,
        "14": 0.0075,
        "15": 0.00781,
        "16": 0.00869,
        "17": 0.00891,
        "18": 0.00947,
        "19": 0.0107,
        "20": 0.0135,
        "21": 0.0159,
        "22": 0.0183,
        "23": 0.0202,
        "24": 0.0195,
        "25": 0.0172,
        "26": 0.0167,
        "27": 0.0149,
        "28": 0.0318
    },
    "arc_challenge_groundtruth": {
        "0": 0.763,
        "1": 0.353,
        "2": 0.314,
        "3": 0.34,
        "4": 0.0285,
        "5": 0.0208,
        "6": 0.0226,
        "7": 0.0258,
        "8": 0.0294,
        "9": 0.0351,
        "10": 0.0408,
        "11": 0.0428,
        "12": 0.0426,
        "13": 0.0427,
        "14": 0.0466,
        "15": 0.0498,
        "16": 0.055,
        "17": 0.0575,
        "18": 0.0607,
        "19": 0.0701,
        "20": 0.0997,
        "21": 0.125,
        "22": 0.164,
        "23": 0.214,
        "24": 0.274,
        "25": 0.318,
        "26": 0.371,
        "27": 0.409,
        "28": 0.805
    },
    "arc_challenge_gpt4_style_in_context_examples": {
        "0": 0.0692,
        "1": 0.0176,
        "2": 0.0189,
        "3": 0.0189,
        "4": 0.00637,
        "5": 0.00476,
        "6": 0.00525,
        "7": 0.00579,
        "8": 0.00725,
        "9": 0.00828,
        "10": 0.00889,
        "11": 0.00933,
        "12": 0.00969,
        "13": 0.00964,
        "14": 0.0106,
        "15": 0.0111,
        "16": 0.0123,
        "17": 0.0126,
        "18": 0.0133,
        "19": 0.0151,
        "20": 0.0198,
        "21": 0.0233,
        "22": 0.0267,
        "23": 0.03,
        "24": 0.0298,
        "25": 0.0266,
        "26": 0.0256,
        "27": 0.0185,
        "28": 0.0388
    },
    "arc_challenge_openai_human_written_examples": {
        "0": 0.088,
        "1": 0.0223,
        "2": 0.0253,
        "3": 0.0278,
        "4": 0.00989,
        "5": 0.00742,
        "6": 0.00784,
        "7": 0.00894,
        "8": 0.0104,
        "9": 0.0122,
        "10": 0.0133,
        "11": 0.0136,
        "12": 0.0139,
        "13": 0.014,
        "14": 0.0151,
        "15": 0.0159,
        "16": 0.0177,
        "17": 0.0185,
        "18": 0.0196,
        "19": 0.0222,
        "20": 0.0296,
        "21": 0.0346,
        "22": 0.0399,
        "23": 0.0448,
        "24": 0.0455,
        "25": 0.0404,
        "26": 0.0395,
        "27": 0.0308,
        "28": 0.0648
    }
}