{
    "api_bank_step_by_step": {
        "0": 0.0783,
        "1": 0.0557,
        "2": 0.0253,
        "3": 0.0347,
        "4": 0.0634,
        "5": 0.0827,
        "6": 0.103,
        "7": 0.111,
        "8": 0.116,
        "9": 0.124,
        "10": 0.133,
        "11": 0.14,
        "12": 0.142,
        "13": 0.136,
        "14": 0.142,
        "15": 0.147,
        "16": 0.141,
        "17": 0.132,
        "18": 0.129,
        "19": 0.119,
        "20": 0.107,
        "21": 0.105,
        "22": 0.0969,
        "23": 0.0882,
        "24": 0.0777,
        "25": 0.0706,
        "26": 0.0676,
        "27": 0.0597,
        "28": 0.0554,
        "29": 0.0547,
        "30": 0.0527,
        "31": 0.0662,
        "32": 0.126
    },
    "api_bank_gpt4": {
        "0": 0.0749,
        "1": 0.0534,
        "2": 0.0165,
        "3": 0.0238,
        "4": 0.0445,
        "5": 0.0597,
        "6": 0.0751,
        "7": 0.0822,
        "8": 0.0876,
        "9": 0.0944,
        "10": 0.101,
        "11": 0.107,
        "12": 0.11,
        "13": 0.107,
        "14": 0.113,
        "15": 0.117,
        "16": 0.114,
        "17": 0.108,
        "18": 0.107,
        "19": 0.0996,
        "20": 0.0904,
        "21": 0.0893,
        "22": 0.0825,
        "23": 0.0763,
        "24": 0.0678,
        "25": 0.0618,
        "26": 0.0596,
        "27": 0.0532,
        "28": 0.0496,
        "29": 0.0492,
        "30": 0.048,
        "31": 0.061,
        "32": 0.115
    },
    "api_bank_claude": {
        "0": 0.0803,
        "1": 0.0524,
        "2": 0.00598,
        "3": 0.0107,
        "4": 0.0212,
        "5": 0.0324,
        "6": 0.0424,
        "7": 0.0505,
        "8": 0.0573,
        "9": 0.0645,
        "10": 0.0718,
        "11": 0.0768,
        "12": 0.0786,
        "13": 0.0809,
        "14": 0.09,
        "15": 0.0955,
        "16": 0.0974,
        "17": 0.0949,
        "18": 0.098,
        "19": 0.0932,
        "20": 0.086,
        "21": 0.0869,
        "22": 0.0836,
        "23": 0.0796,
        "24": 0.0722,
        "25": 0.0663,
        "26": 0.0645,
        "27": 0.0579,
        "28": 0.0541,
        "29": 0.0542,
        "30": 0.0535,
        "31": 0.0667,
        "32": 0.143
    },
    "api_bank_mini_gpt4": {
        "0": 0.072,
        "1": 0.0524,
        "2": 0.00677,
        "3": 0.0107,
        "4": 0.0217,
        "5": 0.0319,
        "6": 0.0421,
        "7": 0.0485,
        "8": 0.0538,
        "9": 0.0604,
        "10": 0.0673,
        "11": 0.0725,
        "12": 0.0751,
        "13": 0.0765,
        "14": 0.0833,
        "15": 0.0883,
        "16": 0.0898,
        "17": 0.0872,
        "18": 0.0882,
        "19": 0.0839,
        "20": 0.0772,
        "21": 0.0773,
        "22": 0.0729,
        "23": 0.069,
        "24": 0.0622,
        "25": 0.0572,
        "26": 0.056,
        "27": 0.0504,
        "28": 0.0475,
        "29": 0.0475,
        "30": 0.0465,
        "31": 0.0598,
        "32": 0.118
    },
    "api_bank_groundtruth": {
        "0": 0.302,
        "1": 0.137,
        "2": 0.00737,
        "3": 0.0143,
        "4": 0.0307,
        "5": 0.0458,
        "6": 0.0623,
        "7": 0.0727,
        "8": 0.0774,
        "9": 0.0902,
        "10": 0.108,
        "11": 0.118,
        "12": 0.125,
        "13": 0.143,
        "14": 0.157,
        "15": 0.169,
        "16": 0.19,
        "17": 0.214,
        "18": 0.232,
        "19": 0.244,
        "20": 0.25,
        "21": 0.254,
        "22": 0.263,
        "23": 0.264,
        "24": 0.261,
        "25": 0.26,
        "26": 0.255,
        "27": 0.251,
        "28": 0.244,
        "29": 0.244,
        "30": 0.229,
        "31": 0.262,
        "32": 0.398
    },
    "api_bank_gpt4_style_in_context_examples": {
        "0": 0.0824,
        "1": 0.0451,
        "2": 0.00347,
        "3": 0.00584,
        "4": 0.0122,
        "5": 0.0185,
        "6": 0.0255,
        "7": 0.0303,
        "8": 0.0361,
        "9": 0.0419,
        "10": 0.0469,
        "11": 0.0517,
        "12": 0.0545,
        "13": 0.057,
        "14": 0.0633,
        "15": 0.0665,
        "16": 0.068,
        "17": 0.069,
        "18": 0.0719,
        "19": 0.0689,
        "20": 0.0641,
        "21": 0.0646,
        "22": 0.0629,
        "23": 0.0603,
        "24": 0.0555,
        "25": 0.0518,
        "26": 0.0511,
        "27": 0.0464,
        "28": 0.0451,
        "29": 0.0457,
        "30": 0.0454,
        "31": 0.0606,
        "32": 0.13
    },
    "api_bank_openai_human_written_examples": {
        "0": 0.0759,
        "1": 0.0429,
        "2": 0.00645,
        "3": 0.0105,
        "4": 0.0207,
        "5": 0.0306,
        "6": 0.041,
        "7": 0.0473,
        "8": 0.0543,
        "9": 0.0612,
        "10": 0.0676,
        "11": 0.0734,
        "12": 0.0766,
        "13": 0.0779,
        "14": 0.0849,
        "15": 0.0885,
        "16": 0.0891,
        "17": 0.0873,
        "18": 0.0884,
        "19": 0.0835,
        "20": 0.0764,
        "21": 0.0758,
        "22": 0.0721,
        "23": 0.0678,
        "24": 0.0611,
        "25": 0.0564,
        "26": 0.0546,
        "27": 0.0491,
        "28": 0.0469,
        "29": 0.047,
        "30": 0.0462,
        "31": 0.0611,
        "32": 0.12
    }
}