{
    "mmlu_moral_scenarios_step_by_step": {
        "0": 0.0451,
        "1": 0.0433,
        "2": 0.0213,
        "3": 0.0282,
        "4": 0.0483,
        "5": 0.0633,
        "6": 0.0777,
        "7": 0.0833,
        "8": 0.0893,
        "9": 0.0923,
        "10": 0.0986,
        "11": 0.105,
        "12": 0.106,
        "13": 0.099,
        "14": 0.105,
        "15": 0.106,
        "16": 0.106,
        "17": 0.0966,
        "18": 0.0973,
        "19": 0.0879,
        "20": 0.0796,
        "21": 0.0802,
        "22": 0.0743,
        "23": 0.0665,
        "24": 0.0594,
        "25": 0.0529,
        "26": 0.0528,
        "27": 0.0451,
        "28": 0.0437,
        "29": 0.0408,
        "30": 0.0405,
        "31": 0.0514,
        "32": 0.0989
    },
    "mmlu_moral_scenarios_gpt4": {
        "0": 0.0482,
        "1": 0.0286,
        "2": 0.00679,
        "3": 0.00879,
        "4": 0.0156,
        "5": 0.0225,
        "6": 0.03,
        "7": 0.0358,
        "8": 0.0416,
        "9": 0.0454,
        "10": 0.0501,
        "11": 0.0543,
        "12": 0.0553,
        "13": 0.0549,
        "14": 0.0615,
        "15": 0.0633,
        "16": 0.0667,
        "17": 0.063,
        "18": 0.0659,
        "19": 0.061,
        "20": 0.057,
        "21": 0.0595,
        "22": 0.0569,
        "23": 0.0516,
        "24": 0.0472,
        "25": 0.0423,
        "26": 0.0427,
        "27": 0.0365,
        "28": 0.0346,
        "29": 0.033,
        "30": 0.0325,
        "31": 0.0405,
        "32": 0.0872
    },
    "mmlu_moral_scenarios_claude": {
        "0": 0.0535,
        "1": 0.0244,
        "2": 0.00371,
        "3": 0.00542,
        "4": 0.0113,
        "5": 0.0175,
        "6": 0.0235,
        "7": 0.0296,
        "8": 0.0353,
        "9": 0.0391,
        "10": 0.0445,
        "11": 0.0486,
        "12": 0.0496,
        "13": 0.05,
        "14": 0.0564,
        "15": 0.0584,
        "16": 0.0624,
        "17": 0.0594,
        "18": 0.0643,
        "19": 0.0599,
        "20": 0.0567,
        "21": 0.0589,
        "22": 0.0582,
        "23": 0.0537,
        "24": 0.0489,
        "25": 0.0444,
        "26": 0.0448,
        "27": 0.0385,
        "28": 0.0363,
        "29": 0.0344,
        "30": 0.0336,
        "31": 0.0413,
        "32": 0.0896
    },
    "mmlu_moral_scenarios_mini_gpt4": {
        "0": 0.0464,
        "1": 0.0361,
        "2": 0.00264,
        "3": 0.00444,
        "4": 0.00908,
        "5": 0.0141,
        "6": 0.0195,
        "7": 0.0241,
        "8": 0.0291,
        "9": 0.0331,
        "10": 0.0383,
        "11": 0.0415,
        "12": 0.0424,
        "13": 0.0433,
        "14": 0.0502,
        "15": 0.0521,
        "16": 0.0568,
        "17": 0.0543,
        "18": 0.0586,
        "19": 0.0554,
        "20": 0.052,
        "21": 0.0551,
        "22": 0.0538,
        "23": 0.0494,
        "24": 0.0454,
        "25": 0.041,
        "26": 0.0417,
        "27": 0.0359,
        "28": 0.0337,
        "29": 0.0319,
        "30": 0.031,
        "31": 0.0381,
        "32": 0.0823
    },
    "mmlu_moral_scenarios_groundtruth": {
        "0": 0.577,
        "1": 0.192,
        "2": 0.0119,
        "3": 0.0236,
        "4": 0.0456,
        "5": 0.0681,
        "6": 0.0949,
        "7": 0.114,
        "8": 0.13,
        "9": 0.154,
        "10": 0.19,
        "11": 0.196,
        "12": 0.207,
        "13": 0.26,
        "14": 0.283,
        "15": 0.3,
        "16": 0.334,
        "17": 0.382,
        "18": 0.408,
        "19": 0.449,
        "20": 0.481,
        "21": 0.495,
        "22": 0.534,
        "23": 0.569,
        "24": 0.598,
        "25": 0.622,
        "26": 0.64,
        "27": 0.663,
        "28": 0.669,
        "29": 0.685,
        "30": 0.669,
        "31": 0.682,
        "32": 0.604
    },
    "mmlu_moral_scenarios_gpt4_style_in_context_examples": {
        "0": 0.0557,
        "1": 0.0315,
        "2": 0.0124,
        "3": 0.0186,
        "4": 0.0331,
        "5": 0.0457,
        "6": 0.0585,
        "7": 0.0657,
        "8": 0.0715,
        "9": 0.0733,
        "10": 0.0804,
        "11": 0.0859,
        "12": 0.0871,
        "13": 0.0833,
        "14": 0.0883,
        "15": 0.0915,
        "16": 0.0918,
        "17": 0.0854,
        "18": 0.0872,
        "19": 0.0786,
        "20": 0.0731,
        "21": 0.0745,
        "22": 0.0698,
        "23": 0.0625,
        "24": 0.0554,
        "25": 0.0495,
        "26": 0.0496,
        "27": 0.042,
        "28": 0.0407,
        "29": 0.0383,
        "30": 0.0368,
        "31": 0.0478,
        "32": 0.101
    },
    "mmlu_moral_scenarios_openai_human_written_examples": {
        "0": 0.0709,
        "1": 0.0398,
        "2": 0.00308,
        "3": 0.00542,
        "4": 0.0107,
        "5": 0.0167,
        "6": 0.0219,
        "7": 0.028,
        "8": 0.034,
        "9": 0.0387,
        "10": 0.0462,
        "11": 0.0494,
        "12": 0.0509,
        "13": 0.0536,
        "14": 0.0599,
        "15": 0.0625,
        "16": 0.069,
        "17": 0.0658,
        "18": 0.072,
        "19": 0.0691,
        "20": 0.0661,
        "21": 0.0694,
        "22": 0.0695,
        "23": 0.0649,
        "24": 0.0609,
        "25": 0.0557,
        "26": 0.0564,
        "27": 0.0496,
        "28": 0.047,
        "29": 0.045,
        "30": 0.0445,
        "31": 0.0559,
        "32": 0.116
    }
}