{
    "mmlu_moral_scenarios_step_by_step": {
        "0": 0.0943,
        "1": 0.0344,
        "2": 0.0113,
        "3": 0.0152,
        "4": 0.018,
        "5": 0.0237,
        "6": 0.0315,
        "7": 0.0413,
        "8": 0.0521,
        "9": 0.054,
        "10": 0.0642,
        "11": 0.0753,
        "12": 0.0857,
        "13": 0.098,
        "14": 0.0938,
        "15": 0.0966,
        "16": 0.106,
        "17": 0.124,
        "18": 0.123,
        "19": 0.142,
        "20": 0.148,
        "21": 0.14,
        "22": 0.127,
        "23": 0.118,
        "24": 0.119,
        "25": 0.113,
        "26": 0.103,
        "27": 0.106,
        "28": 0.104,
        "29": 0.108,
        "30": 0.0949,
        "31": 0.0929,
        "32": 0.187
    },
    "mmlu_moral_scenarios_gpt4": {
        "0": 0.096,
        "1": 0.0266,
        "2": 0.00796,
        "3": 0.00869,
        "4": 0.00996,
        "5": 0.0126,
        "6": 0.0169,
        "7": 0.0221,
        "8": 0.0289,
        "9": 0.0313,
        "10": 0.0386,
        "11": 0.0464,
        "12": 0.0517,
        "13": 0.0598,
        "14": 0.0599,
        "15": 0.0614,
        "16": 0.0726,
        "17": 0.0895,
        "18": 0.0915,
        "19": 0.108,
        "20": 0.115,
        "21": 0.111,
        "22": 0.104,
        "23": 0.0989,
        "24": 0.0994,
        "25": 0.0954,
        "26": 0.0884,
        "27": 0.0894,
        "28": 0.0874,
        "29": 0.0906,
        "30": 0.0786,
        "31": 0.0767,
        "32": 0.15
    },
    "mmlu_moral_scenarios_claude": {
        "0": 0.106,
        "1": 0.0286,
        "2": 0.00771,
        "3": 0.00864,
        "4": 0.00996,
        "5": 0.0125,
        "6": 0.0176,
        "7": 0.0231,
        "8": 0.0304,
        "9": 0.0336,
        "10": 0.0405,
        "11": 0.0481,
        "12": 0.0545,
        "13": 0.0641,
        "14": 0.0656,
        "15": 0.0702,
        "16": 0.0828,
        "17": 0.0982,
        "18": 0.0992,
        "19": 0.12,
        "20": 0.129,
        "21": 0.123,
        "22": 0.114,
        "23": 0.11,
        "24": 0.113,
        "25": 0.108,
        "26": 0.0995,
        "27": 0.1,
        "28": 0.0987,
        "29": 0.101,
        "30": 0.0868,
        "31": 0.0835,
        "32": 0.17
    },
    "mmlu_moral_scenarios_mini_gpt4": {
        "0": 0.0964,
        "1": 0.0264,
        "2": 0.00776,
        "3": 0.00854,
        "4": 0.00996,
        "5": 0.0123,
        "6": 0.0167,
        "7": 0.0219,
        "8": 0.0287,
        "9": 0.0311,
        "10": 0.0374,
        "11": 0.0433,
        "12": 0.049,
        "13": 0.0585,
        "14": 0.0605,
        "15": 0.063,
        "16": 0.0756,
        "17": 0.0914,
        "18": 0.0938,
        "19": 0.111,
        "20": 0.119,
        "21": 0.114,
        "22": 0.106,
        "23": 0.102,
        "24": 0.103,
        "25": 0.0993,
        "26": 0.0917,
        "27": 0.093,
        "28": 0.0912,
        "29": 0.0938,
        "30": 0.0815,
        "31": 0.0786,
        "32": 0.155
    },
    "mmlu_moral_scenarios_groundtruth": {
        "0": 0.753,
        "1": 0.669,
        "2": 0.0312,
        "3": 0.0378,
        "4": 0.0437,
        "5": 0.0511,
        "6": 0.0639,
        "7": 0.0797,
        "8": 0.103,
        "9": 0.107,
        "10": 0.129,
        "11": 0.144,
        "12": 0.16,
        "13": 0.186,
        "14": 0.186,
        "15": 0.2,
        "16": 0.239,
        "17": 0.307,
        "18": 0.314,
        "19": 0.399,
        "20": 0.446,
        "21": 0.47,
        "22": 0.463,
        "23": 0.467,
        "24": 0.492,
        "25": 0.491,
        "26": 0.494,
        "27": 0.536,
        "28": 0.579,
        "29": 0.669,
        "30": 0.724,
        "31": 0.834,
        "32": 0.802
    },
    "mmlu_moral_scenarios_gpt4_style_in_context_examples": {
        "0": 0.117,
        "1": 0.041,
        "2": 0.0103,
        "3": 0.0146,
        "4": 0.0184,
        "5": 0.0258,
        "6": 0.0362,
        "7": 0.0465,
        "8": 0.0618,
        "9": 0.0635,
        "10": 0.0745,
        "11": 0.0871,
        "12": 0.0979,
        "13": 0.114,
        "14": 0.107,
        "15": 0.11,
        "16": 0.124,
        "17": 0.142,
        "18": 0.134,
        "19": 0.153,
        "20": 0.153,
        "21": 0.142,
        "22": 0.129,
        "23": 0.122,
        "24": 0.124,
        "25": 0.119,
        "26": 0.11,
        "27": 0.113,
        "28": 0.111,
        "29": 0.116,
        "30": 0.101,
        "31": 0.0996,
        "32": 0.2
    },
    "mmlu_moral_scenarios_openai_human_written_examples": {
        "0": 0.107,
        "1": 0.0315,
        "2": 0.00776,
        "3": 0.00879,
        "4": 0.0102,
        "5": 0.0126,
        "6": 0.0165,
        "7": 0.0218,
        "8": 0.0287,
        "9": 0.0308,
        "10": 0.0379,
        "11": 0.0459,
        "12": 0.0508,
        "13": 0.0599,
        "14": 0.062,
        "15": 0.0646,
        "16": 0.0792,
        "17": 0.1,
        "18": 0.105,
        "19": 0.127,
        "20": 0.137,
        "21": 0.133,
        "22": 0.124,
        "23": 0.119,
        "24": 0.122,
        "25": 0.117,
        "26": 0.109,
        "27": 0.112,
        "28": 0.112,
        "29": 0.117,
        "30": 0.102,
        "31": 0.0987,
        "32": 0.192
    }
}