{
    "piqa_step_by_step": {
        "0": 0.0843,
        "1": 0.025,
        "2": 0.026,
        "3": 0.0279,
        "4": 0.0112,
        "5": 0.0082,
        "6": 0.00876,
        "7": 0.0102,
        "8": 0.0118,
        "9": 0.0134,
        "10": 0.0146,
        "11": 0.0149,
        "12": 0.0147,
        "13": 0.015,
        "14": 0.016,
        "15": 0.0172,
        "16": 0.0187,
        "17": 0.0196,
        "18": 0.0206,
        "19": 0.0241,
        "20": 0.0325,
        "21": 0.039,
        "22": 0.0463,
        "23": 0.0527,
        "24": 0.0531,
        "25": 0.0479,
        "26": 0.0466,
        "27": 0.0314,
        "28": 0.0558
    },
    "piqa_gpt4": {
        "0": 0.0828,
        "1": 0.0267,
        "2": 0.0273,
        "3": 0.031,
        "4": 0.00332,
        "5": 0.00254,
        "6": 0.00249,
        "7": 0.00317,
        "8": 0.00396,
        "9": 0.00496,
        "10": 0.00547,
        "11": 0.00574,
        "12": 0.00562,
        "13": 0.00596,
        "14": 0.00627,
        "15": 0.00676,
        "16": 0.0074,
        "17": 0.00786,
        "18": 0.00798,
        "19": 0.00979,
        "20": 0.0131,
        "21": 0.0163,
        "22": 0.0212,
        "23": 0.0252,
        "24": 0.0273,
        "25": 0.0264,
        "26": 0.0274,
        "27": 0.028,
        "28": 0.0413
    },
    "piqa_claude": {
        "0": 0.0757,
        "1": 0.024,
        "2": 0.0239,
        "3": 0.025,
        "4": 0.00479,
        "5": 0.00386,
        "6": 0.00388,
        "7": 0.00474,
        "8": 0.00596,
        "9": 0.0072,
        "10": 0.00825,
        "11": 0.00867,
        "12": 0.00857,
        "13": 0.00906,
        "14": 0.00996,
        "15": 0.0104,
        "16": 0.0117,
        "17": 0.0125,
        "18": 0.0128,
        "19": 0.0155,
        "20": 0.0209,
        "21": 0.0259,
        "22": 0.0328,
        "23": 0.0378,
        "24": 0.0382,
        "25": 0.0349,
        "26": 0.0339,
        "27": 0.0247,
        "28": 0.0429
    },
    "piqa_mini_gpt4": {
        "0": 0.0812,
        "1": 0.0247,
        "2": 0.0239,
        "3": 0.0266,
        "4": 0.00249,
        "5": 0.00193,
        "6": 0.0021,
        "7": 0.00256,
        "8": 0.003,
        "9": 0.00403,
        "10": 0.00452,
        "11": 0.00479,
        "12": 0.00459,
        "13": 0.00483,
        "14": 0.0052,
        "15": 0.00571,
        "16": 0.0063,
        "17": 0.00664,
        "18": 0.00693,
        "19": 0.00835,
        "20": 0.0119,
        "21": 0.0147,
        "22": 0.0194,
        "23": 0.0234,
        "24": 0.0258,
        "25": 0.0253,
        "26": 0.0261,
        "27": 0.0263,
        "28": 0.0436
    },
    "piqa_groundtruth": {
        "0": 0.723,
        "1": 0.353,
        "2": 0.295,
        "3": 0.302,
        "4": 0.00847,
        "5": 0.0062,
        "6": 0.0063,
        "7": 0.00796,
        "8": 0.00935,
        "9": 0.0115,
        "10": 0.0146,
        "11": 0.0152,
        "12": 0.0157,
        "13": 0.0156,
        "14": 0.0181,
        "15": 0.0198,
        "16": 0.022,
        "17": 0.0238,
        "18": 0.025,
        "19": 0.03,
        "20": 0.0453,
        "21": 0.0591,
        "22": 0.0862,
        "23": 0.12,
        "24": 0.168,
        "25": 0.216,
        "26": 0.266,
        "27": 0.373,
        "28": 1.07
    },
    "piqa_gpt4_style_in_context_examples": {
        "0": 0.0918,
        "1": 0.0277,
        "2": 0.0271,
        "3": 0.031,
        "4": 0.00222,
        "5": 0.00176,
        "6": 0.00171,
        "7": 0.00212,
        "8": 0.00291,
        "9": 0.00366,
        "10": 0.00439,
        "11": 0.00481,
        "12": 0.00452,
        "13": 0.0051,
        "14": 0.00542,
        "15": 0.00569,
        "16": 0.00645,
        "17": 0.00684,
        "18": 0.00703,
        "19": 0.00845,
        "20": 0.0117,
        "21": 0.0145,
        "22": 0.0196,
        "23": 0.0235,
        "24": 0.0255,
        "25": 0.0251,
        "26": 0.0267,
        "27": 0.0314,
        "28": 0.0553
    },
    "piqa_openai_human_written_examples": {
        "0": 0.114,
        "1": 0.0338,
        "2": 0.0327,
        "3": 0.0392,
        "4": 0.0032,
        "5": 0.00244,
        "6": 0.00237,
        "7": 0.00291,
        "8": 0.00359,
        "9": 0.00449,
        "10": 0.00562,
        "11": 0.00588,
        "12": 0.00574,
        "13": 0.00593,
        "14": 0.00696,
        "15": 0.0073,
        "16": 0.00811,
        "17": 0.00869,
        "18": 0.00901,
        "19": 0.0106,
        "20": 0.0157,
        "21": 0.0193,
        "22": 0.0267,
        "23": 0.0329,
        "24": 0.0378,
        "25": 0.0386,
        "26": 0.0406,
        "27": 0.0416,
        "28": 0.0784
    }
}