{
    "api_bank_step_by_step": {
        "0": 0.278,
        "1": 0.0699,
        "2": 0.0769,
        "3": 0.0917,
        "4": 0.0162,
        "5": 0.0123,
        "6": 0.0133,
        "7": 0.0157,
        "8": 0.0177,
        "9": 0.0198,
        "10": 0.0221,
        "11": 0.023,
        "12": 0.0225,
        "13": 0.0226,
        "14": 0.0247,
        "15": 0.0269,
        "16": 0.0299,
        "17": 0.0324,
        "18": 0.035,
        "19": 0.0391,
        "20": 0.0556,
        "21": 0.0662,
        "22": 0.0819,
        "23": 0.102,
        "24": 0.115,
        "25": 0.116,
        "26": 0.121,
        "27": 0.075,
        "28": 0.434
    },
    "api_bank_gpt4": {
        "0": 0.276,
        "1": 0.0698,
        "2": 0.0747,
        "3": 0.0863,
        "4": 0.00781,
        "5": 0.00635,
        "6": 0.00679,
        "7": 0.00835,
        "8": 0.00962,
        "9": 0.0112,
        "10": 0.0121,
        "11": 0.0125,
        "12": 0.0126,
        "13": 0.0127,
        "14": 0.0143,
        "15": 0.0156,
        "16": 0.0176,
        "17": 0.0188,
        "18": 0.0206,
        "19": 0.0234,
        "20": 0.0325,
        "21": 0.0397,
        "22": 0.0522,
        "23": 0.0669,
        "24": 0.0793,
        "25": 0.0849,
        "26": 0.0922,
        "27": 0.0683,
        "28": 0.479
    },
    "api_bank_claude": {
        "0": 0.279,
        "1": 0.073,
        "2": 0.0772,
        "3": 0.088,
        "4": 0.00986,
        "5": 0.00786,
        "6": 0.0083,
        "7": 0.0102,
        "8": 0.0116,
        "9": 0.0133,
        "10": 0.0148,
        "11": 0.0156,
        "12": 0.0156,
        "13": 0.0156,
        "14": 0.0178,
        "15": 0.0195,
        "16": 0.0215,
        "17": 0.0231,
        "18": 0.0252,
        "19": 0.0282,
        "20": 0.0393,
        "21": 0.0478,
        "22": 0.0614,
        "23": 0.0781,
        "24": 0.0912,
        "25": 0.0953,
        "26": 0.101,
        "27": 0.0671,
        "28": 0.46
    },
    "api_bank_mini_gpt4": {
        "0": 0.279,
        "1": 0.0713,
        "2": 0.0776,
        "3": 0.0889,
        "4": 0.00981,
        "5": 0.00796,
        "6": 0.00825,
        "7": 0.00986,
        "8": 0.0116,
        "9": 0.0131,
        "10": 0.0143,
        "11": 0.0147,
        "12": 0.0146,
        "13": 0.0146,
        "14": 0.0164,
        "15": 0.0182,
        "16": 0.0201,
        "17": 0.0217,
        "18": 0.023,
        "19": 0.0258,
        "20": 0.0378,
        "21": 0.0461,
        "22": 0.0605,
        "23": 0.0779,
        "24": 0.0922,
        "25": 0.0972,
        "26": 0.103,
        "27": 0.0678,
        "28": 0.492
    },
    "api_bank_groundtruth": {
        "0": 0.248,
        "1": 0.0696,
        "2": 0.0625,
        "3": 0.0828,
        "4": 0.00732,
        "5": 0.00562,
        "6": 0.00601,
        "7": 0.00708,
        "8": 0.00815,
        "9": 0.00913,
        "10": 0.01,
        "11": 0.0111,
        "12": 0.011,
        "13": 0.0112,
        "14": 0.0125,
        "15": 0.0133,
        "16": 0.0146,
        "17": 0.0154,
        "18": 0.0162,
        "19": 0.0173,
        "20": 0.0238,
        "21": 0.0289,
        "22": 0.0379,
        "23": 0.0494,
        "24": 0.0614,
        "25": 0.069,
        "26": 0.0778,
        "27": 0.0542,
        "28": 0.192
    },
    "api_bank_gpt4_style_in_context_examples": {
        "0": 0.27,
        "1": 0.0702,
        "2": 0.074,
        "3": 0.0847,
        "4": 0.00708,
        "5": 0.00571,
        "6": 0.00581,
        "7": 0.00708,
        "8": 0.00845,
        "9": 0.00977,
        "10": 0.0107,
        "11": 0.0116,
        "12": 0.011,
        "13": 0.0113,
        "14": 0.0127,
        "15": 0.0139,
        "16": 0.0156,
        "17": 0.0167,
        "18": 0.0182,
        "19": 0.0204,
        "20": 0.0281,
        "21": 0.0342,
        "22": 0.0449,
        "23": 0.0579,
        "24": 0.0691,
        "25": 0.0753,
        "26": 0.0827,
        "27": 0.0649,
        "28": 0.453
    },
    "api_bank_openai_human_written_examples": {
        "0": 0.258,
        "1": 0.0662,
        "2": 0.0696,
        "3": 0.0801,
        "4": 0.00698,
        "5": 0.00566,
        "6": 0.00596,
        "7": 0.00737,
        "8": 0.00854,
        "9": 0.00991,
        "10": 0.0109,
        "11": 0.0119,
        "12": 0.0117,
        "13": 0.0116,
        "14": 0.0133,
        "15": 0.0143,
        "16": 0.0159,
        "17": 0.0168,
        "18": 0.0183,
        "19": 0.02,
        "20": 0.0278,
        "21": 0.0334,
        "22": 0.0443,
        "23": 0.0576,
        "24": 0.0691,
        "25": 0.0752,
        "26": 0.0824,
        "27": 0.062,
        "28": 0.439
    }
}