{
    "api_bank_step_by_step": {
        "0": 0.269,
        "1": 0.0742,
        "2": 0.081,
        "3": 0.1,
        "4": 0.0209,
        "5": 0.0157,
        "6": 0.0169,
        "7": 0.0196,
        "8": 0.0215,
        "9": 0.0232,
        "10": 0.027,
        "11": 0.0274,
        "12": 0.0267,
        "13": 0.0271,
        "14": 0.0293,
        "15": 0.0322,
        "16": 0.0354,
        "17": 0.0382,
        "18": 0.0405,
        "19": 0.0457,
        "20": 0.0657,
        "21": 0.0797,
        "22": 0.0998,
        "23": 0.128,
        "24": 0.149,
        "25": 0.154,
        "26": 0.16,
        "27": 0.0833,
        "28": 0.494
    },
    "api_bank_gpt4": {
        "0": 0.273,
        "1": 0.0715,
        "2": 0.0746,
        "3": 0.0917,
        "4": 0.00908,
        "5": 0.00679,
        "6": 0.00747,
        "7": 0.00898,
        "8": 0.01,
        "9": 0.0113,
        "10": 0.0125,
        "11": 0.0126,
        "12": 0.0125,
        "13": 0.0127,
        "14": 0.0141,
        "15": 0.0159,
        "16": 0.0177,
        "17": 0.0192,
        "18": 0.0207,
        "19": 0.0234,
        "20": 0.0348,
        "21": 0.0433,
        "22": 0.0575,
        "23": 0.076,
        "24": 0.0949,
        "25": 0.104,
        "26": 0.113,
        "27": 0.0725,
        "28": 0.534
    },
    "api_bank_claude": {
        "0": 0.29,
        "1": 0.078,
        "2": 0.0832,
        "3": 0.0998,
        "4": 0.0104,
        "5": 0.00811,
        "6": 0.00859,
        "7": 0.0106,
        "8": 0.012,
        "9": 0.0131,
        "10": 0.015,
        "11": 0.0156,
        "12": 0.0151,
        "13": 0.0155,
        "14": 0.0172,
        "15": 0.0195,
        "16": 0.0218,
        "17": 0.0235,
        "18": 0.0257,
        "19": 0.0299,
        "20": 0.0444,
        "21": 0.0554,
        "22": 0.0723,
        "23": 0.0938,
        "24": 0.115,
        "25": 0.124,
        "26": 0.132,
        "27": 0.076,
        "28": 0.558
    },
    "api_bank_mini_gpt4": {
        "0": 0.322,
        "1": 0.0836,
        "2": 0.0921,
        "3": 0.107,
        "4": 0.0137,
        "5": 0.0103,
        "6": 0.0112,
        "7": 0.0135,
        "8": 0.0151,
        "9": 0.0169,
        "10": 0.019,
        "11": 0.0193,
        "12": 0.0185,
        "13": 0.0188,
        "14": 0.0209,
        "15": 0.0232,
        "16": 0.0259,
        "17": 0.0283,
        "18": 0.0302,
        "19": 0.0347,
        "20": 0.0519,
        "21": 0.0644,
        "22": 0.0837,
        "23": 0.108,
        "24": 0.13,
        "25": 0.138,
        "26": 0.146,
        "27": 0.0845,
        "28": 0.585
    },
    "api_bank_groundtruth": {
        "0": 0.213,
        "1": 0.0603,
        "2": 0.0523,
        "3": 0.0738,
        "4": 0.00171,
        "5": 0.00122,
        "6": 0.00132,
        "7": 0.00156,
        "8": 0.00186,
        "9": 0.00186,
        "10": 0.00215,
        "11": 0.00254,
        "12": 0.00244,
        "13": 0.00269,
        "14": 0.00288,
        "15": 0.00298,
        "16": 0.00352,
        "17": 0.00381,
        "18": 0.00356,
        "19": 0.0043,
        "20": 0.00542,
        "21": 0.00693,
        "22": 0.00977,
        "23": 0.0126,
        "24": 0.0176,
        "25": 0.0222,
        "26": 0.0283,
        "27": 0.0358,
        "28": 0.136
    },
    "api_bank_gpt4_style_in_context_examples": {
        "0": 0.279,
        "1": 0.0732,
        "2": 0.0756,
        "3": 0.0898,
        "4": 0.00742,
        "5": 0.00552,
        "6": 0.00591,
        "7": 0.00713,
        "8": 0.00806,
        "9": 0.00898,
        "10": 0.0103,
        "11": 0.0106,
        "12": 0.0103,
        "13": 0.0107,
        "14": 0.0121,
        "15": 0.0133,
        "16": 0.0149,
        "17": 0.0164,
        "18": 0.0174,
        "19": 0.02,
        "20": 0.0281,
        "21": 0.0351,
        "22": 0.0475,
        "23": 0.0635,
        "24": 0.0813,
        "25": 0.0917,
        "26": 0.101,
        "27": 0.0693,
        "28": 0.51
    },
    "api_bank_openai_human_written_examples": {
        "0": 0.279,
        "1": 0.0729,
        "2": 0.0756,
        "3": 0.0905,
        "4": 0.00923,
        "5": 0.00693,
        "6": 0.00747,
        "7": 0.00879,
        "8": 0.0102,
        "9": 0.0113,
        "10": 0.0126,
        "11": 0.0134,
        "12": 0.0128,
        "13": 0.0135,
        "14": 0.015,
        "15": 0.0166,
        "16": 0.0185,
        "17": 0.02,
        "18": 0.0217,
        "19": 0.0247,
        "20": 0.0353,
        "21": 0.0442,
        "22": 0.0582,
        "23": 0.0763,
        "24": 0.0961,
        "25": 0.107,
        "26": 0.116,
        "27": 0.0728,
        "28": 0.54
    }
}