{
    "ecqa_step_by_step": {
        "0": 0.109,
        "1": 0.0342,
        "2": 0.0378,
        "3": 0.0375,
        "4": 0.0157,
        "5": 0.0118,
        "6": 0.0126,
        "7": 0.0146,
        "8": 0.0166,
        "9": 0.0188,
        "10": 0.0209,
        "11": 0.0216,
        "12": 0.0213,
        "13": 0.0217,
        "14": 0.0228,
        "15": 0.0243,
        "16": 0.0266,
        "17": 0.0279,
        "18": 0.0295,
        "19": 0.0339,
        "20": 0.0456,
        "21": 0.0553,
        "22": 0.0647,
        "23": 0.0764,
        "24": 0.082,
        "25": 0.0777,
        "26": 0.0771,
        "27": 0.0381,
        "28": 0.0633
    },
    "ecqa_gpt4": {
        "0": 0.109,
        "1": 0.0345,
        "2": 0.0363,
        "3": 0.0365,
        "4": 0.00992,
        "5": 0.0072,
        "6": 0.00771,
        "7": 0.00902,
        "8": 0.0107,
        "9": 0.0123,
        "10": 0.0137,
        "11": 0.0141,
        "12": 0.0139,
        "13": 0.0142,
        "14": 0.0152,
        "15": 0.0161,
        "16": 0.0177,
        "17": 0.0187,
        "18": 0.0197,
        "19": 0.023,
        "20": 0.0313,
        "21": 0.039,
        "22": 0.047,
        "23": 0.0557,
        "24": 0.061,
        "25": 0.059,
        "26": 0.0595,
        "27": 0.0336,
        "28": 0.0602
    },
    "ecqa_claude": {
        "0": 0.104,
        "1": 0.0322,
        "2": 0.0341,
        "3": 0.0337,
        "4": 0.00667,
        "5": 0.00497,
        "6": 0.00541,
        "7": 0.00661,
        "8": 0.008,
        "9": 0.00938,
        "10": 0.0109,
        "11": 0.0114,
        "12": 0.0112,
        "13": 0.0116,
        "14": 0.0124,
        "15": 0.0134,
        "16": 0.0148,
        "17": 0.0157,
        "18": 0.0166,
        "19": 0.0195,
        "20": 0.0277,
        "21": 0.0345,
        "22": 0.0433,
        "23": 0.0522,
        "24": 0.0581,
        "25": 0.0567,
        "26": 0.057,
        "27": 0.0313,
        "28": 0.0537
    },
    "ecqa_mini_gpt4": {
        "0": 0.109,
        "1": 0.0333,
        "2": 0.0347,
        "3": 0.035,
        "4": 0.00576,
        "5": 0.00438,
        "6": 0.00463,
        "7": 0.00558,
        "8": 0.0068,
        "9": 0.0078,
        "10": 0.00872,
        "11": 0.00897,
        "12": 0.00895,
        "13": 0.00921,
        "14": 0.00969,
        "15": 0.0104,
        "16": 0.0117,
        "17": 0.0124,
        "18": 0.0131,
        "19": 0.0156,
        "20": 0.0217,
        "21": 0.0272,
        "22": 0.0334,
        "23": 0.0403,
        "24": 0.0452,
        "25": 0.0451,
        "26": 0.0464,
        "27": 0.0309,
        "28": 0.057
    },
    "ecqa_groundtruth": {
        "0": 0.18,
        "1": 0.0494,
        "2": 0.0475,
        "3": 0.0544,
        "4": 0.00346,
        "5": 0.00268,
        "6": 0.00287,
        "7": 0.00351,
        "8": 0.00436,
        "9": 0.00529,
        "10": 0.0058,
        "11": 0.00602,
        "12": 0.00601,
        "13": 0.00627,
        "14": 0.00669,
        "15": 0.00731,
        "16": 0.00827,
        "17": 0.00896,
        "18": 0.00944,
        "19": 0.0115,
        "20": 0.0167,
        "21": 0.0209,
        "22": 0.0269,
        "23": 0.0333,
        "24": 0.0398,
        "25": 0.0421,
        "26": 0.0464,
        "27": 0.0568,
        "28": 0.176
    },
    "ecqa_gpt4_style_in_context_examples": {
        "0": 0.106,
        "1": 0.0336,
        "2": 0.0383,
        "3": 0.0378,
        "4": 0.0174,
        "5": 0.0129,
        "6": 0.0137,
        "7": 0.0161,
        "8": 0.0181,
        "9": 0.0207,
        "10": 0.0228,
        "11": 0.0235,
        "12": 0.0232,
        "13": 0.0233,
        "14": 0.0243,
        "15": 0.0258,
        "16": 0.0281,
        "17": 0.0296,
        "18": 0.0311,
        "19": 0.0357,
        "20": 0.0488,
        "21": 0.0587,
        "22": 0.0683,
        "23": 0.0795,
        "24": 0.0849,
        "25": 0.0801,
        "26": 0.0794,
        "27": 0.0376,
        "28": 0.0607
    },
    "ecqa_openai_human_written_examples": {
        "0": 0.112,
        "1": 0.0325,
        "2": 0.0354,
        "3": 0.0349,
        "4": 0.00625,
        "5": 0.00467,
        "6": 0.00513,
        "7": 0.00624,
        "8": 0.00745,
        "9": 0.00873,
        "10": 0.0099,
        "11": 0.0104,
        "12": 0.0102,
        "13": 0.0105,
        "14": 0.0112,
        "15": 0.0119,
        "16": 0.0132,
        "17": 0.0141,
        "18": 0.0149,
        "19": 0.0174,
        "20": 0.0243,
        "21": 0.0307,
        "22": 0.0383,
        "23": 0.0469,
        "24": 0.0528,
        "25": 0.0526,
        "26": 0.0542,
        "27": 0.0344,
        "28": 0.06
    },
    "ecqa_rewrite_groundtruth_in_own_words": {
        "0": 0.138,
        "1": 0.0393,
        "2": 0.0386,
        "3": 0.0416,
        "4": 0.00315,
        "5": 0.00246,
        "6": 0.00247,
        "7": 0.00309,
        "8": 0.00386,
        "9": 0.00474,
        "10": 0.00526,
        "11": 0.00553,
        "12": 0.00547,
        "13": 0.00583,
        "14": 0.00618,
        "15": 0.00666,
        "16": 0.00755,
        "17": 0.00815,
        "18": 0.00869,
        "19": 0.0105,
        "20": 0.0142,
        "21": 0.0179,
        "22": 0.0231,
        "23": 0.0285,
        "24": 0.0327,
        "25": 0.0339,
        "26": 0.0367,
        "27": 0.0388,
        "28": 0.0866
    }
}