{
    "mbpp_step_by_step": {
        "0": 0.189,
        "1": 0.047,
        "2": 0.0431,
        "3": 0.0494,
        "4": 0.00452,
        "5": 0.0033,
        "6": 0.00347,
        "7": 0.00443,
        "8": 0.00524,
        "9": 0.00599,
        "10": 0.00713,
        "11": 0.00757,
        "12": 0.00768,
        "13": 0.00783,
        "14": 0.00881,
        "15": 0.0101,
        "16": 0.0108,
        "17": 0.0118,
        "18": 0.0124,
        "19": 0.0144,
        "20": 0.0223,
        "21": 0.0273,
        "22": 0.0351,
        "23": 0.0487,
        "24": 0.0575,
        "25": 0.0652,
        "26": 0.0711,
        "27": 0.0533,
        "28": 0.197
    },
    "mbpp_gpt4": {
        "0": 0.148,
        "1": 0.0299,
        "2": 0.0233,
        "3": 0.0275,
        "4": 0.000586,
        "5": 0.000407,
        "6": 0.000488,
        "7": 0.000602,
        "8": 0.000798,
        "9": 0.000765,
        "10": 0.000911,
        "11": 0.00101,
        "12": 0.0012,
        "13": 0.00114,
        "14": 0.00138,
        "15": 0.00163,
        "16": 0.00173,
        "17": 0.00179,
        "18": 0.00177,
        "19": 0.00213,
        "20": 0.00304,
        "21": 0.00396,
        "22": 0.00495,
        "23": 0.00708,
        "24": 0.00934,
        "25": 0.0119,
        "26": 0.014,
        "27": 0.0246,
        "28": 0.0491
    },
    "mbpp_claude": {
        "0": 0.146,
        "1": 0.0312,
        "2": 0.0235,
        "3": 0.0273,
        "4": 0.000716,
        "5": 0.000439,
        "6": 0.000602,
        "7": 0.000846,
        "8": 0.000879,
        "9": 0.00101,
        "10": 0.00125,
        "11": 0.00148,
        "12": 0.0015,
        "13": 0.00151,
        "14": 0.00179,
        "15": 0.00215,
        "16": 0.00225,
        "17": 0.00244,
        "18": 0.00241,
        "19": 0.00291,
        "20": 0.00415,
        "21": 0.00521,
        "22": 0.00667,
        "23": 0.00939,
        "24": 0.012,
        "25": 0.0152,
        "26": 0.0176,
        "27": 0.0269,
        "28": 0.0521
    },
    "mbpp_mini_gpt4": {
        "0": 0.144,
        "1": 0.0299,
        "2": 0.0226,
        "3": 0.0267,
        "4": 0.000765,
        "5": 0.000407,
        "6": 0.000537,
        "7": 0.000635,
        "8": 0.000651,
        "9": 0.000781,
        "10": 0.00116,
        "11": 0.00114,
        "12": 0.00112,
        "13": 0.00107,
        "14": 0.00133,
        "15": 0.00164,
        "16": 0.00181,
        "17": 0.0019,
        "18": 0.00189,
        "19": 0.00228,
        "20": 0.00342,
        "21": 0.00431,
        "22": 0.00539,
        "23": 0.00758,
        "24": 0.00973,
        "25": 0.0124,
        "26": 0.0146,
        "27": 0.0269,
        "28": 0.0569
    },
    "mbpp_groundtruth": {
        "0": 0.19,
        "1": 0.0394,
        "2": 0.0287,
        "3": 0.0346,
        "4": 0.000765,
        "5": 0.000521,
        "6": 0.000553,
        "7": 0.000814,
        "8": 0.000732,
        "9": 0.00096,
        "10": 0.00125,
        "11": 0.00124,
        "12": 0.00146,
        "13": 0.00135,
        "14": 0.00166,
        "15": 0.00192,
        "16": 0.00195,
        "17": 0.00202,
        "18": 0.00203,
        "19": 0.00238,
        "20": 0.00371,
        "21": 0.00462,
        "22": 0.00586,
        "23": 0.00809,
        "24": 0.0106,
        "25": 0.0136,
        "26": 0.0165,
        "27": 0.0428,
        "28": 0.102
    },
    "mbpp_gpt4_style_in_context_examples": {
        "0": 0.143,
        "1": 0.03,
        "2": 0.0231,
        "3": 0.0264,
        "4": 0.000765,
        "5": 0.000521,
        "6": 0.000423,
        "7": 0.000602,
        "8": 0.000846,
        "9": 0.000928,
        "10": 0.00112,
        "11": 0.00101,
        "12": 0.0012,
        "13": 0.00111,
        "14": 0.00146,
        "15": 0.00164,
        "16": 0.00171,
        "17": 0.00194,
        "18": 0.002,
        "19": 0.00233,
        "20": 0.00343,
        "21": 0.00441,
        "22": 0.00549,
        "23": 0.00778,
        "24": 0.00977,
        "25": 0.0123,
        "26": 0.0146,
        "27": 0.0235,
        "28": 0.0527
    },
    "mbpp_openai_human_written_examples": {
        "0": 0.216,
        "1": 0.0535,
        "2": 0.0522,
        "3": 0.0591,
        "4": 0.00903,
        "5": 0.00649,
        "6": 0.0071,
        "7": 0.00838,
        "8": 0.0098,
        "9": 0.0114,
        "10": 0.0132,
        "11": 0.0139,
        "12": 0.0139,
        "13": 0.014,
        "14": 0.0155,
        "15": 0.0173,
        "16": 0.0183,
        "17": 0.0197,
        "18": 0.0206,
        "19": 0.023,
        "20": 0.0346,
        "21": 0.0421,
        "22": 0.0528,
        "23": 0.071,
        "24": 0.0818,
        "25": 0.0903,
        "26": 0.0973,
        "27": 0.0597,
        "28": 0.229
    },
    "mbpp_rewrite_groundtruth_in_own_words": {
        "0": 0.17,
        "1": 0.0349,
        "2": 0.0261,
        "3": 0.0314,
        "4": 0.000618,
        "5": 0.000439,
        "6": 0.000456,
        "7": 0.000684,
        "8": 0.000781,
        "9": 0.000781,
        "10": 0.00109,
        "11": 0.00103,
        "12": 0.00122,
        "13": 0.00119,
        "14": 0.00148,
        "15": 0.00171,
        "16": 0.00163,
        "17": 0.00187,
        "18": 0.00182,
        "19": 0.00216,
        "20": 0.00319,
        "21": 0.00402,
        "22": 0.00529,
        "23": 0.00734,
        "24": 0.00949,
        "25": 0.0123,
        "26": 0.015,
        "27": 0.0296,
        "28": 0.0672
    }
}