{
    "mmlu_moral_scenarios_step_by_step": {
        "0": 0.0509,
        "1": 0.0149,
        "2": 0.0153,
        "3": 0.0153,
        "4": 0.00454,
        "5": 0.00342,
        "6": 0.00342,
        "7": 0.00415,
        "8": 0.00483,
        "9": 0.00601,
        "10": 0.00625,
        "11": 0.00645,
        "12": 0.0063,
        "13": 0.00688,
        "14": 0.00762,
        "15": 0.00747,
        "16": 0.0082,
        "17": 0.00869,
        "18": 0.00869,
        "19": 0.0103,
        "20": 0.0131,
        "21": 0.0154,
        "22": 0.0173,
        "23": 0.0188,
        "24": 0.0179,
        "25": 0.0151,
        "26": 0.0148,
        "27": 0.0142,
        "28": 0.0332
    },
    "mmlu_moral_scenarios_gpt4": {
        "0": 0.058,
        "1": 0.019,
        "2": 0.0205,
        "3": 0.0225,
        "4": 0.00366,
        "5": 0.00293,
        "6": 0.00283,
        "7": 0.00352,
        "8": 0.00425,
        "9": 0.00542,
        "10": 0.00552,
        "11": 0.00562,
        "12": 0.00522,
        "13": 0.00562,
        "14": 0.0062,
        "15": 0.00645,
        "16": 0.00747,
        "17": 0.00781,
        "18": 0.00786,
        "19": 0.00908,
        "20": 0.0119,
        "21": 0.0141,
        "22": 0.0166,
        "23": 0.0185,
        "24": 0.0176,
        "25": 0.0152,
        "26": 0.0151,
        "27": 0.0155,
        "28": 0.0371
    },
    "mmlu_moral_scenarios_claude": {
        "0": 0.0615,
        "1": 0.0167,
        "2": 0.0163,
        "3": 0.0163,
        "4": 0.00273,
        "5": 0.00225,
        "6": 0.00244,
        "7": 0.00293,
        "8": 0.00337,
        "9": 0.0041,
        "10": 0.00449,
        "11": 0.00444,
        "12": 0.00444,
        "13": 0.00479,
        "14": 0.00513,
        "15": 0.00537,
        "16": 0.00562,
        "17": 0.00586,
        "18": 0.0062,
        "19": 0.00698,
        "20": 0.00898,
        "21": 0.0108,
        "22": 0.0128,
        "23": 0.0146,
        "24": 0.0141,
        "25": 0.0124,
        "26": 0.0118,
        "27": 0.0118,
        "28": 0.0263
    },
    "mmlu_moral_scenarios_mini_gpt4": {
        "0": 0.0589,
        "1": 0.0168,
        "2": 0.0179,
        "3": 0.0193,
        "4": 0.00254,
        "5": 0.002,
        "6": 0.00215,
        "7": 0.00283,
        "8": 0.00322,
        "9": 0.0041,
        "10": 0.0042,
        "11": 0.00459,
        "12": 0.00444,
        "13": 0.00469,
        "14": 0.00532,
        "15": 0.00522,
        "16": 0.0063,
        "17": 0.00669,
        "18": 0.00669,
        "19": 0.00767,
        "20": 0.0106,
        "21": 0.0123,
        "22": 0.0147,
        "23": 0.0165,
        "24": 0.0157,
        "25": 0.0137,
        "26": 0.014,
        "27": 0.015,
        "28": 0.028
    },
    "mmlu_moral_scenarios_groundtruth": {
        "0": 0.652,
        "1": 0.267,
        "2": 0.244,
        "3": 0.323,
        "4": 0.0202,
        "5": 0.015,
        "6": 0.0164,
        "7": 0.0195,
        "8": 0.0221,
        "9": 0.0255,
        "10": 0.0295,
        "11": 0.0311,
        "12": 0.0306,
        "13": 0.031,
        "14": 0.0349,
        "15": 0.0378,
        "16": 0.0431,
        "17": 0.0455,
        "18": 0.048,
        "19": 0.0553,
        "20": 0.0829,
        "21": 0.105,
        "22": 0.14,
        "23": 0.185,
        "24": 0.239,
        "25": 0.282,
        "26": 0.323,
        "27": 0.277,
        "28": 0.59
    },
    "mmlu_moral_scenarios_gpt4_style_in_context_examples": {
        "0": 0.0565,
        "1": 0.0147,
        "2": 0.0144,
        "3": 0.0148,
        "4": 0.00278,
        "5": 0.0022,
        "6": 0.00205,
        "7": 0.00259,
        "8": 0.00327,
        "9": 0.00386,
        "10": 0.0043,
        "11": 0.00449,
        "12": 0.0043,
        "13": 0.00449,
        "14": 0.00522,
        "15": 0.00518,
        "16": 0.00562,
        "17": 0.00576,
        "18": 0.0061,
        "19": 0.00679,
        "20": 0.00898,
        "21": 0.0106,
        "22": 0.0122,
        "23": 0.014,
        "24": 0.0135,
        "25": 0.0115,
        "26": 0.0114,
        "27": 0.0115,
        "28": 0.0285
    },
    "mmlu_moral_scenarios_openai_human_written_examples": {
        "0": 0.0892,
        "1": 0.0274,
        "2": 0.0287,
        "3": 0.0329,
        "4": 0.00605,
        "5": 0.00498,
        "6": 0.00508,
        "7": 0.00605,
        "8": 0.00674,
        "9": 0.00825,
        "10": 0.00898,
        "11": 0.00913,
        "12": 0.00879,
        "13": 0.00918,
        "14": 0.0101,
        "15": 0.0105,
        "16": 0.0121,
        "17": 0.0124,
        "18": 0.0128,
        "19": 0.0146,
        "20": 0.02,
        "21": 0.0229,
        "22": 0.0272,
        "23": 0.0316,
        "24": 0.0317,
        "25": 0.0282,
        "26": 0.0275,
        "27": 0.0235,
        "28": 0.0536
    }
}