{
    "hellaswag_step_by_step": {
        "0": 0.0732,
        "1": 0.0994,
        "2": 0.0363,
        "3": 0.0536,
        "4": 0.095,
        "5": 0.126,
        "6": 0.156,
        "7": 0.168,
        "8": 0.175,
        "9": 0.181,
        "10": 0.198,
        "11": 0.206,
        "12": 0.209,
        "13": 0.199,
        "14": 0.209,
        "15": 0.217,
        "16": 0.22,
        "17": 0.207,
        "18": 0.203,
        "19": 0.19,
        "20": 0.174,
        "21": 0.167,
        "22": 0.155,
        "23": 0.143,
        "24": 0.127,
        "25": 0.115,
        "26": 0.111,
        "27": 0.0965,
        "28": 0.0908,
        "29": 0.0859,
        "30": 0.0815,
        "31": 0.0981,
        "32": 0.157
    },
    "hellaswag_gpt4": {
        "0": 0.0773,
        "1": 0.0748,
        "2": 0.0173,
        "3": 0.026,
        "4": 0.0476,
        "5": 0.0651,
        "6": 0.0836,
        "7": 0.0921,
        "8": 0.0984,
        "9": 0.105,
        "10": 0.117,
        "11": 0.123,
        "12": 0.127,
        "13": 0.125,
        "14": 0.134,
        "15": 0.142,
        "16": 0.148,
        "17": 0.144,
        "18": 0.146,
        "19": 0.139,
        "20": 0.129,
        "21": 0.126,
        "22": 0.121,
        "23": 0.114,
        "24": 0.103,
        "25": 0.0939,
        "26": 0.0924,
        "27": 0.081,
        "28": 0.076,
        "29": 0.0729,
        "30": 0.0699,
        "31": 0.0857,
        "32": 0.153
    },
    "hellaswag_claude": {
        "0": 0.0786,
        "1": 0.074,
        "2": 0.0126,
        "3": 0.0238,
        "4": 0.0457,
        "5": 0.0659,
        "6": 0.0835,
        "7": 0.094,
        "8": 0.101,
        "9": 0.11,
        "10": 0.124,
        "11": 0.13,
        "12": 0.134,
        "13": 0.134,
        "14": 0.145,
        "15": 0.154,
        "16": 0.162,
        "17": 0.157,
        "18": 0.161,
        "19": 0.155,
        "20": 0.144,
        "21": 0.141,
        "22": 0.135,
        "23": 0.127,
        "24": 0.114,
        "25": 0.103,
        "26": 0.101,
        "27": 0.0875,
        "28": 0.0804,
        "29": 0.0761,
        "30": 0.0719,
        "31": 0.0841,
        "32": 0.151
    },
    "hellaswag_mini_gpt4": {
        "0": 0.0789,
        "1": 0.0767,
        "2": 0.00541,
        "3": 0.00957,
        "4": 0.0197,
        "5": 0.0304,
        "6": 0.0406,
        "7": 0.0472,
        "8": 0.0532,
        "9": 0.0583,
        "10": 0.0682,
        "11": 0.0717,
        "12": 0.0752,
        "13": 0.0768,
        "14": 0.0866,
        "15": 0.0951,
        "16": 0.104,
        "17": 0.105,
        "18": 0.112,
        "19": 0.11,
        "20": 0.104,
        "21": 0.104,
        "22": 0.103,
        "23": 0.1,
        "24": 0.0918,
        "25": 0.0847,
        "26": 0.0847,
        "27": 0.0756,
        "28": 0.0718,
        "29": 0.0698,
        "30": 0.068,
        "31": 0.0861,
        "32": 0.163
    },
    "hellaswag_groundtruth": {
        "0": 0.729,
        "1": 0.304,
        "2": 0.00573,
        "3": 0.0112,
        "4": 0.0229,
        "5": 0.0341,
        "6": 0.0488,
        "7": 0.0595,
        "8": 0.0699,
        "9": 0.0838,
        "10": 0.101,
        "11": 0.105,
        "12": 0.112,
        "13": 0.151,
        "14": 0.168,
        "15": 0.183,
        "16": 0.209,
        "17": 0.252,
        "18": 0.283,
        "19": 0.319,
        "20": 0.35,
        "21": 0.37,
        "22": 0.415,
        "23": 0.456,
        "24": 0.499,
        "25": 0.535,
        "26": 0.566,
        "27": 0.61,
        "28": 0.636,
        "29": 0.669,
        "30": 0.679,
        "31": 0.692,
        "32": 0.898
    },
    "hellaswag_gpt4_style_in_context_examples": {
        "0": 0.0766,
        "1": 0.0879,
        "2": 0.0302,
        "3": 0.0446,
        "4": 0.0819,
        "5": 0.11,
        "6": 0.136,
        "7": 0.15,
        "8": 0.159,
        "9": 0.164,
        "10": 0.182,
        "11": 0.19,
        "12": 0.194,
        "13": 0.184,
        "14": 0.195,
        "15": 0.201,
        "16": 0.203,
        "17": 0.192,
        "18": 0.188,
        "19": 0.177,
        "20": 0.163,
        "21": 0.157,
        "22": 0.146,
        "23": 0.136,
        "24": 0.12,
        "25": 0.109,
        "26": 0.105,
        "27": 0.0911,
        "28": 0.0846,
        "29": 0.0801,
        "30": 0.0747,
        "31": 0.0914,
        "32": 0.154
    },
    "hellaswag_openai_human_written_examples": {
        "0": 0.0908,
        "1": 0.0611,
        "2": 0.00484,
        "3": 0.00919,
        "4": 0.0187,
        "5": 0.0289,
        "6": 0.0391,
        "7": 0.0463,
        "8": 0.0531,
        "9": 0.0587,
        "10": 0.0692,
        "11": 0.0746,
        "12": 0.0794,
        "13": 0.0814,
        "14": 0.0919,
        "15": 0.0987,
        "16": 0.109,
        "17": 0.112,
        "18": 0.119,
        "19": 0.117,
        "20": 0.11,
        "21": 0.11,
        "22": 0.109,
        "23": 0.106,
        "24": 0.0966,
        "25": 0.0894,
        "26": 0.0896,
        "27": 0.0797,
        "28": 0.0757,
        "29": 0.0735,
        "30": 0.0718,
        "31": 0.092,
        "32": 0.163
    }
}