{
    "api_bank_step_by_step": {
        "0": 0.0757,
        "1": 0.0531,
        "2": 0.0215,
        "3": 0.0297,
        "4": 0.0549,
        "5": 0.0715,
        "6": 0.0898,
        "7": 0.0978,
        "8": 0.104,
        "9": 0.11,
        "10": 0.119,
        "11": 0.125,
        "12": 0.127,
        "13": 0.122,
        "14": 0.128,
        "15": 0.133,
        "16": 0.127,
        "17": 0.119,
        "18": 0.116,
        "19": 0.107,
        "20": 0.0966,
        "21": 0.0951,
        "22": 0.0877,
        "23": 0.0799,
        "24": 0.0703,
        "25": 0.0637,
        "26": 0.0612,
        "27": 0.0539,
        "28": 0.0502,
        "29": 0.0498,
        "30": 0.0486,
        "31": 0.0618,
        "32": 0.122
    },
    "api_bank_gpt4": {
        "0": 0.0758,
        "1": 0.0492,
        "2": 0.0128,
        "3": 0.0184,
        "4": 0.0348,
        "5": 0.0473,
        "6": 0.0599,
        "7": 0.0667,
        "8": 0.0724,
        "9": 0.0786,
        "10": 0.0841,
        "11": 0.0898,
        "12": 0.0928,
        "13": 0.0903,
        "14": 0.0961,
        "15": 0.0995,
        "16": 0.0981,
        "17": 0.093,
        "18": 0.0927,
        "19": 0.0865,
        "20": 0.0788,
        "21": 0.0783,
        "22": 0.0729,
        "23": 0.0677,
        "24": 0.0602,
        "25": 0.0551,
        "26": 0.0536,
        "27": 0.0478,
        "28": 0.0451,
        "29": 0.045,
        "30": 0.0445,
        "31": 0.0577,
        "32": 0.116
    },
    "api_bank_claude": {
        "0": 0.0787,
        "1": 0.0487,
        "2": 0.00579,
        "3": 0.0104,
        "4": 0.0206,
        "5": 0.0311,
        "6": 0.0406,
        "7": 0.0485,
        "8": 0.0553,
        "9": 0.0621,
        "10": 0.0687,
        "11": 0.0738,
        "12": 0.0756,
        "13": 0.0771,
        "14": 0.0858,
        "15": 0.0906,
        "16": 0.0919,
        "17": 0.0885,
        "18": 0.091,
        "19": 0.0865,
        "20": 0.0793,
        "21": 0.0803,
        "22": 0.0772,
        "23": 0.0733,
        "24": 0.0663,
        "25": 0.0606,
        "26": 0.059,
        "27": 0.0528,
        "28": 0.0494,
        "29": 0.0494,
        "30": 0.0492,
        "31": 0.062,
        "32": 0.134
    },
    "api_bank_mini_gpt4": {
        "0": 0.0721,
        "1": 0.0504,
        "2": 0.00622,
        "3": 0.00988,
        "4": 0.0202,
        "5": 0.0295,
        "6": 0.0389,
        "7": 0.0457,
        "8": 0.0512,
        "9": 0.0575,
        "10": 0.0644,
        "11": 0.0696,
        "12": 0.0723,
        "13": 0.0735,
        "14": 0.0802,
        "15": 0.0846,
        "16": 0.0861,
        "17": 0.0826,
        "18": 0.0841,
        "19": 0.0799,
        "20": 0.0732,
        "21": 0.0738,
        "22": 0.0698,
        "23": 0.0662,
        "24": 0.0597,
        "25": 0.0548,
        "26": 0.0539,
        "27": 0.0483,
        "28": 0.0458,
        "29": 0.0458,
        "30": 0.0455,
        "31": 0.0595,
        "32": 0.12
    },
    "api_bank_groundtruth": {
        "0": 0.304,
        "1": 0.145,
        "2": 0.00869,
        "3": 0.0168,
        "4": 0.0358,
        "5": 0.0532,
        "6": 0.0718,
        "7": 0.0834,
        "8": 0.0883,
        "9": 0.103,
        "10": 0.122,
        "11": 0.133,
        "12": 0.141,
        "13": 0.16,
        "14": 0.176,
        "15": 0.188,
        "16": 0.209,
        "17": 0.233,
        "18": 0.252,
        "19": 0.263,
        "20": 0.269,
        "21": 0.273,
        "22": 0.282,
        "23": 0.281,
        "24": 0.277,
        "25": 0.274,
        "26": 0.269,
        "27": 0.264,
        "28": 0.255,
        "29": 0.255,
        "30": 0.238,
        "31": 0.271,
        "32": 0.402
    },
    "api_bank_gpt4_style_in_context_examples": {
        "0": 0.0835,
        "1": 0.0481,
        "2": 0.00355,
        "3": 0.00597,
        "4": 0.0126,
        "5": 0.0188,
        "6": 0.0252,
        "7": 0.0302,
        "8": 0.0362,
        "9": 0.0421,
        "10": 0.0472,
        "11": 0.0521,
        "12": 0.0548,
        "13": 0.0568,
        "14": 0.0628,
        "15": 0.0657,
        "16": 0.0672,
        "17": 0.0671,
        "18": 0.0703,
        "19": 0.0671,
        "20": 0.0622,
        "21": 0.0631,
        "22": 0.0614,
        "23": 0.0589,
        "24": 0.054,
        "25": 0.0503,
        "26": 0.0499,
        "27": 0.0451,
        "28": 0.0439,
        "29": 0.0448,
        "30": 0.0449,
        "31": 0.0604,
        "32": 0.131
    },
    "api_bank_openai_human_written_examples": {
        "0": 0.0773,
        "1": 0.0422,
        "2": 0.00563,
        "3": 0.00929,
        "4": 0.0186,
        "5": 0.0273,
        "6": 0.0364,
        "7": 0.0423,
        "8": 0.0494,
        "9": 0.056,
        "10": 0.0619,
        "11": 0.0671,
        "12": 0.0702,
        "13": 0.0714,
        "14": 0.0781,
        "15": 0.0814,
        "16": 0.0819,
        "17": 0.0796,
        "18": 0.0808,
        "19": 0.0765,
        "20": 0.0698,
        "21": 0.0696,
        "22": 0.0667,
        "23": 0.0627,
        "24": 0.0564,
        "25": 0.0519,
        "26": 0.0507,
        "27": 0.0456,
        "28": 0.0438,
        "29": 0.0441,
        "30": 0.0438,
        "31": 0.0588,
        "32": 0.121
    }
}