{
    "winogrande_step_by_step": {
        "0": 0.0777,
        "1": 0.107,
        "2": 0.0256,
        "3": 0.0397,
        "4": 0.0748,
        "5": 0.105,
        "6": 0.133,
        "7": 0.148,
        "8": 0.152,
        "9": 0.164,
        "10": 0.185,
        "11": 0.193,
        "12": 0.204,
        "13": 0.2,
        "14": 0.213,
        "15": 0.221,
        "16": 0.229,
        "17": 0.223,
        "18": 0.223,
        "19": 0.214,
        "20": 0.204,
        "21": 0.201,
        "22": 0.188,
        "23": 0.178,
        "24": 0.158,
        "25": 0.144,
        "26": 0.136,
        "27": 0.119,
        "28": 0.108,
        "29": 0.1,
        "30": 0.0909,
        "31": 0.101,
        "32": 0.157
    },
    "winogrande_gpt4": {
        "0": 0.0889,
        "1": 0.0444,
        "2": 0.00259,
        "3": 0.00508,
        "4": 0.0109,
        "5": 0.0175,
        "6": 0.025,
        "7": 0.0294,
        "8": 0.0337,
        "9": 0.0377,
        "10": 0.045,
        "11": 0.0484,
        "12": 0.0516,
        "13": 0.0553,
        "14": 0.0636,
        "15": 0.0683,
        "16": 0.0773,
        "17": 0.081,
        "18": 0.0885,
        "19": 0.0901,
        "20": 0.0895,
        "21": 0.0921,
        "22": 0.0922,
        "23": 0.0924,
        "24": 0.0863,
        "25": 0.0813,
        "26": 0.0794,
        "27": 0.0727,
        "28": 0.0686,
        "29": 0.0664,
        "30": 0.0627,
        "31": 0.0792,
        "32": 0.151
    },
    "winogrande_claude": {
        "0": 0.0839,
        "1": 0.0847,
        "2": 0.0104,
        "3": 0.0198,
        "4": 0.0392,
        "5": 0.0586,
        "6": 0.0733,
        "7": 0.0839,
        "8": 0.0897,
        "9": 0.101,
        "10": 0.115,
        "11": 0.121,
        "12": 0.128,
        "13": 0.127,
        "14": 0.143,
        "15": 0.15,
        "16": 0.162,
        "17": 0.161,
        "18": 0.167,
        "19": 0.164,
        "20": 0.157,
        "21": 0.159,
        "22": 0.152,
        "23": 0.147,
        "24": 0.134,
        "25": 0.123,
        "26": 0.117,
        "27": 0.104,
        "28": 0.0939,
        "29": 0.0877,
        "30": 0.0805,
        "31": 0.0911,
        "32": 0.149
    },
    "winogrande_mini_gpt4": {
        "0": 0.0825,
        "1": 0.0897,
        "2": 0.00459,
        "3": 0.00923,
        "4": 0.0189,
        "5": 0.0288,
        "6": 0.0382,
        "7": 0.0442,
        "8": 0.0487,
        "9": 0.0552,
        "10": 0.065,
        "11": 0.0684,
        "12": 0.0722,
        "13": 0.0749,
        "14": 0.0856,
        "15": 0.0921,
        "16": 0.101,
        "17": 0.105,
        "18": 0.113,
        "19": 0.113,
        "20": 0.112,
        "21": 0.114,
        "22": 0.112,
        "23": 0.111,
        "24": 0.102,
        "25": 0.0953,
        "26": 0.0924,
        "27": 0.0835,
        "28": 0.0771,
        "29": 0.0733,
        "30": 0.0684,
        "31": 0.0813,
        "32": 0.137
    },
    "winogrande_groundtruth": {
        "0": 0.533,
        "1": 0.112,
        "2": 0.00317,
        "3": 0.0063,
        "4": 0.0125,
        "5": 0.0199,
        "6": 0.0284,
        "7": 0.0351,
        "8": 0.0417,
        "9": 0.0496,
        "10": 0.0614,
        "11": 0.0635,
        "12": 0.0692,
        "13": 0.0927,
        "14": 0.105,
        "15": 0.115,
        "16": 0.133,
        "17": 0.165,
        "18": 0.186,
        "19": 0.213,
        "20": 0.234,
        "21": 0.249,
        "22": 0.283,
        "23": 0.313,
        "24": 0.344,
        "25": 0.373,
        "26": 0.397,
        "27": 0.426,
        "28": 0.445,
        "29": 0.468,
        "30": 0.47,
        "31": 0.492,
        "32": 0.521
    },
    "winogrande_gpt4_style_in_context_examples": {
        "0": 0.0817,
        "1": 0.0591,
        "2": 0.00317,
        "3": 0.00601,
        "4": 0.0127,
        "5": 0.0197,
        "6": 0.0274,
        "7": 0.0327,
        "8": 0.0377,
        "9": 0.0432,
        "10": 0.0515,
        "11": 0.0557,
        "12": 0.0599,
        "13": 0.0644,
        "14": 0.0732,
        "15": 0.0787,
        "16": 0.087,
        "17": 0.091,
        "18": 0.099,
        "19": 0.101,
        "20": 0.0999,
        "21": 0.102,
        "22": 0.101,
        "23": 0.101,
        "24": 0.0932,
        "25": 0.0879,
        "26": 0.0857,
        "27": 0.0784,
        "28": 0.0727,
        "29": 0.0704,
        "30": 0.066,
        "31": 0.08,
        "32": 0.145
    },
    "winogrande_openai_human_written_examples": {
        "0": 0.0889,
        "1": 0.0335,
        "2": 0.00122,
        "3": 0.00273,
        "4": 0.00615,
        "5": 0.00957,
        "6": 0.0136,
        "7": 0.0171,
        "8": 0.0209,
        "9": 0.0244,
        "10": 0.0297,
        "11": 0.0327,
        "12": 0.0346,
        "13": 0.0386,
        "14": 0.0448,
        "15": 0.0489,
        "16": 0.0558,
        "17": 0.0601,
        "18": 0.068,
        "19": 0.0706,
        "20": 0.0707,
        "21": 0.0753,
        "22": 0.0774,
        "23": 0.0787,
        "24": 0.0751,
        "25": 0.0722,
        "26": 0.073,
        "27": 0.0678,
        "28": 0.0655,
        "29": 0.0639,
        "30": 0.0623,
        "31": 0.0791,
        "32": 0.143
    }
}