{
    "boolq_step_by_step": {
        "0": 0.0783,
        "1": 0.0755,
        "2": 0.0117,
        "3": 0.0179,
        "4": 0.0352,
        "5": 0.0504,
        "6": 0.0681,
        "7": 0.0794,
        "8": 0.0896,
        "9": 0.0985,
        "10": 0.113,
        "11": 0.121,
        "12": 0.127,
        "13": 0.133,
        "14": 0.145,
        "15": 0.15,
        "16": 0.16,
        "17": 0.166,
        "18": 0.175,
        "19": 0.181,
        "20": 0.174,
        "21": 0.173,
        "22": 0.171,
        "23": 0.167,
        "24": 0.159,
        "25": 0.149,
        "26": 0.143,
        "27": 0.129,
        "28": 0.121,
        "29": 0.114,
        "30": 0.103,
        "31": 0.12,
        "32": 0.184
    },
    "boolq_gpt4": {
        "0": 0.0775,
        "1": 0.0599,
        "2": 0.00624,
        "3": 0.0114,
        "4": 0.0222,
        "5": 0.0325,
        "6": 0.0419,
        "7": 0.0499,
        "8": 0.0563,
        "9": 0.0625,
        "10": 0.0706,
        "11": 0.0757,
        "12": 0.0778,
        "13": 0.0826,
        "14": 0.0924,
        "15": 0.0959,
        "16": 0.104,
        "17": 0.109,
        "18": 0.116,
        "19": 0.119,
        "20": 0.116,
        "21": 0.117,
        "22": 0.118,
        "23": 0.115,
        "24": 0.111,
        "25": 0.105,
        "26": 0.101,
        "27": 0.0914,
        "28": 0.0853,
        "29": 0.0808,
        "30": 0.0735,
        "31": 0.0834,
        "32": 0.121
    },
    "boolq_claude": {
        "0": 0.0763,
        "1": 0.0771,
        "2": 0.00942,
        "3": 0.0171,
        "4": 0.0335,
        "5": 0.0499,
        "6": 0.0661,
        "7": 0.0764,
        "8": 0.0846,
        "9": 0.0932,
        "10": 0.106,
        "11": 0.114,
        "12": 0.121,
        "13": 0.126,
        "14": 0.139,
        "15": 0.145,
        "16": 0.155,
        "17": 0.162,
        "18": 0.17,
        "19": 0.173,
        "20": 0.167,
        "21": 0.166,
        "22": 0.164,
        "23": 0.159,
        "24": 0.151,
        "25": 0.142,
        "26": 0.135,
        "27": 0.121,
        "28": 0.112,
        "29": 0.104,
        "30": 0.0928,
        "31": 0.102,
        "32": 0.14
    },
    "boolq_mini_gpt4": {
        "0": 0.0831,
        "1": 0.0575,
        "2": 0.00391,
        "3": 0.00741,
        "4": 0.0142,
        "5": 0.021,
        "6": 0.0275,
        "7": 0.033,
        "8": 0.0375,
        "9": 0.0423,
        "10": 0.0476,
        "11": 0.0517,
        "12": 0.0543,
        "13": 0.0587,
        "14": 0.0658,
        "15": 0.0693,
        "16": 0.0762,
        "17": 0.0829,
        "18": 0.0898,
        "19": 0.0941,
        "20": 0.0936,
        "21": 0.095,
        "22": 0.0971,
        "23": 0.0965,
        "24": 0.0941,
        "25": 0.0903,
        "26": 0.0879,
        "27": 0.0807,
        "28": 0.0759,
        "29": 0.0725,
        "30": 0.0663,
        "31": 0.0764,
        "32": 0.117
    },
    "boolq_groundtruth": {
        "0": 0.662,
        "1": 0.223,
        "2": 0.00901,
        "3": 0.0171,
        "4": 0.032,
        "5": 0.0484,
        "6": 0.0639,
        "7": 0.0776,
        "8": 0.0872,
        "9": 0.101,
        "10": 0.117,
        "11": 0.123,
        "12": 0.127,
        "13": 0.154,
        "14": 0.169,
        "15": 0.178,
        "16": 0.204,
        "17": 0.232,
        "18": 0.253,
        "19": 0.271,
        "20": 0.293,
        "21": 0.308,
        "22": 0.338,
        "23": 0.365,
        "24": 0.39,
        "25": 0.415,
        "26": 0.435,
        "27": 0.462,
        "28": 0.481,
        "29": 0.505,
        "30": 0.511,
        "31": 0.539,
        "32": 0.646
    },
    "boolq_gpt4_style_in_context_examples": {
        "0": 0.0791,
        "1": 0.0541,
        "2": 0.00413,
        "3": 0.00773,
        "4": 0.0149,
        "5": 0.0219,
        "6": 0.0289,
        "7": 0.035,
        "8": 0.0402,
        "9": 0.0457,
        "10": 0.0519,
        "11": 0.0566,
        "12": 0.0593,
        "13": 0.0636,
        "14": 0.0708,
        "15": 0.074,
        "16": 0.081,
        "17": 0.0879,
        "18": 0.0961,
        "19": 0.1,
        "20": 0.0992,
        "21": 0.1,
        "22": 0.104,
        "23": 0.103,
        "24": 0.1,
        "25": 0.0963,
        "26": 0.0937,
        "27": 0.0859,
        "28": 0.0812,
        "29": 0.0775,
        "30": 0.071,
        "31": 0.083,
        "32": 0.136
    },
    "boolq_openai_human_written_examples": {
        "0": 0.0815,
        "1": 0.0674,
        "2": 0.00418,
        "3": 0.008,
        "4": 0.0154,
        "5": 0.0223,
        "6": 0.0294,
        "7": 0.0357,
        "8": 0.0415,
        "9": 0.0467,
        "10": 0.053,
        "11": 0.0575,
        "12": 0.0603,
        "13": 0.0635,
        "14": 0.0707,
        "15": 0.0738,
        "16": 0.081,
        "17": 0.0875,
        "18": 0.0963,
        "19": 0.101,
        "20": 0.0989,
        "21": 0.1,
        "22": 0.104,
        "23": 0.105,
        "24": 0.102,
        "25": 0.0973,
        "26": 0.0946,
        "27": 0.0864,
        "28": 0.0815,
        "29": 0.0782,
        "30": 0.0723,
        "31": 0.0847,
        "32": 0.152
    }
}