{
    "piqa_step_by_step": {
        "0": 0.0738,
        "1": 0.0719,
        "2": 0.0242,
        "3": 0.0364,
        "4": 0.0649,
        "5": 0.0866,
        "6": 0.107,
        "7": 0.116,
        "8": 0.123,
        "9": 0.131,
        "10": 0.141,
        "11": 0.15,
        "12": 0.154,
        "13": 0.149,
        "14": 0.161,
        "15": 0.162,
        "16": 0.171,
        "17": 0.167,
        "18": 0.173,
        "19": 0.167,
        "20": 0.156,
        "21": 0.155,
        "22": 0.15,
        "23": 0.144,
        "24": 0.132,
        "25": 0.123,
        "26": 0.118,
        "27": 0.105,
        "28": 0.0983,
        "29": 0.0925,
        "30": 0.0857,
        "31": 0.101,
        "32": 0.168
    },
    "piqa_gpt4": {
        "0": 0.0769,
        "1": 0.0563,
        "2": 0.00662,
        "3": 0.0121,
        "4": 0.0236,
        "5": 0.0342,
        "6": 0.0437,
        "7": 0.0518,
        "8": 0.0595,
        "9": 0.0666,
        "10": 0.0744,
        "11": 0.08,
        "12": 0.0821,
        "13": 0.0845,
        "14": 0.0936,
        "15": 0.0952,
        "16": 0.104,
        "17": 0.104,
        "18": 0.111,
        "19": 0.11,
        "20": 0.105,
        "21": 0.107,
        "22": 0.107,
        "23": 0.105,
        "24": 0.0987,
        "25": 0.0934,
        "26": 0.0915,
        "27": 0.0829,
        "28": 0.0786,
        "29": 0.0751,
        "30": 0.071,
        "31": 0.084,
        "32": 0.129
    },
    "piqa_claude": {
        "0": 0.073,
        "1": 0.0707,
        "2": 0.00736,
        "3": 0.0144,
        "4": 0.0285,
        "5": 0.0421,
        "6": 0.0535,
        "7": 0.0631,
        "8": 0.0703,
        "9": 0.0787,
        "10": 0.088,
        "11": 0.0943,
        "12": 0.0963,
        "13": 0.0974,
        "14": 0.109,
        "15": 0.112,
        "16": 0.122,
        "17": 0.121,
        "18": 0.129,
        "19": 0.127,
        "20": 0.121,
        "21": 0.122,
        "22": 0.12,
        "23": 0.116,
        "24": 0.109,
        "25": 0.102,
        "26": 0.0989,
        "27": 0.0887,
        "28": 0.0825,
        "29": 0.0782,
        "30": 0.0729,
        "31": 0.0825,
        "32": 0.132
    },
    "piqa_mini_gpt4": {
        "0": 0.0744,
        "1": 0.0511,
        "2": 0.00473,
        "3": 0.00826,
        "4": 0.0165,
        "5": 0.0247,
        "6": 0.0323,
        "7": 0.0401,
        "8": 0.047,
        "9": 0.0533,
        "10": 0.0607,
        "11": 0.0661,
        "12": 0.0684,
        "13": 0.0721,
        "14": 0.0808,
        "15": 0.0829,
        "16": 0.0923,
        "17": 0.0936,
        "18": 0.102,
        "19": 0.101,
        "20": 0.0978,
        "21": 0.0993,
        "22": 0.101,
        "23": 0.0988,
        "24": 0.0932,
        "25": 0.0882,
        "26": 0.0865,
        "27": 0.0786,
        "28": 0.0742,
        "29": 0.071,
        "30": 0.0671,
        "31": 0.0794,
        "32": 0.124
    },
    "piqa_groundtruth": {
        "0": 0.721,
        "1": 0.33,
        "2": 0.0158,
        "3": 0.0271,
        "4": 0.052,
        "5": 0.0766,
        "6": 0.105,
        "7": 0.128,
        "8": 0.144,
        "9": 0.167,
        "10": 0.2,
        "11": 0.208,
        "12": 0.219,
        "13": 0.268,
        "14": 0.289,
        "15": 0.31,
        "16": 0.343,
        "17": 0.389,
        "18": 0.416,
        "19": 0.446,
        "20": 0.477,
        "21": 0.493,
        "22": 0.535,
        "23": 0.569,
        "24": 0.601,
        "25": 0.627,
        "26": 0.654,
        "27": 0.688,
        "28": 0.707,
        "29": 0.735,
        "30": 0.741,
        "31": 0.757,
        "32": 0.975
    },
    "piqa_gpt4_style_in_context_examples": {
        "0": 0.0814,
        "1": 0.045,
        "2": 0.00469,
        "3": 0.00788,
        "4": 0.0158,
        "5": 0.0236,
        "6": 0.0312,
        "7": 0.0389,
        "8": 0.0459,
        "9": 0.052,
        "10": 0.0587,
        "11": 0.0634,
        "12": 0.0653,
        "13": 0.0693,
        "14": 0.0774,
        "15": 0.0796,
        "16": 0.0896,
        "17": 0.0919,
        "18": 0.101,
        "19": 0.101,
        "20": 0.0977,
        "21": 0.0997,
        "22": 0.102,
        "23": 0.101,
        "24": 0.0954,
        "25": 0.0907,
        "26": 0.0892,
        "27": 0.0811,
        "28": 0.0772,
        "29": 0.0743,
        "30": 0.0704,
        "31": 0.0848,
        "32": 0.139
    },
    "piqa_openai_human_written_examples": {
        "0": 0.0978,
        "1": 0.0486,
        "2": 0.00721,
        "3": 0.0116,
        "4": 0.0225,
        "5": 0.0325,
        "6": 0.0429,
        "7": 0.0525,
        "8": 0.0592,
        "9": 0.067,
        "10": 0.078,
        "11": 0.0822,
        "12": 0.0854,
        "13": 0.0917,
        "14": 0.0986,
        "15": 0.103,
        "16": 0.112,
        "17": 0.113,
        "18": 0.121,
        "19": 0.12,
        "20": 0.117,
        "21": 0.119,
        "22": 0.121,
        "23": 0.118,
        "24": 0.112,
        "25": 0.106,
        "26": 0.104,
        "27": 0.0943,
        "28": 0.0891,
        "29": 0.0856,
        "30": 0.0806,
        "31": 0.0944,
        "32": 0.153
    }
}