{
    "boolq_step_by_step": {
        "0": 0.0921,
        "1": 0.0259,
        "2": 0.0275,
        "3": 0.0313,
        "4": 0.00604,
        "5": 0.00485,
        "6": 0.00493,
        "7": 0.00583,
        "8": 0.00721,
        "9": 0.00882,
        "10": 0.0111,
        "11": 0.0117,
        "12": 0.0116,
        "13": 0.0119,
        "14": 0.0132,
        "15": 0.0138,
        "16": 0.0147,
        "17": 0.0152,
        "18": 0.0157,
        "19": 0.0175,
        "20": 0.0237,
        "21": 0.0282,
        "22": 0.0335,
        "23": 0.0385,
        "24": 0.04,
        "25": 0.0378,
        "26": 0.0377,
        "27": 0.0354,
        "28": 0.0826
    },
    "boolq_gpt4": {
        "0": 0.0982,
        "1": 0.0281,
        "2": 0.0279,
        "3": 0.0307,
        "4": 0.00592,
        "5": 0.00475,
        "6": 0.00477,
        "7": 0.00553,
        "8": 0.0068,
        "9": 0.00804,
        "10": 0.00978,
        "11": 0.0103,
        "12": 0.0102,
        "13": 0.0104,
        "14": 0.0113,
        "15": 0.0116,
        "16": 0.0127,
        "17": 0.0131,
        "18": 0.0137,
        "19": 0.015,
        "20": 0.02,
        "21": 0.0236,
        "22": 0.0273,
        "23": 0.0308,
        "24": 0.0319,
        "25": 0.0301,
        "26": 0.0305,
        "27": 0.0307,
        "28": 0.0685
    },
    "boolq_claude": {
        "0": 0.0818,
        "1": 0.0234,
        "2": 0.0255,
        "3": 0.0267,
        "4": 0.00648,
        "5": 0.00513,
        "6": 0.00529,
        "7": 0.00614,
        "8": 0.0076,
        "9": 0.009,
        "10": 0.0111,
        "11": 0.0116,
        "12": 0.0114,
        "13": 0.0116,
        "14": 0.0127,
        "15": 0.0129,
        "16": 0.014,
        "17": 0.0145,
        "18": 0.0152,
        "19": 0.017,
        "20": 0.0227,
        "21": 0.0272,
        "22": 0.0317,
        "23": 0.0358,
        "24": 0.0371,
        "25": 0.0346,
        "26": 0.0339,
        "27": 0.0279,
        "28": 0.0624
    },
    "boolq_mini_gpt4": {
        "0": 0.0958,
        "1": 0.0275,
        "2": 0.0266,
        "3": 0.0294,
        "4": 0.00651,
        "5": 0.00503,
        "6": 0.00521,
        "7": 0.00579,
        "8": 0.00693,
        "9": 0.00843,
        "10": 0.0104,
        "11": 0.0107,
        "12": 0.0108,
        "13": 0.011,
        "14": 0.0119,
        "15": 0.0122,
        "16": 0.0134,
        "17": 0.0139,
        "18": 0.0143,
        "19": 0.0157,
        "20": 0.0209,
        "21": 0.0246,
        "22": 0.0286,
        "23": 0.0326,
        "24": 0.034,
        "25": 0.0318,
        "26": 0.0318,
        "27": 0.0299,
        "28": 0.0684
    },
    "boolq_groundtruth": {
        "0": 0.719,
        "1": 0.303,
        "2": 0.243,
        "3": 0.375,
        "4": 0.0174,
        "5": 0.0137,
        "6": 0.0137,
        "7": 0.0164,
        "8": 0.0194,
        "9": 0.0237,
        "10": 0.0301,
        "11": 0.0315,
        "12": 0.0312,
        "13": 0.031,
        "14": 0.0344,
        "15": 0.0365,
        "16": 0.0399,
        "17": 0.041,
        "18": 0.0429,
        "19": 0.0486,
        "20": 0.0701,
        "21": 0.0877,
        "22": 0.116,
        "23": 0.152,
        "24": 0.201,
        "25": 0.237,
        "26": 0.277,
        "27": 0.29,
        "28": 0.584
    },
    "boolq_gpt4_style_in_context_examples": {
        "0": 0.102,
        "1": 0.0272,
        "2": 0.027,
        "3": 0.0303,
        "4": 0.00754,
        "5": 0.00583,
        "6": 0.00599,
        "7": 0.00684,
        "8": 0.00841,
        "9": 0.0102,
        "10": 0.0127,
        "11": 0.0134,
        "12": 0.0131,
        "13": 0.0134,
        "14": 0.0147,
        "15": 0.0152,
        "16": 0.0165,
        "17": 0.0169,
        "18": 0.0174,
        "19": 0.019,
        "20": 0.0262,
        "21": 0.0308,
        "22": 0.036,
        "23": 0.0411,
        "24": 0.0421,
        "25": 0.0392,
        "26": 0.0387,
        "27": 0.0351,
        "28": 0.0825
    },
    "boolq_openai_human_written_examples": {
        "0": 0.113,
        "1": 0.0326,
        "2": 0.0324,
        "3": 0.0373,
        "4": 0.00879,
        "5": 0.0069,
        "6": 0.00703,
        "7": 0.00819,
        "8": 0.00991,
        "9": 0.0121,
        "10": 0.0155,
        "11": 0.0162,
        "12": 0.0158,
        "13": 0.016,
        "14": 0.0175,
        "15": 0.018,
        "16": 0.0194,
        "17": 0.0201,
        "18": 0.0205,
        "19": 0.0227,
        "20": 0.0313,
        "21": 0.0367,
        "22": 0.0434,
        "23": 0.051,
        "24": 0.0542,
        "25": 0.0506,
        "26": 0.0499,
        "27": 0.0428,
        "28": 0.0942
    }
}