{
    "api_bank_step_by_step": {
        "0": 0.14,
        "1": 0.0572,
        "2": 0.00729,
        "3": 0.0161,
        "4": 0.0218,
        "5": 0.0325,
        "6": 0.0442,
        "7": 0.0578,
        "8": 0.0742,
        "9": 0.0778,
        "10": 0.0952,
        "11": 0.107,
        "12": 0.122,
        "13": 0.143,
        "14": 0.139,
        "15": 0.144,
        "16": 0.153,
        "17": 0.163,
        "18": 0.158,
        "19": 0.18,
        "20": 0.178,
        "21": 0.164,
        "22": 0.147,
        "23": 0.132,
        "24": 0.131,
        "25": 0.123,
        "26": 0.113,
        "27": 0.115,
        "28": 0.115,
        "29": 0.129,
        "30": 0.119,
        "31": 0.122,
        "32": 0.171
    },
    "api_bank_gpt4": {
        "0": 0.133,
        "1": 0.05,
        "2": 0.0055,
        "3": 0.0115,
        "4": 0.0158,
        "5": 0.0239,
        "6": 0.0327,
        "7": 0.0433,
        "8": 0.0563,
        "9": 0.0596,
        "10": 0.0742,
        "11": 0.0855,
        "12": 0.0974,
        "13": 0.116,
        "14": 0.114,
        "15": 0.116,
        "16": 0.127,
        "17": 0.138,
        "18": 0.135,
        "19": 0.156,
        "20": 0.156,
        "21": 0.144,
        "22": 0.131,
        "23": 0.12,
        "24": 0.12,
        "25": 0.113,
        "26": 0.105,
        "27": 0.107,
        "28": 0.108,
        "29": 0.123,
        "30": 0.113,
        "31": 0.117,
        "32": 0.167
    },
    "api_bank_claude": {
        "0": 0.139,
        "1": 0.0487,
        "2": 0.00339,
        "3": 0.00744,
        "4": 0.0108,
        "5": 0.0168,
        "6": 0.0236,
        "7": 0.0323,
        "8": 0.0443,
        "9": 0.0494,
        "10": 0.0609,
        "11": 0.0708,
        "12": 0.0831,
        "13": 0.0994,
        "14": 0.103,
        "15": 0.107,
        "16": 0.12,
        "17": 0.134,
        "18": 0.13,
        "19": 0.153,
        "20": 0.156,
        "21": 0.149,
        "22": 0.139,
        "23": 0.13,
        "24": 0.13,
        "25": 0.124,
        "26": 0.115,
        "27": 0.118,
        "28": 0.119,
        "29": 0.132,
        "30": 0.122,
        "31": 0.125,
        "32": 0.187
    },
    "api_bank_mini_gpt4": {
        "0": 0.138,
        "1": 0.0468,
        "2": 0.00377,
        "3": 0.00791,
        "4": 0.0116,
        "5": 0.0177,
        "6": 0.0246,
        "7": 0.0332,
        "8": 0.0447,
        "9": 0.0482,
        "10": 0.0607,
        "11": 0.0709,
        "12": 0.0807,
        "13": 0.0977,
        "14": 0.0977,
        "15": 0.0974,
        "16": 0.109,
        "17": 0.12,
        "18": 0.118,
        "19": 0.138,
        "20": 0.141,
        "21": 0.132,
        "22": 0.122,
        "23": 0.114,
        "24": 0.115,
        "25": 0.11,
        "26": 0.102,
        "27": 0.104,
        "28": 0.107,
        "29": 0.121,
        "30": 0.111,
        "31": 0.115,
        "32": 0.172
    },
    "api_bank_groundtruth": {
        "0": 0.297,
        "1": 0.24,
        "2": 0.0404,
        "3": 0.0448,
        "4": 0.049,
        "5": 0.0552,
        "6": 0.0605,
        "7": 0.068,
        "8": 0.0777,
        "9": 0.0783,
        "10": 0.0907,
        "11": 0.0968,
        "12": 0.105,
        "13": 0.12,
        "14": 0.117,
        "15": 0.114,
        "16": 0.13,
        "17": 0.152,
        "18": 0.152,
        "19": 0.193,
        "20": 0.213,
        "21": 0.218,
        "22": 0.212,
        "23": 0.205,
        "24": 0.212,
        "25": 0.207,
        "26": 0.202,
        "27": 0.212,
        "28": 0.221,
        "29": 0.264,
        "30": 0.273,
        "31": 0.325,
        "32": 0.359
    },
    "api_bank_gpt4_style_in_context_examples": {
        "0": 0.138,
        "1": 0.0414,
        "2": 0.00387,
        "3": 0.0066,
        "4": 0.00914,
        "5": 0.0139,
        "6": 0.0191,
        "7": 0.0254,
        "8": 0.034,
        "9": 0.0369,
        "10": 0.046,
        "11": 0.054,
        "12": 0.0615,
        "13": 0.075,
        "14": 0.0767,
        "15": 0.0744,
        "16": 0.0852,
        "17": 0.0965,
        "18": 0.0963,
        "19": 0.113,
        "20": 0.121,
        "21": 0.119,
        "22": 0.113,
        "23": 0.106,
        "24": 0.106,
        "25": 0.102,
        "26": 0.0953,
        "27": 0.0985,
        "28": 0.099,
        "29": 0.111,
        "30": 0.105,
        "31": 0.112,
        "32": 0.176
    },
    "api_bank_openai_human_written_examples": {
        "0": 0.142,
        "1": 0.0478,
        "2": 0.00417,
        "3": 0.00793,
        "4": 0.011,
        "5": 0.0169,
        "6": 0.023,
        "7": 0.031,
        "8": 0.043,
        "9": 0.0462,
        "10": 0.0571,
        "11": 0.0671,
        "12": 0.0776,
        "13": 0.0934,
        "14": 0.0961,
        "15": 0.0962,
        "16": 0.107,
        "17": 0.12,
        "18": 0.119,
        "19": 0.136,
        "20": 0.141,
        "21": 0.134,
        "22": 0.125,
        "23": 0.115,
        "24": 0.115,
        "25": 0.11,
        "26": 0.102,
        "27": 0.106,
        "28": 0.106,
        "29": 0.118,
        "30": 0.111,
        "31": 0.116,
        "32": 0.177
    }
}