{
    "api_bank_step_by_step": {
        "0": 0.274,
        "1": 0.073,
        "2": 0.0812,
        "3": 0.099,
        "4": 0.0193,
        "5": 0.0146,
        "6": 0.0155,
        "7": 0.0182,
        "8": 0.0201,
        "9": 0.022,
        "10": 0.0252,
        "11": 0.0258,
        "12": 0.0249,
        "13": 0.0252,
        "14": 0.0276,
        "15": 0.0304,
        "16": 0.0332,
        "17": 0.0356,
        "18": 0.0383,
        "19": 0.0429,
        "20": 0.0616,
        "21": 0.0745,
        "22": 0.0928,
        "23": 0.118,
        "24": 0.137,
        "25": 0.141,
        "26": 0.147,
        "27": 0.082,
        "28": 0.47
    },
    "api_bank_gpt4": {
        "0": 0.278,
        "1": 0.0728,
        "2": 0.0795,
        "3": 0.0947,
        "4": 0.0138,
        "5": 0.0104,
        "6": 0.0111,
        "7": 0.013,
        "8": 0.0147,
        "9": 0.0163,
        "10": 0.0185,
        "11": 0.0188,
        "12": 0.0182,
        "13": 0.0185,
        "14": 0.0206,
        "15": 0.0227,
        "16": 0.0247,
        "17": 0.0268,
        "18": 0.0289,
        "19": 0.0323,
        "20": 0.0468,
        "21": 0.0574,
        "22": 0.0739,
        "23": 0.0959,
        "24": 0.115,
        "25": 0.122,
        "26": 0.13,
        "27": 0.0784,
        "28": 0.501
    },
    "api_bank_claude": {
        "0": 0.304,
        "1": 0.08,
        "2": 0.0872,
        "3": 0.101,
        "4": 0.0109,
        "5": 0.00831,
        "6": 0.00892,
        "7": 0.0108,
        "8": 0.0123,
        "9": 0.0139,
        "10": 0.0157,
        "11": 0.016,
        "12": 0.0157,
        "13": 0.016,
        "14": 0.0179,
        "15": 0.0201,
        "16": 0.0223,
        "17": 0.0241,
        "18": 0.0265,
        "19": 0.0303,
        "20": 0.0443,
        "21": 0.0551,
        "22": 0.0719,
        "23": 0.0931,
        "24": 0.112,
        "25": 0.12,
        "26": 0.127,
        "27": 0.0769,
        "28": 0.528
    },
    "api_bank_mini_gpt4": {
        "0": 0.317,
        "1": 0.0813,
        "2": 0.0887,
        "3": 0.103,
        "4": 0.0107,
        "5": 0.00819,
        "6": 0.00885,
        "7": 0.0106,
        "8": 0.0122,
        "9": 0.0135,
        "10": 0.0154,
        "11": 0.0157,
        "12": 0.0152,
        "13": 0.0154,
        "14": 0.0172,
        "15": 0.0193,
        "16": 0.0214,
        "17": 0.0232,
        "18": 0.0252,
        "19": 0.0286,
        "20": 0.043,
        "21": 0.0533,
        "22": 0.0707,
        "23": 0.092,
        "24": 0.111,
        "25": 0.119,
        "26": 0.127,
        "27": 0.0796,
        "28": 0.555
    },
    "api_bank_groundtruth": {
        "0": 0.23,
        "1": 0.063,
        "2": 0.0571,
        "3": 0.0787,
        "4": 0.00368,
        "5": 0.00262,
        "6": 0.00283,
        "7": 0.00335,
        "8": 0.00381,
        "9": 0.00436,
        "10": 0.00482,
        "11": 0.00518,
        "12": 0.00502,
        "13": 0.00532,
        "14": 0.00595,
        "15": 0.00644,
        "16": 0.00714,
        "17": 0.00751,
        "18": 0.00794,
        "19": 0.00871,
        "20": 0.012,
        "21": 0.0147,
        "22": 0.02,
        "23": 0.0261,
        "24": 0.0338,
        "25": 0.0394,
        "26": 0.0466,
        "27": 0.0419,
        "28": 0.171
    },
    "api_bank_gpt4_style_in_context_examples": {
        "0": 0.265,
        "1": 0.0709,
        "2": 0.0753,
        "3": 0.0883,
        "4": 0.00735,
        "5": 0.00551,
        "6": 0.00582,
        "7": 0.00699,
        "8": 0.00804,
        "9": 0.00938,
        "10": 0.0105,
        "11": 0.0108,
        "12": 0.0105,
        "13": 0.0107,
        "14": 0.012,
        "15": 0.0133,
        "16": 0.0146,
        "17": 0.0158,
        "18": 0.0171,
        "19": 0.0194,
        "20": 0.0278,
        "21": 0.0344,
        "22": 0.0463,
        "23": 0.0615,
        "24": 0.0775,
        "25": 0.087,
        "26": 0.0958,
        "27": 0.069,
        "28": 0.487
    },
    "api_bank_openai_human_written_examples": {
        "0": 0.287,
        "1": 0.0748,
        "2": 0.08,
        "3": 0.0941,
        "4": 0.00874,
        "5": 0.00669,
        "6": 0.00712,
        "7": 0.00851,
        "8": 0.0097,
        "9": 0.0112,
        "10": 0.0125,
        "11": 0.0131,
        "12": 0.0126,
        "13": 0.013,
        "14": 0.0147,
        "15": 0.0163,
        "16": 0.0181,
        "17": 0.0196,
        "18": 0.0215,
        "19": 0.0244,
        "20": 0.0346,
        "21": 0.0428,
        "22": 0.0566,
        "23": 0.0745,
        "24": 0.0922,
        "25": 0.101,
        "26": 0.11,
        "27": 0.0727,
        "28": 0.513
    }
}