{
    "api_bank_step_by_step": {
        "0": 0.0773,
        "1": 0.0548,
        "2": 0.0257,
        "3": 0.0352,
        "4": 0.0634,
        "5": 0.0825,
        "6": 0.102,
        "7": 0.11,
        "8": 0.117,
        "9": 0.124,
        "10": 0.133,
        "11": 0.14,
        "12": 0.142,
        "13": 0.136,
        "14": 0.141,
        "15": 0.146,
        "16": 0.14,
        "17": 0.13,
        "18": 0.127,
        "19": 0.117,
        "20": 0.106,
        "21": 0.103,
        "22": 0.095,
        "23": 0.0865,
        "24": 0.0761,
        "25": 0.0691,
        "26": 0.0659,
        "27": 0.0583,
        "28": 0.0539,
        "29": 0.0533,
        "30": 0.0516,
        "31": 0.065,
        "32": 0.125
    },
    "api_bank_claude": {
        "0": 0.0773,
        "1": 0.0458,
        "2": 0.00698,
        "3": 0.0122,
        "4": 0.0231,
        "5": 0.0333,
        "6": 0.042,
        "7": 0.0494,
        "8": 0.056,
        "9": 0.0627,
        "10": 0.0691,
        "11": 0.0746,
        "12": 0.0767,
        "13": 0.0782,
        "14": 0.0862,
        "15": 0.0905,
        "16": 0.0924,
        "17": 0.0889,
        "18": 0.0925,
        "19": 0.0883,
        "20": 0.0812,
        "21": 0.0818,
        "22": 0.0787,
        "23": 0.075,
        "24": 0.0681,
        "25": 0.0625,
        "26": 0.0606,
        "27": 0.0543,
        "28": 0.0507,
        "29": 0.0507,
        "30": 0.0505,
        "31": 0.063,
        "32": 0.132
    },
    "api_bank_gpt4_style_in_context_examples": {
        "0": 0.0792,
        "1": 0.0414,
        "2": 0.00514,
        "3": 0.0086,
        "4": 0.0163,
        "5": 0.0231,
        "6": 0.03,
        "7": 0.0347,
        "8": 0.0406,
        "9": 0.046,
        "10": 0.0506,
        "11": 0.0555,
        "12": 0.0585,
        "13": 0.06,
        "14": 0.0656,
        "15": 0.0686,
        "16": 0.0699,
        "17": 0.0697,
        "18": 0.073,
        "19": 0.0698,
        "20": 0.065,
        "21": 0.065,
        "22": 0.0633,
        "23": 0.0605,
        "24": 0.0556,
        "25": 0.052,
        "26": 0.051,
        "27": 0.0461,
        "28": 0.0447,
        "29": 0.045,
        "30": 0.0446,
        "31": 0.0594,
        "32": 0.125
    },
    "api_bank_gpt4": {
        "0": 0.074,
        "1": 0.0463,
        "2": 0.0125,
        "3": 0.0184,
        "4": 0.0344,
        "5": 0.0466,
        "6": 0.0592,
        "7": 0.0658,
        "8": 0.0711,
        "9": 0.0772,
        "10": 0.0835,
        "11": 0.0895,
        "12": 0.093,
        "13": 0.0913,
        "14": 0.0974,
        "15": 0.101,
        "16": 0.101,
        "17": 0.0952,
        "18": 0.0961,
        "19": 0.0899,
        "20": 0.0819,
        "21": 0.081,
        "22": 0.0756,
        "23": 0.0704,
        "24": 0.0631,
        "25": 0.0577,
        "26": 0.0558,
        "27": 0.05,
        "28": 0.0468,
        "29": 0.0467,
        "30": 0.0458,
        "31": 0.0589,
        "32": 0.111
    },
    "api_bank_mini_gpt4": {
        "0": 0.0682,
        "1": 0.0495,
        "2": 0.0101,
        "3": 0.0159,
        "4": 0.0306,
        "5": 0.0422,
        "6": 0.0541,
        "7": 0.0607,
        "8": 0.0659,
        "9": 0.0722,
        "10": 0.0792,
        "11": 0.0851,
        "12": 0.0879,
        "13": 0.0871,
        "14": 0.0941,
        "15": 0.0986,
        "16": 0.0993,
        "17": 0.0944,
        "18": 0.095,
        "19": 0.0895,
        "20": 0.0818,
        "21": 0.0812,
        "22": 0.0759,
        "23": 0.0714,
        "24": 0.0639,
        "25": 0.0584,
        "26": 0.0565,
        "27": 0.0507,
        "28": 0.0474,
        "29": 0.0472,
        "30": 0.0461,
        "31": 0.0592,
        "32": 0.114
    },
    "api_bank_groundtruth": {
        "0": 0.308,
        "1": 0.144,
        "2": 0.0106,
        "3": 0.0195,
        "4": 0.0384,
        "5": 0.0552,
        "6": 0.0719,
        "7": 0.0825,
        "8": 0.0863,
        "9": 0.0992,
        "10": 0.118,
        "11": 0.128,
        "12": 0.135,
        "13": 0.152,
        "14": 0.166,
        "15": 0.179,
        "16": 0.2,
        "17": 0.225,
        "18": 0.244,
        "19": 0.256,
        "20": 0.263,
        "21": 0.267,
        "22": 0.277,
        "23": 0.278,
        "24": 0.275,
        "25": 0.274,
        "26": 0.269,
        "27": 0.265,
        "28": 0.257,
        "29": 0.258,
        "30": 0.242,
        "31": 0.277,
        "32": 0.414
    },
    "api_bank_openai_human_written_examples": {
        "0": 0.0751,
        "1": 0.0385,
        "2": 0.00641,
        "3": 0.0104,
        "4": 0.0198,
        "5": 0.0279,
        "6": 0.0364,
        "7": 0.042,
        "8": 0.0487,
        "9": 0.0549,
        "10": 0.0604,
        "11": 0.0662,
        "12": 0.0688,
        "13": 0.0707,
        "14": 0.0771,
        "15": 0.0805,
        "16": 0.0818,
        "17": 0.08,
        "18": 0.0824,
        "19": 0.078,
        "20": 0.0717,
        "21": 0.0713,
        "22": 0.0683,
        "23": 0.0646,
        "24": 0.0586,
        "25": 0.0543,
        "26": 0.0527,
        "27": 0.0472,
        "28": 0.0452,
        "29": 0.0454,
        "30": 0.0449,
        "31": 0.0595,
        "32": 0.122
    }
}