{
    "mmlu_step_by_step": {
        "0": 0.077,
        "1": 0.0246,
        "2": 0.00488,
        "3": 0.0101,
        "4": 0.0136,
        "5": 0.0207,
        "6": 0.0291,
        "7": 0.0388,
        "8": 0.0505,
        "9": 0.0565,
        "10": 0.0622,
        "11": 0.0749,
        "12": 0.0837,
        "13": 0.0907,
        "14": 0.0951,
        "15": 0.1,
        "16": 0.107,
        "17": 0.111,
        "18": 0.109,
        "19": 0.125,
        "20": 0.128,
        "21": 0.115,
        "22": 0.107,
        "23": 0.102,
        "24": 0.109,
        "25": 0.103,
        "26": 0.0975,
        "27": 0.101,
        "28": 0.103,
        "29": 0.103,
        "30": 0.0912,
        "31": 0.0902,
        "32": 0.128
    },
    "mmlu_gpt4": {
        "0": 0.078,
        "1": 0.0238,
        "2": 0.004,
        "3": 0.00806,
        "4": 0.0117,
        "5": 0.0179,
        "6": 0.0269,
        "7": 0.0366,
        "8": 0.0474,
        "9": 0.0529,
        "10": 0.0587,
        "11": 0.0694,
        "12": 0.0772,
        "13": 0.0854,
        "14": 0.0885,
        "15": 0.0936,
        "16": 0.1,
        "17": 0.105,
        "18": 0.105,
        "19": 0.12,
        "20": 0.121,
        "21": 0.109,
        "22": 0.101,
        "23": 0.0985,
        "24": 0.105,
        "25": 0.0999,
        "26": 0.0946,
        "27": 0.0983,
        "28": 0.1,
        "29": 0.1,
        "30": 0.0887,
        "31": 0.0871,
        "32": 0.123
    },
    "mmlu_claude": {
        "0": 0.0809,
        "1": 0.0247,
        "2": 0.00391,
        "3": 0.00757,
        "4": 0.0105,
        "5": 0.0162,
        "6": 0.0246,
        "7": 0.0336,
        "8": 0.0451,
        "9": 0.0489,
        "10": 0.0542,
        "11": 0.0609,
        "12": 0.0682,
        "13": 0.0758,
        "14": 0.0774,
        "15": 0.0834,
        "16": 0.094,
        "17": 0.101,
        "18": 0.099,
        "19": 0.112,
        "20": 0.114,
        "21": 0.104,
        "22": 0.0974,
        "23": 0.0935,
        "24": 0.0972,
        "25": 0.0924,
        "26": 0.0876,
        "27": 0.0898,
        "28": 0.0886,
        "29": 0.088,
        "30": 0.0766,
        "31": 0.0741,
        "32": 0.105
    },
    "mmlu_mini_gpt4": {
        "0": 0.0786,
        "1": 0.0226,
        "2": 0.00391,
        "3": 0.00693,
        "4": 0.01,
        "5": 0.0149,
        "6": 0.0225,
        "7": 0.0305,
        "8": 0.0418,
        "9": 0.0464,
        "10": 0.0514,
        "11": 0.0612,
        "12": 0.0682,
        "13": 0.0772,
        "14": 0.0808,
        "15": 0.0862,
        "16": 0.0951,
        "17": 0.102,
        "18": 0.101,
        "19": 0.115,
        "20": 0.118,
        "21": 0.11,
        "22": 0.105,
        "23": 0.101,
        "24": 0.107,
        "25": 0.101,
        "26": 0.096,
        "27": 0.0984,
        "28": 0.0988,
        "29": 0.0986,
        "30": 0.0874,
        "31": 0.0858,
        "32": 0.117
    },
    "mmlu_groundtruth": {
        "0": 0.782,
        "1": 0.758,
        "2": 0.0471,
        "3": 0.0621,
        "4": 0.0729,
        "5": 0.0899,
        "6": 0.118,
        "7": 0.147,
        "8": 0.194,
        "9": 0.2,
        "10": 0.232,
        "11": 0.243,
        "12": 0.262,
        "13": 0.295,
        "14": 0.282,
        "15": 0.294,
        "16": 0.346,
        "17": 0.42,
        "18": 0.415,
        "19": 0.511,
        "20": 0.586,
        "21": 0.618,
        "22": 0.629,
        "23": 0.624,
        "24": 0.65,
        "25": 0.637,
        "26": 0.631,
        "27": 0.671,
        "28": 0.697,
        "29": 0.77,
        "30": 0.799,
        "31": 0.863,
        "32": 0.904
    },
    "mmlu_gpt4_style_in_context_examples": {
        "0": 0.0865,
        "1": 0.03,
        "2": 0.0104,
        "3": 0.0206,
        "4": 0.0259,
        "5": 0.036,
        "6": 0.0486,
        "7": 0.0624,
        "8": 0.0757,
        "9": 0.08,
        "10": 0.0856,
        "11": 0.0971,
        "12": 0.106,
        "13": 0.112,
        "14": 0.112,
        "15": 0.118,
        "16": 0.122,
        "17": 0.123,
        "18": 0.121,
        "19": 0.141,
        "20": 0.137,
        "21": 0.119,
        "22": 0.108,
        "23": 0.103,
        "24": 0.112,
        "25": 0.105,
        "26": 0.099,
        "27": 0.106,
        "28": 0.11,
        "29": 0.112,
        "30": 0.101,
        "31": 0.101,
        "32": 0.137
    },
    "mmlu_openai_human_written_examples": {
        "0": 0.0764,
        "1": 0.0242,
        "2": 0.00537,
        "3": 0.0107,
        "4": 0.0148,
        "5": 0.0222,
        "6": 0.0326,
        "7": 0.0432,
        "8": 0.0558,
        "9": 0.0604,
        "10": 0.0674,
        "11": 0.0795,
        "12": 0.0872,
        "13": 0.0944,
        "14": 0.0948,
        "15": 0.1,
        "16": 0.106,
        "17": 0.107,
        "18": 0.105,
        "19": 0.123,
        "20": 0.122,
        "21": 0.109,
        "22": 0.101,
        "23": 0.0965,
        "24": 0.105,
        "25": 0.0994,
        "26": 0.0947,
        "27": 0.101,
        "28": 0.104,
        "29": 0.105,
        "30": 0.0938,
        "31": 0.0915,
        "32": 0.125
    }
}