{
    "winogrande_step_by_step": {
        "0": 0.0978,
        "1": 0.0302,
        "2": 0.0322,
        "3": 0.0318,
        "4": 0.0132,
        "5": 0.00986,
        "6": 0.0107,
        "7": 0.0123,
        "8": 0.0137,
        "9": 0.0157,
        "10": 0.0172,
        "11": 0.0181,
        "12": 0.0179,
        "13": 0.0179,
        "14": 0.0192,
        "15": 0.0204,
        "16": 0.0226,
        "17": 0.0242,
        "18": 0.0253,
        "19": 0.0298,
        "20": 0.0425,
        "21": 0.0519,
        "22": 0.0623,
        "23": 0.0735,
        "24": 0.0792,
        "25": 0.0734,
        "26": 0.0735,
        "27": 0.0394,
        "28": 0.0767
    },
    "winogrande_gpt4": {
        "0": 0.115,
        "1": 0.0349,
        "2": 0.0349,
        "3": 0.0365,
        "4": 0.00283,
        "5": 0.0021,
        "6": 0.00205,
        "7": 0.00269,
        "8": 0.00298,
        "9": 0.00391,
        "10": 0.0042,
        "11": 0.00459,
        "12": 0.00469,
        "13": 0.00444,
        "14": 0.00498,
        "15": 0.00527,
        "16": 0.00576,
        "17": 0.00635,
        "18": 0.00649,
        "19": 0.00791,
        "20": 0.0113,
        "21": 0.0147,
        "22": 0.0198,
        "23": 0.025,
        "24": 0.0297,
        "25": 0.0304,
        "26": 0.0327,
        "27": 0.0295,
        "28": 0.0602
    },
    "winogrande_claude": {
        "0": 0.11,
        "1": 0.0327,
        "2": 0.0321,
        "3": 0.0323,
        "4": 0.00591,
        "5": 0.00464,
        "6": 0.00513,
        "7": 0.00596,
        "8": 0.00684,
        "9": 0.0083,
        "10": 0.00942,
        "11": 0.00981,
        "12": 0.00938,
        "13": 0.00991,
        "14": 0.0106,
        "15": 0.0114,
        "16": 0.0128,
        "17": 0.0138,
        "18": 0.0144,
        "19": 0.0172,
        "20": 0.025,
        "21": 0.0318,
        "22": 0.0407,
        "23": 0.0496,
        "24": 0.0563,
        "25": 0.0543,
        "26": 0.0553,
        "27": 0.0339,
        "28": 0.0663
    },
    "winogrande_mini_gpt4": {
        "0": 0.0913,
        "1": 0.0277,
        "2": 0.0295,
        "3": 0.0285,
        "4": 0.00376,
        "5": 0.00293,
        "6": 0.00337,
        "7": 0.00396,
        "8": 0.00435,
        "9": 0.00547,
        "10": 0.00566,
        "11": 0.00615,
        "12": 0.00596,
        "13": 0.00615,
        "14": 0.00659,
        "15": 0.00684,
        "16": 0.00811,
        "17": 0.00874,
        "18": 0.00879,
        "19": 0.011,
        "20": 0.0163,
        "21": 0.0211,
        "22": 0.0271,
        "23": 0.0336,
        "24": 0.0387,
        "25": 0.0386,
        "26": 0.041,
        "27": 0.0312,
        "28": 0.0665
    },
    "winogrande_groundtruth": {
        "0": 0.551,
        "1": 0.226,
        "2": 0.192,
        "3": 0.269,
        "4": 0.0042,
        "5": 0.00327,
        "6": 0.00298,
        "7": 0.004,
        "8": 0.00405,
        "9": 0.00552,
        "10": 0.0063,
        "11": 0.00698,
        "12": 0.00674,
        "13": 0.00718,
        "14": 0.00811,
        "15": 0.00806,
        "16": 0.0101,
        "17": 0.0108,
        "18": 0.0108,
        "19": 0.0135,
        "20": 0.0207,
        "21": 0.0273,
        "22": 0.0407,
        "23": 0.0586,
        "24": 0.088,
        "25": 0.12,
        "26": 0.152,
        "27": 0.194,
        "28": 0.407
    },
    "winogrande_gpt4_style_in_context_examples": {
        "0": 0.105,
        "1": 0.0305,
        "2": 0.0307,
        "3": 0.0314,
        "4": 0.00249,
        "5": 0.0021,
        "6": 0.00234,
        "7": 0.00288,
        "8": 0.00308,
        "9": 0.00381,
        "10": 0.00405,
        "11": 0.00459,
        "12": 0.00454,
        "13": 0.00454,
        "14": 0.00508,
        "15": 0.00547,
        "16": 0.0063,
        "17": 0.00698,
        "18": 0.00693,
        "19": 0.00859,
        "20": 0.0127,
        "21": 0.0165,
        "22": 0.0221,
        "23": 0.0281,
        "24": 0.0334,
        "25": 0.0346,
        "26": 0.0376,
        "27": 0.0322,
        "28": 0.0558
    },
    "winogrande_openai_human_written_examples": {
        "0": 0.106,
        "1": 0.0306,
        "2": 0.0296,
        "3": 0.0322,
        "4": 0.00161,
        "5": 0.00127,
        "6": 0.00132,
        "7": 0.00166,
        "8": 0.00181,
        "9": 0.00254,
        "10": 0.00249,
        "11": 0.00298,
        "12": 0.00298,
        "13": 0.00293,
        "14": 0.00342,
        "15": 0.00337,
        "16": 0.00405,
        "17": 0.00444,
        "18": 0.00449,
        "19": 0.00552,
        "20": 0.00815,
        "21": 0.0107,
        "22": 0.015,
        "23": 0.0197,
        "24": 0.024,
        "25": 0.0259,
        "26": 0.0286,
        "27": 0.0315,
        "28": 0.0555
    }
}