{
    "math_algebra_step_by_step": {
        "0": 0.104,
        "1": 0.0304,
        "2": 0.00742,
        "3": 0.014,
        "4": 0.0181,
        "5": 0.0242,
        "6": 0.0301,
        "7": 0.0376,
        "8": 0.0469,
        "9": 0.0567,
        "10": 0.0586,
        "11": 0.0634,
        "12": 0.0718,
        "13": 0.0745,
        "14": 0.0795,
        "15": 0.0863,
        "16": 0.0928,
        "17": 0.0904,
        "18": 0.0891,
        "19": 0.0879,
        "20": 0.082,
        "21": 0.0786,
        "22": 0.0748,
        "23": 0.0744,
        "24": 0.0772,
        "25": 0.0797,
        "26": 0.0825,
        "27": 0.0899,
        "28": 0.09,
        "29": 0.0907,
        "30": 0.0867,
        "31": 0.0855,
        "32": 0.117
    },
    "math_algebra_gpt4": {
        "0": 0.106,
        "1": 0.0312,
        "2": 0.00771,
        "3": 0.0139,
        "4": 0.0179,
        "5": 0.0245,
        "6": 0.0303,
        "7": 0.0369,
        "8": 0.0463,
        "9": 0.0553,
        "10": 0.0595,
        "11": 0.0643,
        "12": 0.0729,
        "13": 0.0747,
        "14": 0.0801,
        "15": 0.0857,
        "16": 0.0927,
        "17": 0.09,
        "18": 0.0885,
        "19": 0.0882,
        "20": 0.0831,
        "21": 0.0813,
        "22": 0.0772,
        "23": 0.0768,
        "24": 0.0804,
        "25": 0.0809,
        "26": 0.0836,
        "27": 0.092,
        "28": 0.0932,
        "29": 0.0956,
        "30": 0.0921,
        "31": 0.0912,
        "32": 0.122
    },
    "math_algebra_claude": {
        "0": 0.107,
        "1": 0.0346,
        "2": 0.00796,
        "3": 0.0154,
        "4": 0.02,
        "5": 0.0278,
        "6": 0.0341,
        "7": 0.0417,
        "8": 0.052,
        "9": 0.062,
        "10": 0.0665,
        "11": 0.0708,
        "12": 0.0787,
        "13": 0.0815,
        "14": 0.0856,
        "15": 0.0919,
        "16": 0.0997,
        "17": 0.101,
        "18": 0.0984,
        "19": 0.1,
        "20": 0.0974,
        "21": 0.0957,
        "22": 0.0909,
        "23": 0.0901,
        "24": 0.0939,
        "25": 0.0916,
        "26": 0.0908,
        "27": 0.0931,
        "28": 0.0929,
        "29": 0.0969,
        "30": 0.0931,
        "31": 0.0953,
        "32": 0.151
    },
    "math_algebra_mini_gpt4": {
        "0": 0.114,
        "1": 0.0337,
        "2": 0.00708,
        "3": 0.013,
        "4": 0.017,
        "5": 0.0235,
        "6": 0.0292,
        "7": 0.0371,
        "8": 0.0463,
        "9": 0.0555,
        "10": 0.0583,
        "11": 0.0629,
        "12": 0.0714,
        "13": 0.0739,
        "14": 0.0776,
        "15": 0.0839,
        "16": 0.0914,
        "17": 0.0915,
        "18": 0.0889,
        "19": 0.0902,
        "20": 0.0862,
        "21": 0.0843,
        "22": 0.0802,
        "23": 0.0798,
        "24": 0.0846,
        "25": 0.0881,
        "26": 0.0913,
        "27": 0.1,
        "28": 0.1,
        "29": 0.102,
        "30": 0.0976,
        "31": 0.0954,
        "32": 0.132
    },
    "math_algebra_groundtruth": {
        "0": 0.116,
        "1": 0.0501,
        "2": 0.0267,
        "3": 0.038,
        "4": 0.044,
        "5": 0.0564,
        "6": 0.0687,
        "7": 0.0832,
        "8": 0.106,
        "9": 0.122,
        "10": 0.134,
        "11": 0.138,
        "12": 0.151,
        "13": 0.158,
        "14": 0.159,
        "15": 0.166,
        "16": 0.181,
        "17": 0.187,
        "18": 0.178,
        "19": 0.184,
        "20": 0.179,
        "21": 0.171,
        "22": 0.16,
        "23": 0.153,
        "24": 0.16,
        "25": 0.152,
        "26": 0.149,
        "27": 0.154,
        "28": 0.155,
        "29": 0.157,
        "30": 0.146,
        "31": 0.136,
        "32": 0.172
    },
    "math_algebra_gpt4_style_in_context_examples": {
        "0": 0.26,
        "1": 0.0922,
        "2": 0.0158,
        "3": 0.0297,
        "4": 0.0401,
        "5": 0.0576,
        "6": 0.0806,
        "7": 0.101,
        "8": 0.141,
        "9": 0.168,
        "10": 0.19,
        "11": 0.198,
        "12": 0.215,
        "13": 0.23,
        "14": 0.238,
        "15": 0.248,
        "16": 0.297,
        "17": 0.322,
        "18": 0.311,
        "19": 0.331,
        "20": 0.356,
        "21": 0.382,
        "22": 0.378,
        "23": 0.363,
        "24": 0.362,
        "25": 0.345,
        "26": 0.336,
        "27": 0.326,
        "28": 0.31,
        "29": 0.308,
        "30": 0.293,
        "31": 0.285,
        "32": 0.46
    },
    "math_algebra_openai_human_written_examples": {
        "0": 0.1,
        "1": 0.0308,
        "2": 0.00654,
        "3": 0.0116,
        "4": 0.0156,
        "5": 0.0218,
        "6": 0.0282,
        "7": 0.036,
        "8": 0.0478,
        "9": 0.0582,
        "10": 0.0643,
        "11": 0.0688,
        "12": 0.0784,
        "13": 0.082,
        "14": 0.0863,
        "15": 0.0923,
        "16": 0.103,
        "17": 0.104,
        "18": 0.0997,
        "19": 0.1,
        "20": 0.0953,
        "21": 0.0934,
        "22": 0.0887,
        "23": 0.0872,
        "24": 0.0888,
        "25": 0.0879,
        "26": 0.0899,
        "27": 0.0966,
        "28": 0.0967,
        "29": 0.0979,
        "30": 0.094,
        "31": 0.0921,
        "32": 0.125
    },
    "math_algebra_rewrite_groundtruth_in_own_words": {
        "0": 0.103,
        "1": 0.033,
        "2": 0.00908,
        "3": 0.0161,
        "4": 0.0209,
        "5": 0.0297,
        "6": 0.0382,
        "7": 0.0489,
        "8": 0.0636,
        "9": 0.0782,
        "10": 0.083,
        "11": 0.088,
        "12": 0.0995,
        "13": 0.103,
        "14": 0.109,
        "15": 0.12,
        "16": 0.133,
        "17": 0.134,
        "18": 0.132,
        "19": 0.132,
        "20": 0.124,
        "21": 0.117,
        "22": 0.112,
        "23": 0.109,
        "24": 0.111,
        "25": 0.107,
        "26": 0.106,
        "27": 0.108,
        "28": 0.108,
        "29": 0.108,
        "30": 0.1,
        "31": 0.0946,
        "32": 0.129
    }
}