{
    "plan_bench_optimality_step_by_step": {
        "0": 0.0509,
        "1": 0.012,
        "2": 0.0126,
        "3": 0.0133,
        "4": 0.0102,
        "5": 0.00987,
        "6": 0.00863,
        "7": 0.0101,
        "8": 0.0115,
        "9": 0.0138,
        "10": 0.0133,
        "11": 0.0141,
        "12": 0.0148,
        "13": 0.0137,
        "14": 0.0155,
        "15": 0.0129,
        "16": 0.0147,
        "17": 0.0152,
        "18": 0.0158,
        "19": 0.0192,
        "20": 0.0216,
        "21": 0.0246,
        "22": 0.0236,
        "23": 0.0246,
        "24": 0.0208,
        "25": 0.0159,
        "26": 0.016,
        "27": 0.0157,
        "28": 0.0236
    },
    "plan_bench_optimality_gpt4": {
        "0": 0.0525,
        "1": 0.0128,
        "2": 0.0142,
        "3": 0.0146,
        "4": 0.0117,
        "5": 0.0111,
        "6": 0.00994,
        "7": 0.0116,
        "8": 0.0131,
        "9": 0.0152,
        "10": 0.0144,
        "11": 0.0153,
        "12": 0.0159,
        "13": 0.0148,
        "14": 0.0167,
        "15": 0.0141,
        "16": 0.0162,
        "17": 0.0168,
        "18": 0.0176,
        "19": 0.0213,
        "20": 0.0239,
        "21": 0.0273,
        "22": 0.0266,
        "23": 0.0277,
        "24": 0.0234,
        "25": 0.0176,
        "26": 0.0176,
        "27": 0.0167,
        "28": 0.0257
    },
    "plan_bench_optimality_claude": {
        "0": 0.0883,
        "1": 0.0197,
        "2": 0.0204,
        "3": 0.0205,
        "4": 0.0269,
        "5": 0.0237,
        "6": 0.0216,
        "7": 0.0244,
        "8": 0.0269,
        "9": 0.0306,
        "10": 0.0283,
        "11": 0.0296,
        "12": 0.0308,
        "13": 0.0286,
        "14": 0.0311,
        "15": 0.0266,
        "16": 0.0291,
        "17": 0.0298,
        "18": 0.0305,
        "19": 0.0361,
        "20": 0.0386,
        "21": 0.0435,
        "22": 0.0412,
        "23": 0.0431,
        "24": 0.0352,
        "25": 0.0254,
        "26": 0.0236,
        "27": 0.0172,
        "28": 0.0303
    },
    "plan_bench_optimality_mini_gpt4": {
        "0": 0.0519,
        "1": 0.0131,
        "2": 0.0142,
        "3": 0.0146,
        "4": 0.0112,
        "5": 0.0107,
        "6": 0.0096,
        "7": 0.011,
        "8": 0.0127,
        "9": 0.0147,
        "10": 0.0139,
        "11": 0.0148,
        "12": 0.0154,
        "13": 0.0145,
        "14": 0.0162,
        "15": 0.0139,
        "16": 0.0156,
        "17": 0.0164,
        "18": 0.0173,
        "19": 0.021,
        "20": 0.0235,
        "21": 0.0272,
        "22": 0.0272,
        "23": 0.0283,
        "24": 0.0242,
        "25": 0.0182,
        "26": 0.0182,
        "27": 0.0167,
        "28": 0.0294
    },
    "plan_bench_optimality_groundtruth": {
        "0": 0.449,
        "1": 0.104,
        "2": 0.117,
        "3": 0.15,
        "4": 0.0852,
        "5": 0.069,
        "6": 0.0686,
        "7": 0.0781,
        "8": 0.0838,
        "9": 0.0935,
        "10": 0.0987,
        "11": 0.101,
        "12": 0.102,
        "13": 0.0979,
        "14": 0.105,
        "15": 0.1,
        "16": 0.107,
        "17": 0.112,
        "18": 0.116,
        "19": 0.132,
        "20": 0.167,
        "21": 0.192,
        "22": 0.216,
        "23": 0.256,
        "24": 0.269,
        "25": 0.243,
        "26": 0.242,
        "27": 0.108,
        "28": 0.389
    },
    "plan_bench_optimality_gpt4_style_in_context_examples": {
        "0": 0.0712,
        "1": 0.0166,
        "2": 0.0152,
        "3": 0.0158,
        "4": 0.00848,
        "5": 0.00788,
        "6": 0.00681,
        "7": 0.00798,
        "8": 0.00911,
        "9": 0.0107,
        "10": 0.0101,
        "11": 0.0107,
        "12": 0.0113,
        "13": 0.0106,
        "14": 0.012,
        "15": 0.0102,
        "16": 0.0118,
        "17": 0.0123,
        "18": 0.0128,
        "19": 0.0156,
        "20": 0.0173,
        "21": 0.0196,
        "22": 0.0186,
        "23": 0.0196,
        "24": 0.0168,
        "25": 0.0129,
        "26": 0.0132,
        "27": 0.0139,
        "28": 0.0245
    },
    "plan_bench_optimality_openai_human_written_examples": {
        "0": 0.0623,
        "1": 0.017,
        "2": 0.0202,
        "3": 0.0206,
        "4": 0.0201,
        "5": 0.0184,
        "6": 0.0168,
        "7": 0.0193,
        "8": 0.0214,
        "9": 0.0243,
        "10": 0.0225,
        "11": 0.0239,
        "12": 0.025,
        "13": 0.0232,
        "14": 0.0256,
        "15": 0.0221,
        "16": 0.0247,
        "17": 0.0255,
        "18": 0.0266,
        "19": 0.0315,
        "20": 0.0358,
        "21": 0.0407,
        "22": 0.04,
        "23": 0.041,
        "24": 0.0344,
        "25": 0.0257,
        "26": 0.0253,
        "27": 0.0225,
        "28": 0.0344
    },
    "plan_bench_optimality_rewrite_groundtruth_in_own_words": {
        "0": 0.0705,
        "1": 0.0194,
        "2": 0.0233,
        "3": 0.0242,
        "4": 0.0263,
        "5": 0.0233,
        "6": 0.0215,
        "7": 0.0248,
        "8": 0.0273,
        "9": 0.0308,
        "10": 0.029,
        "11": 0.0306,
        "12": 0.0316,
        "13": 0.0296,
        "14": 0.0325,
        "15": 0.0285,
        "16": 0.032,
        "17": 0.0331,
        "18": 0.0343,
        "19": 0.0405,
        "20": 0.0473,
        "21": 0.0534,
        "22": 0.0527,
        "23": 0.055,
        "24": 0.0471,
        "25": 0.0348,
        "26": 0.0335,
        "27": 0.0264,
        "28": 0.0433
    }
}