{
    "arc_challenge_step_by_step": {
        "0": 0.0605,
        "1": 0.0164,
        "2": 0.0175,
        "3": 0.0181,
        "4": 0.00577,
        "5": 0.0045,
        "6": 0.00468,
        "7": 0.00518,
        "8": 0.00634,
        "9": 0.0073,
        "10": 0.00799,
        "11": 0.00856,
        "12": 0.0085,
        "13": 0.00877,
        "14": 0.00948,
        "15": 0.00972,
        "16": 0.0108,
        "17": 0.0111,
        "18": 0.0116,
        "19": 0.0135,
        "20": 0.0174,
        "21": 0.0206,
        "22": 0.0234,
        "23": 0.0261,
        "24": 0.0256,
        "25": 0.0228,
        "26": 0.0225,
        "27": 0.0174,
        "28": 0.0396
    },
    "arc_challenge_gpt4": {
        "0": 0.0643,
        "1": 0.018,
        "2": 0.0192,
        "3": 0.0208,
        "4": 0.0059,
        "5": 0.00448,
        "6": 0.00466,
        "7": 0.00529,
        "8": 0.00627,
        "9": 0.00743,
        "10": 0.00815,
        "11": 0.00847,
        "12": 0.00844,
        "13": 0.00859,
        "14": 0.00936,
        "15": 0.00959,
        "16": 0.0108,
        "17": 0.0112,
        "18": 0.0117,
        "19": 0.0136,
        "20": 0.0174,
        "21": 0.0204,
        "22": 0.0236,
        "23": 0.0264,
        "24": 0.0261,
        "25": 0.0235,
        "26": 0.0232,
        "27": 0.019,
        "28": 0.0383
    },
    "arc_challenge_claude": {
        "0": 0.0708,
        "1": 0.0193,
        "2": 0.0198,
        "3": 0.0199,
        "4": 0.00467,
        "5": 0.00369,
        "6": 0.0038,
        "7": 0.00452,
        "8": 0.00553,
        "9": 0.00662,
        "10": 0.00713,
        "11": 0.00754,
        "12": 0.00766,
        "13": 0.0078,
        "14": 0.0083,
        "15": 0.00877,
        "16": 0.00968,
        "17": 0.0101,
        "18": 0.0105,
        "19": 0.0123,
        "20": 0.0154,
        "21": 0.0184,
        "22": 0.0215,
        "23": 0.0241,
        "24": 0.0236,
        "25": 0.0212,
        "26": 0.0209,
        "27": 0.0165,
        "28": 0.0286
    },
    "arc_challenge_mini_gpt4": {
        "0": 0.0691,
        "1": 0.0189,
        "2": 0.0196,
        "3": 0.0208,
        "4": 0.00509,
        "5": 0.004,
        "6": 0.00414,
        "7": 0.00472,
        "8": 0.00573,
        "9": 0.00659,
        "10": 0.00722,
        "11": 0.00751,
        "12": 0.00746,
        "13": 0.00762,
        "14": 0.00834,
        "15": 0.00862,
        "16": 0.00965,
        "17": 0.01,
        "18": 0.0105,
        "19": 0.0121,
        "20": 0.0154,
        "21": 0.0181,
        "22": 0.0207,
        "23": 0.0231,
        "24": 0.0228,
        "25": 0.0205,
        "26": 0.0205,
        "27": 0.0181,
        "28": 0.034
    },
    "arc_challenge_groundtruth": {
        "0": 0.772,
        "1": 0.351,
        "2": 0.317,
        "3": 0.34,
        "4": 0.0268,
        "5": 0.0195,
        "6": 0.021,
        "7": 0.0243,
        "8": 0.0275,
        "9": 0.0325,
        "10": 0.0382,
        "11": 0.0402,
        "12": 0.0395,
        "13": 0.0394,
        "14": 0.0433,
        "15": 0.0464,
        "16": 0.0513,
        "17": 0.0538,
        "18": 0.0565,
        "19": 0.0657,
        "20": 0.0944,
        "21": 0.119,
        "22": 0.157,
        "23": 0.208,
        "24": 0.267,
        "25": 0.312,
        "26": 0.364,
        "27": 0.408,
        "28": 0.902
    },
    "arc_challenge_gpt4_style_in_context_examples": {
        "0": 0.0699,
        "1": 0.0172,
        "2": 0.0186,
        "3": 0.0185,
        "4": 0.00568,
        "5": 0.00436,
        "6": 0.00462,
        "7": 0.00521,
        "8": 0.00644,
        "9": 0.00742,
        "10": 0.00814,
        "11": 0.00866,
        "12": 0.00866,
        "13": 0.00892,
        "14": 0.00967,
        "15": 0.0101,
        "16": 0.0112,
        "17": 0.0115,
        "18": 0.0121,
        "19": 0.014,
        "20": 0.0177,
        "21": 0.021,
        "22": 0.0242,
        "23": 0.0271,
        "24": 0.0266,
        "25": 0.024,
        "26": 0.0236,
        "27": 0.0177,
        "28": 0.035
    },
    "arc_challenge_openai_human_written_examples": {
        "0": 0.0843,
        "1": 0.0234,
        "2": 0.0251,
        "3": 0.0275,
        "4": 0.00904,
        "5": 0.00679,
        "6": 0.00725,
        "7": 0.00828,
        "8": 0.00957,
        "9": 0.011,
        "10": 0.0121,
        "11": 0.0125,
        "12": 0.0125,
        "13": 0.0125,
        "14": 0.0136,
        "15": 0.0142,
        "16": 0.0159,
        "17": 0.0166,
        "18": 0.0174,
        "19": 0.0199,
        "20": 0.0262,
        "21": 0.0305,
        "22": 0.0354,
        "23": 0.0397,
        "24": 0.0396,
        "25": 0.0352,
        "26": 0.0345,
        "27": 0.0284,
        "28": 0.0578
    }
}