{
    "mmlu_pro_gpt4": {
        "0": 0.0392,
        "1": 0.00962,
        "2": 0.0103,
        "3": 0.0103,
        "4": 0.00967,
        "5": 0.00869,
        "6": 0.00815,
        "7": 0.00923,
        "8": 0.0108,
        "9": 0.013,
        "10": 0.0117,
        "11": 0.0125,
        "12": 0.0128,
        "13": 0.0128,
        "14": 0.0137,
        "15": 0.013,
        "16": 0.0141,
        "17": 0.0143,
        "18": 0.0147,
        "19": 0.0165,
        "20": 0.0208,
        "21": 0.0231,
        "22": 0.0219,
        "23": 0.0243,
        "24": 0.0235,
        "25": 0.0208,
        "26": 0.0213,
        "27": 0.0178,
        "28": 0.0667
    },
    "mmlu_pro_claude": {
        "0": 0.137,
        "1": 0.0317,
        "2": 0.0323,
        "3": 0.0324,
        "4": 0.0412,
        "5": 0.0351,
        "6": 0.0328,
        "7": 0.0366,
        "8": 0.0394,
        "9": 0.0458,
        "10": 0.0396,
        "11": 0.0418,
        "12": 0.0426,
        "13": 0.0409,
        "14": 0.043,
        "15": 0.0399,
        "16": 0.0433,
        "17": 0.0428,
        "18": 0.0439,
        "19": 0.0454,
        "20": 0.0545,
        "21": 0.0586,
        "22": 0.0534,
        "23": 0.0636,
        "24": 0.0608,
        "25": 0.0553,
        "26": 0.0586,
        "27": 0.0536,
        "28": 0.132
    },
    "mmlu_pro_step_by_step": {
        "0": 0.0404,
        "1": 0.00986,
        "2": 0.00981,
        "3": 0.00996,
        "4": 0.00894,
        "5": 0.00811,
        "6": 0.00752,
        "7": 0.00874,
        "8": 0.00996,
        "9": 0.0121,
        "10": 0.0107,
        "11": 0.0115,
        "12": 0.0122,
        "13": 0.0121,
        "14": 0.0132,
        "15": 0.0121,
        "16": 0.0133,
        "17": 0.0133,
        "18": 0.0138,
        "19": 0.0154,
        "20": 0.0197,
        "21": 0.0214,
        "22": 0.0201,
        "23": 0.0222,
        "24": 0.0217,
        "25": 0.0192,
        "26": 0.0199,
        "27": 0.0192,
        "28": 0.0694
    },
    "mmlu_pro_mini_gpt4": {
        "0": 0.0402,
        "1": 0.0113,
        "2": 0.0106,
        "3": 0.0109,
        "4": 0.0106,
        "5": 0.00947,
        "6": 0.0085,
        "7": 0.00991,
        "8": 0.0107,
        "9": 0.0134,
        "10": 0.0115,
        "11": 0.012,
        "12": 0.0126,
        "13": 0.0125,
        "14": 0.0135,
        "15": 0.0128,
        "16": 0.0145,
        "17": 0.0143,
        "18": 0.0147,
        "19": 0.0164,
        "20": 0.0208,
        "21": 0.023,
        "22": 0.0215,
        "23": 0.0241,
        "24": 0.023,
        "25": 0.0203,
        "26": 0.0209,
        "27": 0.0199,
        "28": 0.077
    },
    "mmlu_pro_groundtruth": {
        "0": 0.767,
        "1": 0.362,
        "2": 0.328,
        "3": 0.351,
        "4": 0.133,
        "5": 0.105,
        "6": 0.104,
        "7": 0.116,
        "8": 0.126,
        "9": 0.145,
        "10": 0.143,
        "11": 0.153,
        "12": 0.153,
        "13": 0.151,
        "14": 0.162,
        "15": 0.16,
        "16": 0.169,
        "17": 0.172,
        "18": 0.177,
        "19": 0.19,
        "20": 0.239,
        "21": 0.273,
        "22": 0.3,
        "23": 0.371,
        "24": 0.425,
        "25": 0.459,
        "26": 0.518,
        "27": 0.49,
        "28": 0.844
    },
    "mmlu_pro_gpt4_style_in_context_examples": {
        "0": 0.0478,
        "1": 0.0136,
        "2": 0.0142,
        "3": 0.0149,
        "4": 0.0157,
        "5": 0.0142,
        "6": 0.013,
        "7": 0.0148,
        "8": 0.0162,
        "9": 0.0196,
        "10": 0.0165,
        "11": 0.0177,
        "12": 0.0177,
        "13": 0.0175,
        "14": 0.0188,
        "15": 0.0177,
        "16": 0.0194,
        "17": 0.0194,
        "18": 0.02,
        "19": 0.0219,
        "20": 0.0266,
        "21": 0.0294,
        "22": 0.0275,
        "23": 0.0306,
        "24": 0.0292,
        "25": 0.0263,
        "26": 0.0274,
        "27": 0.0261,
        "28": 0.0881
    },
    "mmlu_pro_openai_human_written_examples": {
        "0": 0.0565,
        "1": 0.0146,
        "2": 0.0147,
        "3": 0.0152,
        "4": 0.0168,
        "5": 0.0157,
        "6": 0.0141,
        "7": 0.0159,
        "8": 0.0171,
        "9": 0.0208,
        "10": 0.017,
        "11": 0.0183,
        "12": 0.0185,
        "13": 0.0185,
        "14": 0.0196,
        "15": 0.0179,
        "16": 0.0193,
        "17": 0.0192,
        "18": 0.02,
        "19": 0.0217,
        "20": 0.0258,
        "21": 0.0286,
        "22": 0.0262,
        "23": 0.0297,
        "24": 0.0286,
        "25": 0.0259,
        "26": 0.0275,
        "27": 0.0274,
        "28": 0.0868
    },
    "mmlu_pro_simple_response": {
        "0": 0.0917,
        "1": 0.0235,
        "2": 0.0259,
        "3": 0.0268,
        "4": 0.0432,
        "5": 0.0369,
        "6": 0.0343,
        "7": 0.0388,
        "8": 0.0419,
        "9": 0.0496,
        "10": 0.0435,
        "11": 0.0459,
        "12": 0.0467,
        "13": 0.0457,
        "14": 0.0482,
        "15": 0.0452,
        "16": 0.0493,
        "17": 0.0496,
        "18": 0.0508,
        "19": 0.054,
        "20": 0.0644,
        "21": 0.07,
        "22": 0.0663,
        "23": 0.0749,
        "24": 0.0722,
        "25": 0.0639,
        "26": 0.064,
        "27": 0.052,
        "28": 0.107
    }
}