{
    "arc_challenge_step_by_step": {
        "0": 0.0712,
        "1": 0.0218,
        "2": 0.0228,
        "3": 0.0225,
        "4": 0.0127,
        "5": 0.00947,
        "6": 0.00962,
        "7": 0.0112,
        "8": 0.0127,
        "9": 0.0145,
        "10": 0.0157,
        "11": 0.0164,
        "12": 0.0166,
        "13": 0.0162,
        "14": 0.0176,
        "15": 0.0183,
        "16": 0.0194,
        "17": 0.0202,
        "18": 0.0211,
        "19": 0.0238,
        "20": 0.0307,
        "21": 0.0355,
        "22": 0.0399,
        "23": 0.0461,
        "24": 0.0469,
        "25": 0.0436,
        "26": 0.0434,
        "27": 0.0265,
        "28": 0.0453
    },
    "arc_challenge_gpt4": {
        "0": 0.0619,
        "1": 0.0191,
        "2": 0.0187,
        "3": 0.0196,
        "4": 0.00439,
        "5": 0.00317,
        "6": 0.00332,
        "7": 0.00352,
        "8": 0.00454,
        "9": 0.00537,
        "10": 0.00571,
        "11": 0.0063,
        "12": 0.00601,
        "13": 0.00596,
        "14": 0.00664,
        "15": 0.00674,
        "16": 0.00757,
        "17": 0.00776,
        "18": 0.00825,
        "19": 0.00981,
        "20": 0.0117,
        "21": 0.0136,
        "22": 0.0156,
        "23": 0.0169,
        "24": 0.0169,
        "25": 0.015,
        "26": 0.0154,
        "27": 0.0159,
        "28": 0.0281
    },
    "arc_challenge_claude": {
        "0": 0.0723,
        "1": 0.0206,
        "2": 0.0209,
        "3": 0.021,
        "4": 0.00366,
        "5": 0.00273,
        "6": 0.00273,
        "7": 0.00337,
        "8": 0.00444,
        "9": 0.00542,
        "10": 0.0063,
        "11": 0.00674,
        "12": 0.00703,
        "13": 0.00718,
        "14": 0.00815,
        "15": 0.00815,
        "16": 0.00913,
        "17": 0.00962,
        "18": 0.0104,
        "19": 0.0121,
        "20": 0.0159,
        "21": 0.0193,
        "22": 0.0235,
        "23": 0.0272,
        "24": 0.0291,
        "25": 0.0279,
        "26": 0.0279,
        "27": 0.0193,
        "28": 0.0283
    },
    "arc_challenge_mini_gpt4": {
        "0": 0.0802,
        "1": 0.0243,
        "2": 0.0256,
        "3": 0.0266,
        "4": 0.0101,
        "5": 0.00796,
        "6": 0.00815,
        "7": 0.00938,
        "8": 0.0105,
        "9": 0.012,
        "10": 0.0132,
        "11": 0.0137,
        "12": 0.014,
        "13": 0.0138,
        "14": 0.0155,
        "15": 0.0158,
        "16": 0.0169,
        "17": 0.0177,
        "18": 0.0186,
        "19": 0.0213,
        "20": 0.0274,
        "21": 0.0321,
        "22": 0.0368,
        "23": 0.0424,
        "24": 0.0432,
        "25": 0.0405,
        "26": 0.0402,
        "27": 0.0266,
        "28": 0.0409
    },
    "arc_challenge_groundtruth": {
        "0": 0.776,
        "1": 0.345,
        "2": 0.308,
        "3": 0.333,
        "4": 0.0203,
        "5": 0.0145,
        "6": 0.0155,
        "7": 0.0187,
        "8": 0.021,
        "9": 0.0251,
        "10": 0.0297,
        "11": 0.0319,
        "12": 0.0316,
        "13": 0.0315,
        "14": 0.0345,
        "15": 0.0371,
        "16": 0.041,
        "17": 0.0434,
        "18": 0.0457,
        "19": 0.0535,
        "20": 0.078,
        "21": 0.0998,
        "22": 0.135,
        "23": 0.179,
        "24": 0.233,
        "25": 0.279,
        "26": 0.329,
        "27": 0.391,
        "28": 0.88
    },
    "arc_challenge_gpt4_style_in_context_examples": {
        "0": 0.0656,
        "1": 0.0188,
        "2": 0.0188,
        "3": 0.0196,
        "4": 0.00483,
        "5": 0.00371,
        "6": 0.00381,
        "7": 0.00454,
        "8": 0.00532,
        "9": 0.0062,
        "10": 0.00654,
        "11": 0.00679,
        "12": 0.00698,
        "13": 0.00703,
        "14": 0.00771,
        "15": 0.00791,
        "16": 0.00879,
        "17": 0.00908,
        "18": 0.00977,
        "19": 0.0113,
        "20": 0.0138,
        "21": 0.0163,
        "22": 0.0184,
        "23": 0.0204,
        "24": 0.0207,
        "25": 0.0194,
        "26": 0.02,
        "27": 0.0179,
        "28": 0.031
    },
    "arc_challenge_openai_human_written_examples": {
        "0": 0.0866,
        "1": 0.0249,
        "2": 0.0265,
        "3": 0.0304,
        "4": 0.00586,
        "5": 0.00444,
        "6": 0.00464,
        "7": 0.00527,
        "8": 0.00625,
        "9": 0.00732,
        "10": 0.00801,
        "11": 0.00859,
        "12": 0.00835,
        "13": 0.00845,
        "14": 0.00972,
        "15": 0.00967,
        "16": 0.0111,
        "17": 0.0115,
        "18": 0.0124,
        "19": 0.0141,
        "20": 0.0189,
        "21": 0.0228,
        "22": 0.0269,
        "23": 0.0301,
        "24": 0.0316,
        "25": 0.0292,
        "26": 0.0295,
        "27": 0.0277,
        "28": 0.055
    }
}