{
    "piqa_step_by_step": {
        "0": 0.0843,
        "1": 0.0243,
        "2": 0.0248,
        "3": 0.0268,
        "4": 0.0118,
        "5": 0.00893,
        "6": 0.0093,
        "7": 0.0106,
        "8": 0.0126,
        "9": 0.0146,
        "10": 0.0162,
        "11": 0.0167,
        "12": 0.0164,
        "13": 0.0168,
        "14": 0.018,
        "15": 0.0187,
        "16": 0.0201,
        "17": 0.021,
        "18": 0.0219,
        "19": 0.0252,
        "20": 0.0329,
        "21": 0.0391,
        "22": 0.0454,
        "23": 0.0503,
        "24": 0.0494,
        "25": 0.0441,
        "26": 0.0427,
        "27": 0.0304,
        "28": 0.059
    },
    "piqa_gpt4": {
        "0": 0.0842,
        "1": 0.0255,
        "2": 0.0263,
        "3": 0.0277,
        "4": 0.00521,
        "5": 0.0042,
        "6": 0.00434,
        "7": 0.00507,
        "8": 0.00646,
        "9": 0.00802,
        "10": 0.00919,
        "11": 0.00951,
        "12": 0.00953,
        "13": 0.00991,
        "14": 0.0108,
        "15": 0.0109,
        "16": 0.0119,
        "17": 0.0124,
        "18": 0.013,
        "19": 0.0151,
        "20": 0.0199,
        "21": 0.0239,
        "22": 0.0293,
        "23": 0.0328,
        "24": 0.0333,
        "25": 0.0306,
        "26": 0.0308,
        "27": 0.028,
        "28": 0.0475
    },
    "piqa_claude": {
        "0": 0.0813,
        "1": 0.0243,
        "2": 0.0243,
        "3": 0.0257,
        "4": 0.00532,
        "5": 0.00417,
        "6": 0.00439,
        "7": 0.00521,
        "8": 0.0067,
        "9": 0.00829,
        "10": 0.00964,
        "11": 0.0101,
        "12": 0.01,
        "13": 0.0104,
        "14": 0.0115,
        "15": 0.0119,
        "16": 0.0128,
        "17": 0.0134,
        "18": 0.014,
        "19": 0.0163,
        "20": 0.0219,
        "21": 0.0264,
        "22": 0.0326,
        "23": 0.0366,
        "24": 0.0367,
        "25": 0.0333,
        "26": 0.0326,
        "27": 0.0256,
        "28": 0.044
    },
    "piqa_mini_gpt4": {
        "0": 0.0823,
        "1": 0.0241,
        "2": 0.0237,
        "3": 0.0258,
        "4": 0.00439,
        "5": 0.00351,
        "6": 0.00366,
        "7": 0.00415,
        "8": 0.00544,
        "9": 0.00662,
        "10": 0.00764,
        "11": 0.00799,
        "12": 0.0078,
        "13": 0.0082,
        "14": 0.00901,
        "15": 0.00916,
        "16": 0.0099,
        "17": 0.0104,
        "18": 0.0107,
        "19": 0.0124,
        "20": 0.0164,
        "21": 0.0194,
        "22": 0.024,
        "23": 0.0271,
        "24": 0.0269,
        "25": 0.0248,
        "26": 0.025,
        "27": 0.0249,
        "28": 0.0439
    },
    "piqa_groundtruth": {
        "0": 0.712,
        "1": 0.357,
        "2": 0.307,
        "3": 0.307,
        "4": 0.0157,
        "5": 0.0114,
        "6": 0.012,
        "7": 0.0145,
        "8": 0.0169,
        "9": 0.0204,
        "10": 0.0253,
        "11": 0.0267,
        "12": 0.0267,
        "13": 0.0264,
        "14": 0.0297,
        "15": 0.032,
        "16": 0.0352,
        "17": 0.0374,
        "18": 0.0393,
        "19": 0.0459,
        "20": 0.0678,
        "21": 0.0854,
        "22": 0.119,
        "23": 0.159,
        "24": 0.212,
        "25": 0.258,
        "26": 0.308,
        "27": 0.383,
        "28": 1.06
    },
    "piqa_gpt4_style_in_context_examples": {
        "0": 0.0893,
        "1": 0.026,
        "2": 0.0266,
        "3": 0.0295,
        "4": 0.00458,
        "5": 0.00366,
        "6": 0.00374,
        "7": 0.00437,
        "8": 0.00569,
        "9": 0.00702,
        "10": 0.00828,
        "11": 0.00876,
        "12": 0.00859,
        "13": 0.00896,
        "14": 0.00979,
        "15": 0.01,
        "16": 0.0108,
        "17": 0.0112,
        "18": 0.0117,
        "19": 0.0134,
        "20": 0.018,
        "21": 0.0213,
        "22": 0.0265,
        "23": 0.0303,
        "24": 0.0307,
        "25": 0.0284,
        "26": 0.0289,
        "27": 0.0291,
        "28": 0.0527
    },
    "piqa_openai_human_written_examples": {
        "0": 0.116,
        "1": 0.0339,
        "2": 0.0339,
        "3": 0.0396,
        "4": 0.00774,
        "5": 0.00577,
        "6": 0.00609,
        "7": 0.00711,
        "8": 0.00853,
        "9": 0.0104,
        "10": 0.0126,
        "11": 0.0131,
        "12": 0.0126,
        "13": 0.0131,
        "14": 0.0143,
        "15": 0.015,
        "16": 0.0163,
        "17": 0.0171,
        "18": 0.0177,
        "19": 0.0203,
        "20": 0.0285,
        "21": 0.0338,
        "22": 0.0429,
        "23": 0.0509,
        "24": 0.055,
        "25": 0.0526,
        "26": 0.053,
        "27": 0.0403,
        "28": 0.0738
    }
}