{
    "math_algebra_step_by_step": {
        "0": 0.0294,
        "1": 0.0074,
        "2": 0.00696,
        "3": 0.00691,
        "4": 0.0054,
        "5": 0.00464,
        "6": 0.00422,
        "7": 0.005,
        "8": 0.00603,
        "9": 0.00715,
        "10": 0.0072,
        "11": 0.0075,
        "12": 0.00769,
        "13": 0.0075,
        "14": 0.00874,
        "15": 0.00864,
        "16": 0.00952,
        "17": 0.00952,
        "18": 0.0101,
        "19": 0.0119,
        "20": 0.0187,
        "21": 0.0211,
        "22": 0.0192,
        "23": 0.0209,
        "24": 0.0198,
        "25": 0.0179,
        "26": 0.0191,
        "27": 0.0207,
        "28": 0.164
    },
    "math_algebra_gpt4": {
        "0": 0.0285,
        "1": 0.00759,
        "2": 0.0075,
        "3": 0.0075,
        "4": 0.00996,
        "5": 0.00837,
        "6": 0.00784,
        "7": 0.00881,
        "8": 0.0101,
        "9": 0.0117,
        "10": 0.0113,
        "11": 0.0116,
        "12": 0.0121,
        "13": 0.0119,
        "14": 0.0129,
        "15": 0.0128,
        "16": 0.0139,
        "17": 0.0139,
        "18": 0.015,
        "19": 0.0169,
        "20": 0.0229,
        "21": 0.0257,
        "22": 0.023,
        "23": 0.0251,
        "24": 0.023,
        "25": 0.0201,
        "26": 0.0205,
        "27": 0.0196,
        "28": 0.155
    },
    "math_algebra_claude": {
        "0": 0.0789,
        "1": 0.0214,
        "2": 0.0219,
        "3": 0.0242,
        "4": 0.0191,
        "5": 0.0155,
        "6": 0.015,
        "7": 0.0168,
        "8": 0.0192,
        "9": 0.0224,
        "10": 0.023,
        "11": 0.0238,
        "12": 0.0235,
        "13": 0.023,
        "14": 0.0257,
        "15": 0.0268,
        "16": 0.029,
        "17": 0.0294,
        "18": 0.031,
        "19": 0.0338,
        "20": 0.0462,
        "21": 0.0523,
        "22": 0.0493,
        "23": 0.0586,
        "24": 0.0569,
        "25": 0.0511,
        "26": 0.0553,
        "27": 0.0583,
        "28": 0.253
    },
    "math_algebra_mini_gpt4": {
        "0": 0.027,
        "1": 0.00698,
        "2": 0.00662,
        "3": 0.00654,
        "4": 0.00583,
        "5": 0.00491,
        "6": 0.00464,
        "7": 0.00542,
        "8": 0.0064,
        "9": 0.00754,
        "10": 0.00781,
        "11": 0.00793,
        "12": 0.00815,
        "13": 0.00781,
        "14": 0.00881,
        "15": 0.00876,
        "16": 0.00928,
        "17": 0.00962,
        "18": 0.0103,
        "19": 0.0114,
        "20": 0.0167,
        "21": 0.019,
        "22": 0.0176,
        "23": 0.0193,
        "24": 0.0182,
        "25": 0.0163,
        "26": 0.0169,
        "27": 0.017,
        "28": 0.149
    },
    "math_algebra_groundtruth": {
        "0": 0.0952,
        "1": 0.0313,
        "2": 0.032,
        "3": 0.0345,
        "4": 0.0317,
        "5": 0.0253,
        "6": 0.0252,
        "7": 0.029,
        "8": 0.0328,
        "9": 0.0381,
        "10": 0.0396,
        "11": 0.0408,
        "12": 0.0407,
        "13": 0.0403,
        "14": 0.0442,
        "15": 0.0463,
        "16": 0.0505,
        "17": 0.0531,
        "18": 0.0562,
        "19": 0.0616,
        "20": 0.0855,
        "21": 0.0994,
        "22": 0.105,
        "23": 0.126,
        "24": 0.129,
        "25": 0.12,
        "26": 0.113,
        "27": 0.0797,
        "28": 0.215
    },
    "math_algebra_gpt4_style_in_context_examples": {
        "0": 0.178,
        "1": 0.062,
        "2": 0.0571,
        "3": 0.0598,
        "4": 0.0282,
        "5": 0.0238,
        "6": 0.023,
        "7": 0.0266,
        "8": 0.0319,
        "9": 0.0385,
        "10": 0.0425,
        "11": 0.0459,
        "12": 0.046,
        "13": 0.046,
        "14": 0.0524,
        "15": 0.0528,
        "16": 0.0534,
        "17": 0.0553,
        "18": 0.0573,
        "19": 0.062,
        "20": 0.0793,
        "21": 0.0914,
        "22": 0.0969,
        "23": 0.114,
        "24": 0.109,
        "25": 0.0972,
        "26": 0.0972,
        "27": 0.0924,
        "28": 0.378
    },
    "math_algebra_openai_human_written_examples": {
        "0": 0.0327,
        "1": 0.00901,
        "2": 0.00896,
        "3": 0.00957,
        "4": 0.0118,
        "5": 0.00964,
        "6": 0.0093,
        "7": 0.0106,
        "8": 0.0119,
        "9": 0.014,
        "10": 0.0141,
        "11": 0.0146,
        "12": 0.0144,
        "13": 0.0143,
        "14": 0.0156,
        "15": 0.0158,
        "16": 0.0171,
        "17": 0.0175,
        "18": 0.0184,
        "19": 0.0206,
        "20": 0.0275,
        "21": 0.0318,
        "22": 0.0297,
        "23": 0.0325,
        "24": 0.0299,
        "25": 0.0264,
        "26": 0.0266,
        "27": 0.0253,
        "28": 0.169
    },
    "math_algebra_rewrite_groundtruth_in_own_words": {
        "0": 0.0988,
        "1": 0.0259,
        "2": 0.0253,
        "3": 0.0249,
        "4": 0.0177,
        "5": 0.0147,
        "6": 0.0142,
        "7": 0.0162,
        "8": 0.0191,
        "9": 0.0222,
        "10": 0.0222,
        "11": 0.0235,
        "12": 0.0237,
        "13": 0.0234,
        "14": 0.0262,
        "15": 0.0271,
        "16": 0.0298,
        "17": 0.031,
        "18": 0.033,
        "19": 0.0368,
        "20": 0.0497,
        "21": 0.0575,
        "22": 0.0565,
        "23": 0.0631,
        "24": 0.0597,
        "25": 0.0537,
        "26": 0.0561,
        "27": 0.0576,
        "28": 0.245
    }
}