{
    "plan_bench_generation_step_by_step": {
        "0": 0.0616,
        "1": 0.0155,
        "2": 0.016,
        "3": 0.0161,
        "4": 0.0125,
        "5": 0.0113,
        "6": 0.00991,
        "7": 0.0116,
        "8": 0.013,
        "9": 0.0152,
        "10": 0.014,
        "11": 0.015,
        "12": 0.0154,
        "13": 0.0146,
        "14": 0.0166,
        "15": 0.0139,
        "16": 0.0157,
        "17": 0.0161,
        "18": 0.0167,
        "19": 0.0203,
        "20": 0.0235,
        "21": 0.0262,
        "22": 0.0254,
        "23": 0.0268,
        "24": 0.0237,
        "25": 0.0172,
        "26": 0.0176,
        "27": 0.0154,
        "28": 0.0286
    },
    "plan_bench_generation_gpt4": {
        "0": 0.05,
        "1": 0.015,
        "2": 0.0198,
        "3": 0.0209,
        "4": 0.0149,
        "5": 0.014,
        "6": 0.0124,
        "7": 0.0146,
        "8": 0.0162,
        "9": 0.0187,
        "10": 0.0164,
        "11": 0.0177,
        "12": 0.0183,
        "13": 0.0174,
        "14": 0.0198,
        "15": 0.0164,
        "16": 0.0192,
        "17": 0.0198,
        "18": 0.0201,
        "19": 0.0242,
        "20": 0.0285,
        "21": 0.0313,
        "22": 0.0307,
        "23": 0.0317,
        "24": 0.0284,
        "25": 0.0209,
        "26": 0.0218,
        "27": 0.0198,
        "28": 0.0325
    },
    "plan_bench_generation_claude": {
        "0": 0.0587,
        "1": 0.016,
        "2": 0.018,
        "3": 0.0191,
        "4": 0.0268,
        "5": 0.0232,
        "6": 0.0214,
        "7": 0.0245,
        "8": 0.027,
        "9": 0.0309,
        "10": 0.0306,
        "11": 0.0323,
        "12": 0.0327,
        "13": 0.0308,
        "14": 0.0341,
        "15": 0.0286,
        "16": 0.0311,
        "17": 0.0314,
        "18": 0.0318,
        "19": 0.0374,
        "20": 0.0406,
        "21": 0.0442,
        "22": 0.0433,
        "23": 0.0464,
        "24": 0.0396,
        "25": 0.0281,
        "26": 0.0259,
        "27": 0.0162,
        "28": 0.0257
    },
    "plan_bench_generation_mini_gpt4": {
        "0": 0.0463,
        "1": 0.0129,
        "2": 0.0151,
        "3": 0.0152,
        "4": 0.0115,
        "5": 0.0107,
        "6": 0.00986,
        "7": 0.0113,
        "8": 0.0133,
        "9": 0.0151,
        "10": 0.0151,
        "11": 0.016,
        "12": 0.0164,
        "13": 0.016,
        "14": 0.018,
        "15": 0.0152,
        "16": 0.0174,
        "17": 0.018,
        "18": 0.0185,
        "19": 0.0224,
        "20": 0.0245,
        "21": 0.027,
        "22": 0.0268,
        "23": 0.0288,
        "24": 0.0251,
        "25": 0.0183,
        "26": 0.0181,
        "27": 0.0154,
        "28": 0.0299
    },
    "plan_bench_generation_groundtruth": {
        "0": 0.453,
        "1": 0.107,
        "2": 0.121,
        "3": 0.155,
        "4": 0.0749,
        "5": 0.0604,
        "6": 0.0603,
        "7": 0.0693,
        "8": 0.0759,
        "9": 0.0851,
        "10": 0.0932,
        "11": 0.0961,
        "12": 0.096,
        "13": 0.0924,
        "14": 0.1,
        "15": 0.0948,
        "16": 0.102,
        "17": 0.106,
        "18": 0.109,
        "19": 0.123,
        "20": 0.157,
        "21": 0.18,
        "22": 0.209,
        "23": 0.251,
        "24": 0.269,
        "25": 0.247,
        "26": 0.248,
        "27": 0.106,
        "28": 0.382
    },
    "plan_bench_generation_gpt4_style_in_context_examples": {
        "0": 0.0347,
        "1": 0.00942,
        "2": 0.012,
        "3": 0.0129,
        "4": 0.00786,
        "5": 0.00762,
        "6": 0.00688,
        "7": 0.00811,
        "8": 0.00952,
        "9": 0.0111,
        "10": 0.0105,
        "11": 0.0114,
        "12": 0.0115,
        "13": 0.0112,
        "14": 0.0128,
        "15": 0.011,
        "16": 0.013,
        "17": 0.0134,
        "18": 0.0139,
        "19": 0.0169,
        "20": 0.0213,
        "21": 0.0242,
        "22": 0.0229,
        "23": 0.0238,
        "24": 0.0217,
        "25": 0.0163,
        "26": 0.0171,
        "27": 0.016,
        "28": 0.0276
    },
    "plan_bench_generation_openai_human_written_examples": {
        "0": 0.0437,
        "1": 0.0137,
        "2": 0.0174,
        "3": 0.0182,
        "4": 0.0142,
        "5": 0.0128,
        "6": 0.0117,
        "7": 0.0136,
        "8": 0.0153,
        "9": 0.0175,
        "10": 0.0159,
        "11": 0.0173,
        "12": 0.0176,
        "13": 0.0167,
        "14": 0.0189,
        "15": 0.0158,
        "16": 0.0185,
        "17": 0.0186,
        "18": 0.0189,
        "19": 0.0229,
        "20": 0.0264,
        "21": 0.0289,
        "22": 0.028,
        "23": 0.0292,
        "24": 0.0257,
        "25": 0.0188,
        "26": 0.0197,
        "27": 0.0168,
        "28": 0.0312
    },
    "plan_bench_generation_rewrite_groundtruth_in_own_words": {
        "0": 0.0702,
        "1": 0.0201,
        "2": 0.0257,
        "3": 0.029,
        "4": 0.0351,
        "5": 0.0294,
        "6": 0.0278,
        "7": 0.032,
        "8": 0.0351,
        "9": 0.0389,
        "10": 0.0401,
        "11": 0.0423,
        "12": 0.0424,
        "13": 0.0403,
        "14": 0.0445,
        "15": 0.0389,
        "16": 0.0428,
        "17": 0.0436,
        "18": 0.0445,
        "19": 0.0513,
        "20": 0.0607,
        "21": 0.0665,
        "22": 0.0672,
        "23": 0.0729,
        "24": 0.065,
        "25": 0.047,
        "26": 0.0443,
        "27": 0.027,
        "28": 0.0443
    }
}