{
    "mbpp_step_by_step": {
        "0": 0.226,
        "1": 0.0926,
        "2": 0.003,
        "3": 0.00625,
        "4": 0.00911,
        "5": 0.0139,
        "6": 0.0204,
        "7": 0.0301,
        "8": 0.0457,
        "9": 0.0557,
        "10": 0.0653,
        "11": 0.0714,
        "12": 0.0829,
        "13": 0.0959,
        "14": 0.101,
        "15": 0.106,
        "16": 0.127,
        "17": 0.143,
        "18": 0.149,
        "19": 0.171,
        "20": 0.186,
        "21": 0.198,
        "22": 0.196,
        "23": 0.19,
        "24": 0.187,
        "25": 0.18,
        "26": 0.177,
        "27": 0.18,
        "28": 0.182,
        "29": 0.195,
        "30": 0.18,
        "31": 0.18,
        "32": 0.232
    },
    "mbpp_gpt4": {
        "0": 0.213,
        "1": 0.105,
        "2": 0.00251,
        "3": 0.00452,
        "4": 0.00613,
        "5": 0.00845,
        "6": 0.0115,
        "7": 0.0168,
        "8": 0.0239,
        "9": 0.027,
        "10": 0.0336,
        "11": 0.0369,
        "12": 0.0431,
        "13": 0.0519,
        "14": 0.0536,
        "15": 0.0551,
        "16": 0.069,
        "17": 0.0842,
        "18": 0.0875,
        "19": 0.0993,
        "20": 0.12,
        "21": 0.133,
        "22": 0.135,
        "23": 0.133,
        "24": 0.132,
        "25": 0.129,
        "26": 0.13,
        "27": 0.135,
        "28": 0.139,
        "29": 0.153,
        "30": 0.151,
        "31": 0.158,
        "32": 0.151
    },
    "mbpp_claude": {
        "0": 0.18,
        "1": 0.0908,
        "2": 0.00229,
        "3": 0.0043,
        "4": 0.00562,
        "5": 0.00798,
        "6": 0.0109,
        "7": 0.0161,
        "8": 0.0229,
        "9": 0.026,
        "10": 0.0325,
        "11": 0.0357,
        "12": 0.0416,
        "13": 0.05,
        "14": 0.0526,
        "15": 0.0538,
        "16": 0.0674,
        "17": 0.0815,
        "18": 0.0842,
        "19": 0.0956,
        "20": 0.114,
        "21": 0.127,
        "22": 0.13,
        "23": 0.128,
        "24": 0.127,
        "25": 0.125,
        "26": 0.125,
        "27": 0.13,
        "28": 0.132,
        "29": 0.144,
        "30": 0.14,
        "31": 0.146,
        "32": 0.135
    },
    "mbpp_mini_gpt4": {
        "0": 0.227,
        "1": 0.0914,
        "2": 0.00264,
        "3": 0.00444,
        "4": 0.00591,
        "5": 0.00798,
        "6": 0.0109,
        "7": 0.0158,
        "8": 0.0225,
        "9": 0.0261,
        "10": 0.0321,
        "11": 0.0354,
        "12": 0.041,
        "13": 0.0489,
        "14": 0.0514,
        "15": 0.0527,
        "16": 0.0659,
        "17": 0.0799,
        "18": 0.0836,
        "19": 0.0962,
        "20": 0.114,
        "21": 0.129,
        "22": 0.132,
        "23": 0.131,
        "24": 0.131,
        "25": 0.129,
        "26": 0.129,
        "27": 0.136,
        "28": 0.139,
        "29": 0.15,
        "30": 0.151,
        "31": 0.162,
        "32": 0.167
    },
    "mbpp_groundtruth": {
        "0": 0.265,
        "1": 0.105,
        "2": 0.00271,
        "3": 0.00479,
        "4": 0.00652,
        "5": 0.00901,
        "6": 0.0117,
        "7": 0.0168,
        "8": 0.0241,
        "9": 0.0275,
        "10": 0.0337,
        "11": 0.0369,
        "12": 0.0431,
        "13": 0.0518,
        "14": 0.0546,
        "15": 0.0569,
        "16": 0.0717,
        "17": 0.086,
        "18": 0.0906,
        "19": 0.105,
        "20": 0.125,
        "21": 0.14,
        "22": 0.142,
        "23": 0.14,
        "24": 0.14,
        "25": 0.139,
        "26": 0.142,
        "27": 0.153,
        "28": 0.157,
        "29": 0.171,
        "30": 0.187,
        "31": 0.211,
        "32": 0.217
    },
    "mbpp_gpt4_style_in_context_examples": {
        "0": 0.2,
        "1": 0.0902,
        "2": 0.00215,
        "3": 0.00403,
        "4": 0.0054,
        "5": 0.00779,
        "6": 0.0106,
        "7": 0.0156,
        "8": 0.0226,
        "9": 0.026,
        "10": 0.0323,
        "11": 0.0354,
        "12": 0.0413,
        "13": 0.0494,
        "14": 0.0518,
        "15": 0.0531,
        "16": 0.0663,
        "17": 0.0805,
        "18": 0.0839,
        "19": 0.0939,
        "20": 0.111,
        "21": 0.123,
        "22": 0.125,
        "23": 0.123,
        "24": 0.123,
        "25": 0.12,
        "26": 0.12,
        "27": 0.126,
        "28": 0.128,
        "29": 0.141,
        "30": 0.137,
        "31": 0.144,
        "32": 0.146
    },
    "mbpp_openai_human_written_examples": {
        "0": 0.22,
        "1": 0.113,
        "2": 0.00515,
        "3": 0.0112,
        "4": 0.0152,
        "5": 0.0225,
        "6": 0.0328,
        "7": 0.0469,
        "8": 0.069,
        "9": 0.0821,
        "10": 0.0945,
        "11": 0.103,
        "12": 0.118,
        "13": 0.134,
        "14": 0.135,
        "15": 0.138,
        "16": 0.161,
        "17": 0.175,
        "18": 0.181,
        "19": 0.208,
        "20": 0.215,
        "21": 0.228,
        "22": 0.224,
        "23": 0.219,
        "24": 0.214,
        "25": 0.207,
        "26": 0.203,
        "27": 0.204,
        "28": 0.206,
        "29": 0.219,
        "30": 0.199,
        "31": 0.197,
        "32": 0.273
    },
    "mbpp_rewrite_groundtruth_in_own_words": {
        "0": 0.212,
        "1": 0.0851,
        "2": 0.00239,
        "3": 0.00393,
        "4": 0.00518,
        "5": 0.00732,
        "6": 0.0101,
        "7": 0.0147,
        "8": 0.0213,
        "9": 0.0246,
        "10": 0.0302,
        "11": 0.0332,
        "12": 0.0388,
        "13": 0.0465,
        "14": 0.0489,
        "15": 0.0506,
        "16": 0.064,
        "17": 0.0775,
        "18": 0.0815,
        "19": 0.0933,
        "20": 0.112,
        "21": 0.126,
        "22": 0.13,
        "23": 0.129,
        "24": 0.128,
        "25": 0.126,
        "26": 0.126,
        "27": 0.132,
        "28": 0.135,
        "29": 0.146,
        "30": 0.144,
        "31": 0.15,
        "32": 0.153
    }
}