{
    "mmlu_moral_scenarios_step_by_step": {
        "0": 0.0974,
        "1": 0.0361,
        "2": 0.00936,
        "3": 0.0138,
        "4": 0.0171,
        "5": 0.0235,
        "6": 0.0322,
        "7": 0.0429,
        "8": 0.0557,
        "9": 0.0585,
        "10": 0.0695,
        "11": 0.0808,
        "12": 0.0917,
        "13": 0.104,
        "14": 0.1,
        "15": 0.103,
        "16": 0.115,
        "17": 0.13,
        "18": 0.129,
        "19": 0.148,
        "20": 0.152,
        "21": 0.145,
        "22": 0.13,
        "23": 0.121,
        "24": 0.122,
        "25": 0.115,
        "26": 0.105,
        "27": 0.107,
        "28": 0.105,
        "29": 0.109,
        "30": 0.094,
        "31": 0.0908,
        "32": 0.176
    },
    "mmlu_moral_scenarios_gpt4": {
        "0": 0.0928,
        "1": 0.0279,
        "2": 0.00607,
        "3": 0.00761,
        "4": 0.0094,
        "5": 0.0125,
        "6": 0.0174,
        "7": 0.0235,
        "8": 0.0315,
        "9": 0.0343,
        "10": 0.0421,
        "11": 0.05,
        "12": 0.056,
        "13": 0.0653,
        "14": 0.0662,
        "15": 0.0686,
        "16": 0.0822,
        "17": 0.099,
        "18": 0.101,
        "19": 0.116,
        "20": 0.123,
        "21": 0.119,
        "22": 0.109,
        "23": 0.105,
        "24": 0.105,
        "25": 0.101,
        "26": 0.0927,
        "27": 0.0932,
        "28": 0.0913,
        "29": 0.0946,
        "30": 0.0817,
        "31": 0.079,
        "32": 0.154
    },
    "mmlu_moral_scenarios_claude": {
        "0": 0.1,
        "1": 0.0307,
        "2": 0.00629,
        "3": 0.00813,
        "4": 0.00993,
        "5": 0.0133,
        "6": 0.019,
        "7": 0.0256,
        "8": 0.0342,
        "9": 0.037,
        "10": 0.0446,
        "11": 0.0516,
        "12": 0.0582,
        "13": 0.0684,
        "14": 0.0699,
        "15": 0.0746,
        "16": 0.0894,
        "17": 0.105,
        "18": 0.106,
        "19": 0.125,
        "20": 0.131,
        "21": 0.125,
        "22": 0.115,
        "23": 0.11,
        "24": 0.111,
        "25": 0.106,
        "26": 0.0973,
        "27": 0.099,
        "28": 0.0966,
        "29": 0.0992,
        "30": 0.0854,
        "31": 0.0818,
        "32": 0.158
    },
    "mmlu_moral_scenarios_mini_gpt4": {
        "0": 0.0876,
        "1": 0.0262,
        "2": 0.005,
        "3": 0.00639,
        "4": 0.00812,
        "5": 0.011,
        "6": 0.016,
        "7": 0.0223,
        "8": 0.0305,
        "9": 0.0331,
        "10": 0.04,
        "11": 0.0463,
        "12": 0.0516,
        "13": 0.0615,
        "14": 0.0625,
        "15": 0.0656,
        "16": 0.0799,
        "17": 0.0959,
        "18": 0.097,
        "19": 0.113,
        "20": 0.12,
        "21": 0.115,
        "22": 0.106,
        "23": 0.102,
        "24": 0.102,
        "25": 0.0979,
        "26": 0.0904,
        "27": 0.0913,
        "28": 0.0888,
        "29": 0.0916,
        "30": 0.0792,
        "31": 0.0761,
        "32": 0.147
    },
    "mmlu_moral_scenarios_groundtruth": {
        "0": 0.749,
        "1": 0.673,
        "2": 0.0346,
        "3": 0.0425,
        "4": 0.0489,
        "5": 0.0577,
        "6": 0.0726,
        "7": 0.0903,
        "8": 0.115,
        "9": 0.119,
        "10": 0.141,
        "11": 0.156,
        "12": 0.173,
        "13": 0.199,
        "14": 0.199,
        "15": 0.213,
        "16": 0.252,
        "17": 0.32,
        "18": 0.327,
        "19": 0.41,
        "20": 0.455,
        "21": 0.478,
        "22": 0.469,
        "23": 0.468,
        "24": 0.491,
        "25": 0.487,
        "26": 0.488,
        "27": 0.532,
        "28": 0.573,
        "29": 0.663,
        "30": 0.717,
        "31": 0.825,
        "32": 0.795
    },
    "mmlu_moral_scenarios_gpt4_style_in_context_examples": {
        "0": 0.111,
        "1": 0.0411,
        "2": 0.00797,
        "3": 0.0127,
        "4": 0.0164,
        "5": 0.0233,
        "6": 0.0335,
        "7": 0.0441,
        "8": 0.0596,
        "9": 0.0613,
        "10": 0.0727,
        "11": 0.0836,
        "12": 0.0954,
        "13": 0.111,
        "14": 0.105,
        "15": 0.108,
        "16": 0.123,
        "17": 0.141,
        "18": 0.134,
        "19": 0.153,
        "20": 0.154,
        "21": 0.143,
        "22": 0.128,
        "23": 0.121,
        "24": 0.122,
        "25": 0.116,
        "26": 0.106,
        "27": 0.109,
        "28": 0.107,
        "29": 0.111,
        "30": 0.0964,
        "31": 0.0943,
        "32": 0.183
    },
    "mmlu_moral_scenarios_openai_human_written_examples": {
        "0": 0.112,
        "1": 0.0339,
        "2": 0.00606,
        "3": 0.00792,
        "4": 0.00965,
        "5": 0.0127,
        "6": 0.0178,
        "7": 0.0239,
        "8": 0.0319,
        "9": 0.0342,
        "10": 0.0424,
        "11": 0.0491,
        "12": 0.0545,
        "13": 0.0635,
        "14": 0.0646,
        "15": 0.0681,
        "16": 0.0841,
        "17": 0.105,
        "18": 0.108,
        "19": 0.129,
        "20": 0.138,
        "21": 0.134,
        "22": 0.123,
        "23": 0.118,
        "24": 0.119,
        "25": 0.114,
        "26": 0.105,
        "27": 0.108,
        "28": 0.107,
        "29": 0.113,
        "30": 0.0982,
        "31": 0.0948,
        "32": 0.174
    }
}