{
    "hellaswag_step_by_step": {
        "0": 0.0964,
        "1": 0.0306,
        "2": 0.0331,
        "3": 0.0333,
        "4": 0.0128,
        "5": 0.00957,
        "6": 0.0106,
        "7": 0.0122,
        "8": 0.0141,
        "9": 0.0157,
        "10": 0.0179,
        "11": 0.0186,
        "12": 0.0176,
        "13": 0.0178,
        "14": 0.0194,
        "15": 0.0203,
        "16": 0.0221,
        "17": 0.024,
        "18": 0.0252,
        "19": 0.0289,
        "20": 0.0404,
        "21": 0.048,
        "22": 0.0576,
        "23": 0.0674,
        "24": 0.0716,
        "25": 0.0673,
        "26": 0.065,
        "27": 0.0379,
        "28": 0.0656
    },
    "hellaswag_gpt4": {
        "0": 0.0998,
        "1": 0.0295,
        "2": 0.0313,
        "3": 0.0329,
        "4": 0.00527,
        "5": 0.00415,
        "6": 0.0043,
        "7": 0.00513,
        "8": 0.00615,
        "9": 0.00737,
        "10": 0.00845,
        "11": 0.00869,
        "12": 0.0084,
        "13": 0.0085,
        "14": 0.00933,
        "15": 0.00981,
        "16": 0.0105,
        "17": 0.0118,
        "18": 0.0119,
        "19": 0.0141,
        "20": 0.0197,
        "21": 0.024,
        "22": 0.0305,
        "23": 0.037,
        "24": 0.0411,
        "25": 0.0405,
        "26": 0.0407,
        "27": 0.0331,
        "28": 0.0611
    },
    "hellaswag_claude": {
        "0": 0.103,
        "1": 0.0269,
        "2": 0.0271,
        "3": 0.0296,
        "4": 0.00381,
        "5": 0.00317,
        "6": 0.00361,
        "7": 0.00405,
        "8": 0.00508,
        "9": 0.00571,
        "10": 0.00684,
        "11": 0.00703,
        "12": 0.00688,
        "13": 0.00713,
        "14": 0.00776,
        "15": 0.00869,
        "16": 0.00942,
        "17": 0.0105,
        "18": 0.011,
        "19": 0.0132,
        "20": 0.0189,
        "21": 0.0233,
        "22": 0.03,
        "23": 0.0365,
        "24": 0.0408,
        "25": 0.0402,
        "26": 0.0404,
        "27": 0.0322,
        "28": 0.0735
    },
    "hellaswag_mini_gpt4": {
        "0": 0.0962,
        "1": 0.0278,
        "2": 0.0286,
        "3": 0.0302,
        "4": 0.0163,
        "5": 0.00581,
        "6": 0.00552,
        "7": 0.0062,
        "8": 0.00742,
        "9": 0.0084,
        "10": 0.00933,
        "11": 0.00962,
        "12": 0.00889,
        "13": 0.00908,
        "14": 0.01,
        "15": 0.0105,
        "16": 0.0116,
        "17": 0.0128,
        "18": 0.0131,
        "19": 0.0154,
        "20": 0.0217,
        "21": 0.0265,
        "22": 0.0329,
        "23": 0.0394,
        "24": 0.0433,
        "25": 0.0421,
        "26": 0.0416,
        "27": 0.0322,
        "28": 0.0703
    },
    "hellaswag_groundtruth": {
        "0": 0.772,
        "1": 0.345,
        "2": 0.28,
        "3": 0.289,
        "4": 0.00542,
        "5": 0.00425,
        "6": 0.00459,
        "7": 0.00532,
        "8": 0.0064,
        "9": 0.00723,
        "10": 0.00859,
        "11": 0.00933,
        "12": 0.00908,
        "13": 0.00889,
        "14": 0.0105,
        "15": 0.0114,
        "16": 0.0133,
        "17": 0.0146,
        "18": 0.0149,
        "19": 0.0183,
        "20": 0.0275,
        "21": 0.0363,
        "22": 0.0525,
        "23": 0.0751,
        "24": 0.113,
        "25": 0.153,
        "26": 0.198,
        "27": 0.317,
        "28": 0.997
    },
    "hellaswag_gpt4_style_in_context_examples": {
        "0": 0.0989,
        "1": 0.0324,
        "2": 0.0348,
        "3": 0.0338,
        "4": 0.0157,
        "5": 0.012,
        "6": 0.013,
        "7": 0.0149,
        "8": 0.017,
        "9": 0.0193,
        "10": 0.0212,
        "11": 0.0216,
        "12": 0.0212,
        "13": 0.0215,
        "14": 0.0228,
        "15": 0.0245,
        "16": 0.0269,
        "17": 0.0287,
        "18": 0.0298,
        "19": 0.0338,
        "20": 0.0466,
        "21": 0.0547,
        "22": 0.064,
        "23": 0.0744,
        "24": 0.0782,
        "25": 0.0722,
        "26": 0.0689,
        "27": 0.0361,
        "28": 0.0549
    },
    "hellaswag_openai_human_written_examples": {
        "0": 0.122,
        "1": 0.0333,
        "2": 0.0345,
        "3": 0.0358,
        "4": 0.00386,
        "5": 0.00298,
        "6": 0.00308,
        "7": 0.00415,
        "8": 0.00488,
        "9": 0.00576,
        "10": 0.00649,
        "11": 0.00693,
        "12": 0.00669,
        "13": 0.00654,
        "14": 0.00752,
        "15": 0.00806,
        "16": 0.00884,
        "17": 0.00977,
        "18": 0.0101,
        "19": 0.0121,
        "20": 0.0168,
        "21": 0.0209,
        "22": 0.0272,
        "23": 0.034,
        "24": 0.0385,
        "25": 0.0388,
        "26": 0.0396,
        "27": 0.0333,
        "28": 0.0608
    }
}