{
    "gsm8k_step_by_step": {
        "0": 0.0945,
        "1": 0.0298,
        "2": 0.00557,
        "3": 0.01,
        "4": 0.0131,
        "5": 0.0181,
        "6": 0.0233,
        "7": 0.0301,
        "8": 0.0365,
        "9": 0.0419,
        "10": 0.0455,
        "11": 0.0523,
        "12": 0.0601,
        "13": 0.0637,
        "14": 0.0695,
        "15": 0.0733,
        "16": 0.0819,
        "17": 0.0837,
        "18": 0.0861,
        "19": 0.0918,
        "20": 0.0905,
        "21": 0.0855,
        "22": 0.0795,
        "23": 0.0739,
        "24": 0.0764,
        "25": 0.0714,
        "26": 0.0685,
        "27": 0.0685,
        "28": 0.0683,
        "29": 0.0715,
        "30": 0.0664,
        "31": 0.0662,
        "32": 0.112
    },
    "gsm8k_gpt4": {
        "0": 0.0951,
        "1": 0.0312,
        "2": 0.0061,
        "3": 0.0113,
        "4": 0.0147,
        "5": 0.0205,
        "6": 0.0271,
        "7": 0.0355,
        "8": 0.0431,
        "9": 0.0491,
        "10": 0.0537,
        "11": 0.0607,
        "12": 0.0692,
        "13": 0.0738,
        "14": 0.0791,
        "15": 0.0819,
        "16": 0.0909,
        "17": 0.0936,
        "18": 0.0952,
        "19": 0.101,
        "20": 0.0998,
        "21": 0.0948,
        "22": 0.0872,
        "23": 0.0812,
        "24": 0.084,
        "25": 0.0785,
        "26": 0.0754,
        "27": 0.0757,
        "28": 0.0754,
        "29": 0.0795,
        "30": 0.0743,
        "31": 0.0731,
        "32": 0.116
    },
    "gsm8k_claude": {
        "0": 0.111,
        "1": 0.0396,
        "2": 0.00679,
        "3": 0.0141,
        "4": 0.0183,
        "5": 0.025,
        "6": 0.0332,
        "7": 0.0427,
        "8": 0.0523,
        "9": 0.0594,
        "10": 0.0647,
        "11": 0.0737,
        "12": 0.0831,
        "13": 0.0884,
        "14": 0.0933,
        "15": 0.0943,
        "16": 0.105,
        "17": 0.111,
        "18": 0.113,
        "19": 0.121,
        "20": 0.118,
        "21": 0.113,
        "22": 0.103,
        "23": 0.0933,
        "24": 0.0936,
        "25": 0.0852,
        "26": 0.0802,
        "27": 0.0788,
        "28": 0.0779,
        "29": 0.0817,
        "30": 0.0758,
        "31": 0.0762,
        "32": 0.121
    },
    "gsm8k_mini_gpt4": {
        "0": 0.099,
        "1": 0.0341,
        "2": 0.00592,
        "3": 0.0112,
        "4": 0.0143,
        "5": 0.0199,
        "6": 0.0262,
        "7": 0.034,
        "8": 0.0414,
        "9": 0.0476,
        "10": 0.0523,
        "11": 0.0592,
        "12": 0.0681,
        "13": 0.0727,
        "14": 0.0783,
        "15": 0.0818,
        "16": 0.0914,
        "17": 0.0958,
        "18": 0.0979,
        "19": 0.104,
        "20": 0.103,
        "21": 0.0982,
        "22": 0.0901,
        "23": 0.0839,
        "24": 0.0868,
        "25": 0.0813,
        "26": 0.078,
        "27": 0.0782,
        "28": 0.0777,
        "29": 0.0819,
        "30": 0.0765,
        "31": 0.0756,
        "32": 0.12
    },
    "gsm8k_groundtruth": {
        "0": 0.193,
        "1": 0.0724,
        "2": 0.00819,
        "3": 0.0172,
        "4": 0.0228,
        "5": 0.0319,
        "6": 0.0438,
        "7": 0.0567,
        "8": 0.0688,
        "9": 0.0784,
        "10": 0.0875,
        "11": 0.0989,
        "12": 0.113,
        "13": 0.123,
        "14": 0.128,
        "15": 0.132,
        "16": 0.147,
        "17": 0.162,
        "18": 0.165,
        "19": 0.184,
        "20": 0.189,
        "21": 0.185,
        "22": 0.172,
        "23": 0.159,
        "24": 0.162,
        "25": 0.151,
        "26": 0.144,
        "27": 0.148,
        "28": 0.148,
        "29": 0.159,
        "30": 0.155,
        "31": 0.155,
        "32": 0.237
    },
    "gsm8k_gpt4_style_in_context_examples": {
        "0": 0.0848,
        "1": 0.0286,
        "2": 0.00501,
        "3": 0.00957,
        "4": 0.0126,
        "5": 0.0176,
        "6": 0.0231,
        "7": 0.0301,
        "8": 0.037,
        "9": 0.0431,
        "10": 0.0476,
        "11": 0.0548,
        "12": 0.0628,
        "13": 0.0674,
        "14": 0.0736,
        "15": 0.0771,
        "16": 0.0862,
        "17": 0.0901,
        "18": 0.0917,
        "19": 0.0976,
        "20": 0.0964,
        "21": 0.0909,
        "22": 0.0833,
        "23": 0.0765,
        "24": 0.0777,
        "25": 0.0713,
        "26": 0.067,
        "27": 0.0663,
        "28": 0.0658,
        "29": 0.0692,
        "30": 0.0648,
        "31": 0.063,
        "32": 0.102
    },
    "gsm8k_openai_human_written_examples": {
        "0": 0.0969,
        "1": 0.0356,
        "2": 0.00698,
        "3": 0.013,
        "4": 0.0167,
        "5": 0.0229,
        "6": 0.0301,
        "7": 0.0389,
        "8": 0.0472,
        "9": 0.0543,
        "10": 0.0593,
        "11": 0.0676,
        "12": 0.0773,
        "13": 0.0828,
        "14": 0.0881,
        "15": 0.0921,
        "16": 0.102,
        "17": 0.106,
        "18": 0.108,
        "19": 0.116,
        "20": 0.115,
        "21": 0.108,
        "22": 0.0983,
        "23": 0.0906,
        "24": 0.0922,
        "25": 0.0849,
        "26": 0.0801,
        "27": 0.0805,
        "28": 0.0805,
        "29": 0.0841,
        "30": 0.0787,
        "31": 0.0765,
        "32": 0.121
    },
    "gsm8k_rewrite_groundtruth_in_own_words": {
        "0": 0.12,
        "1": 0.0432,
        "2": 0.00936,
        "3": 0.0154,
        "4": 0.0195,
        "5": 0.0262,
        "6": 0.034,
        "7": 0.044,
        "8": 0.0519,
        "9": 0.0595,
        "10": 0.0646,
        "11": 0.0741,
        "12": 0.0845,
        "13": 0.0907,
        "14": 0.0985,
        "15": 0.102,
        "16": 0.114,
        "17": 0.12,
        "18": 0.124,
        "19": 0.135,
        "20": 0.139,
        "21": 0.132,
        "22": 0.122,
        "23": 0.114,
        "24": 0.118,
        "25": 0.11,
        "26": 0.104,
        "27": 0.104,
        "28": 0.106,
        "29": 0.11,
        "30": 0.101,
        "31": 0.0966,
        "32": 0.162
    }
}