{
    "boolq_step_by_step": {
        "0": 0.0981,
        "1": 0.0886,
        "2": 0.013,
        "3": 0.019,
        "4": 0.0373,
        "5": 0.0544,
        "6": 0.0744,
        "7": 0.0862,
        "8": 0.0951,
        "9": 0.104,
        "10": 0.119,
        "11": 0.129,
        "12": 0.135,
        "13": 0.145,
        "14": 0.158,
        "15": 0.163,
        "16": 0.175,
        "17": 0.185,
        "18": 0.195,
        "19": 0.203,
        "20": 0.198,
        "21": 0.199,
        "22": 0.2,
        "23": 0.197,
        "24": 0.192,
        "25": 0.184,
        "26": 0.177,
        "27": 0.164,
        "28": 0.155,
        "29": 0.147,
        "30": 0.132,
        "31": 0.148,
        "32": 0.203
    },
    "boolq_gpt4": {
        "0": 0.104,
        "1": 0.0552,
        "2": 0.00391,
        "3": 0.00686,
        "4": 0.0131,
        "5": 0.0195,
        "6": 0.0256,
        "7": 0.0315,
        "8": 0.0364,
        "9": 0.0413,
        "10": 0.0465,
        "11": 0.05,
        "12": 0.0512,
        "13": 0.0572,
        "14": 0.064,
        "15": 0.0665,
        "16": 0.0739,
        "17": 0.0807,
        "18": 0.0875,
        "19": 0.0933,
        "20": 0.0949,
        "21": 0.0979,
        "22": 0.102,
        "23": 0.104,
        "24": 0.104,
        "25": 0.103,
        "26": 0.101,
        "27": 0.0961,
        "28": 0.0917,
        "29": 0.0893,
        "30": 0.0823,
        "31": 0.0929,
        "32": 0.127
    },
    "boolq_claude": {
        "0": 0.088,
        "1": 0.0963,
        "2": 0.0119,
        "3": 0.0219,
        "4": 0.0423,
        "5": 0.0638,
        "6": 0.0841,
        "7": 0.0967,
        "8": 0.104,
        "9": 0.115,
        "10": 0.132,
        "11": 0.141,
        "12": 0.15,
        "13": 0.158,
        "14": 0.174,
        "15": 0.181,
        "16": 0.194,
        "17": 0.203,
        "18": 0.211,
        "19": 0.215,
        "20": 0.21,
        "21": 0.21,
        "22": 0.208,
        "23": 0.204,
        "24": 0.196,
        "25": 0.188,
        "26": 0.18,
        "27": 0.165,
        "28": 0.153,
        "29": 0.144,
        "30": 0.127,
        "31": 0.134,
        "32": 0.142
    },
    "boolq_mini_gpt4": {
        "0": 0.0973,
        "1": 0.0562,
        "2": 0.00334,
        "3": 0.00642,
        "4": 0.0122,
        "5": 0.0187,
        "6": 0.0246,
        "7": 0.0304,
        "8": 0.035,
        "9": 0.0396,
        "10": 0.0452,
        "11": 0.0491,
        "12": 0.0502,
        "13": 0.0561,
        "14": 0.064,
        "15": 0.067,
        "16": 0.0741,
        "17": 0.0834,
        "18": 0.0911,
        "19": 0.0975,
        "20": 0.0993,
        "21": 0.103,
        "22": 0.107,
        "23": 0.109,
        "24": 0.11,
        "25": 0.109,
        "26": 0.107,
        "27": 0.102,
        "28": 0.0977,
        "29": 0.0948,
        "30": 0.0864,
        "31": 0.0965,
        "32": 0.126
    },
    "boolq_groundtruth": {
        "0": 0.666,
        "1": 0.207,
        "2": 0.00764,
        "3": 0.0146,
        "4": 0.0271,
        "5": 0.0409,
        "6": 0.0533,
        "7": 0.0662,
        "8": 0.0747,
        "9": 0.087,
        "10": 0.101,
        "11": 0.106,
        "12": 0.108,
        "13": 0.133,
        "14": 0.145,
        "15": 0.152,
        "16": 0.176,
        "17": 0.199,
        "18": 0.217,
        "19": 0.234,
        "20": 0.253,
        "21": 0.265,
        "22": 0.291,
        "23": 0.314,
        "24": 0.336,
        "25": 0.357,
        "26": 0.376,
        "27": 0.4,
        "28": 0.418,
        "29": 0.441,
        "30": 0.45,
        "31": 0.476,
        "32": 0.64
    },
    "boolq_gpt4_style_in_context_examples": {
        "0": 0.091,
        "1": 0.0553,
        "2": 0.00376,
        "3": 0.00696,
        "4": 0.0136,
        "5": 0.0213,
        "6": 0.0291,
        "7": 0.0354,
        "8": 0.0414,
        "9": 0.0469,
        "10": 0.0539,
        "11": 0.0593,
        "12": 0.0614,
        "13": 0.0684,
        "14": 0.077,
        "15": 0.0801,
        "16": 0.0886,
        "17": 0.0989,
        "18": 0.108,
        "19": 0.114,
        "20": 0.115,
        "21": 0.118,
        "22": 0.121,
        "23": 0.122,
        "24": 0.121,
        "25": 0.118,
        "26": 0.116,
        "27": 0.109,
        "28": 0.104,
        "29": 0.1,
        "30": 0.0913,
        "31": 0.103,
        "32": 0.138
    },
    "boolq_openai_human_written_examples": {
        "0": 0.096,
        "1": 0.0613,
        "2": 0.00334,
        "3": 0.00596,
        "4": 0.0115,
        "5": 0.0175,
        "6": 0.0229,
        "7": 0.0287,
        "8": 0.0337,
        "9": 0.039,
        "10": 0.0442,
        "11": 0.0488,
        "12": 0.051,
        "13": 0.0569,
        "14": 0.0631,
        "15": 0.0656,
        "16": 0.0718,
        "17": 0.0817,
        "18": 0.0913,
        "19": 0.0978,
        "20": 0.0979,
        "21": 0.101,
        "22": 0.107,
        "23": 0.109,
        "24": 0.11,
        "25": 0.107,
        "26": 0.106,
        "27": 0.1,
        "28": 0.0963,
        "29": 0.0941,
        "30": 0.087,
        "31": 0.0998,
        "32": 0.15
    }
}