{
    "gsm8k_step_by_step": {
        "0": 0.0814,
        "1": 0.0211,
        "2": 0.0198,
        "3": 0.0201,
        "4": 0.00594,
        "5": 0.00492,
        "6": 0.00505,
        "7": 0.00581,
        "8": 0.00683,
        "9": 0.00806,
        "10": 0.00813,
        "11": 0.00843,
        "12": 0.00838,
        "13": 0.00841,
        "14": 0.00942,
        "15": 0.00989,
        "16": 0.0114,
        "17": 0.012,
        "18": 0.0124,
        "19": 0.0142,
        "20": 0.0199,
        "21": 0.0227,
        "22": 0.024,
        "23": 0.0286,
        "24": 0.0289,
        "25": 0.0251,
        "26": 0.0265,
        "27": 0.0279,
        "28": 0.107
    },
    "gsm8k_claude": {
        "0": 0.109,
        "1": 0.029,
        "2": 0.0298,
        "3": 0.0308,
        "4": 0.0124,
        "5": 0.00971,
        "6": 0.00991,
        "7": 0.0115,
        "8": 0.0131,
        "9": 0.0152,
        "10": 0.0154,
        "11": 0.0156,
        "12": 0.0153,
        "13": 0.0153,
        "14": 0.0163,
        "15": 0.0171,
        "16": 0.0186,
        "17": 0.0198,
        "18": 0.0206,
        "19": 0.0229,
        "20": 0.0313,
        "21": 0.0362,
        "22": 0.039,
        "23": 0.0473,
        "24": 0.0491,
        "25": 0.0429,
        "26": 0.0432,
        "27": 0.0359,
        "28": 0.132
    },
    "gsm8k_gpt4_style_in_context_examples": {
        "0": 0.0952,
        "1": 0.0257,
        "2": 0.0253,
        "3": 0.0268,
        "4": 0.00825,
        "5": 0.00672,
        "6": 0.00706,
        "7": 0.00824,
        "8": 0.00972,
        "9": 0.0114,
        "10": 0.0117,
        "11": 0.0124,
        "12": 0.0122,
        "13": 0.0124,
        "14": 0.0137,
        "15": 0.0149,
        "16": 0.0175,
        "17": 0.0186,
        "18": 0.0197,
        "19": 0.0226,
        "20": 0.0339,
        "21": 0.0403,
        "22": 0.0465,
        "23": 0.0587,
        "24": 0.0618,
        "25": 0.053,
        "26": 0.051,
        "27": 0.0458,
        "28": 0.156
    },
    "gsm8k_gpt4": {
        "0": 0.0931,
        "1": 0.0254,
        "2": 0.0252,
        "3": 0.0262,
        "4": 0.00863,
        "5": 0.00705,
        "6": 0.00721,
        "7": 0.00845,
        "8": 0.00992,
        "9": 0.0116,
        "10": 0.0117,
        "11": 0.0124,
        "12": 0.0123,
        "13": 0.0122,
        "14": 0.0135,
        "15": 0.0143,
        "16": 0.0165,
        "17": 0.0176,
        "18": 0.0185,
        "19": 0.021,
        "20": 0.0304,
        "21": 0.0359,
        "22": 0.0409,
        "23": 0.0511,
        "24": 0.0537,
        "25": 0.0465,
        "26": 0.045,
        "27": 0.0389,
        "28": 0.135
    },
    "gsm8k_mini_gpt4": {
        "0": 0.0968,
        "1": 0.0257,
        "2": 0.0252,
        "3": 0.0262,
        "4": 0.009,
        "5": 0.00726,
        "6": 0.00755,
        "7": 0.00889,
        "8": 0.0105,
        "9": 0.0121,
        "10": 0.0125,
        "11": 0.013,
        "12": 0.0129,
        "13": 0.0129,
        "14": 0.0143,
        "15": 0.0154,
        "16": 0.0178,
        "17": 0.019,
        "18": 0.02,
        "19": 0.0228,
        "20": 0.0328,
        "21": 0.0385,
        "22": 0.0438,
        "23": 0.0548,
        "24": 0.0574,
        "25": 0.0502,
        "26": 0.0483,
        "27": 0.0404,
        "28": 0.129
    },
    "gsm8k_groundtruth": {
        "0": 0.183,
        "1": 0.0574,
        "2": 0.0612,
        "3": 0.0649,
        "4": 0.0165,
        "5": 0.0134,
        "6": 0.0143,
        "7": 0.0173,
        "8": 0.0194,
        "9": 0.0228,
        "10": 0.0232,
        "11": 0.0237,
        "12": 0.0234,
        "13": 0.0236,
        "14": 0.0254,
        "15": 0.0269,
        "16": 0.0306,
        "17": 0.0325,
        "18": 0.0345,
        "19": 0.0395,
        "20": 0.0626,
        "21": 0.0746,
        "22": 0.0881,
        "23": 0.115,
        "24": 0.128,
        "25": 0.112,
        "26": 0.103,
        "27": 0.0748,
        "28": 0.341
    },
    "gsm8k_openai_human_written_examples": {
        "0": 0.114,
        "1": 0.0306,
        "2": 0.032,
        "3": 0.0339,
        "4": 0.0112,
        "5": 0.00906,
        "6": 0.0096,
        "7": 0.0113,
        "8": 0.0131,
        "9": 0.0153,
        "10": 0.0157,
        "11": 0.0164,
        "12": 0.0161,
        "13": 0.0161,
        "14": 0.0177,
        "15": 0.0193,
        "16": 0.0224,
        "17": 0.0241,
        "18": 0.0255,
        "19": 0.0292,
        "20": 0.0451,
        "21": 0.0542,
        "22": 0.0648,
        "23": 0.0836,
        "24": 0.0913,
        "25": 0.0801,
        "26": 0.0738,
        "27": 0.0591,
        "28": 0.191
    },
    "gsm8k_rewrite_groundtruth_in_own_words": {
        "0": 0.121,
        "1": 0.0326,
        "2": 0.0341,
        "3": 0.0353,
        "4": 0.0129,
        "5": 0.0105,
        "6": 0.0112,
        "7": 0.0133,
        "8": 0.0155,
        "9": 0.0179,
        "10": 0.0184,
        "11": 0.0194,
        "12": 0.0192,
        "13": 0.0193,
        "14": 0.0211,
        "15": 0.0227,
        "16": 0.0264,
        "17": 0.0285,
        "18": 0.0302,
        "19": 0.0344,
        "20": 0.0503,
        "21": 0.0599,
        "22": 0.0692,
        "23": 0.0843,
        "24": 0.088,
        "25": 0.0767,
        "26": 0.0734,
        "27": 0.0601,
        "28": 0.14
    }
}