{
    "gsm8k_step_by_step": {
        "0": 0.0936,
        "1": 0.029,
        "2": 0.00465,
        "3": 0.00791,
        "4": 0.0105,
        "5": 0.0148,
        "6": 0.0192,
        "7": 0.0251,
        "8": 0.0321,
        "9": 0.0376,
        "10": 0.0423,
        "11": 0.0498,
        "12": 0.0571,
        "13": 0.0616,
        "14": 0.068,
        "15": 0.0726,
        "16": 0.0801,
        "17": 0.0825,
        "18": 0.0854,
        "19": 0.091,
        "20": 0.0918,
        "21": 0.0857,
        "22": 0.08,
        "23": 0.0755,
        "24": 0.0782,
        "25": 0.0729,
        "26": 0.0695,
        "27": 0.0698,
        "28": 0.0692,
        "29": 0.0732,
        "30": 0.068,
        "31": 0.0679,
        "32": 0.119
    },
    "gsm8k_gpt4": {
        "0": 0.0861,
        "1": 0.0302,
        "2": 0.00544,
        "3": 0.0096,
        "4": 0.0122,
        "5": 0.0167,
        "6": 0.0222,
        "7": 0.0292,
        "8": 0.0365,
        "9": 0.0425,
        "10": 0.0484,
        "11": 0.0561,
        "12": 0.0641,
        "13": 0.0694,
        "14": 0.0757,
        "15": 0.0807,
        "16": 0.0894,
        "17": 0.0943,
        "18": 0.0967,
        "19": 0.104,
        "20": 0.104,
        "21": 0.0968,
        "22": 0.0896,
        "23": 0.0838,
        "24": 0.0869,
        "25": 0.0808,
        "26": 0.0768,
        "27": 0.0768,
        "28": 0.0761,
        "29": 0.0802,
        "30": 0.0741,
        "31": 0.0727,
        "32": 0.122
    },
    "gsm8k_claude": {
        "0": 0.106,
        "1": 0.0358,
        "2": 0.00697,
        "3": 0.0128,
        "4": 0.0159,
        "5": 0.0218,
        "6": 0.0285,
        "7": 0.0361,
        "8": 0.0451,
        "9": 0.0514,
        "10": 0.0576,
        "11": 0.0665,
        "12": 0.0743,
        "13": 0.0801,
        "14": 0.0849,
        "15": 0.0886,
        "16": 0.0986,
        "17": 0.106,
        "18": 0.108,
        "19": 0.116,
        "20": 0.115,
        "21": 0.108,
        "22": 0.0995,
        "23": 0.0911,
        "24": 0.0923,
        "25": 0.0838,
        "26": 0.0788,
        "27": 0.0778,
        "28": 0.0776,
        "29": 0.0816,
        "30": 0.0752,
        "31": 0.0751,
        "32": 0.125
    },
    "gsm8k_mini_gpt4": {
        "0": 0.0841,
        "1": 0.0291,
        "2": 0.00698,
        "3": 0.0112,
        "4": 0.0141,
        "5": 0.019,
        "6": 0.0243,
        "7": 0.0308,
        "8": 0.0386,
        "9": 0.044,
        "10": 0.0497,
        "11": 0.0569,
        "12": 0.0645,
        "13": 0.0704,
        "14": 0.0757,
        "15": 0.0803,
        "16": 0.0889,
        "17": 0.0937,
        "18": 0.0963,
        "19": 0.102,
        "20": 0.102,
        "21": 0.094,
        "22": 0.087,
        "23": 0.0812,
        "24": 0.084,
        "25": 0.0781,
        "26": 0.0745,
        "27": 0.0747,
        "28": 0.0743,
        "29": 0.078,
        "30": 0.0722,
        "31": 0.0711,
        "32": 0.12
    },
    "gsm8k_groundtruth": {
        "0": 0.198,
        "1": 0.0745,
        "2": 0.00947,
        "3": 0.0186,
        "4": 0.0239,
        "5": 0.0335,
        "6": 0.046,
        "7": 0.0594,
        "8": 0.074,
        "9": 0.084,
        "10": 0.0963,
        "11": 0.109,
        "12": 0.124,
        "13": 0.135,
        "14": 0.142,
        "15": 0.149,
        "16": 0.166,
        "17": 0.184,
        "18": 0.186,
        "19": 0.204,
        "20": 0.21,
        "21": 0.202,
        "22": 0.186,
        "23": 0.171,
        "24": 0.174,
        "25": 0.16,
        "26": 0.153,
        "27": 0.155,
        "28": 0.157,
        "29": 0.168,
        "30": 0.161,
        "31": 0.16,
        "32": 0.255
    },
    "gsm8k_gpt4_style_in_context_examples": {
        "0": 0.0729,
        "1": 0.0241,
        "2": 0.00645,
        "3": 0.00993,
        "4": 0.0124,
        "5": 0.0165,
        "6": 0.0216,
        "7": 0.0281,
        "8": 0.0355,
        "9": 0.0411,
        "10": 0.0459,
        "11": 0.0538,
        "12": 0.0616,
        "13": 0.0667,
        "14": 0.0725,
        "15": 0.0775,
        "16": 0.0851,
        "17": 0.0892,
        "18": 0.0906,
        "19": 0.096,
        "20": 0.0944,
        "21": 0.0863,
        "22": 0.08,
        "23": 0.0742,
        "24": 0.0766,
        "25": 0.0704,
        "26": 0.0666,
        "27": 0.0663,
        "28": 0.0655,
        "29": 0.0686,
        "30": 0.0633,
        "31": 0.061,
        "32": 0.102
    },
    "gsm8k_openai_human_written_examples": {
        "0": 0.0808,
        "1": 0.0318,
        "2": 0.00848,
        "3": 0.0132,
        "4": 0.016,
        "5": 0.0215,
        "6": 0.0277,
        "7": 0.0358,
        "8": 0.0447,
        "9": 0.0516,
        "10": 0.0581,
        "11": 0.067,
        "12": 0.0765,
        "13": 0.0832,
        "14": 0.0889,
        "15": 0.0938,
        "16": 0.104,
        "17": 0.111,
        "18": 0.113,
        "19": 0.122,
        "20": 0.121,
        "21": 0.111,
        "22": 0.101,
        "23": 0.0929,
        "24": 0.0942,
        "25": 0.0857,
        "26": 0.0801,
        "27": 0.0794,
        "28": 0.0786,
        "29": 0.0828,
        "30": 0.0762,
        "31": 0.073,
        "32": 0.12
    },
    "gsm8k_rewrite_groundtruth_in_own_words": {
        "0": 0.0938,
        "1": 0.0371,
        "2": 0.00918,
        "3": 0.0146,
        "4": 0.018,
        "5": 0.0242,
        "6": 0.0312,
        "7": 0.0402,
        "8": 0.0492,
        "9": 0.057,
        "10": 0.0641,
        "11": 0.0742,
        "12": 0.0845,
        "13": 0.0911,
        "14": 0.0983,
        "15": 0.105,
        "16": 0.115,
        "17": 0.121,
        "18": 0.125,
        "19": 0.134,
        "20": 0.137,
        "21": 0.125,
        "22": 0.116,
        "23": 0.109,
        "24": 0.114,
        "25": 0.104,
        "26": 0.0974,
        "27": 0.0977,
        "28": 0.101,
        "29": 0.106,
        "30": 0.0957,
        "31": 0.0916,
        "32": 0.161
    }
}