{
    "squad_step_by_step": {
        "0": 0.11,
        "1": 0.145,
        "2": 0.0152,
        "3": 0.0229,
        "4": 0.0449,
        "5": 0.0636,
        "6": 0.0891,
        "7": 0.105,
        "8": 0.114,
        "9": 0.127,
        "10": 0.15,
        "11": 0.158,
        "12": 0.168,
        "13": 0.187,
        "14": 0.201,
        "15": 0.211,
        "16": 0.233,
        "17": 0.25,
        "18": 0.264,
        "19": 0.282,
        "20": 0.279,
        "21": 0.279,
        "22": 0.287,
        "23": 0.288,
        "24": 0.289,
        "25": 0.284,
        "26": 0.276,
        "27": 0.261,
        "28": 0.243,
        "29": 0.233,
        "30": 0.205,
        "31": 0.217,
        "32": 0.226
    },
    "squad_gpt4": {
        "0": 0.114,
        "1": 0.087,
        "2": 0.00562,
        "3": 0.0109,
        "4": 0.0206,
        "5": 0.0305,
        "6": 0.0426,
        "7": 0.0542,
        "8": 0.0613,
        "9": 0.0696,
        "10": 0.0839,
        "11": 0.0861,
        "12": 0.0922,
        "13": 0.108,
        "14": 0.12,
        "15": 0.127,
        "16": 0.146,
        "17": 0.162,
        "18": 0.172,
        "19": 0.183,
        "20": 0.187,
        "21": 0.188,
        "22": 0.196,
        "23": 0.199,
        "24": 0.204,
        "25": 0.203,
        "26": 0.199,
        "27": 0.191,
        "28": 0.179,
        "29": 0.174,
        "30": 0.155,
        "31": 0.169,
        "32": 0.178
    },
    "squad_claude": {
        "0": 0.103,
        "1": 0.151,
        "2": 0.00898,
        "3": 0.0166,
        "4": 0.0331,
        "5": 0.0489,
        "6": 0.0679,
        "7": 0.0832,
        "8": 0.0905,
        "9": 0.103,
        "10": 0.122,
        "11": 0.129,
        "12": 0.139,
        "13": 0.157,
        "14": 0.172,
        "15": 0.179,
        "16": 0.202,
        "17": 0.221,
        "18": 0.233,
        "19": 0.247,
        "20": 0.248,
        "21": 0.247,
        "22": 0.254,
        "23": 0.255,
        "24": 0.258,
        "25": 0.254,
        "26": 0.247,
        "27": 0.235,
        "28": 0.22,
        "29": 0.21,
        "30": 0.184,
        "31": 0.193,
        "32": 0.178
    },
    "squad_mini_gpt4": {
        "0": 0.119,
        "1": 0.0779,
        "2": 0.00381,
        "3": 0.00732,
        "4": 0.0139,
        "5": 0.0209,
        "6": 0.0298,
        "7": 0.0369,
        "8": 0.0424,
        "9": 0.05,
        "10": 0.0598,
        "11": 0.0618,
        "12": 0.0669,
        "13": 0.0785,
        "14": 0.091,
        "15": 0.101,
        "16": 0.117,
        "17": 0.133,
        "18": 0.143,
        "19": 0.155,
        "20": 0.16,
        "21": 0.163,
        "22": 0.172,
        "23": 0.177,
        "24": 0.183,
        "25": 0.184,
        "26": 0.182,
        "27": 0.176,
        "28": 0.167,
        "29": 0.163,
        "30": 0.147,
        "31": 0.161,
        "32": 0.182
    },
    "squad_groundtruth": {
        "0": 0.518,
        "1": 0.0983,
        "2": 0.000586,
        "3": 0.00132,
        "4": 0.00283,
        "5": 0.00493,
        "6": 0.00654,
        "7": 0.00957,
        "8": 0.012,
        "9": 0.0151,
        "10": 0.0183,
        "11": 0.0191,
        "12": 0.0195,
        "13": 0.0289,
        "14": 0.0323,
        "15": 0.0341,
        "16": 0.0409,
        "17": 0.0504,
        "18": 0.0593,
        "19": 0.068,
        "20": 0.0783,
        "21": 0.0843,
        "22": 0.0945,
        "23": 0.111,
        "24": 0.124,
        "25": 0.139,
        "26": 0.152,
        "27": 0.172,
        "28": 0.193,
        "29": 0.215,
        "30": 0.232,
        "31": 0.26,
        "32": 0.449
    },
    "squad_gpt4_style_in_context_examples": {
        "0": 0.113,
        "1": 0.114,
        "2": 0.0136,
        "3": 0.0201,
        "4": 0.0396,
        "5": 0.0589,
        "6": 0.0812,
        "7": 0.0963,
        "8": 0.106,
        "9": 0.123,
        "10": 0.145,
        "11": 0.153,
        "12": 0.161,
        "13": 0.177,
        "14": 0.194,
        "15": 0.207,
        "16": 0.228,
        "17": 0.247,
        "18": 0.261,
        "19": 0.276,
        "20": 0.273,
        "21": 0.272,
        "22": 0.28,
        "23": 0.281,
        "24": 0.284,
        "25": 0.279,
        "26": 0.271,
        "27": 0.257,
        "28": 0.24,
        "29": 0.229,
        "30": 0.202,
        "31": 0.216,
        "32": 0.229
    },
    "squad_openai_human_written_examples": {
        "0": 0.101,
        "1": 0.0499,
        "2": 0.000781,
        "3": 0.00151,
        "4": 0.00322,
        "5": 0.00474,
        "6": 0.00742,
        "7": 0.0101,
        "8": 0.0123,
        "9": 0.0144,
        "10": 0.0166,
        "11": 0.0178,
        "12": 0.0201,
        "13": 0.0255,
        "14": 0.0292,
        "15": 0.031,
        "16": 0.0374,
        "17": 0.0446,
        "18": 0.0513,
        "19": 0.059,
        "20": 0.0643,
        "21": 0.0658,
        "22": 0.0733,
        "23": 0.0804,
        "24": 0.0869,
        "25": 0.0902,
        "26": 0.0921,
        "27": 0.0924,
        "28": 0.091,
        "29": 0.0916,
        "30": 0.0842,
        "31": 0.098,
        "32": 0.144
    }
}