{
    "drop_step_by_step": {
        "0": 0.0624,
        "1": 0.0226,
        "2": 0.0235,
        "3": 0.0262,
        "4": 0.00358,
        "5": 0.00262,
        "6": 0.00291,
        "7": 0.00338,
        "8": 0.00391,
        "9": 0.00452,
        "10": 0.00522,
        "11": 0.00546,
        "12": 0.00535,
        "13": 0.00552,
        "14": 0.00599,
        "15": 0.00663,
        "16": 0.00744,
        "17": 0.0079,
        "18": 0.00825,
        "19": 0.00942,
        "20": 0.0135,
        "21": 0.0164,
        "22": 0.0208,
        "23": 0.0263,
        "24": 0.0306,
        "25": 0.0314,
        "26": 0.0327,
        "27": 0.026,
        "28": 0.0494
    },
    "drop_gpt4": {
        "0": 0.0489,
        "1": 0.0178,
        "2": 0.0177,
        "3": 0.0197,
        "4": 0.00186,
        "5": 0.0014,
        "6": 0.00132,
        "7": 0.00165,
        "8": 0.00196,
        "9": 0.00229,
        "10": 0.00264,
        "11": 0.00275,
        "12": 0.00267,
        "13": 0.0028,
        "14": 0.0029,
        "15": 0.00335,
        "16": 0.00373,
        "17": 0.00398,
        "18": 0.0042,
        "19": 0.00469,
        "20": 0.00684,
        "21": 0.00851,
        "22": 0.0111,
        "23": 0.0144,
        "24": 0.0173,
        "25": 0.0182,
        "26": 0.0197,
        "27": 0.0184,
        "28": 0.0378
    },
    "drop_claude": {
        "0": 0.0579,
        "1": 0.019,
        "2": 0.0191,
        "3": 0.021,
        "4": 0.0013,
        "5": 0.000947,
        "6": 0.00104,
        "7": 0.00127,
        "8": 0.0015,
        "9": 0.00189,
        "10": 0.00188,
        "11": 0.0022,
        "12": 0.00206,
        "13": 0.00231,
        "14": 0.00236,
        "15": 0.00271,
        "16": 0.00309,
        "17": 0.0033,
        "18": 0.00347,
        "19": 0.00412,
        "20": 0.00593,
        "21": 0.00741,
        "22": 0.00972,
        "23": 0.0126,
        "24": 0.0155,
        "25": 0.0167,
        "26": 0.0184,
        "27": 0.0192,
        "28": 0.0386
    },
    "drop_mini_gpt4": {
        "0": 0.0499,
        "1": 0.0161,
        "2": 0.016,
        "3": 0.0164,
        "4": 0.00141,
        "5": 0.00101,
        "6": 0.000986,
        "7": 0.00149,
        "8": 0.00166,
        "9": 0.00193,
        "10": 0.00221,
        "11": 0.00232,
        "12": 0.00225,
        "13": 0.00236,
        "14": 0.00252,
        "15": 0.00298,
        "16": 0.00332,
        "17": 0.00351,
        "18": 0.00375,
        "19": 0.00436,
        "20": 0.00658,
        "21": 0.00826,
        "22": 0.0105,
        "23": 0.0138,
        "24": 0.0169,
        "25": 0.0178,
        "26": 0.0191,
        "27": 0.0172,
        "28": 0.038
    },
    "drop_groundtruth": {
        "0": 0.41,
        "1": 0.185,
        "2": 0.15,
        "3": 0.216,
        "4": 0.00492,
        "5": 0.00382,
        "6": 0.00393,
        "7": 0.00488,
        "8": 0.00559,
        "9": 0.00674,
        "10": 0.00751,
        "11": 0.00816,
        "12": 0.00787,
        "13": 0.00845,
        "14": 0.00944,
        "15": 0.0105,
        "16": 0.0115,
        "17": 0.0123,
        "18": 0.0133,
        "19": 0.0158,
        "20": 0.0229,
        "21": 0.0298,
        "22": 0.0422,
        "23": 0.0599,
        "24": 0.0861,
        "25": 0.114,
        "26": 0.147,
        "27": 0.177,
        "28": 0.314
    },
    "drop_gpt4_style_in_context_examples": {
        "0": 0.0637,
        "1": 0.0225,
        "2": 0.0225,
        "3": 0.0267,
        "4": 0.00196,
        "5": 0.00141,
        "6": 0.00157,
        "7": 0.00196,
        "8": 0.00249,
        "9": 0.00291,
        "10": 0.00324,
        "11": 0.0036,
        "12": 0.00338,
        "13": 0.00362,
        "14": 0.00399,
        "15": 0.00436,
        "16": 0.005,
        "17": 0.00539,
        "18": 0.00556,
        "19": 0.00646,
        "20": 0.00924,
        "21": 0.0115,
        "22": 0.0151,
        "23": 0.0195,
        "24": 0.0231,
        "25": 0.0243,
        "26": 0.0263,
        "27": 0.0252,
        "28": 0.0449
    },
    "drop_openai_human_written_examples": {
        "0": 0.0485,
        "1": 0.0171,
        "2": 0.0171,
        "3": 0.0192,
        "4": 0.00107,
        "5": 0.000762,
        "6": 0.000742,
        "7": 0.000928,
        "8": 0.00117,
        "9": 0.00158,
        "10": 0.00172,
        "11": 0.00188,
        "12": 0.00162,
        "13": 0.00193,
        "14": 0.00209,
        "15": 0.00239,
        "16": 0.00262,
        "17": 0.00274,
        "18": 0.00289,
        "19": 0.00353,
        "20": 0.00494,
        "21": 0.00611,
        "22": 0.00801,
        "23": 0.0107,
        "24": 0.013,
        "25": 0.0139,
        "26": 0.0156,
        "27": 0.0187,
        "28": 0.034
    }
}