{
    "gsm8k_step_by_step": {
        "0": 0.0825,
        "1": 0.0262,
        "2": 0.005,
        "3": 0.00952,
        "4": 0.0127,
        "5": 0.0173,
        "6": 0.0221,
        "7": 0.0287,
        "8": 0.0347,
        "9": 0.0403,
        "10": 0.0435,
        "11": 0.0493,
        "12": 0.0569,
        "13": 0.0608,
        "14": 0.0672,
        "15": 0.0719,
        "16": 0.0809,
        "17": 0.0822,
        "18": 0.0842,
        "19": 0.089,
        "20": 0.088,
        "21": 0.0834,
        "22": 0.0777,
        "23": 0.0723,
        "24": 0.0745,
        "25": 0.0697,
        "26": 0.0669,
        "27": 0.0671,
        "28": 0.0666,
        "29": 0.0694,
        "30": 0.064,
        "31": 0.0631,
        "32": 0.105
    },
    "gsm8k_gpt4": {
        "0": 0.0715,
        "1": 0.0252,
        "2": 0.00493,
        "3": 0.00962,
        "4": 0.0128,
        "5": 0.0177,
        "6": 0.0237,
        "7": 0.0311,
        "8": 0.0376,
        "9": 0.0435,
        "10": 0.0473,
        "11": 0.0535,
        "12": 0.0615,
        "13": 0.065,
        "14": 0.0701,
        "15": 0.0736,
        "16": 0.0822,
        "17": 0.085,
        "18": 0.0858,
        "19": 0.0922,
        "20": 0.0911,
        "21": 0.0863,
        "22": 0.0795,
        "23": 0.0736,
        "24": 0.0759,
        "25": 0.0706,
        "26": 0.0671,
        "27": 0.0672,
        "28": 0.0674,
        "29": 0.0711,
        "30": 0.0666,
        "31": 0.0647,
        "32": 0.102
    },
    "gsm8k_claude": {
        "0": 0.0926,
        "1": 0.0338,
        "2": 0.00486,
        "3": 0.011,
        "4": 0.0146,
        "5": 0.0201,
        "6": 0.0279,
        "7": 0.0366,
        "8": 0.0454,
        "9": 0.052,
        "10": 0.057,
        "11": 0.0651,
        "12": 0.0741,
        "13": 0.0799,
        "14": 0.0863,
        "15": 0.0889,
        "16": 0.099,
        "17": 0.105,
        "18": 0.106,
        "19": 0.115,
        "20": 0.113,
        "21": 0.109,
        "22": 0.101,
        "23": 0.0912,
        "24": 0.0914,
        "25": 0.083,
        "26": 0.0777,
        "27": 0.0761,
        "28": 0.0747,
        "29": 0.078,
        "30": 0.0721,
        "31": 0.0714,
        "32": 0.114
    },
    "gsm8k_mini_gpt4": {
        "0": 0.084,
        "1": 0.0301,
        "2": 0.00437,
        "3": 0.00933,
        "4": 0.0122,
        "5": 0.0171,
        "6": 0.0231,
        "7": 0.0304,
        "8": 0.0376,
        "9": 0.0433,
        "10": 0.0477,
        "11": 0.0539,
        "12": 0.0623,
        "13": 0.0665,
        "14": 0.0718,
        "15": 0.0759,
        "16": 0.0853,
        "17": 0.0891,
        "18": 0.0893,
        "19": 0.096,
        "20": 0.0952,
        "21": 0.0904,
        "22": 0.083,
        "23": 0.0769,
        "24": 0.079,
        "25": 0.0737,
        "26": 0.0704,
        "27": 0.0703,
        "28": 0.0704,
        "29": 0.0738,
        "30": 0.0686,
        "31": 0.0671,
        "32": 0.106
    },
    "gsm8k_groundtruth": {
        "0": 0.173,
        "1": 0.0643,
        "2": 0.0063,
        "3": 0.0142,
        "4": 0.0192,
        "5": 0.0272,
        "6": 0.038,
        "7": 0.0498,
        "8": 0.0615,
        "9": 0.0706,
        "10": 0.0795,
        "11": 0.0899,
        "12": 0.103,
        "13": 0.113,
        "14": 0.12,
        "15": 0.123,
        "16": 0.137,
        "17": 0.151,
        "18": 0.152,
        "19": 0.173,
        "20": 0.181,
        "21": 0.178,
        "22": 0.167,
        "23": 0.153,
        "24": 0.156,
        "25": 0.146,
        "26": 0.139,
        "27": 0.142,
        "28": 0.143,
        "29": 0.153,
        "30": 0.147,
        "31": 0.147,
        "32": 0.231
    },
    "gsm8k_gpt4_style_in_context_examples": {
        "0": 0.0743,
        "1": 0.0254,
        "2": 0.00442,
        "3": 0.00894,
        "4": 0.0117,
        "5": 0.0162,
        "6": 0.0218,
        "7": 0.029,
        "8": 0.0355,
        "9": 0.0416,
        "10": 0.0453,
        "11": 0.0521,
        "12": 0.0602,
        "13": 0.0647,
        "14": 0.0707,
        "15": 0.0753,
        "16": 0.0842,
        "17": 0.0878,
        "18": 0.0892,
        "19": 0.095,
        "20": 0.0945,
        "21": 0.0886,
        "22": 0.0811,
        "23": 0.0745,
        "24": 0.0753,
        "25": 0.0695,
        "26": 0.0652,
        "27": 0.0648,
        "28": 0.0643,
        "29": 0.0675,
        "30": 0.0633,
        "31": 0.0615,
        "32": 0.102
    },
    "gsm8k_openai_human_written_examples": {
        "0": 0.098,
        "1": 0.0369,
        "2": 0.00591,
        "3": 0.0117,
        "4": 0.0154,
        "5": 0.021,
        "6": 0.0282,
        "7": 0.0368,
        "8": 0.0449,
        "9": 0.0519,
        "10": 0.0564,
        "11": 0.0641,
        "12": 0.0734,
        "13": 0.0792,
        "14": 0.0845,
        "15": 0.0882,
        "16": 0.0979,
        "17": 0.104,
        "18": 0.105,
        "19": 0.114,
        "20": 0.114,
        "21": 0.109,
        "22": 0.0998,
        "23": 0.0924,
        "24": 0.094,
        "25": 0.087,
        "26": 0.0824,
        "27": 0.0835,
        "28": 0.0839,
        "29": 0.0878,
        "30": 0.0823,
        "31": 0.081,
        "32": 0.13
    },
    "gsm8k_rewrite_groundtruth_in_own_words": {
        "0": 0.111,
        "1": 0.0443,
        "2": 0.00767,
        "3": 0.0133,
        "4": 0.0173,
        "5": 0.0235,
        "6": 0.0312,
        "7": 0.0409,
        "8": 0.0495,
        "9": 0.0575,
        "10": 0.0639,
        "11": 0.0733,
        "12": 0.0837,
        "13": 0.0914,
        "14": 0.0997,
        "15": 0.105,
        "16": 0.116,
        "17": 0.123,
        "18": 0.127,
        "19": 0.139,
        "20": 0.145,
        "21": 0.138,
        "22": 0.129,
        "23": 0.12,
        "24": 0.124,
        "25": 0.114,
        "26": 0.107,
        "27": 0.107,
        "28": 0.111,
        "29": 0.115,
        "30": 0.106,
        "31": 0.101,
        "32": 0.173
    }
}