{
    "arc_challenge_step_by_step": {
        "0": 0.0592,
        "1": 0.0162,
        "2": 0.017,
        "3": 0.0174,
        "4": 0.00627,
        "5": 0.00475,
        "6": 0.00503,
        "7": 0.00568,
        "8": 0.00671,
        "9": 0.00776,
        "10": 0.00828,
        "11": 0.00868,
        "12": 0.00879,
        "13": 0.00908,
        "14": 0.00977,
        "15": 0.01,
        "16": 0.011,
        "17": 0.0112,
        "18": 0.0118,
        "19": 0.0136,
        "20": 0.017,
        "21": 0.02,
        "22": 0.0224,
        "23": 0.025,
        "24": 0.0241,
        "25": 0.0211,
        "26": 0.0203,
        "27": 0.0151,
        "28": 0.0362
    },
    "arc_challenge_gpt4": {
        "0": 0.0645,
        "1": 0.0186,
        "2": 0.0194,
        "3": 0.0205,
        "4": 0.00597,
        "5": 0.00452,
        "6": 0.00485,
        "7": 0.00532,
        "8": 0.00636,
        "9": 0.0076,
        "10": 0.0083,
        "11": 0.00851,
        "12": 0.00859,
        "13": 0.00881,
        "14": 0.00964,
        "15": 0.00985,
        "16": 0.0111,
        "17": 0.0116,
        "18": 0.012,
        "19": 0.0139,
        "20": 0.0179,
        "21": 0.021,
        "22": 0.024,
        "23": 0.0267,
        "24": 0.0263,
        "25": 0.0232,
        "26": 0.0225,
        "27": 0.0179,
        "28": 0.0384
    },
    "arc_challenge_claude": {
        "0": 0.0645,
        "1": 0.0177,
        "2": 0.0184,
        "3": 0.0182,
        "4": 0.00467,
        "5": 0.00378,
        "6": 0.00396,
        "7": 0.00454,
        "8": 0.0055,
        "9": 0.00653,
        "10": 0.00682,
        "11": 0.007,
        "12": 0.00728,
        "13": 0.0075,
        "14": 0.00801,
        "15": 0.00824,
        "16": 0.00898,
        "17": 0.00946,
        "18": 0.00993,
        "19": 0.0116,
        "20": 0.0145,
        "21": 0.0172,
        "22": 0.0197,
        "23": 0.0219,
        "24": 0.0211,
        "25": 0.0186,
        "26": 0.018,
        "27": 0.0144,
        "28": 0.0288
    },
    "arc_challenge_mini_gpt4": {
        "0": 0.0639,
        "1": 0.0174,
        "2": 0.0178,
        "3": 0.0187,
        "4": 0.00506,
        "5": 0.00391,
        "6": 0.00402,
        "7": 0.00443,
        "8": 0.00547,
        "9": 0.00628,
        "10": 0.00679,
        "11": 0.00679,
        "12": 0.00698,
        "13": 0.00723,
        "14": 0.00788,
        "15": 0.00817,
        "16": 0.00889,
        "17": 0.00915,
        "18": 0.0097,
        "19": 0.0111,
        "20": 0.0137,
        "21": 0.016,
        "22": 0.0182,
        "23": 0.0201,
        "24": 0.0192,
        "25": 0.0169,
        "26": 0.0164,
        "27": 0.015,
        "28": 0.0311
    },
    "arc_challenge_groundtruth": {
        "0": 0.757,
        "1": 0.353,
        "2": 0.316,
        "3": 0.34,
        "4": 0.0293,
        "5": 0.0214,
        "6": 0.0231,
        "7": 0.0265,
        "8": 0.03,
        "9": 0.0357,
        "10": 0.0414,
        "11": 0.0435,
        "12": 0.043,
        "13": 0.0432,
        "14": 0.0471,
        "15": 0.0504,
        "16": 0.0557,
        "17": 0.0583,
        "18": 0.0614,
        "19": 0.0713,
        "20": 0.101,
        "21": 0.127,
        "22": 0.167,
        "23": 0.218,
        "24": 0.278,
        "25": 0.323,
        "26": 0.376,
        "27": 0.412,
        "28": 0.813
    },
    "arc_challenge_gpt4_style_in_context_examples": {
        "0": 0.0646,
        "1": 0.0162,
        "2": 0.0173,
        "3": 0.0173,
        "4": 0.0056,
        "5": 0.00428,
        "6": 0.00464,
        "7": 0.00521,
        "8": 0.00651,
        "9": 0.00749,
        "10": 0.00802,
        "11": 0.00848,
        "12": 0.00868,
        "13": 0.00872,
        "14": 0.00959,
        "15": 0.00994,
        "16": 0.0109,
        "17": 0.0113,
        "18": 0.0118,
        "19": 0.0135,
        "20": 0.0173,
        "21": 0.0203,
        "22": 0.0231,
        "23": 0.0258,
        "24": 0.0254,
        "25": 0.0226,
        "26": 0.0218,
        "27": 0.0165,
        "28": 0.034
    },
    "arc_challenge_openai_human_written_examples": {
        "0": 0.0878,
        "1": 0.0232,
        "2": 0.0256,
        "3": 0.0282,
        "4": 0.0102,
        "5": 0.0077,
        "6": 0.00802,
        "7": 0.00924,
        "8": 0.0106,
        "9": 0.0124,
        "10": 0.0134,
        "11": 0.0139,
        "12": 0.0141,
        "13": 0.0142,
        "14": 0.0153,
        "15": 0.0161,
        "16": 0.0178,
        "17": 0.0186,
        "18": 0.0196,
        "19": 0.0223,
        "20": 0.0296,
        "21": 0.0344,
        "22": 0.0395,
        "23": 0.0443,
        "24": 0.0444,
        "25": 0.0393,
        "26": 0.0382,
        "27": 0.0303,
        "28": 0.0617
    }
}