{
    "mmlu_moral_scenarios_step_by_step": {
        "0": 0.0962,
        "1": 0.0371,
        "2": 0.00915,
        "3": 0.014,
        "4": 0.0173,
        "5": 0.0237,
        "6": 0.0328,
        "7": 0.0435,
        "8": 0.0563,
        "9": 0.0587,
        "10": 0.0702,
        "11": 0.0815,
        "12": 0.0927,
        "13": 0.106,
        "14": 0.101,
        "15": 0.104,
        "16": 0.114,
        "17": 0.13,
        "18": 0.128,
        "19": 0.145,
        "20": 0.15,
        "21": 0.142,
        "22": 0.127,
        "23": 0.119,
        "24": 0.119,
        "25": 0.113,
        "26": 0.103,
        "27": 0.105,
        "28": 0.102,
        "29": 0.106,
        "30": 0.0916,
        "31": 0.0883,
        "32": 0.171
    },
    "mmlu_moral_scenarios_gpt4": {
        "0": 0.0927,
        "1": 0.0289,
        "2": 0.0057,
        "3": 0.00723,
        "4": 0.00894,
        "5": 0.0119,
        "6": 0.0166,
        "7": 0.0227,
        "8": 0.0305,
        "9": 0.0331,
        "10": 0.041,
        "11": 0.0492,
        "12": 0.0554,
        "13": 0.0647,
        "14": 0.0653,
        "15": 0.0667,
        "16": 0.0792,
        "17": 0.0959,
        "18": 0.0973,
        "19": 0.112,
        "20": 0.12,
        "21": 0.117,
        "22": 0.108,
        "23": 0.104,
        "24": 0.104,
        "25": 0.0996,
        "26": 0.0918,
        "27": 0.0921,
        "28": 0.0901,
        "29": 0.0936,
        "30": 0.0808,
        "31": 0.0782,
        "32": 0.153
    },
    "mmlu_moral_scenarios_claude": {
        "0": 0.1,
        "1": 0.031,
        "2": 0.00584,
        "3": 0.00765,
        "4": 0.00939,
        "5": 0.0126,
        "6": 0.0183,
        "7": 0.0247,
        "8": 0.033,
        "9": 0.0358,
        "10": 0.0436,
        "11": 0.0507,
        "12": 0.0577,
        "13": 0.0681,
        "14": 0.0691,
        "15": 0.0736,
        "16": 0.0877,
        "17": 0.103,
        "18": 0.103,
        "19": 0.123,
        "20": 0.129,
        "21": 0.123,
        "22": 0.113,
        "23": 0.109,
        "24": 0.111,
        "25": 0.106,
        "26": 0.0971,
        "27": 0.0994,
        "28": 0.0974,
        "29": 0.1,
        "30": 0.0862,
        "31": 0.0828,
        "32": 0.158
    },
    "mmlu_moral_scenarios_mini_gpt4": {
        "0": 0.0882,
        "1": 0.0272,
        "2": 0.0049,
        "3": 0.00632,
        "4": 0.00785,
        "5": 0.0107,
        "6": 0.0154,
        "7": 0.0217,
        "8": 0.0299,
        "9": 0.0323,
        "10": 0.0393,
        "11": 0.0457,
        "12": 0.0512,
        "13": 0.0613,
        "14": 0.0623,
        "15": 0.0648,
        "16": 0.0786,
        "17": 0.0942,
        "18": 0.0945,
        "19": 0.111,
        "20": 0.118,
        "21": 0.114,
        "22": 0.105,
        "23": 0.102,
        "24": 0.102,
        "25": 0.0982,
        "26": 0.0904,
        "27": 0.0912,
        "28": 0.089,
        "29": 0.092,
        "30": 0.0795,
        "31": 0.0769,
        "32": 0.148
    },
    "mmlu_moral_scenarios_groundtruth": {
        "0": 0.749,
        "1": 0.666,
        "2": 0.034,
        "3": 0.0412,
        "4": 0.047,
        "5": 0.0551,
        "6": 0.0688,
        "7": 0.0852,
        "8": 0.108,
        "9": 0.112,
        "10": 0.134,
        "11": 0.149,
        "12": 0.165,
        "13": 0.191,
        "14": 0.19,
        "15": 0.203,
        "16": 0.241,
        "17": 0.307,
        "18": 0.314,
        "19": 0.397,
        "20": 0.444,
        "21": 0.469,
        "22": 0.462,
        "23": 0.462,
        "24": 0.485,
        "25": 0.482,
        "26": 0.484,
        "27": 0.528,
        "28": 0.57,
        "29": 0.659,
        "30": 0.713,
        "31": 0.823,
        "32": 0.789
    },
    "mmlu_moral_scenarios_gpt4_style_in_context_examples": {
        "0": 0.112,
        "1": 0.0427,
        "2": 0.00778,
        "3": 0.0131,
        "4": 0.0169,
        "5": 0.0242,
        "6": 0.0349,
        "7": 0.0459,
        "8": 0.062,
        "9": 0.0632,
        "10": 0.0748,
        "11": 0.0857,
        "12": 0.098,
        "13": 0.114,
        "14": 0.108,
        "15": 0.109,
        "16": 0.124,
        "17": 0.143,
        "18": 0.134,
        "19": 0.153,
        "20": 0.154,
        "21": 0.143,
        "22": 0.128,
        "23": 0.121,
        "24": 0.121,
        "25": 0.115,
        "26": 0.105,
        "27": 0.108,
        "28": 0.106,
        "29": 0.111,
        "30": 0.0961,
        "31": 0.0944,
        "32": 0.184
    },
    "mmlu_moral_scenarios_openai_human_written_examples": {
        "0": 0.113,
        "1": 0.033,
        "2": 0.00565,
        "3": 0.00718,
        "4": 0.00864,
        "5": 0.0113,
        "6": 0.0159,
        "7": 0.0214,
        "8": 0.0285,
        "9": 0.0309,
        "10": 0.0387,
        "11": 0.0454,
        "12": 0.0507,
        "13": 0.0592,
        "14": 0.0602,
        "15": 0.0631,
        "16": 0.0782,
        "17": 0.0977,
        "18": 0.101,
        "19": 0.122,
        "20": 0.132,
        "21": 0.129,
        "22": 0.12,
        "23": 0.115,
        "24": 0.116,
        "25": 0.112,
        "26": 0.103,
        "27": 0.106,
        "28": 0.105,
        "29": 0.112,
        "30": 0.0965,
        "31": 0.0937,
        "32": 0.17
    }
}