{
    "winogrande_step_by_step": {
        "0": 0.104,
        "1": 0.0352,
        "2": 0.0388,
        "3": 0.0384,
        "4": 0.014,
        "5": 0.00991,
        "6": 0.011,
        "7": 0.0127,
        "8": 0.0143,
        "9": 0.016,
        "10": 0.0183,
        "11": 0.0188,
        "12": 0.0182,
        "13": 0.018,
        "14": 0.0197,
        "15": 0.0214,
        "16": 0.0237,
        "17": 0.0255,
        "18": 0.0269,
        "19": 0.0312,
        "20": 0.0458,
        "21": 0.0569,
        "22": 0.0696,
        "23": 0.0856,
        "24": 0.0967,
        "25": 0.0941,
        "26": 0.0947,
        "27": 0.0441,
        "28": 0.0718
    },
    "winogrande_gpt4": {
        "0": 0.118,
        "1": 0.0418,
        "2": 0.0413,
        "3": 0.042,
        "4": 0.00337,
        "5": 0.00244,
        "6": 0.00249,
        "7": 0.00305,
        "8": 0.00366,
        "9": 0.00417,
        "10": 0.00481,
        "11": 0.005,
        "12": 0.00488,
        "13": 0.00476,
        "14": 0.00522,
        "15": 0.00569,
        "16": 0.0062,
        "17": 0.00708,
        "18": 0.00725,
        "19": 0.00859,
        "20": 0.0127,
        "21": 0.0166,
        "22": 0.022,
        "23": 0.0283,
        "24": 0.0344,
        "25": 0.0366,
        "26": 0.0395,
        "27": 0.0317,
        "28": 0.0637
    },
    "winogrande_claude": {
        "0": 0.116,
        "1": 0.0377,
        "2": 0.0392,
        "3": 0.0377,
        "4": 0.00596,
        "5": 0.00435,
        "6": 0.00479,
        "7": 0.00591,
        "8": 0.00684,
        "9": 0.00803,
        "10": 0.00928,
        "11": 0.00947,
        "12": 0.00908,
        "13": 0.00906,
        "14": 0.0103,
        "15": 0.0111,
        "16": 0.0124,
        "17": 0.0137,
        "18": 0.0146,
        "19": 0.0172,
        "20": 0.0262,
        "21": 0.0337,
        "22": 0.0438,
        "23": 0.0559,
        "24": 0.066,
        "25": 0.0671,
        "26": 0.069,
        "27": 0.0374,
        "28": 0.0676
    },
    "winogrande_mini_gpt4": {
        "0": 0.107,
        "1": 0.0346,
        "2": 0.0355,
        "3": 0.0344,
        "4": 0.00356,
        "5": 0.00259,
        "6": 0.00303,
        "7": 0.00364,
        "8": 0.0042,
        "9": 0.00493,
        "10": 0.00549,
        "11": 0.00571,
        "12": 0.00544,
        "13": 0.00552,
        "14": 0.00615,
        "15": 0.00676,
        "16": 0.00754,
        "17": 0.00854,
        "18": 0.00891,
        "19": 0.0106,
        "20": 0.016,
        "21": 0.021,
        "22": 0.0281,
        "23": 0.0364,
        "24": 0.0441,
        "25": 0.0464,
        "26": 0.0495,
        "27": 0.0333,
        "28": 0.0616
    },
    "winogrande_groundtruth": {
        "0": 0.568,
        "1": 0.221,
        "2": 0.173,
        "3": 0.258,
        "4": 0.00205,
        "5": 0.00161,
        "6": 0.00127,
        "7": 0.00198,
        "8": 0.00176,
        "9": 0.00261,
        "10": 0.0033,
        "11": 0.00347,
        "12": 0.00344,
        "13": 0.00374,
        "14": 0.0041,
        "15": 0.00391,
        "16": 0.005,
        "17": 0.00542,
        "18": 0.00554,
        "19": 0.00671,
        "20": 0.0104,
        "21": 0.0139,
        "22": 0.021,
        "23": 0.0313,
        "24": 0.0497,
        "25": 0.073,
        "26": 0.0978,
        "27": 0.167,
        "28": 0.382
    },
    "winogrande_gpt4_style_in_context_examples": {
        "0": 0.114,
        "1": 0.0352,
        "2": 0.0371,
        "3": 0.0368,
        "4": 0.00549,
        "5": 0.0043,
        "6": 0.00464,
        "7": 0.00549,
        "8": 0.00637,
        "9": 0.00703,
        "10": 0.00818,
        "11": 0.00847,
        "12": 0.00847,
        "13": 0.00835,
        "14": 0.00903,
        "15": 0.00999,
        "16": 0.0113,
        "17": 0.0124,
        "18": 0.013,
        "19": 0.0151,
        "20": 0.0229,
        "21": 0.0291,
        "22": 0.0373,
        "23": 0.0471,
        "24": 0.0556,
        "25": 0.057,
        "26": 0.0601,
        "27": 0.0368,
        "28": 0.0597
    },
    "winogrande_openai_human_written_examples": {
        "0": 0.118,
        "1": 0.0365,
        "2": 0.0339,
        "3": 0.0376,
        "4": 0.000903,
        "5": 0.000757,
        "6": 0.000732,
        "7": 0.000757,
        "8": 0.0012,
        "9": 0.00146,
        "10": 0.00173,
        "11": 0.00186,
        "12": 0.00183,
        "13": 0.00168,
        "14": 0.00186,
        "15": 0.00205,
        "16": 0.00234,
        "17": 0.00266,
        "18": 0.00281,
        "19": 0.00325,
        "20": 0.00459,
        "21": 0.00615,
        "22": 0.0085,
        "23": 0.0114,
        "24": 0.0143,
        "25": 0.0163,
        "26": 0.019,
        "27": 0.0272,
        "28": 0.0499
    }
}