{
    "squad_step_by_step": {
        "0": 0.114,
        "1": 0.144,
        "2": 0.0151,
        "3": 0.0228,
        "4": 0.0457,
        "5": 0.0653,
        "6": 0.09,
        "7": 0.105,
        "8": 0.113,
        "9": 0.127,
        "10": 0.152,
        "11": 0.161,
        "12": 0.17,
        "13": 0.189,
        "14": 0.206,
        "15": 0.217,
        "16": 0.238,
        "17": 0.257,
        "18": 0.27,
        "19": 0.286,
        "20": 0.285,
        "21": 0.283,
        "22": 0.29,
        "23": 0.292,
        "24": 0.29,
        "25": 0.283,
        "26": 0.276,
        "27": 0.259,
        "28": 0.243,
        "29": 0.232,
        "30": 0.205,
        "31": 0.216,
        "32": 0.232
    },
    "squad_gpt4": {
        "0": 0.119,
        "1": 0.0926,
        "2": 0.00616,
        "3": 0.0113,
        "4": 0.022,
        "5": 0.0326,
        "6": 0.0458,
        "7": 0.0564,
        "8": 0.0632,
        "9": 0.0725,
        "10": 0.0871,
        "11": 0.0899,
        "12": 0.0961,
        "13": 0.11,
        "14": 0.124,
        "15": 0.131,
        "16": 0.151,
        "17": 0.167,
        "18": 0.177,
        "19": 0.19,
        "20": 0.194,
        "21": 0.195,
        "22": 0.203,
        "23": 0.207,
        "24": 0.21,
        "25": 0.208,
        "26": 0.205,
        "27": 0.196,
        "28": 0.185,
        "29": 0.18,
        "30": 0.161,
        "31": 0.177,
        "32": 0.203
    },
    "squad_claude": {
        "0": 0.11,
        "1": 0.147,
        "2": 0.00904,
        "3": 0.0169,
        "4": 0.0334,
        "5": 0.0501,
        "6": 0.0688,
        "7": 0.0824,
        "8": 0.0895,
        "9": 0.102,
        "10": 0.121,
        "11": 0.128,
        "12": 0.139,
        "13": 0.155,
        "14": 0.173,
        "15": 0.181,
        "16": 0.203,
        "17": 0.222,
        "18": 0.234,
        "19": 0.247,
        "20": 0.249,
        "21": 0.248,
        "22": 0.256,
        "23": 0.259,
        "24": 0.259,
        "25": 0.255,
        "26": 0.249,
        "27": 0.235,
        "28": 0.222,
        "29": 0.212,
        "30": 0.187,
        "31": 0.197,
        "32": 0.201
    },
    "squad_mini_gpt4": {
        "0": 0.119,
        "1": 0.0759,
        "2": 0.00329,
        "3": 0.00601,
        "4": 0.012,
        "5": 0.0181,
        "6": 0.0257,
        "7": 0.0317,
        "8": 0.0366,
        "9": 0.0431,
        "10": 0.052,
        "11": 0.0545,
        "12": 0.0586,
        "13": 0.069,
        "14": 0.0796,
        "15": 0.0866,
        "16": 0.101,
        "17": 0.116,
        "18": 0.126,
        "19": 0.138,
        "20": 0.144,
        "21": 0.146,
        "22": 0.156,
        "23": 0.162,
        "24": 0.167,
        "25": 0.168,
        "26": 0.167,
        "27": 0.162,
        "28": 0.155,
        "29": 0.153,
        "30": 0.138,
        "31": 0.155,
        "32": 0.197
    },
    "squad_groundtruth": {
        "0": 0.48,
        "1": 0.0964,
        "2": 0.000674,
        "3": 0.00143,
        "4": 0.00314,
        "5": 0.00505,
        "6": 0.00714,
        "7": 0.00989,
        "8": 0.0126,
        "9": 0.0156,
        "10": 0.0185,
        "11": 0.0198,
        "12": 0.0201,
        "13": 0.0284,
        "14": 0.031,
        "15": 0.033,
        "16": 0.0399,
        "17": 0.0488,
        "18": 0.0571,
        "19": 0.066,
        "20": 0.0762,
        "21": 0.0827,
        "22": 0.0941,
        "23": 0.107,
        "24": 0.121,
        "25": 0.136,
        "26": 0.147,
        "27": 0.166,
        "28": 0.183,
        "29": 0.201,
        "30": 0.215,
        "31": 0.242,
        "32": 0.433
    },
    "squad_gpt4_style_in_context_examples": {
        "0": 0.118,
        "1": 0.12,
        "2": 0.0154,
        "3": 0.0229,
        "4": 0.0454,
        "5": 0.0667,
        "6": 0.0908,
        "7": 0.106,
        "8": 0.115,
        "9": 0.132,
        "10": 0.155,
        "11": 0.163,
        "12": 0.172,
        "13": 0.186,
        "14": 0.205,
        "15": 0.218,
        "16": 0.238,
        "17": 0.255,
        "18": 0.269,
        "19": 0.284,
        "20": 0.28,
        "21": 0.278,
        "22": 0.285,
        "23": 0.287,
        "24": 0.285,
        "25": 0.279,
        "26": 0.27,
        "27": 0.256,
        "28": 0.24,
        "29": 0.229,
        "30": 0.202,
        "31": 0.216,
        "32": 0.243
    },
    "squad_openai_human_written_examples": {
        "0": 0.109,
        "1": 0.0541,
        "2": 0.000972,
        "3": 0.00194,
        "4": 0.0041,
        "5": 0.00618,
        "6": 0.00945,
        "7": 0.0125,
        "8": 0.0151,
        "9": 0.018,
        "10": 0.021,
        "11": 0.0227,
        "12": 0.025,
        "13": 0.0308,
        "14": 0.0353,
        "15": 0.0374,
        "16": 0.0444,
        "17": 0.0533,
        "18": 0.061,
        "19": 0.0695,
        "20": 0.0748,
        "21": 0.0764,
        "22": 0.0851,
        "23": 0.0929,
        "24": 0.0993,
        "25": 0.102,
        "26": 0.104,
        "27": 0.103,
        "28": 0.101,
        "29": 0.102,
        "30": 0.0938,
        "31": 0.107,
        "32": 0.166
    }
}