{
    "arc_challenge_step_by_step": {
        "0": 0.0808,
        "1": 0.0202,
        "2": 0.0188,
        "3": 0.0188,
        "4": 0.00815,
        "5": 0.00635,
        "6": 0.00645,
        "7": 0.00713,
        "8": 0.00815,
        "9": 0.00918,
        "10": 0.00986,
        "11": 0.0101,
        "12": 0.0104,
        "13": 0.0105,
        "14": 0.0113,
        "15": 0.0115,
        "16": 0.0123,
        "17": 0.0126,
        "18": 0.0134,
        "19": 0.0152,
        "20": 0.0188,
        "21": 0.0219,
        "22": 0.0243,
        "23": 0.0265,
        "24": 0.0251,
        "25": 0.0214,
        "26": 0.0207,
        "27": 0.0171,
        "28": 0.0358
    },
    "arc_challenge_gpt4": {
        "0": 0.0794,
        "1": 0.022,
        "2": 0.0222,
        "3": 0.0245,
        "4": 0.00566,
        "5": 0.0043,
        "6": 0.00435,
        "7": 0.00522,
        "8": 0.00615,
        "9": 0.00713,
        "10": 0.00786,
        "11": 0.00835,
        "12": 0.0085,
        "13": 0.0084,
        "14": 0.00918,
        "15": 0.00942,
        "16": 0.0103,
        "17": 0.0106,
        "18": 0.0115,
        "19": 0.013,
        "20": 0.0168,
        "21": 0.0197,
        "22": 0.0235,
        "23": 0.0271,
        "24": 0.0269,
        "25": 0.0242,
        "26": 0.0238,
        "27": 0.022,
        "28": 0.0422
    },
    "arc_challenge_claude": {
        "0": 0.0645,
        "1": 0.016,
        "2": 0.0169,
        "3": 0.0177,
        "4": 0.00361,
        "5": 0.00283,
        "6": 0.00313,
        "7": 0.00376,
        "8": 0.00454,
        "9": 0.00537,
        "10": 0.00615,
        "11": 0.00649,
        "12": 0.00664,
        "13": 0.00698,
        "14": 0.00747,
        "15": 0.00771,
        "16": 0.0085,
        "17": 0.00889,
        "18": 0.00938,
        "19": 0.0109,
        "20": 0.0136,
        "21": 0.016,
        "22": 0.0191,
        "23": 0.0217,
        "24": 0.0209,
        "25": 0.0188,
        "26": 0.0183,
        "27": 0.0169,
        "28": 0.0286
    },
    "arc_challenge_mini_gpt4": {
        "0": 0.0679,
        "1": 0.019,
        "2": 0.0195,
        "3": 0.0205,
        "4": 0.00464,
        "5": 0.00361,
        "6": 0.00391,
        "7": 0.00449,
        "8": 0.00562,
        "9": 0.0061,
        "10": 0.00659,
        "11": 0.00679,
        "12": 0.00698,
        "13": 0.00737,
        "14": 0.00796,
        "15": 0.00811,
        "16": 0.00903,
        "17": 0.00957,
        "18": 0.0102,
        "19": 0.0121,
        "20": 0.0154,
        "21": 0.018,
        "22": 0.021,
        "23": 0.0238,
        "24": 0.0239,
        "25": 0.0218,
        "26": 0.0214,
        "27": 0.0186,
        "28": 0.038
    },
    "arc_challenge_groundtruth": {
        "0": 0.761,
        "1": 0.352,
        "2": 0.314,
        "3": 0.337,
        "4": 0.0235,
        "5": 0.0171,
        "6": 0.0184,
        "7": 0.0215,
        "8": 0.0245,
        "9": 0.0287,
        "10": 0.0342,
        "11": 0.0364,
        "12": 0.0361,
        "13": 0.0359,
        "14": 0.039,
        "15": 0.0421,
        "16": 0.0467,
        "17": 0.0488,
        "18": 0.0514,
        "19": 0.0596,
        "20": 0.0869,
        "21": 0.11,
        "22": 0.148,
        "23": 0.2,
        "24": 0.261,
        "25": 0.312,
        "26": 0.367,
        "27": 0.413,
        "28": 0.923
    },
    "arc_challenge_gpt4_style_in_context_examples": {
        "0": 0.0667,
        "1": 0.0154,
        "2": 0.0165,
        "3": 0.0168,
        "4": 0.00513,
        "5": 0.0041,
        "6": 0.0042,
        "7": 0.00464,
        "8": 0.00581,
        "9": 0.0064,
        "10": 0.00698,
        "11": 0.00752,
        "12": 0.00771,
        "13": 0.00791,
        "14": 0.00864,
        "15": 0.00913,
        "16": 0.0101,
        "17": 0.0103,
        "18": 0.0111,
        "19": 0.0127,
        "20": 0.015,
        "21": 0.0176,
        "22": 0.0196,
        "23": 0.0217,
        "24": 0.0205,
        "25": 0.0178,
        "26": 0.0173,
        "27": 0.0143,
        "28": 0.0288
    },
    "arc_challenge_openai_human_written_examples": {
        "0": 0.0725,
        "1": 0.0182,
        "2": 0.0198,
        "3": 0.0216,
        "4": 0.00518,
        "5": 0.00386,
        "6": 0.00405,
        "7": 0.00479,
        "8": 0.00537,
        "9": 0.00635,
        "10": 0.00688,
        "11": 0.00713,
        "12": 0.00728,
        "13": 0.00742,
        "14": 0.00815,
        "15": 0.00859,
        "16": 0.00986,
        "17": 0.0103,
        "18": 0.0113,
        "19": 0.0128,
        "20": 0.0167,
        "21": 0.0194,
        "22": 0.0231,
        "23": 0.026,
        "24": 0.0262,
        "25": 0.0237,
        "26": 0.0242,
        "27": 0.0234,
        "28": 0.049
    }
}