{
    "piqa_step_by_step": {
        "0": 0.0856,
        "1": 0.0258,
        "2": 0.0266,
        "3": 0.0284,
        "4": 0.0122,
        "5": 0.009,
        "6": 0.00957,
        "7": 0.011,
        "8": 0.0129,
        "9": 0.0146,
        "10": 0.0162,
        "11": 0.0166,
        "12": 0.0164,
        "13": 0.0168,
        "14": 0.018,
        "15": 0.019,
        "16": 0.0203,
        "17": 0.0214,
        "18": 0.0224,
        "19": 0.0259,
        "20": 0.0346,
        "21": 0.0412,
        "22": 0.0489,
        "23": 0.0551,
        "24": 0.0554,
        "25": 0.0501,
        "26": 0.049,
        "27": 0.0339,
        "28": 0.0635
    },
    "piqa_gpt4": {
        "0": 0.0896,
        "1": 0.0288,
        "2": 0.0297,
        "3": 0.0331,
        "4": 0.0047,
        "5": 0.00366,
        "6": 0.00368,
        "7": 0.00438,
        "8": 0.00552,
        "9": 0.00679,
        "10": 0.00775,
        "11": 0.00809,
        "12": 0.00798,
        "13": 0.00835,
        "14": 0.00907,
        "15": 0.00938,
        "16": 0.00991,
        "17": 0.0105,
        "18": 0.0108,
        "19": 0.0126,
        "20": 0.0167,
        "21": 0.0201,
        "22": 0.0257,
        "23": 0.0296,
        "24": 0.0312,
        "25": 0.0298,
        "26": 0.0307,
        "27": 0.0309,
        "28": 0.05
    },
    "piqa_claude": {
        "0": 0.0806,
        "1": 0.0262,
        "2": 0.0269,
        "3": 0.0281,
        "4": 0.00592,
        "5": 0.00465,
        "6": 0.00482,
        "7": 0.00575,
        "8": 0.00721,
        "9": 0.00866,
        "10": 0.01,
        "11": 0.0104,
        "12": 0.0105,
        "13": 0.011,
        "14": 0.012,
        "15": 0.0124,
        "16": 0.0135,
        "17": 0.0145,
        "18": 0.0149,
        "19": 0.0176,
        "20": 0.0235,
        "21": 0.0285,
        "22": 0.0357,
        "23": 0.0405,
        "24": 0.0411,
        "25": 0.0377,
        "26": 0.037,
        "27": 0.0279,
        "28": 0.0513
    },
    "piqa_mini_gpt4": {
        "0": 0.0845,
        "1": 0.0264,
        "2": 0.0261,
        "3": 0.0291,
        "4": 0.0047,
        "5": 0.00356,
        "6": 0.00368,
        "7": 0.00441,
        "8": 0.00531,
        "9": 0.00661,
        "10": 0.00765,
        "11": 0.00799,
        "12": 0.00799,
        "13": 0.00824,
        "14": 0.00889,
        "15": 0.00929,
        "16": 0.00983,
        "17": 0.0104,
        "18": 0.0109,
        "19": 0.0125,
        "20": 0.0169,
        "21": 0.0201,
        "22": 0.0259,
        "23": 0.03,
        "24": 0.032,
        "25": 0.0306,
        "26": 0.0313,
        "27": 0.0293,
        "28": 0.0497
    },
    "piqa_groundtruth": {
        "0": 0.726,
        "1": 0.354,
        "2": 0.297,
        "3": 0.304,
        "4": 0.0123,
        "5": 0.00898,
        "6": 0.00916,
        "7": 0.0112,
        "8": 0.0132,
        "9": 0.016,
        "10": 0.02,
        "11": 0.021,
        "12": 0.0215,
        "13": 0.0214,
        "14": 0.0245,
        "15": 0.0263,
        "16": 0.0286,
        "17": 0.0306,
        "18": 0.0321,
        "19": 0.0375,
        "20": 0.0559,
        "21": 0.0711,
        "22": 0.101,
        "23": 0.137,
        "24": 0.187,
        "25": 0.233,
        "26": 0.283,
        "27": 0.379,
        "28": 1.06
    },
    "piqa_gpt4_style_in_context_examples": {
        "0": 0.0978,
        "1": 0.0297,
        "2": 0.0297,
        "3": 0.0337,
        "4": 0.004,
        "5": 0.00308,
        "6": 0.00306,
        "7": 0.00369,
        "8": 0.00483,
        "9": 0.00588,
        "10": 0.00706,
        "11": 0.0077,
        "12": 0.00742,
        "13": 0.00804,
        "14": 0.00861,
        "15": 0.00884,
        "16": 0.00939,
        "17": 0.00999,
        "18": 0.0104,
        "19": 0.0118,
        "20": 0.0162,
        "21": 0.0194,
        "22": 0.0254,
        "23": 0.0295,
        "24": 0.0309,
        "25": 0.0298,
        "26": 0.0311,
        "27": 0.0342,
        "28": 0.0623
    },
    "piqa_openai_human_written_examples": {
        "0": 0.117,
        "1": 0.0345,
        "2": 0.0341,
        "3": 0.0409,
        "4": 0.00562,
        "5": 0.00422,
        "6": 0.00422,
        "7": 0.00503,
        "8": 0.00615,
        "9": 0.00741,
        "10": 0.00903,
        "11": 0.0096,
        "12": 0.00941,
        "13": 0.00973,
        "14": 0.0109,
        "15": 0.0112,
        "16": 0.012,
        "17": 0.0128,
        "18": 0.0132,
        "19": 0.015,
        "20": 0.0213,
        "21": 0.0255,
        "22": 0.0339,
        "23": 0.0404,
        "24": 0.0446,
        "25": 0.044,
        "26": 0.0453,
        "27": 0.0428,
        "28": 0.0787
    }
}