{
    "api_bank_step_by_step": {
        "0": 0.273,
        "1": 0.072,
        "2": 0.0789,
        "3": 0.0959,
        "4": 0.0185,
        "5": 0.014,
        "6": 0.0151,
        "7": 0.0176,
        "8": 0.0196,
        "9": 0.0215,
        "10": 0.0246,
        "11": 0.0252,
        "12": 0.0246,
        "13": 0.0248,
        "14": 0.027,
        "15": 0.0296,
        "16": 0.0326,
        "17": 0.0353,
        "18": 0.0377,
        "19": 0.0424,
        "20": 0.0606,
        "21": 0.0729,
        "22": 0.0908,
        "23": 0.115,
        "24": 0.132,
        "25": 0.135,
        "26": 0.141,
        "27": 0.0792,
        "28": 0.464
    },
    "api_bank_gpt4": {
        "0": 0.275,
        "1": 0.0706,
        "2": 0.0746,
        "3": 0.089,
        "4": 0.00845,
        "5": 0.00657,
        "6": 0.00713,
        "7": 0.00867,
        "8": 0.00981,
        "9": 0.0113,
        "10": 0.0123,
        "11": 0.0126,
        "12": 0.0126,
        "13": 0.0127,
        "14": 0.0142,
        "15": 0.0157,
        "16": 0.0177,
        "17": 0.019,
        "18": 0.0207,
        "19": 0.0234,
        "20": 0.0336,
        "21": 0.0415,
        "22": 0.0549,
        "23": 0.0715,
        "24": 0.0871,
        "25": 0.0946,
        "26": 0.103,
        "27": 0.0704,
        "28": 0.507
    },
    "api_bank_claude": {
        "0": 0.285,
        "1": 0.0755,
        "2": 0.0802,
        "3": 0.0939,
        "4": 0.0102,
        "5": 0.00798,
        "6": 0.00845,
        "7": 0.0104,
        "8": 0.0118,
        "9": 0.0132,
        "10": 0.0149,
        "11": 0.0156,
        "12": 0.0153,
        "13": 0.0156,
        "14": 0.0175,
        "15": 0.0195,
        "16": 0.0217,
        "17": 0.0233,
        "18": 0.0254,
        "19": 0.0291,
        "20": 0.0418,
        "21": 0.0516,
        "22": 0.0669,
        "23": 0.0859,
        "24": 0.103,
        "25": 0.109,
        "26": 0.116,
        "27": 0.0715,
        "28": 0.509
    },
    "api_bank_mini_gpt4": {
        "0": 0.3,
        "1": 0.0775,
        "2": 0.0849,
        "3": 0.0979,
        "4": 0.0117,
        "5": 0.00913,
        "6": 0.00972,
        "7": 0.0117,
        "8": 0.0134,
        "9": 0.015,
        "10": 0.0167,
        "11": 0.017,
        "12": 0.0166,
        "13": 0.0167,
        "14": 0.0187,
        "15": 0.0207,
        "16": 0.023,
        "17": 0.025,
        "18": 0.0266,
        "19": 0.0302,
        "20": 0.0448,
        "21": 0.0552,
        "22": 0.0721,
        "23": 0.093,
        "24": 0.111,
        "25": 0.118,
        "26": 0.125,
        "27": 0.0761,
        "28": 0.538
    },
    "api_bank_groundtruth": {
        "0": 0.231,
        "1": 0.065,
        "2": 0.0574,
        "3": 0.0783,
        "4": 0.00452,
        "5": 0.00342,
        "6": 0.00366,
        "7": 0.00432,
        "8": 0.005,
        "9": 0.00549,
        "10": 0.00608,
        "11": 0.00681,
        "12": 0.00671,
        "13": 0.00696,
        "14": 0.00767,
        "15": 0.00815,
        "16": 0.00908,
        "17": 0.00959,
        "18": 0.00986,
        "19": 0.0108,
        "20": 0.0146,
        "21": 0.0179,
        "22": 0.0239,
        "23": 0.031,
        "24": 0.0395,
        "25": 0.0456,
        "26": 0.053,
        "27": 0.045,
        "28": 0.164
    },
    "api_bank_gpt4_style_in_context_examples": {
        "0": 0.274,
        "1": 0.0717,
        "2": 0.0748,
        "3": 0.0873,
        "4": 0.00725,
        "5": 0.00562,
        "6": 0.00586,
        "7": 0.0071,
        "8": 0.00825,
        "9": 0.00938,
        "10": 0.0105,
        "11": 0.0111,
        "12": 0.0106,
        "13": 0.011,
        "14": 0.0124,
        "15": 0.0136,
        "16": 0.0153,
        "17": 0.0166,
        "18": 0.0178,
        "19": 0.0202,
        "20": 0.0281,
        "21": 0.0346,
        "22": 0.0462,
        "23": 0.0607,
        "24": 0.0752,
        "25": 0.0835,
        "26": 0.0917,
        "27": 0.0671,
        "28": 0.481
    },
    "api_bank_openai_human_written_examples": {
        "0": 0.269,
        "1": 0.0696,
        "2": 0.0726,
        "3": 0.0853,
        "4": 0.00811,
        "5": 0.0063,
        "6": 0.00671,
        "7": 0.00808,
        "8": 0.00935,
        "9": 0.0106,
        "10": 0.0118,
        "11": 0.0126,
        "12": 0.0123,
        "13": 0.0125,
        "14": 0.0142,
        "15": 0.0154,
        "16": 0.0172,
        "17": 0.0184,
        "18": 0.02,
        "19": 0.0223,
        "20": 0.0315,
        "21": 0.0388,
        "22": 0.0512,
        "23": 0.0669,
        "24": 0.0826,
        "25": 0.0909,
        "26": 0.099,
        "27": 0.0674,
        "28": 0.489
    }
}