{
    "squad_step_by_step": {
        "0": 0.12,
        "1": 0.143,
        "2": 0.0165,
        "3": 0.0246,
        "4": 0.0495,
        "5": 0.0705,
        "6": 0.0976,
        "7": 0.113,
        "8": 0.121,
        "9": 0.136,
        "10": 0.163,
        "11": 0.172,
        "12": 0.182,
        "13": 0.2,
        "14": 0.22,
        "15": 0.233,
        "16": 0.251,
        "17": 0.269,
        "18": 0.28,
        "19": 0.295,
        "20": 0.292,
        "21": 0.289,
        "22": 0.295,
        "23": 0.294,
        "24": 0.291,
        "25": 0.284,
        "26": 0.275,
        "27": 0.258,
        "28": 0.243,
        "29": 0.233,
        "30": 0.208,
        "31": 0.219,
        "32": 0.239
    },
    "squad_gpt4": {
        "0": 0.135,
        "1": 0.0664,
        "2": 0.00298,
        "3": 0.00591,
        "4": 0.0115,
        "5": 0.0168,
        "6": 0.0238,
        "7": 0.0316,
        "8": 0.0378,
        "9": 0.0437,
        "10": 0.0537,
        "11": 0.055,
        "12": 0.0594,
        "13": 0.0704,
        "14": 0.0784,
        "15": 0.0838,
        "16": 0.0969,
        "17": 0.11,
        "18": 0.118,
        "19": 0.127,
        "20": 0.133,
        "21": 0.135,
        "22": 0.141,
        "23": 0.145,
        "24": 0.149,
        "25": 0.151,
        "26": 0.15,
        "27": 0.147,
        "28": 0.144,
        "29": 0.143,
        "30": 0.133,
        "31": 0.153,
        "32": 0.211
    },
    "squad_claude": {
        "0": 0.116,
        "1": 0.15,
        "2": 0.00952,
        "3": 0.0186,
        "4": 0.0362,
        "5": 0.0539,
        "6": 0.0733,
        "7": 0.0884,
        "8": 0.0952,
        "9": 0.109,
        "10": 0.128,
        "11": 0.133,
        "12": 0.144,
        "13": 0.16,
        "14": 0.176,
        "15": 0.185,
        "16": 0.206,
        "17": 0.223,
        "18": 0.233,
        "19": 0.243,
        "20": 0.244,
        "21": 0.242,
        "22": 0.247,
        "23": 0.247,
        "24": 0.246,
        "25": 0.242,
        "26": 0.236,
        "27": 0.224,
        "28": 0.213,
        "29": 0.204,
        "30": 0.182,
        "31": 0.191,
        "32": 0.195
    },
    "squad_mini_gpt4": {
        "0": 0.132,
        "1": 0.0776,
        "2": 0.00303,
        "3": 0.0061,
        "4": 0.0122,
        "5": 0.0176,
        "6": 0.0251,
        "7": 0.0321,
        "8": 0.0383,
        "9": 0.0449,
        "10": 0.0557,
        "11": 0.0579,
        "12": 0.0606,
        "13": 0.0722,
        "14": 0.0811,
        "15": 0.09,
        "16": 0.103,
        "17": 0.119,
        "18": 0.127,
        "19": 0.137,
        "20": 0.143,
        "21": 0.145,
        "22": 0.153,
        "23": 0.159,
        "24": 0.162,
        "25": 0.164,
        "26": 0.163,
        "27": 0.158,
        "28": 0.153,
        "29": 0.152,
        "30": 0.14,
        "31": 0.16,
        "32": 0.224
    },
    "squad_groundtruth": {
        "0": 0.412,
        "1": 0.0946,
        "2": 0.00137,
        "3": 0.00303,
        "4": 0.0063,
        "5": 0.00908,
        "6": 0.0127,
        "7": 0.0177,
        "8": 0.0223,
        "9": 0.0265,
        "10": 0.0323,
        "11": 0.0344,
        "12": 0.0356,
        "13": 0.0469,
        "14": 0.05,
        "15": 0.0536,
        "16": 0.0624,
        "17": 0.0727,
        "18": 0.0816,
        "19": 0.0903,
        "20": 0.1,
        "21": 0.106,
        "22": 0.117,
        "23": 0.13,
        "24": 0.143,
        "25": 0.156,
        "26": 0.166,
        "27": 0.181,
        "28": 0.194,
        "29": 0.209,
        "30": 0.218,
        "31": 0.243,
        "32": 0.371
    },
    "squad_gpt4_style_in_context_examples": {
        "0": 0.127,
        "1": 0.126,
        "2": 0.0181,
        "3": 0.0272,
        "4": 0.0538,
        "5": 0.0789,
        "6": 0.107,
        "7": 0.123,
        "8": 0.133,
        "9": 0.15,
        "10": 0.177,
        "11": 0.184,
        "12": 0.194,
        "13": 0.208,
        "14": 0.229,
        "15": 0.244,
        "16": 0.263,
        "17": 0.279,
        "18": 0.292,
        "19": 0.305,
        "20": 0.299,
        "21": 0.295,
        "22": 0.299,
        "23": 0.298,
        "24": 0.294,
        "25": 0.287,
        "26": 0.276,
        "27": 0.262,
        "28": 0.247,
        "29": 0.236,
        "30": 0.21,
        "31": 0.226,
        "32": 0.255
    },
    "squad_openai_human_written_examples": {
        "0": 0.131,
        "1": 0.0631,
        "2": 0.00117,
        "3": 0.00239,
        "4": 0.00474,
        "5": 0.00742,
        "6": 0.0106,
        "7": 0.0141,
        "8": 0.0175,
        "9": 0.0209,
        "10": 0.0253,
        "11": 0.0267,
        "12": 0.029,
        "13": 0.0354,
        "14": 0.0392,
        "15": 0.0425,
        "16": 0.0495,
        "17": 0.0578,
        "18": 0.0646,
        "19": 0.0715,
        "20": 0.0758,
        "21": 0.0778,
        "22": 0.085,
        "23": 0.0909,
        "24": 0.0964,
        "25": 0.0995,
        "26": 0.101,
        "27": 0.102,
        "28": 0.102,
        "29": 0.103,
        "30": 0.098,
        "31": 0.114,
        "32": 0.182
    }
}