{
    "agieval_step_by_step": {
        "0": 0.0534,
        "1": 0.0139,
        "2": 0.0147,
        "3": 0.0159,
        "4": 0.0123,
        "5": 0.0103,
        "6": 0.00921,
        "7": 0.0107,
        "8": 0.0119,
        "9": 0.0137,
        "10": 0.0128,
        "11": 0.0135,
        "12": 0.0135,
        "13": 0.0133,
        "14": 0.0142,
        "15": 0.0134,
        "16": 0.0148,
        "17": 0.0146,
        "18": 0.0153,
        "19": 0.0181,
        "20": 0.0217,
        "21": 0.0258,
        "22": 0.025,
        "23": 0.0247,
        "24": 0.0221,
        "25": 0.0174,
        "26": 0.017,
        "27": 0.015,
        "28": 0.0248
    },
    "agieval_gpt4": {
        "0": 0.0524,
        "1": 0.0152,
        "2": 0.0167,
        "3": 0.0184,
        "4": 0.0129,
        "5": 0.011,
        "6": 0.00996,
        "7": 0.0112,
        "8": 0.0124,
        "9": 0.0142,
        "10": 0.013,
        "11": 0.0139,
        "12": 0.0141,
        "13": 0.0137,
        "14": 0.0145,
        "15": 0.0137,
        "16": 0.0153,
        "17": 0.0152,
        "18": 0.0158,
        "19": 0.0185,
        "20": 0.0221,
        "21": 0.0265,
        "22": 0.026,
        "23": 0.0263,
        "24": 0.0236,
        "25": 0.0187,
        "26": 0.0182,
        "27": 0.016,
        "28": 0.0245
    },
    "agieval_claude": {
        "0": 0.0596,
        "1": 0.0157,
        "2": 0.0161,
        "3": 0.0165,
        "4": 0.0195,
        "5": 0.0158,
        "6": 0.0144,
        "7": 0.016,
        "8": 0.0176,
        "9": 0.0197,
        "10": 0.0185,
        "11": 0.0198,
        "12": 0.02,
        "13": 0.0195,
        "14": 0.0201,
        "15": 0.019,
        "16": 0.0208,
        "17": 0.0206,
        "18": 0.0214,
        "19": 0.0245,
        "20": 0.0276,
        "21": 0.0322,
        "22": 0.0315,
        "23": 0.0319,
        "24": 0.028,
        "25": 0.0216,
        "26": 0.0201,
        "27": 0.0153,
        "28": 0.0234
    },
    "agieval_mini_gpt4": {
        "0": 0.0487,
        "1": 0.0138,
        "2": 0.0147,
        "3": 0.0157,
        "4": 0.0124,
        "5": 0.0104,
        "6": 0.00941,
        "7": 0.0105,
        "8": 0.0119,
        "9": 0.0134,
        "10": 0.0126,
        "11": 0.0135,
        "12": 0.0138,
        "13": 0.0135,
        "14": 0.0141,
        "15": 0.0136,
        "16": 0.0148,
        "17": 0.0149,
        "18": 0.0156,
        "19": 0.0181,
        "20": 0.0212,
        "21": 0.0254,
        "22": 0.0251,
        "23": 0.0256,
        "24": 0.0227,
        "25": 0.018,
        "26": 0.0173,
        "27": 0.014,
        "28": 0.0201
    },
    "agieval_groundtruth": {
        "0": 0.779,
        "1": 0.369,
        "2": 0.358,
        "3": 0.359,
        "4": 0.0757,
        "5": 0.057,
        "6": 0.0573,
        "7": 0.0653,
        "8": 0.07,
        "9": 0.0785,
        "10": 0.0813,
        "11": 0.086,
        "12": 0.084,
        "13": 0.0824,
        "14": 0.0879,
        "15": 0.0906,
        "16": 0.0989,
        "17": 0.102,
        "18": 0.107,
        "19": 0.122,
        "20": 0.163,
        "21": 0.201,
        "22": 0.239,
        "23": 0.295,
        "24": 0.358,
        "25": 0.395,
        "26": 0.446,
        "27": 0.417,
        "28": 0.914
    },
    "agieval_gpt4_style_in_context_examples": {
        "0": 0.054,
        "1": 0.0142,
        "2": 0.0149,
        "3": 0.0154,
        "4": 0.00978,
        "5": 0.0084,
        "6": 0.0077,
        "7": 0.00863,
        "8": 0.00999,
        "9": 0.0118,
        "10": 0.0111,
        "11": 0.0118,
        "12": 0.0121,
        "13": 0.0119,
        "14": 0.0126,
        "15": 0.012,
        "16": 0.0134,
        "17": 0.0132,
        "18": 0.0139,
        "19": 0.0165,
        "20": 0.0205,
        "21": 0.025,
        "22": 0.0244,
        "23": 0.0246,
        "24": 0.0222,
        "25": 0.018,
        "26": 0.0176,
        "27": 0.0158,
        "28": 0.0242
    },
    "agieval_openai_human_written_examples": {
        "0": 0.0517,
        "1": 0.0145,
        "2": 0.0159,
        "3": 0.0169,
        "4": 0.0131,
        "5": 0.0111,
        "6": 0.00998,
        "7": 0.0113,
        "8": 0.0127,
        "9": 0.0143,
        "10": 0.0135,
        "11": 0.0142,
        "12": 0.0143,
        "13": 0.014,
        "14": 0.015,
        "15": 0.0141,
        "16": 0.0159,
        "17": 0.0158,
        "18": 0.0165,
        "19": 0.0194,
        "20": 0.0234,
        "21": 0.0279,
        "22": 0.0274,
        "23": 0.0275,
        "24": 0.0246,
        "25": 0.0192,
        "26": 0.0189,
        "27": 0.0166,
        "28": 0.0246
    }
}