{
    "gsm8k_step_by_step": {
        "0": 0.0713,
        "1": 0.0189,
        "2": 0.0179,
        "3": 0.018,
        "4": 0.00536,
        "5": 0.0045,
        "6": 0.00469,
        "7": 0.00537,
        "8": 0.00648,
        "9": 0.00762,
        "10": 0.00775,
        "11": 0.00813,
        "12": 0.00806,
        "13": 0.00803,
        "14": 0.00905,
        "15": 0.00943,
        "16": 0.0108,
        "17": 0.0113,
        "18": 0.012,
        "19": 0.0138,
        "20": 0.0195,
        "21": 0.0225,
        "22": 0.0239,
        "23": 0.0285,
        "24": 0.029,
        "25": 0.0253,
        "26": 0.0265,
        "27": 0.0271,
        "28": 0.111
    },
    "gsm8k_gpt4": {
        "0": 0.073,
        "1": 0.0211,
        "2": 0.0217,
        "3": 0.0232,
        "4": 0.00767,
        "5": 0.00641,
        "6": 0.00669,
        "7": 0.00785,
        "8": 0.0092,
        "9": 0.0109,
        "10": 0.011,
        "11": 0.0117,
        "12": 0.0113,
        "13": 0.0114,
        "14": 0.0126,
        "15": 0.0137,
        "16": 0.0158,
        "17": 0.017,
        "18": 0.018,
        "19": 0.0208,
        "20": 0.0306,
        "21": 0.0364,
        "22": 0.0421,
        "23": 0.0529,
        "24": 0.0563,
        "25": 0.0486,
        "26": 0.0464,
        "27": 0.0389,
        "28": 0.144
    },
    "gsm8k_claude": {
        "0": 0.098,
        "1": 0.0265,
        "2": 0.0275,
        "3": 0.0283,
        "4": 0.0112,
        "5": 0.00888,
        "6": 0.00927,
        "7": 0.0106,
        "8": 0.0121,
        "9": 0.0141,
        "10": 0.0143,
        "11": 0.0147,
        "12": 0.0144,
        "13": 0.0141,
        "14": 0.0151,
        "15": 0.0159,
        "16": 0.0175,
        "17": 0.0184,
        "18": 0.0193,
        "19": 0.0216,
        "20": 0.0298,
        "21": 0.0343,
        "22": 0.0366,
        "23": 0.0441,
        "24": 0.0456,
        "25": 0.0396,
        "26": 0.0404,
        "27": 0.0346,
        "28": 0.132
    },
    "gsm8k_mini_gpt4": {
        "0": 0.0817,
        "1": 0.0228,
        "2": 0.0232,
        "3": 0.0246,
        "4": 0.00875,
        "5": 0.00708,
        "6": 0.00758,
        "7": 0.00873,
        "8": 0.0103,
        "9": 0.012,
        "10": 0.0124,
        "11": 0.0132,
        "12": 0.0128,
        "13": 0.013,
        "14": 0.0142,
        "15": 0.0155,
        "16": 0.0179,
        "17": 0.0194,
        "18": 0.0205,
        "19": 0.0234,
        "20": 0.0349,
        "21": 0.0417,
        "22": 0.0485,
        "23": 0.0616,
        "24": 0.0659,
        "25": 0.0569,
        "26": 0.0534,
        "27": 0.0429,
        "28": 0.143
    },
    "gsm8k_groundtruth": {
        "0": 0.173,
        "1": 0.0548,
        "2": 0.059,
        "3": 0.0632,
        "4": 0.0156,
        "5": 0.0127,
        "6": 0.0137,
        "7": 0.0164,
        "8": 0.0186,
        "9": 0.0217,
        "10": 0.0222,
        "11": 0.0226,
        "12": 0.0224,
        "13": 0.0224,
        "14": 0.0242,
        "15": 0.0257,
        "16": 0.0293,
        "17": 0.0314,
        "18": 0.0334,
        "19": 0.0384,
        "20": 0.0614,
        "21": 0.0737,
        "22": 0.0874,
        "23": 0.114,
        "24": 0.127,
        "25": 0.111,
        "26": 0.102,
        "27": 0.0722,
        "28": 0.313
    },
    "gsm8k_gpt4_style_in_context_examples": {
        "0": 0.0891,
        "1": 0.0251,
        "2": 0.0258,
        "3": 0.0271,
        "4": 0.00876,
        "5": 0.00716,
        "6": 0.0075,
        "7": 0.00888,
        "8": 0.0104,
        "9": 0.0121,
        "10": 0.0125,
        "11": 0.0133,
        "12": 0.0131,
        "13": 0.0131,
        "14": 0.0145,
        "15": 0.0158,
        "16": 0.0187,
        "17": 0.0201,
        "18": 0.0214,
        "19": 0.0246,
        "20": 0.0379,
        "21": 0.0459,
        "22": 0.0546,
        "23": 0.07,
        "24": 0.0759,
        "25": 0.0653,
        "26": 0.0606,
        "27": 0.0505,
        "28": 0.168
    },
    "gsm8k_openai_human_written_examples": {
        "0": 0.0943,
        "1": 0.027,
        "2": 0.0288,
        "3": 0.0306,
        "4": 0.0108,
        "5": 0.00876,
        "6": 0.00919,
        "7": 0.0108,
        "8": 0.0126,
        "9": 0.0148,
        "10": 0.0152,
        "11": 0.016,
        "12": 0.0157,
        "13": 0.0157,
        "14": 0.0174,
        "15": 0.019,
        "16": 0.0223,
        "17": 0.0242,
        "18": 0.0257,
        "19": 0.0294,
        "20": 0.046,
        "21": 0.0556,
        "22": 0.0669,
        "23": 0.0864,
        "24": 0.0948,
        "25": 0.0821,
        "26": 0.0749,
        "27": 0.0592,
        "28": 0.195
    },
    "gsm8k_rewrite_groundtruth_in_own_words": {
        "0": 0.107,
        "1": 0.0311,
        "2": 0.0328,
        "3": 0.034,
        "4": 0.0118,
        "5": 0.00974,
        "6": 0.0102,
        "7": 0.0122,
        "8": 0.0145,
        "9": 0.0167,
        "10": 0.017,
        "11": 0.0181,
        "12": 0.018,
        "13": 0.018,
        "14": 0.0198,
        "15": 0.0215,
        "16": 0.025,
        "17": 0.0272,
        "18": 0.0288,
        "19": 0.033,
        "20": 0.0489,
        "21": 0.0588,
        "22": 0.0687,
        "23": 0.0836,
        "24": 0.0872,
        "25": 0.075,
        "26": 0.0723,
        "27": 0.0599,
        "28": 0.147
    }
}