{
    "piqa_step_by_step": {
        "0": 0.0814,
        "1": 0.0228,
        "2": 0.0238,
        "3": 0.0251,
        "4": 0.0104,
        "5": 0.00823,
        "6": 0.00842,
        "7": 0.00959,
        "8": 0.0117,
        "9": 0.0138,
        "10": 0.0154,
        "11": 0.0161,
        "12": 0.0159,
        "13": 0.0165,
        "14": 0.0176,
        "15": 0.0182,
        "16": 0.0196,
        "17": 0.0205,
        "18": 0.0215,
        "19": 0.0248,
        "20": 0.032,
        "21": 0.0379,
        "22": 0.044,
        "23": 0.0485,
        "24": 0.0469,
        "25": 0.0415,
        "26": 0.0397,
        "27": 0.028,
        "28": 0.0537
    },
    "piqa_gpt4": {
        "0": 0.0855,
        "1": 0.0267,
        "2": 0.0272,
        "3": 0.0289,
        "4": 0.00547,
        "5": 0.00439,
        "6": 0.00469,
        "7": 0.00527,
        "8": 0.00701,
        "9": 0.00869,
        "10": 0.0105,
        "11": 0.011,
        "12": 0.0109,
        "13": 0.0113,
        "14": 0.0123,
        "15": 0.0124,
        "16": 0.0133,
        "17": 0.0138,
        "18": 0.0144,
        "19": 0.0163,
        "20": 0.0214,
        "21": 0.0253,
        "22": 0.0314,
        "23": 0.0343,
        "24": 0.0336,
        "25": 0.0302,
        "26": 0.0301,
        "27": 0.0289,
        "28": 0.0503
    },
    "piqa_claude": {
        "0": 0.0857,
        "1": 0.0256,
        "2": 0.0263,
        "3": 0.0268,
        "4": 0.00662,
        "5": 0.00513,
        "6": 0.00537,
        "7": 0.00625,
        "8": 0.00784,
        "9": 0.00979,
        "10": 0.0113,
        "11": 0.0119,
        "12": 0.0119,
        "13": 0.0124,
        "14": 0.0136,
        "15": 0.014,
        "16": 0.0151,
        "17": 0.0156,
        "18": 0.0162,
        "19": 0.0188,
        "20": 0.0248,
        "21": 0.0294,
        "22": 0.0357,
        "23": 0.0395,
        "24": 0.0389,
        "25": 0.0348,
        "26": 0.0337,
        "27": 0.0255,
        "28": 0.0434
    },
    "piqa_mini_gpt4": {
        "0": 0.0831,
        "1": 0.0249,
        "2": 0.0253,
        "3": 0.0275,
        "4": 0.00583,
        "5": 0.00461,
        "6": 0.00476,
        "7": 0.00544,
        "8": 0.00679,
        "9": 0.0084,
        "10": 0.00994,
        "11": 0.0105,
        "12": 0.0103,
        "13": 0.0108,
        "14": 0.0118,
        "15": 0.0122,
        "16": 0.0132,
        "17": 0.0137,
        "18": 0.0143,
        "19": 0.0164,
        "20": 0.0215,
        "21": 0.025,
        "22": 0.0305,
        "23": 0.0333,
        "24": 0.0324,
        "25": 0.0288,
        "26": 0.0286,
        "27": 0.0269,
        "28": 0.0485
    },
    "piqa_groundtruth": {
        "0": 0.706,
        "1": 0.354,
        "2": 0.307,
        "3": 0.305,
        "4": 0.0175,
        "5": 0.0128,
        "6": 0.0135,
        "7": 0.0162,
        "8": 0.0188,
        "9": 0.0226,
        "10": 0.0282,
        "11": 0.0298,
        "12": 0.0297,
        "13": 0.0295,
        "14": 0.0331,
        "15": 0.0358,
        "16": 0.039,
        "17": 0.0411,
        "18": 0.0432,
        "19": 0.05,
        "20": 0.074,
        "21": 0.0924,
        "22": 0.127,
        "23": 0.167,
        "24": 0.22,
        "25": 0.266,
        "26": 0.315,
        "27": 0.383,
        "28": 1.07
    },
    "piqa_gpt4_style_in_context_examples": {
        "0": 0.092,
        "1": 0.0264,
        "2": 0.0275,
        "3": 0.0306,
        "4": 0.00574,
        "5": 0.00454,
        "6": 0.00444,
        "7": 0.00537,
        "8": 0.00659,
        "9": 0.00828,
        "10": 0.0101,
        "11": 0.0109,
        "12": 0.0106,
        "13": 0.0112,
        "14": 0.0121,
        "15": 0.0125,
        "16": 0.0133,
        "17": 0.0135,
        "18": 0.0144,
        "19": 0.0161,
        "20": 0.0218,
        "21": 0.0254,
        "22": 0.0313,
        "23": 0.0346,
        "24": 0.0343,
        "25": 0.0306,
        "26": 0.0304,
        "27": 0.0301,
        "28": 0.0534
    },
    "piqa_openai_human_written_examples": {
        "0": 0.119,
        "1": 0.0349,
        "2": 0.0352,
        "3": 0.0407,
        "4": 0.00942,
        "5": 0.0071,
        "6": 0.00752,
        "7": 0.00872,
        "8": 0.0103,
        "9": 0.0125,
        "10": 0.0157,
        "11": 0.0167,
        "12": 0.016,
        "13": 0.0167,
        "14": 0.0181,
        "15": 0.019,
        "16": 0.0205,
        "17": 0.0212,
        "18": 0.0221,
        "19": 0.025,
        "20": 0.0355,
        "21": 0.0416,
        "22": 0.053,
        "23": 0.0616,
        "24": 0.0666,
        "25": 0.0631,
        "26": 0.0627,
        "27": 0.0446,
        "28": 0.0798
    }
}