{
    "gsm8k_step_by_step": {
        "0": 0.0847,
        "1": 0.0578,
        "2": 0.0129,
        "3": 0.02,
        "4": 0.0369,
        "5": 0.0497,
        "6": 0.06,
        "7": 0.0695,
        "8": 0.0751,
        "9": 0.0787,
        "10": 0.0864,
        "11": 0.0919,
        "12": 0.0924,
        "13": 0.0937,
        "14": 0.103,
        "15": 0.108,
        "16": 0.106,
        "17": 0.107,
        "18": 0.111,
        "19": 0.108,
        "20": 0.0993,
        "21": 0.0996,
        "22": 0.0925,
        "23": 0.0878,
        "24": 0.0777,
        "25": 0.0714,
        "26": 0.0686,
        "27": 0.0609,
        "28": 0.0593,
        "29": 0.0555,
        "30": 0.0579,
        "31": 0.0719,
        "32": 0.109
    },
    "gsm8k_gpt4": {
        "0": 0.0768,
        "1": 0.0516,
        "2": 0.0115,
        "3": 0.019,
        "4": 0.0335,
        "5": 0.044,
        "6": 0.0525,
        "7": 0.0603,
        "8": 0.0657,
        "9": 0.0686,
        "10": 0.0745,
        "11": 0.0787,
        "12": 0.0797,
        "13": 0.081,
        "14": 0.0878,
        "15": 0.0915,
        "16": 0.092,
        "17": 0.0923,
        "18": 0.0949,
        "19": 0.0918,
        "20": 0.085,
        "21": 0.0852,
        "22": 0.0796,
        "23": 0.076,
        "24": 0.0672,
        "25": 0.0621,
        "26": 0.06,
        "27": 0.0534,
        "28": 0.052,
        "29": 0.0489,
        "30": 0.0506,
        "31": 0.0616,
        "32": 0.0937
    },
    "gsm8k_claude": {
        "0": 0.0735,
        "1": 0.04,
        "2": 0.00472,
        "3": 0.0072,
        "4": 0.0148,
        "5": 0.0217,
        "6": 0.0282,
        "7": 0.0347,
        "8": 0.0408,
        "9": 0.0448,
        "10": 0.0508,
        "11": 0.055,
        "12": 0.0549,
        "13": 0.0577,
        "14": 0.0655,
        "15": 0.0688,
        "16": 0.0702,
        "17": 0.075,
        "18": 0.0819,
        "19": 0.0824,
        "20": 0.0775,
        "21": 0.0794,
        "22": 0.0761,
        "23": 0.0727,
        "24": 0.0661,
        "25": 0.0614,
        "26": 0.0596,
        "27": 0.0535,
        "28": 0.0526,
        "29": 0.0496,
        "30": 0.0514,
        "31": 0.064,
        "32": 0.1
    },
    "gsm8k_mini_gpt4": {
        "0": 0.076,
        "1": 0.0453,
        "2": 0.00853,
        "3": 0.0132,
        "4": 0.0233,
        "5": 0.0313,
        "6": 0.038,
        "7": 0.0443,
        "8": 0.0487,
        "9": 0.0515,
        "10": 0.0571,
        "11": 0.0607,
        "12": 0.0613,
        "13": 0.0639,
        "14": 0.0707,
        "15": 0.0742,
        "16": 0.0747,
        "17": 0.0768,
        "18": 0.0807,
        "19": 0.0787,
        "20": 0.0738,
        "21": 0.0748,
        "22": 0.0706,
        "23": 0.0681,
        "24": 0.0608,
        "25": 0.0565,
        "26": 0.0551,
        "27": 0.0496,
        "28": 0.0485,
        "29": 0.0458,
        "30": 0.0481,
        "31": 0.0595,
        "32": 0.0907
    },
    "gsm8k_groundtruth": {
        "0": 0.131,
        "1": 0.0538,
        "2": 0.00479,
        "3": 0.00798,
        "4": 0.0158,
        "5": 0.0226,
        "6": 0.0302,
        "7": 0.0373,
        "8": 0.0416,
        "9": 0.0477,
        "10": 0.0542,
        "11": 0.0578,
        "12": 0.0594,
        "13": 0.0659,
        "14": 0.0739,
        "15": 0.078,
        "16": 0.0817,
        "17": 0.0862,
        "18": 0.0943,
        "19": 0.0929,
        "20": 0.0884,
        "21": 0.0898,
        "22": 0.0872,
        "23": 0.0846,
        "24": 0.0774,
        "25": 0.074,
        "26": 0.0744,
        "27": 0.0708,
        "28": 0.0712,
        "29": 0.0694,
        "30": 0.0818,
        "31": 0.107,
        "32": 0.185
    },
    "gsm8k_gpt4_style_in_context_examples": {
        "0": 0.0641,
        "1": 0.0413,
        "2": 0.00586,
        "3": 0.00968,
        "4": 0.0191,
        "5": 0.0266,
        "6": 0.0337,
        "7": 0.0401,
        "8": 0.0438,
        "9": 0.0469,
        "10": 0.0524,
        "11": 0.0558,
        "12": 0.0571,
        "13": 0.06,
        "14": 0.0669,
        "15": 0.0704,
        "16": 0.0715,
        "17": 0.073,
        "18": 0.0761,
        "19": 0.074,
        "20": 0.0693,
        "21": 0.0699,
        "22": 0.065,
        "23": 0.0618,
        "24": 0.0556,
        "25": 0.0513,
        "26": 0.0488,
        "27": 0.0432,
        "28": 0.0418,
        "29": 0.0393,
        "30": 0.0404,
        "31": 0.0483,
        "32": 0.0708
    },
    "gsm8k_openai_human_written_examples": {
        "0": 0.0536,
        "1": 0.0333,
        "2": 0.00527,
        "3": 0.00881,
        "4": 0.0168,
        "5": 0.0228,
        "6": 0.0286,
        "7": 0.0337,
        "8": 0.0371,
        "9": 0.04,
        "10": 0.0446,
        "11": 0.0474,
        "12": 0.0486,
        "13": 0.0502,
        "14": 0.0564,
        "15": 0.0583,
        "16": 0.0598,
        "17": 0.0604,
        "18": 0.0638,
        "19": 0.0626,
        "20": 0.0589,
        "21": 0.0594,
        "22": 0.0557,
        "23": 0.0533,
        "24": 0.0484,
        "25": 0.0449,
        "26": 0.0429,
        "27": 0.0383,
        "28": 0.0373,
        "29": 0.0352,
        "30": 0.0366,
        "31": 0.0445,
        "32": 0.0655
    },
    "gsm8k_rewrite_groundtruth_in_own_words": {
        "0": 0.0946,
        "1": 0.0488,
        "2": 0.0051,
        "3": 0.00907,
        "4": 0.0181,
        "5": 0.0265,
        "6": 0.0341,
        "7": 0.0403,
        "8": 0.0448,
        "9": 0.0491,
        "10": 0.0558,
        "11": 0.0593,
        "12": 0.0604,
        "13": 0.064,
        "14": 0.0722,
        "15": 0.0759,
        "16": 0.0789,
        "17": 0.082,
        "18": 0.0885,
        "19": 0.0865,
        "20": 0.0835,
        "21": 0.0845,
        "22": 0.0809,
        "23": 0.0782,
        "24": 0.0716,
        "25": 0.0663,
        "26": 0.0651,
        "27": 0.0588,
        "28": 0.0564,
        "29": 0.0536,
        "30": 0.0549,
        "31": 0.0661,
        "32": 0.0925
    }
}