{
    "gsm8k_step_by_step": {
        "0": 0.0947,
        "1": 0.0332,
        "2": 0.00967,
        "3": 0.0125,
        "4": 0.0146,
        "5": 0.0185,
        "6": 0.0235,
        "7": 0.0304,
        "8": 0.0368,
        "9": 0.0418,
        "10": 0.0466,
        "11": 0.0536,
        "12": 0.0616,
        "13": 0.0683,
        "14": 0.0739,
        "15": 0.0786,
        "16": 0.0877,
        "17": 0.0925,
        "18": 0.0958,
        "19": 0.103,
        "20": 0.105,
        "21": 0.0991,
        "22": 0.0938,
        "23": 0.0867,
        "24": 0.0903,
        "25": 0.0841,
        "26": 0.0804,
        "27": 0.0815,
        "28": 0.0804,
        "29": 0.0845,
        "30": 0.0782,
        "31": 0.0764,
        "32": 0.128
    },
    "gsm8k_gpt4": {
        "0": 0.0701,
        "1": 0.0235,
        "2": 0.00508,
        "3": 0.00674,
        "4": 0.0082,
        "5": 0.0107,
        "6": 0.0147,
        "7": 0.0203,
        "8": 0.0241,
        "9": 0.0279,
        "10": 0.0322,
        "11": 0.0379,
        "12": 0.044,
        "13": 0.0505,
        "14": 0.0566,
        "15": 0.0613,
        "16": 0.0707,
        "17": 0.0785,
        "18": 0.0813,
        "19": 0.0881,
        "20": 0.0902,
        "21": 0.0854,
        "22": 0.0798,
        "23": 0.0741,
        "24": 0.0763,
        "25": 0.0703,
        "26": 0.0673,
        "27": 0.0693,
        "28": 0.0682,
        "29": 0.073,
        "30": 0.0675,
        "31": 0.0663,
        "32": 0.113
    },
    "gsm8k_claude": {
        "0": 0.0964,
        "1": 0.0345,
        "2": 0.00845,
        "3": 0.0106,
        "4": 0.012,
        "5": 0.0156,
        "6": 0.021,
        "7": 0.027,
        "8": 0.0326,
        "9": 0.0365,
        "10": 0.0419,
        "11": 0.0479,
        "12": 0.0537,
        "13": 0.0611,
        "14": 0.0653,
        "15": 0.0707,
        "16": 0.0831,
        "17": 0.0928,
        "18": 0.0947,
        "19": 0.103,
        "20": 0.106,
        "21": 0.104,
        "22": 0.0975,
        "23": 0.0893,
        "24": 0.0906,
        "25": 0.0833,
        "26": 0.0798,
        "27": 0.081,
        "28": 0.0791,
        "29": 0.0844,
        "30": 0.0792,
        "31": 0.0803,
        "32": 0.128
    },
    "gsm8k_mini_gpt4": {
        "0": 0.0654,
        "1": 0.0223,
        "2": 0.00698,
        "3": 0.0085,
        "4": 0.00972,
        "5": 0.0119,
        "6": 0.0153,
        "7": 0.0205,
        "8": 0.0245,
        "9": 0.0277,
        "10": 0.0318,
        "11": 0.0379,
        "12": 0.0435,
        "13": 0.0491,
        "14": 0.0552,
        "15": 0.0599,
        "16": 0.0685,
        "17": 0.0739,
        "18": 0.076,
        "19": 0.0815,
        "20": 0.0829,
        "21": 0.0791,
        "22": 0.0739,
        "23": 0.0683,
        "24": 0.0703,
        "25": 0.0654,
        "26": 0.0623,
        "27": 0.0637,
        "28": 0.0621,
        "29": 0.0662,
        "30": 0.0615,
        "31": 0.0599,
        "32": 0.0979
    },
    "gsm8k_groundtruth": {
        "0": 0.155,
        "1": 0.0555,
        "2": 0.00825,
        "3": 0.0118,
        "4": 0.0144,
        "5": 0.0196,
        "6": 0.0267,
        "7": 0.0355,
        "8": 0.0442,
        "9": 0.0513,
        "10": 0.0589,
        "11": 0.0698,
        "12": 0.0809,
        "13": 0.092,
        "14": 0.1,
        "15": 0.109,
        "16": 0.126,
        "17": 0.141,
        "18": 0.145,
        "19": 0.16,
        "20": 0.168,
        "21": 0.166,
        "22": 0.155,
        "23": 0.144,
        "24": 0.149,
        "25": 0.139,
        "26": 0.135,
        "27": 0.139,
        "28": 0.138,
        "29": 0.147,
        "30": 0.146,
        "31": 0.148,
        "32": 0.234
    },
    "gsm8k_gpt4_style_in_context_examples": {
        "0": 0.0679,
        "1": 0.0223,
        "2": 0.00601,
        "3": 0.00786,
        "4": 0.00957,
        "5": 0.0127,
        "6": 0.0168,
        "7": 0.023,
        "8": 0.0279,
        "9": 0.0322,
        "10": 0.0369,
        "11": 0.0436,
        "12": 0.0506,
        "13": 0.0567,
        "14": 0.0626,
        "15": 0.0668,
        "16": 0.0777,
        "17": 0.0844,
        "18": 0.0866,
        "19": 0.093,
        "20": 0.0945,
        "21": 0.0907,
        "22": 0.0854,
        "23": 0.0791,
        "24": 0.0811,
        "25": 0.075,
        "26": 0.0716,
        "27": 0.0731,
        "28": 0.0709,
        "29": 0.0752,
        "30": 0.0701,
        "31": 0.0684,
        "32": 0.112
    },
    "gsm8k_openai_human_written_examples": {
        "0": 0.0799,
        "1": 0.0323,
        "2": 0.00571,
        "3": 0.00835,
        "4": 0.0103,
        "5": 0.0135,
        "6": 0.0181,
        "7": 0.024,
        "8": 0.0295,
        "9": 0.0334,
        "10": 0.0391,
        "11": 0.0452,
        "12": 0.0525,
        "13": 0.06,
        "14": 0.0654,
        "15": 0.0718,
        "16": 0.0831,
        "17": 0.0947,
        "18": 0.0965,
        "19": 0.109,
        "20": 0.111,
        "21": 0.107,
        "22": 0.0994,
        "23": 0.0915,
        "24": 0.0937,
        "25": 0.0868,
        "26": 0.0832,
        "27": 0.0853,
        "28": 0.0843,
        "29": 0.0902,
        "30": 0.0856,
        "31": 0.0845,
        "32": 0.132
    },
    "gsm8k_rewrite_groundtruth_in_own_words": {
        "0": 0.109,
        "1": 0.0381,
        "2": 0.00708,
        "3": 0.00908,
        "4": 0.0111,
        "5": 0.015,
        "6": 0.0205,
        "7": 0.0284,
        "8": 0.0348,
        "9": 0.0403,
        "10": 0.0464,
        "11": 0.0558,
        "12": 0.0649,
        "13": 0.0735,
        "14": 0.0822,
        "15": 0.0891,
        "16": 0.101,
        "17": 0.109,
        "18": 0.115,
        "19": 0.126,
        "20": 0.131,
        "21": 0.124,
        "22": 0.117,
        "23": 0.11,
        "24": 0.116,
        "25": 0.108,
        "26": 0.103,
        "27": 0.106,
        "28": 0.106,
        "29": 0.113,
        "30": 0.103,
        "31": 0.101,
        "32": 0.171
    }
}