{
    "arc_challenge_step_by_step": {
        "0": 0.0571,
        "1": 0.0644,
        "2": 0.0212,
        "3": 0.0306,
        "4": 0.0527,
        "5": 0.0701,
        "6": 0.0833,
        "7": 0.091,
        "8": 0.0985,
        "9": 0.102,
        "10": 0.11,
        "11": 0.114,
        "12": 0.117,
        "13": 0.111,
        "14": 0.117,
        "15": 0.117,
        "16": 0.119,
        "17": 0.115,
        "18": 0.117,
        "19": 0.113,
        "20": 0.105,
        "21": 0.103,
        "22": 0.0973,
        "23": 0.0919,
        "24": 0.0813,
        "25": 0.0744,
        "26": 0.0707,
        "27": 0.0611,
        "28": 0.0582,
        "29": 0.0537,
        "30": 0.0501,
        "31": 0.0632,
        "32": 0.118
    },
    "arc_challenge_gpt4": {
        "0": 0.0576,
        "1": 0.0545,
        "2": 0.0109,
        "3": 0.0176,
        "4": 0.0319,
        "5": 0.044,
        "6": 0.0536,
        "7": 0.0613,
        "8": 0.0682,
        "9": 0.073,
        "10": 0.0798,
        "11": 0.0836,
        "12": 0.086,
        "13": 0.0837,
        "14": 0.0894,
        "15": 0.0892,
        "16": 0.092,
        "17": 0.0887,
        "18": 0.0914,
        "19": 0.0892,
        "20": 0.0828,
        "21": 0.0821,
        "22": 0.0782,
        "23": 0.0743,
        "24": 0.0664,
        "25": 0.0612,
        "26": 0.0583,
        "27": 0.0503,
        "28": 0.0478,
        "29": 0.0444,
        "30": 0.0415,
        "31": 0.0529,
        "32": 0.101
    },
    "arc_challenge_claude": {
        "0": 0.0598,
        "1": 0.0529,
        "2": 0.00809,
        "3": 0.0142,
        "4": 0.0271,
        "5": 0.0388,
        "6": 0.0482,
        "7": 0.0564,
        "8": 0.0645,
        "9": 0.0698,
        "10": 0.0771,
        "11": 0.0812,
        "12": 0.0838,
        "13": 0.0812,
        "14": 0.0881,
        "15": 0.0884,
        "16": 0.0922,
        "17": 0.0892,
        "18": 0.0927,
        "19": 0.0907,
        "20": 0.0845,
        "21": 0.084,
        "22": 0.0806,
        "23": 0.0765,
        "24": 0.0686,
        "25": 0.0628,
        "26": 0.0597,
        "27": 0.0513,
        "28": 0.0478,
        "29": 0.0443,
        "30": 0.041,
        "31": 0.0499,
        "32": 0.0931
    },
    "arc_challenge_mini_gpt4": {
        "0": 0.0589,
        "1": 0.049,
        "2": 0.00753,
        "3": 0.0127,
        "4": 0.0234,
        "5": 0.0326,
        "6": 0.04,
        "7": 0.0469,
        "8": 0.0537,
        "9": 0.0584,
        "10": 0.0651,
        "11": 0.0692,
        "12": 0.0717,
        "13": 0.0711,
        "14": 0.0776,
        "15": 0.0775,
        "16": 0.0808,
        "17": 0.0789,
        "18": 0.0833,
        "19": 0.0815,
        "20": 0.0766,
        "21": 0.0764,
        "22": 0.0742,
        "23": 0.0713,
        "24": 0.0642,
        "25": 0.0593,
        "26": 0.0571,
        "27": 0.0497,
        "28": 0.0474,
        "29": 0.0442,
        "30": 0.0418,
        "31": 0.0538,
        "32": 0.101
    },
    "arc_challenge_groundtruth": {
        "0": 0.765,
        "1": 0.341,
        "2": 0.0236,
        "3": 0.0424,
        "4": 0.0782,
        "5": 0.112,
        "6": 0.143,
        "7": 0.17,
        "8": 0.189,
        "9": 0.216,
        "10": 0.253,
        "11": 0.264,
        "12": 0.277,
        "13": 0.327,
        "14": 0.351,
        "15": 0.37,
        "16": 0.407,
        "17": 0.45,
        "18": 0.48,
        "19": 0.508,
        "20": 0.536,
        "21": 0.554,
        "22": 0.596,
        "23": 0.626,
        "24": 0.657,
        "25": 0.682,
        "26": 0.707,
        "27": 0.74,
        "28": 0.757,
        "29": 0.784,
        "30": 0.789,
        "31": 0.803,
        "32": 0.975
    },
    "arc_challenge_gpt4_style_in_context_examples": {
        "0": 0.0624,
        "1": 0.0592,
        "2": 0.0149,
        "3": 0.0255,
        "4": 0.0451,
        "5": 0.0618,
        "6": 0.0734,
        "7": 0.0815,
        "8": 0.0889,
        "9": 0.0922,
        "10": 0.0998,
        "11": 0.104,
        "12": 0.107,
        "13": 0.102,
        "14": 0.108,
        "15": 0.108,
        "16": 0.111,
        "17": 0.106,
        "18": 0.11,
        "19": 0.106,
        "20": 0.0982,
        "21": 0.0962,
        "22": 0.0909,
        "23": 0.0854,
        "24": 0.0755,
        "25": 0.069,
        "26": 0.0658,
        "27": 0.0568,
        "28": 0.0537,
        "29": 0.0497,
        "30": 0.046,
        "31": 0.0587,
        "32": 0.117
    },
    "arc_challenge_openai_human_written_examples": {
        "0": 0.067,
        "1": 0.04,
        "2": 0.00758,
        "3": 0.0128,
        "4": 0.0235,
        "5": 0.0323,
        "6": 0.0397,
        "7": 0.0478,
        "8": 0.0541,
        "9": 0.0598,
        "10": 0.0675,
        "11": 0.0714,
        "12": 0.0736,
        "13": 0.0744,
        "14": 0.0794,
        "15": 0.0799,
        "16": 0.0834,
        "17": 0.0815,
        "18": 0.086,
        "19": 0.0845,
        "20": 0.0799,
        "21": 0.0801,
        "22": 0.0786,
        "23": 0.0754,
        "24": 0.0683,
        "25": 0.064,
        "26": 0.0618,
        "27": 0.0542,
        "28": 0.0529,
        "29": 0.0498,
        "30": 0.0471,
        "31": 0.062,
        "32": 0.114
    }
}