{
    "piqa_step_by_step": {
        "0": 0.0791,
        "1": 0.0712,
        "2": 0.0207,
        "3": 0.0317,
        "4": 0.059,
        "5": 0.08,
        "6": 0.101,
        "7": 0.111,
        "8": 0.119,
        "9": 0.127,
        "10": 0.14,
        "11": 0.148,
        "12": 0.153,
        "13": 0.151,
        "14": 0.163,
        "15": 0.165,
        "16": 0.174,
        "17": 0.173,
        "18": 0.179,
        "19": 0.176,
        "20": 0.166,
        "21": 0.165,
        "22": 0.161,
        "23": 0.156,
        "24": 0.145,
        "25": 0.136,
        "26": 0.131,
        "27": 0.117,
        "28": 0.11,
        "29": 0.105,
        "30": 0.0963,
        "31": 0.111,
        "32": 0.174
    },
    "piqa_gpt4": {
        "0": 0.0838,
        "1": 0.0542,
        "2": 0.00529,
        "3": 0.00946,
        "4": 0.0189,
        "5": 0.0277,
        "6": 0.0358,
        "7": 0.043,
        "8": 0.0504,
        "9": 0.0579,
        "10": 0.0653,
        "11": 0.0702,
        "12": 0.0724,
        "13": 0.0764,
        "14": 0.0839,
        "15": 0.0857,
        "16": 0.0951,
        "17": 0.0977,
        "18": 0.106,
        "19": 0.106,
        "20": 0.103,
        "21": 0.106,
        "22": 0.107,
        "23": 0.107,
        "24": 0.103,
        "25": 0.0988,
        "26": 0.0974,
        "27": 0.0894,
        "28": 0.085,
        "29": 0.0821,
        "30": 0.0773,
        "31": 0.0894,
        "32": 0.131
    },
    "piqa_claude": {
        "0": 0.0733,
        "1": 0.0745,
        "2": 0.00754,
        "3": 0.0147,
        "4": 0.0293,
        "5": 0.0431,
        "6": 0.0549,
        "7": 0.0647,
        "8": 0.0722,
        "9": 0.0815,
        "10": 0.0911,
        "11": 0.0975,
        "12": 0.1,
        "13": 0.102,
        "14": 0.114,
        "15": 0.117,
        "16": 0.129,
        "17": 0.129,
        "18": 0.136,
        "19": 0.136,
        "20": 0.13,
        "21": 0.131,
        "22": 0.13,
        "23": 0.127,
        "24": 0.12,
        "25": 0.113,
        "26": 0.11,
        "27": 0.0997,
        "28": 0.0925,
        "29": 0.0882,
        "30": 0.0815,
        "31": 0.0892,
        "32": 0.135
    },
    "piqa_mini_gpt4": {
        "0": 0.0794,
        "1": 0.0551,
        "2": 0.00449,
        "3": 0.00807,
        "4": 0.0164,
        "5": 0.0245,
        "6": 0.0322,
        "7": 0.0402,
        "8": 0.0471,
        "9": 0.0534,
        "10": 0.0611,
        "11": 0.0665,
        "12": 0.0693,
        "13": 0.0743,
        "14": 0.0821,
        "15": 0.0838,
        "16": 0.0942,
        "17": 0.0975,
        "18": 0.106,
        "19": 0.107,
        "20": 0.104,
        "21": 0.106,
        "22": 0.108,
        "23": 0.107,
        "24": 0.102,
        "25": 0.0975,
        "26": 0.0959,
        "27": 0.0882,
        "28": 0.083,
        "29": 0.0801,
        "30": 0.0752,
        "31": 0.086,
        "32": 0.126
    },
    "piqa_groundtruth": {
        "0": 0.727,
        "1": 0.325,
        "2": 0.0139,
        "3": 0.024,
        "4": 0.0467,
        "5": 0.0694,
        "6": 0.0955,
        "7": 0.117,
        "8": 0.132,
        "9": 0.154,
        "10": 0.184,
        "11": 0.193,
        "12": 0.203,
        "13": 0.249,
        "14": 0.27,
        "15": 0.29,
        "16": 0.324,
        "17": 0.369,
        "18": 0.397,
        "19": 0.424,
        "20": 0.456,
        "21": 0.472,
        "22": 0.513,
        "23": 0.546,
        "24": 0.578,
        "25": 0.604,
        "26": 0.631,
        "27": 0.665,
        "28": 0.686,
        "29": 0.714,
        "30": 0.723,
        "31": 0.741,
        "32": 0.97
    },
    "piqa_gpt4_style_in_context_examples": {
        "0": 0.0886,
        "1": 0.0469,
        "2": 0.0042,
        "3": 0.007,
        "4": 0.0145,
        "5": 0.0221,
        "6": 0.0292,
        "7": 0.0367,
        "8": 0.0439,
        "9": 0.0499,
        "10": 0.0559,
        "11": 0.0609,
        "12": 0.0634,
        "13": 0.0677,
        "14": 0.0755,
        "15": 0.078,
        "16": 0.0887,
        "17": 0.0929,
        "18": 0.103,
        "19": 0.104,
        "20": 0.102,
        "21": 0.105,
        "22": 0.108,
        "23": 0.108,
        "24": 0.104,
        "25": 0.1,
        "26": 0.0991,
        "27": 0.0912,
        "28": 0.0865,
        "29": 0.0839,
        "30": 0.0792,
        "31": 0.0923,
        "32": 0.146
    },
    "piqa_openai_human_written_examples": {
        "0": 0.104,
        "1": 0.0461,
        "2": 0.00588,
        "3": 0.0097,
        "4": 0.0191,
        "5": 0.0284,
        "6": 0.0372,
        "7": 0.0462,
        "8": 0.0527,
        "9": 0.0597,
        "10": 0.0688,
        "11": 0.0733,
        "12": 0.0767,
        "13": 0.0832,
        "14": 0.0899,
        "15": 0.0934,
        "16": 0.104,
        "17": 0.107,
        "18": 0.115,
        "19": 0.116,
        "20": 0.113,
        "21": 0.115,
        "22": 0.118,
        "23": 0.117,
        "24": 0.111,
        "25": 0.107,
        "26": 0.105,
        "27": 0.0957,
        "28": 0.0906,
        "29": 0.0878,
        "30": 0.0829,
        "31": 0.0963,
        "32": 0.155
    }
}