{
    "winogrande_step_by_step": {
        "0": 0.104,
        "1": 0.0346,
        "2": 0.037,
        "3": 0.0368,
        "4": 0.0159,
        "5": 0.0117,
        "6": 0.0127,
        "7": 0.0146,
        "8": 0.0162,
        "9": 0.0183,
        "10": 0.0203,
        "11": 0.0209,
        "12": 0.0206,
        "13": 0.0205,
        "14": 0.022,
        "15": 0.0237,
        "16": 0.026,
        "17": 0.0279,
        "18": 0.0295,
        "19": 0.0342,
        "20": 0.0496,
        "21": 0.0609,
        "22": 0.0732,
        "23": 0.0883,
        "24": 0.0984,
        "25": 0.0943,
        "26": 0.0942,
        "27": 0.0447,
        "28": 0.0756
    },
    "winogrande_gpt4": {
        "0": 0.107,
        "1": 0.036,
        "2": 0.0349,
        "3": 0.0364,
        "4": 0.00281,
        "5": 0.00201,
        "6": 0.00213,
        "7": 0.00249,
        "8": 0.00293,
        "9": 0.00354,
        "10": 0.00391,
        "11": 0.00412,
        "12": 0.00409,
        "13": 0.0041,
        "14": 0.00442,
        "15": 0.00482,
        "16": 0.00534,
        "17": 0.00578,
        "18": 0.00611,
        "19": 0.00719,
        "20": 0.0106,
        "21": 0.0136,
        "22": 0.0182,
        "23": 0.0235,
        "24": 0.0284,
        "25": 0.0305,
        "26": 0.0332,
        "27": 0.0311,
        "28": 0.0633
    },
    "winogrande_claude": {
        "0": 0.0978,
        "1": 0.0332,
        "2": 0.0343,
        "3": 0.033,
        "4": 0.00516,
        "5": 0.00394,
        "6": 0.00416,
        "7": 0.00502,
        "8": 0.00598,
        "9": 0.00714,
        "10": 0.00789,
        "11": 0.00824,
        "12": 0.00819,
        "13": 0.00828,
        "14": 0.00906,
        "15": 0.00985,
        "16": 0.0111,
        "17": 0.0121,
        "18": 0.0129,
        "19": 0.0152,
        "20": 0.023,
        "21": 0.0294,
        "22": 0.0389,
        "23": 0.0491,
        "24": 0.0582,
        "25": 0.0594,
        "26": 0.0617,
        "27": 0.0376,
        "28": 0.0737
    },
    "winogrande_mini_gpt4": {
        "0": 0.102,
        "1": 0.0328,
        "2": 0.0325,
        "3": 0.0324,
        "4": 0.00226,
        "5": 0.00175,
        "6": 0.00186,
        "7": 0.00215,
        "8": 0.00271,
        "9": 0.00334,
        "10": 0.00359,
        "11": 0.00375,
        "12": 0.00378,
        "13": 0.00376,
        "14": 0.00416,
        "15": 0.00461,
        "16": 0.0052,
        "17": 0.00567,
        "18": 0.006,
        "19": 0.0072,
        "20": 0.0108,
        "21": 0.0141,
        "22": 0.0194,
        "23": 0.0251,
        "24": 0.0308,
        "25": 0.0332,
        "26": 0.0363,
        "27": 0.0307,
        "28": 0.0608
    },
    "winogrande_groundtruth": {
        "0": 0.557,
        "1": 0.222,
        "2": 0.182,
        "3": 0.263,
        "4": 0.00284,
        "5": 0.00226,
        "6": 0.00177,
        "7": 0.00254,
        "8": 0.00247,
        "9": 0.00353,
        "10": 0.00413,
        "11": 0.00444,
        "12": 0.0044,
        "13": 0.00481,
        "14": 0.00521,
        "15": 0.00508,
        "16": 0.00656,
        "17": 0.00682,
        "18": 0.00704,
        "19": 0.00862,
        "20": 0.0134,
        "21": 0.0179,
        "22": 0.0266,
        "23": 0.0387,
        "24": 0.0599,
        "25": 0.0853,
        "26": 0.112,
        "27": 0.169,
        "28": 0.362
    },
    "winogrande_gpt4_style_in_context_examples": {
        "0": 0.11,
        "1": 0.0324,
        "2": 0.0332,
        "3": 0.034,
        "4": 0.00354,
        "5": 0.0027,
        "6": 0.00313,
        "7": 0.00356,
        "8": 0.00415,
        "9": 0.00486,
        "10": 0.0056,
        "11": 0.00604,
        "12": 0.00599,
        "13": 0.00591,
        "14": 0.00663,
        "15": 0.00729,
        "16": 0.00817,
        "17": 0.00892,
        "18": 0.0096,
        "19": 0.0111,
        "20": 0.0168,
        "21": 0.0215,
        "22": 0.0287,
        "23": 0.037,
        "24": 0.0448,
        "25": 0.047,
        "26": 0.0503,
        "27": 0.0348,
        "28": 0.0594
    },
    "winogrande_openai_human_written_examples": {
        "0": 0.116,
        "1": 0.0365,
        "2": 0.0345,
        "3": 0.0379,
        "4": 0.00106,
        "5": 0.000879,
        "6": 0.000791,
        "7": 0.00104,
        "8": 0.00121,
        "9": 0.00166,
        "10": 0.00182,
        "11": 0.00183,
        "12": 0.00199,
        "13": 0.00211,
        "14": 0.00214,
        "15": 0.00234,
        "16": 0.00269,
        "17": 0.00286,
        "18": 0.00305,
        "19": 0.00357,
        "20": 0.00524,
        "21": 0.00676,
        "22": 0.00966,
        "23": 0.0127,
        "24": 0.0159,
        "25": 0.0178,
        "26": 0.0205,
        "27": 0.0295,
        "28": 0.0588
    }
}