{
    "arc_challenge_step_by_step": {
        "0": 0.0581,
        "1": 0.0664,
        "2": 0.0199,
        "3": 0.0294,
        "4": 0.0517,
        "5": 0.0695,
        "6": 0.0833,
        "7": 0.0915,
        "8": 0.0992,
        "9": 0.104,
        "10": 0.113,
        "11": 0.117,
        "12": 0.121,
        "13": 0.114,
        "14": 0.12,
        "15": 0.12,
        "16": 0.123,
        "17": 0.118,
        "18": 0.12,
        "19": 0.117,
        "20": 0.108,
        "21": 0.106,
        "22": 0.1,
        "23": 0.094,
        "24": 0.0833,
        "25": 0.0765,
        "26": 0.0718,
        "27": 0.0618,
        "28": 0.0585,
        "29": 0.0539,
        "30": 0.0495,
        "31": 0.0616,
        "32": 0.115
    },
    "arc_challenge_gpt4": {
        "0": 0.0594,
        "1": 0.0637,
        "2": 0.0132,
        "3": 0.0207,
        "4": 0.0378,
        "5": 0.0522,
        "6": 0.0641,
        "7": 0.073,
        "8": 0.0801,
        "9": 0.0858,
        "10": 0.0939,
        "11": 0.0978,
        "12": 0.101,
        "13": 0.0967,
        "14": 0.103,
        "15": 0.103,
        "16": 0.106,
        "17": 0.102,
        "18": 0.104,
        "19": 0.102,
        "20": 0.0948,
        "21": 0.0937,
        "22": 0.089,
        "23": 0.0842,
        "24": 0.0748,
        "25": 0.069,
        "26": 0.065,
        "27": 0.0561,
        "28": 0.0528,
        "29": 0.0487,
        "30": 0.0449,
        "31": 0.0559,
        "32": 0.103
    },
    "arc_challenge_claude": {
        "0": 0.0618,
        "1": 0.0622,
        "2": 0.00861,
        "3": 0.0143,
        "4": 0.0278,
        "5": 0.04,
        "6": 0.0496,
        "7": 0.0576,
        "8": 0.0652,
        "9": 0.0705,
        "10": 0.0782,
        "11": 0.0819,
        "12": 0.0854,
        "13": 0.0823,
        "14": 0.0894,
        "15": 0.0908,
        "16": 0.0951,
        "17": 0.092,
        "18": 0.0963,
        "19": 0.0956,
        "20": 0.0889,
        "21": 0.0886,
        "22": 0.0854,
        "23": 0.081,
        "24": 0.0729,
        "25": 0.0671,
        "26": 0.0634,
        "27": 0.0546,
        "28": 0.0506,
        "29": 0.0468,
        "30": 0.0428,
        "31": 0.0513,
        "32": 0.0978
    },
    "arc_challenge_mini_gpt4": {
        "0": 0.0589,
        "1": 0.0554,
        "2": 0.00638,
        "3": 0.0105,
        "4": 0.0202,
        "5": 0.0292,
        "6": 0.0366,
        "7": 0.0434,
        "8": 0.0498,
        "9": 0.0545,
        "10": 0.0612,
        "11": 0.0653,
        "12": 0.0686,
        "13": 0.0676,
        "14": 0.0741,
        "15": 0.0744,
        "16": 0.0781,
        "17": 0.0774,
        "18": 0.0817,
        "19": 0.0815,
        "20": 0.0763,
        "21": 0.0764,
        "22": 0.0742,
        "23": 0.0714,
        "24": 0.0645,
        "25": 0.0599,
        "26": 0.0571,
        "27": 0.0496,
        "28": 0.0472,
        "29": 0.0437,
        "30": 0.0408,
        "31": 0.0519,
        "32": 0.0987
    },
    "arc_challenge_groundtruth": {
        "0": 0.759,
        "1": 0.329,
        "2": 0.0189,
        "3": 0.0338,
        "4": 0.0635,
        "5": 0.0924,
        "6": 0.12,
        "7": 0.143,
        "8": 0.16,
        "9": 0.186,
        "10": 0.219,
        "11": 0.228,
        "12": 0.239,
        "13": 0.291,
        "14": 0.313,
        "15": 0.332,
        "16": 0.368,
        "17": 0.415,
        "18": 0.445,
        "19": 0.473,
        "20": 0.504,
        "21": 0.522,
        "22": 0.565,
        "23": 0.597,
        "24": 0.63,
        "25": 0.656,
        "26": 0.684,
        "27": 0.718,
        "28": 0.737,
        "29": 0.765,
        "30": 0.774,
        "31": 0.79,
        "32": 0.984
    },
    "arc_challenge_gpt4_style_in_context_examples": {
        "0": 0.0636,
        "1": 0.063,
        "2": 0.0166,
        "3": 0.0281,
        "4": 0.0502,
        "5": 0.0693,
        "6": 0.0827,
        "7": 0.0915,
        "8": 0.0995,
        "9": 0.104,
        "10": 0.112,
        "11": 0.117,
        "12": 0.12,
        "13": 0.113,
        "14": 0.119,
        "15": 0.119,
        "16": 0.122,
        "17": 0.116,
        "18": 0.12,
        "19": 0.116,
        "20": 0.107,
        "21": 0.105,
        "22": 0.0992,
        "23": 0.0931,
        "24": 0.0821,
        "25": 0.0754,
        "26": 0.0713,
        "27": 0.0617,
        "28": 0.0582,
        "29": 0.0535,
        "30": 0.049,
        "31": 0.0626,
        "32": 0.123
    },
    "arc_challenge_openai_human_written_examples": {
        "0": 0.0676,
        "1": 0.0388,
        "2": 0.00604,
        "3": 0.01,
        "4": 0.0188,
        "5": 0.0266,
        "6": 0.0339,
        "7": 0.0414,
        "8": 0.0473,
        "9": 0.0532,
        "10": 0.0604,
        "11": 0.0643,
        "12": 0.0667,
        "13": 0.0689,
        "14": 0.0739,
        "15": 0.0748,
        "16": 0.0786,
        "17": 0.0773,
        "18": 0.0824,
        "19": 0.0824,
        "20": 0.0785,
        "21": 0.0791,
        "22": 0.0783,
        "23": 0.0752,
        "24": 0.0686,
        "25": 0.0645,
        "26": 0.0621,
        "27": 0.0547,
        "28": 0.0533,
        "29": 0.0503,
        "30": 0.0472,
        "31": 0.0613,
        "32": 0.113
    }
}