{
    "api_bank_step_by_step": {
        "0": 0.292,
        "1": 0.0795,
        "2": 0.0877,
        "3": 0.104,
        "4": 0.021,
        "5": 0.0158,
        "6": 0.0168,
        "7": 0.0195,
        "8": 0.0216,
        "9": 0.0236,
        "10": 0.0265,
        "11": 0.0275,
        "12": 0.0269,
        "13": 0.0271,
        "14": 0.0297,
        "15": 0.0328,
        "16": 0.0361,
        "17": 0.0384,
        "18": 0.0411,
        "19": 0.0462,
        "20": 0.0681,
        "21": 0.0826,
        "22": 0.103,
        "23": 0.133,
        "24": 0.159,
        "25": 0.169,
        "26": 0.18,
        "27": 0.0943,
        "28": 0.508
    },
    "api_bank_gpt4": {
        "0": 0.305,
        "1": 0.0801,
        "2": 0.0881,
        "3": 0.102,
        "4": 0.0134,
        "5": 0.00996,
        "6": 0.0108,
        "7": 0.0123,
        "8": 0.0138,
        "9": 0.0155,
        "10": 0.0172,
        "11": 0.0181,
        "12": 0.0176,
        "13": 0.0176,
        "14": 0.0198,
        "15": 0.0218,
        "16": 0.024,
        "17": 0.0257,
        "18": 0.028,
        "19": 0.0314,
        "20": 0.0463,
        "21": 0.0579,
        "22": 0.0761,
        "23": 0.1,
        "24": 0.125,
        "25": 0.139,
        "26": 0.153,
        "27": 0.0909,
        "28": 0.576
    },
    "api_bank_claude": {
        "0": 0.32,
        "1": 0.0847,
        "2": 0.092,
        "3": 0.103,
        "4": 0.00894,
        "5": 0.00674,
        "6": 0.00728,
        "7": 0.00854,
        "8": 0.00981,
        "9": 0.0111,
        "10": 0.0126,
        "11": 0.0132,
        "12": 0.0128,
        "13": 0.0131,
        "14": 0.015,
        "15": 0.0167,
        "16": 0.0188,
        "17": 0.0201,
        "18": 0.022,
        "19": 0.0255,
        "20": 0.0396,
        "21": 0.0496,
        "22": 0.0666,
        "23": 0.0896,
        "24": 0.113,
        "25": 0.127,
        "26": 0.14,
        "27": 0.0855,
        "28": 0.591
    },
    "api_bank_mini_gpt4": {
        "0": 0.344,
        "1": 0.0886,
        "2": 0.0957,
        "3": 0.109,
        "4": 0.0103,
        "5": 0.00786,
        "6": 0.00825,
        "7": 0.0102,
        "8": 0.0114,
        "9": 0.0125,
        "10": 0.0143,
        "11": 0.0148,
        "12": 0.0144,
        "13": 0.0144,
        "14": 0.0163,
        "15": 0.0182,
        "16": 0.0206,
        "17": 0.0222,
        "18": 0.024,
        "19": 0.0273,
        "20": 0.0419,
        "21": 0.0531,
        "22": 0.0716,
        "23": 0.0955,
        "24": 0.12,
        "25": 0.134,
        "26": 0.148,
        "27": 0.0893,
        "28": 0.617
    },
    "api_bank_groundtruth": {
        "0": 0.217,
        "1": 0.0647,
        "2": 0.055,
        "3": 0.0786,
        "4": 0.00278,
        "5": 0.00195,
        "6": 0.00225,
        "7": 0.00229,
        "8": 0.00264,
        "9": 0.00288,
        "10": 0.00308,
        "11": 0.00347,
        "12": 0.00327,
        "13": 0.00361,
        "14": 0.00376,
        "15": 0.0041,
        "16": 0.00474,
        "17": 0.00513,
        "18": 0.00522,
        "19": 0.00586,
        "20": 0.00869,
        "21": 0.011,
        "22": 0.0149,
        "23": 0.0198,
        "24": 0.0262,
        "25": 0.0313,
        "26": 0.0375,
        "27": 0.038,
        "28": 0.173
    },
    "api_bank_gpt4_style_in_context_examples": {
        "0": 0.292,
        "1": 0.0817,
        "2": 0.0863,
        "3": 0.0986,
        "4": 0.0082,
        "5": 0.0061,
        "6": 0.00649,
        "7": 0.00767,
        "8": 0.00859,
        "9": 0.00996,
        "10": 0.011,
        "11": 0.0118,
        "12": 0.0114,
        "13": 0.0118,
        "14": 0.0129,
        "15": 0.0141,
        "16": 0.016,
        "17": 0.0174,
        "18": 0.019,
        "19": 0.0217,
        "20": 0.0315,
        "21": 0.0397,
        "22": 0.0541,
        "23": 0.0734,
        "24": 0.0952,
        "25": 0.11,
        "26": 0.124,
        "27": 0.0823,
        "28": 0.554
    },
    "api_bank_openai_human_written_examples": {
        "0": 0.301,
        "1": 0.0789,
        "2": 0.0831,
        "3": 0.0961,
        "4": 0.00732,
        "5": 0.00537,
        "6": 0.00576,
        "7": 0.00688,
        "8": 0.00791,
        "9": 0.00894,
        "10": 0.00996,
        "11": 0.011,
        "12": 0.0104,
        "13": 0.0106,
        "14": 0.0121,
        "15": 0.0138,
        "16": 0.0152,
        "17": 0.0165,
        "18": 0.0178,
        "19": 0.0203,
        "20": 0.0296,
        "21": 0.0373,
        "22": 0.0511,
        "23": 0.0697,
        "24": 0.0914,
        "25": 0.107,
        "26": 0.121,
        "27": 0.0807,
        "28": 0.562
    }
}