{
    "api_bank_step_by_step": {
        "0": 0.119,
        "1": 0.05,
        "2": 0.00659,
        "3": 0.0144,
        "4": 0.0192,
        "5": 0.0286,
        "6": 0.0385,
        "7": 0.0506,
        "8": 0.0654,
        "9": 0.0691,
        "10": 0.0848,
        "11": 0.097,
        "12": 0.109,
        "13": 0.127,
        "14": 0.123,
        "15": 0.129,
        "16": 0.136,
        "17": 0.147,
        "18": 0.141,
        "19": 0.164,
        "20": 0.16,
        "21": 0.147,
        "22": 0.132,
        "23": 0.119,
        "24": 0.119,
        "25": 0.11,
        "26": 0.102,
        "27": 0.103,
        "28": 0.103,
        "29": 0.116,
        "30": 0.106,
        "31": 0.108,
        "32": 0.154
    },
    "api_bank_gpt4": {
        "0": 0.118,
        "1": 0.0444,
        "2": 0.00488,
        "3": 0.0103,
        "4": 0.014,
        "5": 0.0209,
        "6": 0.0275,
        "7": 0.0366,
        "8": 0.0477,
        "9": 0.0512,
        "10": 0.0629,
        "11": 0.0729,
        "12": 0.0841,
        "13": 0.0989,
        "14": 0.0999,
        "15": 0.103,
        "16": 0.113,
        "17": 0.123,
        "18": 0.12,
        "19": 0.14,
        "20": 0.139,
        "21": 0.13,
        "22": 0.117,
        "23": 0.107,
        "24": 0.107,
        "25": 0.101,
        "26": 0.0933,
        "27": 0.0949,
        "28": 0.0957,
        "29": 0.108,
        "30": 0.0996,
        "31": 0.102,
        "32": 0.147
    },
    "api_bank_claude": {
        "0": 0.123,
        "1": 0.0406,
        "2": 0.00317,
        "3": 0.0063,
        "4": 0.00891,
        "5": 0.0139,
        "6": 0.0186,
        "7": 0.0259,
        "8": 0.0358,
        "9": 0.0407,
        "10": 0.0498,
        "11": 0.0585,
        "12": 0.0685,
        "13": 0.0816,
        "14": 0.0866,
        "15": 0.0893,
        "16": 0.102,
        "17": 0.115,
        "18": 0.114,
        "19": 0.136,
        "20": 0.141,
        "21": 0.138,
        "22": 0.13,
        "23": 0.122,
        "24": 0.123,
        "25": 0.116,
        "26": 0.107,
        "27": 0.11,
        "28": 0.11,
        "29": 0.12,
        "30": 0.111,
        "31": 0.113,
        "32": 0.175
    },
    "api_bank_mini_gpt4": {
        "0": 0.122,
        "1": 0.0424,
        "2": 0.00396,
        "3": 0.00808,
        "4": 0.0113,
        "5": 0.017,
        "6": 0.0231,
        "7": 0.0314,
        "8": 0.0419,
        "9": 0.0457,
        "10": 0.0571,
        "11": 0.0673,
        "12": 0.0774,
        "13": 0.0925,
        "14": 0.0924,
        "15": 0.0932,
        "16": 0.106,
        "17": 0.116,
        "18": 0.114,
        "19": 0.135,
        "20": 0.139,
        "21": 0.13,
        "22": 0.12,
        "23": 0.111,
        "24": 0.112,
        "25": 0.106,
        "26": 0.098,
        "27": 0.1,
        "28": 0.101,
        "29": 0.112,
        "30": 0.103,
        "31": 0.105,
        "32": 0.161
    },
    "api_bank_groundtruth": {
        "0": 0.302,
        "1": 0.283,
        "2": 0.0417,
        "3": 0.0476,
        "4": 0.0522,
        "5": 0.0594,
        "6": 0.0656,
        "7": 0.0739,
        "8": 0.0851,
        "9": 0.0863,
        "10": 0.0999,
        "11": 0.108,
        "12": 0.118,
        "13": 0.134,
        "14": 0.131,
        "15": 0.129,
        "16": 0.145,
        "17": 0.17,
        "18": 0.169,
        "19": 0.217,
        "20": 0.238,
        "21": 0.244,
        "22": 0.235,
        "23": 0.228,
        "24": 0.235,
        "25": 0.23,
        "26": 0.223,
        "27": 0.235,
        "28": 0.246,
        "29": 0.296,
        "30": 0.305,
        "31": 0.365,
        "32": 0.371
    },
    "api_bank_gpt4_style_in_context_examples": {
        "0": 0.128,
        "1": 0.0401,
        "2": 0.004,
        "3": 0.00659,
        "4": 0.00898,
        "5": 0.0134,
        "6": 0.0178,
        "7": 0.0241,
        "8": 0.0318,
        "9": 0.0354,
        "10": 0.0435,
        "11": 0.0523,
        "12": 0.0603,
        "13": 0.0727,
        "14": 0.0755,
        "15": 0.0745,
        "16": 0.0851,
        "17": 0.0962,
        "18": 0.0954,
        "19": 0.113,
        "20": 0.121,
        "21": 0.118,
        "22": 0.111,
        "23": 0.105,
        "24": 0.104,
        "25": 0.0997,
        "26": 0.0924,
        "27": 0.0956,
        "28": 0.0959,
        "29": 0.106,
        "30": 0.101,
        "31": 0.105,
        "32": 0.165
    },
    "api_bank_openai_human_written_examples": {
        "0": 0.129,
        "1": 0.0423,
        "2": 0.00337,
        "3": 0.00657,
        "4": 0.00901,
        "5": 0.0136,
        "6": 0.0183,
        "7": 0.0249,
        "8": 0.0337,
        "9": 0.0375,
        "10": 0.0461,
        "11": 0.0556,
        "12": 0.0647,
        "13": 0.0785,
        "14": 0.0818,
        "15": 0.0824,
        "16": 0.0931,
        "17": 0.106,
        "18": 0.105,
        "19": 0.125,
        "20": 0.131,
        "21": 0.128,
        "22": 0.119,
        "23": 0.11,
        "24": 0.11,
        "25": 0.105,
        "26": 0.0969,
        "27": 0.0995,
        "28": 0.0995,
        "29": 0.11,
        "30": 0.103,
        "31": 0.107,
        "32": 0.17
    }
}