{
    "mmlu_moral_scenarios_step_by_step": {
        "0": 0.0587,
        "1": 0.0162,
        "2": 0.0166,
        "3": 0.0172,
        "4": 0.00523,
        "5": 0.00403,
        "6": 0.00421,
        "7": 0.00479,
        "8": 0.00577,
        "9": 0.00695,
        "10": 0.00749,
        "11": 0.00786,
        "12": 0.00779,
        "13": 0.0081,
        "14": 0.00872,
        "15": 0.00904,
        "16": 0.00968,
        "17": 0.01,
        "18": 0.0103,
        "19": 0.0117,
        "20": 0.0149,
        "21": 0.0175,
        "22": 0.0195,
        "23": 0.0217,
        "24": 0.0204,
        "25": 0.0175,
        "26": 0.0171,
        "27": 0.0151,
        "28": 0.0374
    },
    "mmlu_moral_scenarios_gpt4": {
        "0": 0.0634,
        "1": 0.0191,
        "2": 0.0203,
        "3": 0.0225,
        "4": 0.00322,
        "5": 0.00265,
        "6": 0.00255,
        "7": 0.00306,
        "8": 0.00396,
        "9": 0.00483,
        "10": 0.00503,
        "11": 0.0053,
        "12": 0.00517,
        "13": 0.00539,
        "14": 0.00582,
        "15": 0.00613,
        "16": 0.00669,
        "17": 0.00695,
        "18": 0.00722,
        "19": 0.00825,
        "20": 0.0107,
        "21": 0.0126,
        "22": 0.0149,
        "23": 0.0169,
        "24": 0.0163,
        "25": 0.0145,
        "26": 0.0145,
        "27": 0.0153,
        "28": 0.0356
    },
    "mmlu_moral_scenarios_claude": {
        "0": 0.065,
        "1": 0.0169,
        "2": 0.0166,
        "3": 0.0175,
        "4": 0.00286,
        "5": 0.00229,
        "6": 0.00248,
        "7": 0.00292,
        "8": 0.00355,
        "9": 0.00431,
        "10": 0.00452,
        "11": 0.00461,
        "12": 0.00462,
        "13": 0.00492,
        "14": 0.00524,
        "15": 0.00552,
        "16": 0.00576,
        "17": 0.00608,
        "18": 0.00637,
        "19": 0.00743,
        "20": 0.00944,
        "21": 0.0113,
        "22": 0.0135,
        "23": 0.0155,
        "24": 0.0151,
        "25": 0.0131,
        "26": 0.0128,
        "27": 0.012,
        "28": 0.0273
    },
    "mmlu_moral_scenarios_mini_gpt4": {
        "0": 0.0609,
        "1": 0.0169,
        "2": 0.0183,
        "3": 0.0211,
        "4": 0.00293,
        "5": 0.00243,
        "6": 0.0024,
        "7": 0.00301,
        "8": 0.00371,
        "9": 0.0044,
        "10": 0.00479,
        "11": 0.00509,
        "12": 0.00504,
        "13": 0.00537,
        "14": 0.00582,
        "15": 0.00594,
        "16": 0.00685,
        "17": 0.0071,
        "18": 0.00745,
        "19": 0.00864,
        "20": 0.0115,
        "21": 0.0134,
        "22": 0.0158,
        "23": 0.0178,
        "24": 0.0174,
        "25": 0.0153,
        "26": 0.0154,
        "27": 0.0157,
        "28": 0.0309
    },
    "mmlu_moral_scenarios_groundtruth": {
        "0": 0.645,
        "1": 0.263,
        "2": 0.235,
        "3": 0.32,
        "4": 0.0179,
        "5": 0.0133,
        "6": 0.0145,
        "7": 0.0172,
        "8": 0.0196,
        "9": 0.0225,
        "10": 0.0261,
        "11": 0.0277,
        "12": 0.0274,
        "13": 0.0277,
        "14": 0.0311,
        "15": 0.0341,
        "16": 0.0385,
        "17": 0.0406,
        "18": 0.0431,
        "19": 0.0498,
        "20": 0.0747,
        "21": 0.0953,
        "22": 0.127,
        "23": 0.17,
        "24": 0.223,
        "25": 0.266,
        "26": 0.307,
        "27": 0.271,
        "28": 0.57
    },
    "mmlu_moral_scenarios_gpt4_style_in_context_examples": {
        "0": 0.0617,
        "1": 0.0153,
        "2": 0.0157,
        "3": 0.0169,
        "4": 0.00402,
        "5": 0.00313,
        "6": 0.00309,
        "7": 0.00366,
        "8": 0.00461,
        "9": 0.00549,
        "10": 0.00592,
        "11": 0.00626,
        "12": 0.00614,
        "13": 0.00647,
        "14": 0.00689,
        "15": 0.00727,
        "16": 0.00764,
        "17": 0.0079,
        "18": 0.00807,
        "19": 0.00914,
        "20": 0.012,
        "21": 0.0141,
        "22": 0.0159,
        "23": 0.0181,
        "24": 0.0172,
        "25": 0.0146,
        "26": 0.014,
        "27": 0.0124,
        "28": 0.0307
    },
    "mmlu_moral_scenarios_openai_human_written_examples": {
        "0": 0.0876,
        "1": 0.0252,
        "2": 0.0271,
        "3": 0.0318,
        "4": 0.0058,
        "5": 0.00445,
        "6": 0.00479,
        "7": 0.00565,
        "8": 0.00654,
        "9": 0.00776,
        "10": 0.00831,
        "11": 0.0087,
        "12": 0.00828,
        "13": 0.00865,
        "14": 0.00926,
        "15": 0.01,
        "16": 0.0111,
        "17": 0.0116,
        "18": 0.0121,
        "19": 0.0136,
        "20": 0.0189,
        "21": 0.0219,
        "22": 0.026,
        "23": 0.0301,
        "24": 0.0308,
        "25": 0.0278,
        "26": 0.0274,
        "27": 0.0232,
        "28": 0.054
    }
}