{
    "api_bank_step_by_step": {
        "0": 0.079,
        "1": 0.0514,
        "2": 0.0261,
        "3": 0.0347,
        "4": 0.0634,
        "5": 0.0829,
        "6": 0.103,
        "7": 0.111,
        "8": 0.117,
        "9": 0.125,
        "10": 0.134,
        "11": 0.141,
        "12": 0.143,
        "13": 0.139,
        "14": 0.145,
        "15": 0.15,
        "16": 0.144,
        "17": 0.135,
        "18": 0.133,
        "19": 0.122,
        "20": 0.11,
        "21": 0.108,
        "22": 0.0993,
        "23": 0.0901,
        "24": 0.0796,
        "25": 0.0722,
        "26": 0.0692,
        "27": 0.0611,
        "28": 0.057,
        "29": 0.0559,
        "30": 0.0542,
        "31": 0.0683,
        "32": 0.13
    },
    "api_bank_gpt4": {
        "0": 0.0741,
        "1": 0.0534,
        "2": 0.0146,
        "3": 0.0217,
        "4": 0.0415,
        "5": 0.0568,
        "6": 0.073,
        "7": 0.0801,
        "8": 0.086,
        "9": 0.0937,
        "10": 0.102,
        "11": 0.108,
        "12": 0.112,
        "13": 0.109,
        "14": 0.116,
        "15": 0.121,
        "16": 0.119,
        "17": 0.113,
        "18": 0.112,
        "19": 0.105,
        "20": 0.0948,
        "21": 0.0939,
        "22": 0.0871,
        "23": 0.08,
        "24": 0.0714,
        "25": 0.065,
        "26": 0.0627,
        "27": 0.0558,
        "28": 0.052,
        "29": 0.0515,
        "30": 0.0503,
        "31": 0.0644,
        "32": 0.118
    },
    "api_bank_claude": {
        "0": 0.0783,
        "1": 0.05,
        "2": 0.00784,
        "3": 0.0138,
        "4": 0.0271,
        "5": 0.0393,
        "6": 0.0496,
        "7": 0.0575,
        "8": 0.0647,
        "9": 0.0722,
        "10": 0.0795,
        "11": 0.0856,
        "12": 0.0878,
        "13": 0.0893,
        "14": 0.0981,
        "15": 0.103,
        "16": 0.104,
        "17": 0.101,
        "18": 0.104,
        "19": 0.0987,
        "20": 0.0906,
        "21": 0.0914,
        "22": 0.0873,
        "23": 0.0828,
        "24": 0.075,
        "25": 0.0688,
        "26": 0.0669,
        "27": 0.0597,
        "28": 0.0556,
        "29": 0.0553,
        "30": 0.0549,
        "31": 0.0684,
        "32": 0.141
    },
    "api_bank_mini_gpt4": {
        "0": 0.0716,
        "1": 0.0495,
        "2": 0.00852,
        "3": 0.0136,
        "4": 0.0267,
        "5": 0.038,
        "6": 0.0489,
        "7": 0.0557,
        "8": 0.0608,
        "9": 0.0675,
        "10": 0.075,
        "11": 0.0808,
        "12": 0.0838,
        "13": 0.0842,
        "14": 0.0903,
        "15": 0.0954,
        "16": 0.0961,
        "17": 0.0926,
        "18": 0.0935,
        "19": 0.0882,
        "20": 0.0808,
        "21": 0.0808,
        "22": 0.0757,
        "23": 0.071,
        "24": 0.0639,
        "25": 0.0587,
        "26": 0.0571,
        "27": 0.0512,
        "28": 0.0481,
        "29": 0.0477,
        "30": 0.0468,
        "31": 0.0611,
        "32": 0.116
    },
    "api_bank_groundtruth": {
        "0": 0.29,
        "1": 0.139,
        "2": 0.00984,
        "3": 0.0183,
        "4": 0.0379,
        "5": 0.055,
        "6": 0.0722,
        "7": 0.0837,
        "8": 0.088,
        "9": 0.101,
        "10": 0.119,
        "11": 0.129,
        "12": 0.136,
        "13": 0.153,
        "14": 0.165,
        "15": 0.177,
        "16": 0.198,
        "17": 0.22,
        "18": 0.238,
        "19": 0.248,
        "20": 0.254,
        "21": 0.258,
        "22": 0.266,
        "23": 0.266,
        "24": 0.262,
        "25": 0.26,
        "26": 0.255,
        "27": 0.25,
        "28": 0.242,
        "29": 0.242,
        "30": 0.226,
        "31": 0.259,
        "32": 0.391
    },
    "api_bank_gpt4_style_in_context_examples": {
        "0": 0.0782,
        "1": 0.0422,
        "2": 0.00438,
        "3": 0.00743,
        "4": 0.0153,
        "5": 0.0226,
        "6": 0.0296,
        "7": 0.0344,
        "8": 0.0403,
        "9": 0.0459,
        "10": 0.0504,
        "11": 0.0554,
        "12": 0.0586,
        "13": 0.0605,
        "14": 0.0664,
        "15": 0.0695,
        "16": 0.071,
        "17": 0.0714,
        "18": 0.075,
        "19": 0.0717,
        "20": 0.0668,
        "21": 0.0672,
        "22": 0.0655,
        "23": 0.0628,
        "24": 0.0578,
        "25": 0.0541,
        "26": 0.0532,
        "27": 0.0482,
        "28": 0.0468,
        "29": 0.0469,
        "30": 0.0468,
        "31": 0.0626,
        "32": 0.132
    },
    "api_bank_openai_human_written_examples": {
        "0": 0.074,
        "1": 0.0375,
        "2": 0.00749,
        "3": 0.0122,
        "4": 0.0234,
        "5": 0.0333,
        "6": 0.043,
        "7": 0.0494,
        "8": 0.0569,
        "9": 0.0645,
        "10": 0.0705,
        "11": 0.0765,
        "12": 0.0796,
        "13": 0.0812,
        "14": 0.088,
        "15": 0.0917,
        "16": 0.0917,
        "17": 0.0898,
        "18": 0.0915,
        "19": 0.0865,
        "20": 0.0791,
        "21": 0.0787,
        "22": 0.075,
        "23": 0.0704,
        "24": 0.0637,
        "25": 0.0588,
        "26": 0.057,
        "27": 0.0512,
        "28": 0.0487,
        "29": 0.0487,
        "30": 0.0482,
        "31": 0.064,
        "32": 0.123
    }
}