{
    "mbpp_step_by_step": {
        "0": 0.201,
        "1": 0.0525,
        "2": 0.0471,
        "3": 0.0542,
        "4": 0.00645,
        "5": 0.00462,
        "6": 0.00498,
        "7": 0.00601,
        "8": 0.00719,
        "9": 0.00816,
        "10": 0.00948,
        "11": 0.00998,
        "12": 0.0101,
        "13": 0.0103,
        "14": 0.0119,
        "15": 0.0133,
        "16": 0.0141,
        "17": 0.0152,
        "18": 0.0159,
        "19": 0.0181,
        "20": 0.0278,
        "21": 0.0337,
        "22": 0.0425,
        "23": 0.0579,
        "24": 0.0669,
        "25": 0.0747,
        "26": 0.0812,
        "27": 0.0585,
        "28": 0.187
    },
    "mbpp_gpt4": {
        "0": 0.139,
        "1": 0.031,
        "2": 0.0232,
        "3": 0.0269,
        "4": 0.000869,
        "5": 0.000469,
        "6": 0.000635,
        "7": 0.000791,
        "8": 0.000928,
        "9": 0.00106,
        "10": 0.00124,
        "11": 0.00131,
        "12": 0.00148,
        "13": 0.00147,
        "14": 0.00187,
        "15": 0.00201,
        "16": 0.00221,
        "17": 0.00225,
        "18": 0.00242,
        "19": 0.00291,
        "20": 0.0041,
        "21": 0.00518,
        "22": 0.00633,
        "23": 0.00886,
        "24": 0.0105,
        "25": 0.0129,
        "26": 0.0149,
        "27": 0.0249,
        "28": 0.0509
    },
    "mbpp_claude": {
        "0": 0.138,
        "1": 0.0303,
        "2": 0.0225,
        "3": 0.0261,
        "4": 0.000879,
        "5": 0.000566,
        "6": 0.000771,
        "7": 0.000879,
        "8": 0.00101,
        "9": 0.00107,
        "10": 0.00144,
        "11": 0.00151,
        "12": 0.00156,
        "13": 0.00154,
        "14": 0.00205,
        "15": 0.00224,
        "16": 0.00233,
        "17": 0.00241,
        "18": 0.00261,
        "19": 0.003,
        "20": 0.0046,
        "21": 0.00565,
        "22": 0.00695,
        "23": 0.00964,
        "24": 0.0116,
        "25": 0.0141,
        "26": 0.0164,
        "27": 0.0252,
        "28": 0.0515
    },
    "mbpp_mini_gpt4": {
        "0": 0.141,
        "1": 0.0324,
        "2": 0.0242,
        "3": 0.0285,
        "4": 0.00122,
        "5": 0.000703,
        "6": 0.000957,
        "7": 0.00111,
        "8": 0.00121,
        "9": 0.00152,
        "10": 0.00194,
        "11": 0.00192,
        "12": 0.00193,
        "13": 0.00212,
        "14": 0.00267,
        "15": 0.00292,
        "16": 0.0031,
        "17": 0.00325,
        "18": 0.00345,
        "19": 0.00398,
        "20": 0.00571,
        "21": 0.00696,
        "22": 0.00838,
        "23": 0.0115,
        "24": 0.0136,
        "25": 0.0163,
        "26": 0.019,
        "27": 0.0291,
        "28": 0.0616
    },
    "mbpp_groundtruth": {
        "0": 0.188,
        "1": 0.0414,
        "2": 0.0301,
        "3": 0.0358,
        "4": 0.00127,
        "5": 0.00083,
        "6": 0.000908,
        "7": 0.00128,
        "8": 0.00131,
        "9": 0.00159,
        "10": 0.00206,
        "11": 0.00212,
        "12": 0.00229,
        "13": 0.00227,
        "14": 0.0029,
        "15": 0.00309,
        "16": 0.00329,
        "17": 0.00335,
        "18": 0.00363,
        "19": 0.00405,
        "20": 0.00618,
        "21": 0.00752,
        "22": 0.00917,
        "23": 0.0123,
        "24": 0.0146,
        "25": 0.0177,
        "26": 0.0208,
        "27": 0.0445,
        "28": 0.0976
    },
    "mbpp_gpt4_style_in_context_examples": {
        "0": 0.154,
        "1": 0.0341,
        "2": 0.0255,
        "3": 0.0294,
        "4": 0.000898,
        "5": 0.000547,
        "6": 0.000586,
        "7": 0.000791,
        "8": 0.000957,
        "9": 0.00104,
        "10": 0.00129,
        "11": 0.00119,
        "12": 0.00144,
        "13": 0.00143,
        "14": 0.00189,
        "15": 0.00204,
        "16": 0.00206,
        "17": 0.00229,
        "18": 0.00245,
        "19": 0.00286,
        "20": 0.00431,
        "21": 0.00534,
        "22": 0.00658,
        "23": 0.00928,
        "24": 0.011,
        "25": 0.0133,
        "26": 0.0154,
        "27": 0.0251,
        "28": 0.0601
    },
    "mbpp_openai_human_written_examples": {
        "0": 0.225,
        "1": 0.0585,
        "2": 0.0556,
        "3": 0.0631,
        "4": 0.00947,
        "5": 0.00679,
        "6": 0.00743,
        "7": 0.00876,
        "8": 0.0102,
        "9": 0.0118,
        "10": 0.0137,
        "11": 0.0143,
        "12": 0.0144,
        "13": 0.0146,
        "14": 0.0165,
        "15": 0.0182,
        "16": 0.0191,
        "17": 0.0207,
        "18": 0.0216,
        "19": 0.024,
        "20": 0.0363,
        "21": 0.044,
        "22": 0.055,
        "23": 0.0738,
        "24": 0.0847,
        "25": 0.0938,
        "26": 0.102,
        "27": 0.0645,
        "28": 0.225
    },
    "mbpp_rewrite_groundtruth_in_own_words": {
        "0": 0.176,
        "1": 0.0382,
        "2": 0.0286,
        "3": 0.0339,
        "4": 0.00109,
        "5": 0.000713,
        "6": 0.000928,
        "7": 0.00106,
        "8": 0.00133,
        "9": 0.00143,
        "10": 0.00185,
        "11": 0.00186,
        "12": 0.00214,
        "13": 0.00203,
        "14": 0.00274,
        "15": 0.00297,
        "16": 0.00299,
        "17": 0.00323,
        "18": 0.00334,
        "19": 0.00396,
        "20": 0.00575,
        "21": 0.00699,
        "22": 0.00879,
        "23": 0.0118,
        "24": 0.0141,
        "25": 0.0172,
        "26": 0.0202,
        "27": 0.0331,
        "28": 0.0683
    }
}