{
    "mmlu_moral_scenarios_step_by_step": {
        "0": 0.0544,
        "1": 0.0155,
        "2": 0.0156,
        "3": 0.0161,
        "4": 0.00444,
        "5": 0.00332,
        "6": 0.00349,
        "7": 0.00413,
        "8": 0.00493,
        "9": 0.00605,
        "10": 0.00662,
        "11": 0.00671,
        "12": 0.00657,
        "13": 0.00713,
        "14": 0.00776,
        "15": 0.00786,
        "16": 0.00854,
        "17": 0.00891,
        "18": 0.00908,
        "19": 0.0106,
        "20": 0.0132,
        "21": 0.0156,
        "22": 0.0174,
        "23": 0.0191,
        "24": 0.018,
        "25": 0.0153,
        "26": 0.0151,
        "27": 0.0146,
        "28": 0.0347
    },
    "mmlu_moral_scenarios_gpt4": {
        "0": 0.0634,
        "1": 0.0196,
        "2": 0.0207,
        "3": 0.0229,
        "4": 0.00325,
        "5": 0.00269,
        "6": 0.00256,
        "7": 0.00315,
        "8": 0.00403,
        "9": 0.00493,
        "10": 0.00515,
        "11": 0.0054,
        "12": 0.00513,
        "13": 0.00544,
        "14": 0.00601,
        "15": 0.00627,
        "16": 0.00715,
        "17": 0.00742,
        "18": 0.00764,
        "19": 0.00879,
        "20": 0.0112,
        "21": 0.0132,
        "22": 0.0155,
        "23": 0.0175,
        "24": 0.0165,
        "25": 0.0146,
        "26": 0.0147,
        "27": 0.0158,
        "28": 0.0367
    },
    "mmlu_moral_scenarios_claude": {
        "0": 0.0668,
        "1": 0.0176,
        "2": 0.0173,
        "3": 0.0179,
        "4": 0.00281,
        "5": 0.00227,
        "6": 0.00244,
        "7": 0.00295,
        "8": 0.00347,
        "9": 0.00435,
        "10": 0.00454,
        "11": 0.00469,
        "12": 0.00454,
        "13": 0.00503,
        "14": 0.00522,
        "15": 0.00564,
        "16": 0.00576,
        "17": 0.00618,
        "18": 0.00647,
        "19": 0.0075,
        "20": 0.00938,
        "21": 0.0112,
        "22": 0.0134,
        "23": 0.0154,
        "24": 0.0148,
        "25": 0.013,
        "26": 0.0126,
        "27": 0.0126,
        "28": 0.0287
    },
    "mmlu_moral_scenarios_mini_gpt4": {
        "0": 0.0565,
        "1": 0.0161,
        "2": 0.0174,
        "3": 0.0195,
        "4": 0.00276,
        "5": 0.00229,
        "6": 0.00239,
        "7": 0.00305,
        "8": 0.00354,
        "9": 0.00432,
        "10": 0.00469,
        "11": 0.00486,
        "12": 0.00471,
        "13": 0.00515,
        "14": 0.00574,
        "15": 0.00566,
        "16": 0.00674,
        "17": 0.00706,
        "18": 0.00728,
        "19": 0.00842,
        "20": 0.0113,
        "21": 0.0131,
        "22": 0.0154,
        "23": 0.0172,
        "24": 0.0165,
        "25": 0.0144,
        "26": 0.0146,
        "27": 0.0154,
        "28": 0.0294
    },
    "mmlu_moral_scenarios_groundtruth": {
        "0": 0.644,
        "1": 0.264,
        "2": 0.237,
        "3": 0.32,
        "4": 0.0192,
        "5": 0.0142,
        "6": 0.0156,
        "7": 0.0185,
        "8": 0.021,
        "9": 0.0241,
        "10": 0.0278,
        "11": 0.0295,
        "12": 0.029,
        "13": 0.0294,
        "14": 0.0329,
        "15": 0.036,
        "16": 0.0408,
        "17": 0.0431,
        "18": 0.0457,
        "19": 0.0528,
        "20": 0.0789,
        "21": 0.1,
        "22": 0.133,
        "23": 0.177,
        "24": 0.231,
        "25": 0.274,
        "26": 0.316,
        "27": 0.274,
        "28": 0.575
    },
    "mmlu_moral_scenarios_gpt4_style_in_context_examples": {
        "0": 0.062,
        "1": 0.0152,
        "2": 0.0155,
        "3": 0.0163,
        "4": 0.0032,
        "5": 0.00259,
        "6": 0.00254,
        "7": 0.00308,
        "8": 0.00386,
        "9": 0.00476,
        "10": 0.0051,
        "11": 0.00535,
        "12": 0.00527,
        "13": 0.00559,
        "14": 0.00615,
        "15": 0.00637,
        "16": 0.00688,
        "17": 0.00706,
        "18": 0.00728,
        "19": 0.00825,
        "20": 0.0107,
        "21": 0.0126,
        "22": 0.0144,
        "23": 0.0163,
        "24": 0.0154,
        "25": 0.0131,
        "26": 0.0128,
        "27": 0.0126,
        "28": 0.0318
    },
    "mmlu_moral_scenarios_openai_human_written_examples": {
        "0": 0.0862,
        "1": 0.0244,
        "2": 0.0262,
        "3": 0.0308,
        "4": 0.00591,
        "5": 0.00466,
        "6": 0.00486,
        "7": 0.00581,
        "8": 0.00662,
        "9": 0.00801,
        "10": 0.0085,
        "11": 0.00876,
        "12": 0.00837,
        "13": 0.00889,
        "14": 0.0095,
        "15": 0.0102,
        "16": 0.0115,
        "17": 0.012,
        "18": 0.0125,
        "19": 0.0141,
        "20": 0.0193,
        "21": 0.0224,
        "22": 0.0262,
        "23": 0.0303,
        "24": 0.0307,
        "25": 0.0274,
        "26": 0.0269,
        "27": 0.0234,
        "28": 0.0543
    }
}