{
    "plan_bench_generation_step_by_step": {
        "0": 0.058,
        "1": 0.0135,
        "2": 0.0139,
        "3": 0.0145,
        "4": 0.00698,
        "5": 0.00698,
        "6": 0.0061,
        "7": 0.00732,
        "8": 0.00854,
        "9": 0.0103,
        "10": 0.0101,
        "11": 0.011,
        "12": 0.0112,
        "13": 0.011,
        "14": 0.0125,
        "15": 0.0102,
        "16": 0.0116,
        "17": 0.0119,
        "18": 0.0127,
        "19": 0.0159,
        "20": 0.0173,
        "21": 0.0195,
        "22": 0.0191,
        "23": 0.0203,
        "24": 0.0178,
        "25": 0.0133,
        "26": 0.0137,
        "27": 0.0133,
        "28": 0.0223
    },
    "plan_bench_generation_gpt4": {
        "0": 0.0549,
        "1": 0.0148,
        "2": 0.0174,
        "3": 0.0179,
        "4": 0.0102,
        "5": 0.00933,
        "6": 0.0082,
        "7": 0.00996,
        "8": 0.0114,
        "9": 0.0135,
        "10": 0.0128,
        "11": 0.0138,
        "12": 0.0144,
        "13": 0.0138,
        "14": 0.0156,
        "15": 0.0136,
        "16": 0.0152,
        "17": 0.0157,
        "18": 0.0162,
        "19": 0.0192,
        "20": 0.0218,
        "21": 0.024,
        "22": 0.0235,
        "23": 0.0251,
        "24": 0.0222,
        "25": 0.0166,
        "26": 0.017,
        "27": 0.015,
        "28": 0.0245
    },
    "plan_bench_generation_claude": {
        "0": 0.0651,
        "1": 0.0172,
        "2": 0.0175,
        "3": 0.0182,
        "4": 0.0164,
        "5": 0.0145,
        "6": 0.0133,
        "7": 0.0155,
        "8": 0.0174,
        "9": 0.0197,
        "10": 0.0205,
        "11": 0.0213,
        "12": 0.0213,
        "13": 0.0206,
        "14": 0.0225,
        "15": 0.0189,
        "16": 0.0207,
        "17": 0.0208,
        "18": 0.0213,
        "19": 0.0253,
        "20": 0.0278,
        "21": 0.03,
        "22": 0.0297,
        "23": 0.0326,
        "24": 0.0282,
        "25": 0.0206,
        "26": 0.0197,
        "27": 0.015,
        "28": 0.0289
    },
    "plan_bench_generation_mini_gpt4": {
        "0": 0.0457,
        "1": 0.0133,
        "2": 0.0156,
        "3": 0.0162,
        "4": 0.0108,
        "5": 0.00972,
        "6": 0.00889,
        "7": 0.0105,
        "8": 0.0125,
        "9": 0.0143,
        "10": 0.0141,
        "11": 0.0148,
        "12": 0.0154,
        "13": 0.0148,
        "14": 0.0166,
        "15": 0.0144,
        "16": 0.0162,
        "17": 0.0164,
        "18": 0.0173,
        "19": 0.0209,
        "20": 0.023,
        "21": 0.0251,
        "22": 0.025,
        "23": 0.0263,
        "24": 0.023,
        "25": 0.0167,
        "26": 0.0166,
        "27": 0.0146,
        "28": 0.0276
    },
    "plan_bench_generation_groundtruth": {
        "0": 0.467,
        "1": 0.108,
        "2": 0.119,
        "3": 0.15,
        "4": 0.0648,
        "5": 0.0517,
        "6": 0.0523,
        "7": 0.0605,
        "8": 0.0663,
        "9": 0.0745,
        "10": 0.0836,
        "11": 0.0851,
        "12": 0.0844,
        "13": 0.0815,
        "14": 0.0878,
        "15": 0.0845,
        "16": 0.0906,
        "17": 0.0945,
        "18": 0.0973,
        "19": 0.111,
        "20": 0.142,
        "21": 0.163,
        "22": 0.191,
        "23": 0.229,
        "24": 0.244,
        "25": 0.223,
        "26": 0.223,
        "27": 0.101,
        "28": 0.381
    },
    "plan_bench_generation_gpt4_style_in_context_examples": {
        "0": 0.0378,
        "1": 0.0106,
        "2": 0.0116,
        "3": 0.0124,
        "4": 0.00645,
        "5": 0.00615,
        "6": 0.00542,
        "7": 0.00659,
        "8": 0.00791,
        "9": 0.00977,
        "10": 0.00933,
        "11": 0.0102,
        "12": 0.011,
        "13": 0.0106,
        "14": 0.0125,
        "15": 0.0104,
        "16": 0.0123,
        "17": 0.0127,
        "18": 0.0135,
        "19": 0.0166,
        "20": 0.0193,
        "21": 0.0215,
        "22": 0.0209,
        "23": 0.0213,
        "24": 0.019,
        "25": 0.0144,
        "26": 0.015,
        "27": 0.0145,
        "28": 0.0229
    },
    "plan_bench_generation_openai_human_written_examples": {
        "0": 0.0585,
        "1": 0.0175,
        "2": 0.0215,
        "3": 0.0223,
        "4": 0.0109,
        "5": 0.00996,
        "6": 0.00957,
        "7": 0.0113,
        "8": 0.0131,
        "9": 0.0151,
        "10": 0.0147,
        "11": 0.0158,
        "12": 0.0159,
        "13": 0.0151,
        "14": 0.0167,
        "15": 0.0147,
        "16": 0.0171,
        "17": 0.0176,
        "18": 0.0184,
        "19": 0.0218,
        "20": 0.0261,
        "21": 0.0291,
        "22": 0.0292,
        "23": 0.0307,
        "24": 0.0278,
        "25": 0.0211,
        "26": 0.0217,
        "27": 0.0203,
        "28": 0.0333
    },
    "plan_bench_generation_rewrite_groundtruth_in_own_words": {
        "0": 0.106,
        "1": 0.0262,
        "2": 0.0308,
        "3": 0.0347,
        "4": 0.0281,
        "5": 0.0232,
        "6": 0.0222,
        "7": 0.0257,
        "8": 0.0289,
        "9": 0.0325,
        "10": 0.0338,
        "11": 0.0353,
        "12": 0.0353,
        "13": 0.0337,
        "14": 0.037,
        "15": 0.033,
        "16": 0.0366,
        "17": 0.0372,
        "18": 0.0383,
        "19": 0.0447,
        "20": 0.0528,
        "21": 0.0585,
        "22": 0.0606,
        "23": 0.0668,
        "24": 0.0617,
        "25": 0.0479,
        "26": 0.0459,
        "27": 0.0268,
        "28": 0.075
    }
}