{
    "api_bank_step_by_step": {
        "0": 0.302,
        "1": 0.0803,
        "2": 0.0852,
        "3": 0.103,
        "4": 0.0189,
        "5": 0.0141,
        "6": 0.0151,
        "7": 0.0178,
        "8": 0.0197,
        "9": 0.0217,
        "10": 0.0246,
        "11": 0.0251,
        "12": 0.0244,
        "13": 0.0246,
        "14": 0.0269,
        "15": 0.0295,
        "16": 0.0326,
        "17": 0.0351,
        "18": 0.0376,
        "19": 0.0426,
        "20": 0.0614,
        "21": 0.0747,
        "22": 0.094,
        "23": 0.12,
        "24": 0.14,
        "25": 0.148,
        "26": 0.158,
        "27": 0.0868,
        "28": 0.52
    },
    "api_bank_gpt4": {
        "0": 0.309,
        "1": 0.0795,
        "2": 0.0834,
        "3": 0.0996,
        "4": 0.0127,
        "5": 0.00962,
        "6": 0.0101,
        "7": 0.0122,
        "8": 0.0137,
        "9": 0.0151,
        "10": 0.0171,
        "11": 0.0175,
        "12": 0.017,
        "13": 0.0169,
        "14": 0.0192,
        "15": 0.0212,
        "16": 0.0238,
        "17": 0.0255,
        "18": 0.0277,
        "19": 0.0317,
        "20": 0.0457,
        "21": 0.0564,
        "22": 0.0732,
        "23": 0.0949,
        "24": 0.115,
        "25": 0.126,
        "26": 0.137,
        "27": 0.0822,
        "28": 0.538
    },
    "api_bank_claude": {
        "0": 0.324,
        "1": 0.0851,
        "2": 0.0903,
        "3": 0.104,
        "4": 0.00972,
        "5": 0.00744,
        "6": 0.00807,
        "7": 0.0098,
        "8": 0.0111,
        "9": 0.0127,
        "10": 0.0144,
        "11": 0.0148,
        "12": 0.0145,
        "13": 0.0147,
        "14": 0.0165,
        "15": 0.0185,
        "16": 0.0208,
        "17": 0.0225,
        "18": 0.0246,
        "19": 0.0288,
        "20": 0.0419,
        "21": 0.0524,
        "22": 0.0694,
        "23": 0.0904,
        "24": 0.111,
        "25": 0.122,
        "26": 0.133,
        "27": 0.0811,
        "28": 0.563
    },
    "api_bank_mini_gpt4": {
        "0": 0.334,
        "1": 0.0861,
        "2": 0.0904,
        "3": 0.106,
        "4": 0.0106,
        "5": 0.00807,
        "6": 0.00879,
        "7": 0.0106,
        "8": 0.012,
        "9": 0.0134,
        "10": 0.0153,
        "11": 0.0156,
        "12": 0.0152,
        "13": 0.0152,
        "14": 0.0171,
        "15": 0.019,
        "16": 0.0211,
        "17": 0.0229,
        "18": 0.0247,
        "19": 0.0285,
        "20": 0.0422,
        "21": 0.0525,
        "22": 0.0704,
        "23": 0.0922,
        "24": 0.114,
        "25": 0.125,
        "26": 0.137,
        "27": 0.084,
        "28": 0.584
    },
    "api_bank_groundtruth": {
        "0": 0.228,
        "1": 0.0626,
        "2": 0.0565,
        "3": 0.0771,
        "4": 0.00397,
        "5": 0.00313,
        "6": 0.00326,
        "7": 0.00369,
        "8": 0.0042,
        "9": 0.00469,
        "10": 0.00519,
        "11": 0.00563,
        "12": 0.0055,
        "13": 0.0056,
        "14": 0.00635,
        "15": 0.00659,
        "16": 0.00768,
        "17": 0.00799,
        "18": 0.00841,
        "19": 0.00938,
        "20": 0.0127,
        "21": 0.0158,
        "22": 0.0214,
        "23": 0.0278,
        "24": 0.0363,
        "25": 0.0426,
        "26": 0.0498,
        "27": 0.0405,
        "28": 0.168
    },
    "api_bank_gpt4_style_in_context_examples": {
        "0": 0.284,
        "1": 0.0759,
        "2": 0.0767,
        "3": 0.0906,
        "4": 0.00581,
        "5": 0.00423,
        "6": 0.00457,
        "7": 0.00568,
        "8": 0.00651,
        "9": 0.00758,
        "10": 0.00851,
        "11": 0.00881,
        "12": 0.00861,
        "13": 0.00864,
        "14": 0.00998,
        "15": 0.0109,
        "16": 0.0124,
        "17": 0.0134,
        "18": 0.0147,
        "19": 0.017,
        "20": 0.024,
        "21": 0.0299,
        "22": 0.0413,
        "23": 0.0556,
        "24": 0.0719,
        "25": 0.0841,
        "26": 0.0958,
        "27": 0.0701,
        "28": 0.508
    },
    "api_bank_openai_human_written_examples": {
        "0": 0.301,
        "1": 0.0775,
        "2": 0.079,
        "3": 0.0935,
        "4": 0.00728,
        "5": 0.0056,
        "6": 0.00599,
        "7": 0.00711,
        "8": 0.00815,
        "9": 0.00931,
        "10": 0.0106,
        "11": 0.0111,
        "12": 0.0108,
        "13": 0.0108,
        "14": 0.0124,
        "15": 0.0138,
        "16": 0.0155,
        "17": 0.0168,
        "18": 0.0183,
        "19": 0.0214,
        "20": 0.0302,
        "21": 0.0374,
        "22": 0.0507,
        "23": 0.0669,
        "24": 0.0855,
        "25": 0.098,
        "26": 0.111,
        "27": 0.0737,
        "28": 0.546
    }
}