{
    "drop_step_by_step": {
        "0": 0.1,
        "1": 0.135,
        "2": 0.0188,
        "3": 0.0291,
        "4": 0.0535,
        "5": 0.0767,
        "6": 0.0997,
        "7": 0.118,
        "8": 0.133,
        "9": 0.143,
        "10": 0.169,
        "11": 0.175,
        "12": 0.185,
        "13": 0.194,
        "14": 0.208,
        "15": 0.218,
        "16": 0.233,
        "17": 0.241,
        "18": 0.249,
        "19": 0.256,
        "20": 0.251,
        "21": 0.25,
        "22": 0.246,
        "23": 0.24,
        "24": 0.229,
        "25": 0.22,
        "26": 0.212,
        "27": 0.196,
        "28": 0.181,
        "29": 0.173,
        "30": 0.156,
        "31": 0.171,
        "32": 0.179
    },
    "drop_gpt4": {
        "0": 0.086,
        "1": 0.0926,
        "2": 0.0126,
        "3": 0.0193,
        "4": 0.0306,
        "5": 0.041,
        "6": 0.0509,
        "7": 0.0611,
        "8": 0.0686,
        "9": 0.0739,
        "10": 0.0856,
        "11": 0.0894,
        "12": 0.0952,
        "13": 0.103,
        "14": 0.113,
        "15": 0.118,
        "16": 0.131,
        "17": 0.138,
        "18": 0.147,
        "19": 0.153,
        "20": 0.153,
        "21": 0.155,
        "22": 0.158,
        "23": 0.158,
        "24": 0.154,
        "25": 0.15,
        "26": 0.148,
        "27": 0.139,
        "28": 0.129,
        "29": 0.125,
        "30": 0.114,
        "31": 0.127,
        "32": 0.146
    },
    "drop_claude": {
        "0": 0.0941,
        "1": 0.101,
        "2": 0.00525,
        "3": 0.00894,
        "4": 0.017,
        "5": 0.026,
        "6": 0.036,
        "7": 0.046,
        "8": 0.0541,
        "9": 0.0593,
        "10": 0.0739,
        "11": 0.0773,
        "12": 0.083,
        "13": 0.0923,
        "14": 0.103,
        "15": 0.109,
        "16": 0.122,
        "17": 0.133,
        "18": 0.143,
        "19": 0.152,
        "20": 0.153,
        "21": 0.156,
        "22": 0.16,
        "23": 0.161,
        "24": 0.158,
        "25": 0.155,
        "26": 0.152,
        "27": 0.144,
        "28": 0.135,
        "29": 0.131,
        "30": 0.119,
        "31": 0.133,
        "32": 0.157
    },
    "drop_mini_gpt4": {
        "0": 0.0772,
        "1": 0.0924,
        "2": 0.00393,
        "3": 0.0071,
        "4": 0.0137,
        "5": 0.0208,
        "6": 0.0285,
        "7": 0.0356,
        "8": 0.0405,
        "9": 0.0454,
        "10": 0.0556,
        "11": 0.0581,
        "12": 0.0635,
        "13": 0.0708,
        "14": 0.081,
        "15": 0.0876,
        "16": 0.1,
        "17": 0.108,
        "18": 0.117,
        "19": 0.125,
        "20": 0.128,
        "21": 0.131,
        "22": 0.136,
        "23": 0.137,
        "24": 0.136,
        "25": 0.133,
        "26": 0.132,
        "27": 0.125,
        "28": 0.117,
        "29": 0.115,
        "30": 0.106,
        "31": 0.119,
        "32": 0.143
    },
    "drop_groundtruth": {
        "0": 0.54,
        "1": 0.108,
        "2": 0.000586,
        "3": 0.00181,
        "4": 0.00349,
        "5": 0.00662,
        "6": 0.00886,
        "7": 0.0121,
        "8": 0.0149,
        "9": 0.0182,
        "10": 0.022,
        "11": 0.0242,
        "12": 0.0254,
        "13": 0.0363,
        "14": 0.0396,
        "15": 0.0427,
        "16": 0.0522,
        "17": 0.0626,
        "18": 0.0747,
        "19": 0.0889,
        "20": 0.102,
        "21": 0.112,
        "22": 0.135,
        "23": 0.153,
        "24": 0.176,
        "25": 0.197,
        "26": 0.214,
        "27": 0.243,
        "28": 0.264,
        "29": 0.288,
        "30": 0.303,
        "31": 0.336,
        "32": 0.483
    },
    "drop_gpt4_style_in_context_examples": {
        "0": 0.0953,
        "1": 0.104,
        "2": 0.00901,
        "3": 0.0144,
        "4": 0.0258,
        "5": 0.0386,
        "6": 0.0539,
        "7": 0.0693,
        "8": 0.0816,
        "9": 0.092,
        "10": 0.108,
        "11": 0.115,
        "12": 0.122,
        "13": 0.14,
        "14": 0.15,
        "15": 0.157,
        "16": 0.172,
        "17": 0.182,
        "18": 0.191,
        "19": 0.199,
        "20": 0.198,
        "21": 0.197,
        "22": 0.197,
        "23": 0.194,
        "24": 0.187,
        "25": 0.182,
        "26": 0.177,
        "27": 0.165,
        "28": 0.153,
        "29": 0.147,
        "30": 0.133,
        "31": 0.149,
        "32": 0.165
    },
    "drop_openai_human_written_examples": {
        "0": 0.0719,
        "1": 0.0586,
        "2": 0.00273,
        "3": 0.00559,
        "4": 0.0106,
        "5": 0.0167,
        "6": 0.0233,
        "7": 0.0308,
        "8": 0.0355,
        "9": 0.0397,
        "10": 0.0481,
        "11": 0.0527,
        "12": 0.0567,
        "13": 0.0649,
        "14": 0.0732,
        "15": 0.077,
        "16": 0.0882,
        "17": 0.0971,
        "18": 0.106,
        "19": 0.113,
        "20": 0.115,
        "21": 0.116,
        "22": 0.121,
        "23": 0.122,
        "24": 0.121,
        "25": 0.119,
        "26": 0.117,
        "27": 0.111,
        "28": 0.104,
        "29": 0.102,
        "30": 0.0932,
        "31": 0.103,
        "32": 0.115
    }
}