{
    "squad_step_by_step": {
        "0": 0.121,
        "1": 0.0417,
        "2": 0.0438,
        "3": 0.0451,
        "4": 0.00652,
        "5": 0.00481,
        "6": 0.00532,
        "7": 0.00615,
        "8": 0.00713,
        "9": 0.00803,
        "10": 0.00967,
        "11": 0.0104,
        "12": 0.00994,
        "13": 0.0103,
        "14": 0.0115,
        "15": 0.0127,
        "16": 0.0137,
        "17": 0.0147,
        "18": 0.0159,
        "19": 0.0179,
        "20": 0.0263,
        "21": 0.0329,
        "22": 0.0434,
        "23": 0.0574,
        "24": 0.0739,
        "25": 0.0837,
        "26": 0.0926,
        "27": 0.0583,
        "28": 0.119
    },
    "squad_gpt4": {
        "0": 0.113,
        "1": 0.0359,
        "2": 0.0345,
        "3": 0.0354,
        "4": 0.00288,
        "5": 0.00208,
        "6": 0.00229,
        "7": 0.00273,
        "8": 0.00347,
        "9": 0.00396,
        "10": 0.00483,
        "11": 0.00498,
        "12": 0.00476,
        "13": 0.00505,
        "14": 0.0054,
        "15": 0.00605,
        "16": 0.00652,
        "17": 0.00696,
        "18": 0.00737,
        "19": 0.00862,
        "20": 0.0126,
        "21": 0.016,
        "22": 0.0212,
        "23": 0.0282,
        "24": 0.038,
        "25": 0.0453,
        "26": 0.0525,
        "27": 0.0438,
        "28": 0.0906
    },
    "squad_claude": {
        "0": 0.109,
        "1": 0.0344,
        "2": 0.0373,
        "3": 0.0363,
        "4": 0.00508,
        "5": 0.00396,
        "6": 0.0042,
        "7": 0.00525,
        "8": 0.00593,
        "9": 0.00684,
        "10": 0.00823,
        "11": 0.00854,
        "12": 0.0082,
        "13": 0.00845,
        "14": 0.00945,
        "15": 0.0105,
        "16": 0.0115,
        "17": 0.0123,
        "18": 0.0132,
        "19": 0.015,
        "20": 0.0223,
        "21": 0.0285,
        "22": 0.0379,
        "23": 0.0503,
        "24": 0.0661,
        "25": 0.0756,
        "26": 0.0831,
        "27": 0.0504,
        "28": 0.103
    },
    "squad_mini_gpt4": {
        "0": 0.112,
        "1": 0.0361,
        "2": 0.0341,
        "3": 0.0351,
        "4": 0.00195,
        "5": 0.00137,
        "6": 0.00134,
        "7": 0.00186,
        "8": 0.00222,
        "9": 0.00266,
        "10": 0.00327,
        "11": 0.00349,
        "12": 0.00334,
        "13": 0.00344,
        "14": 0.00388,
        "15": 0.00427,
        "16": 0.00479,
        "17": 0.0052,
        "18": 0.0054,
        "19": 0.00623,
        "20": 0.00918,
        "21": 0.0117,
        "22": 0.0163,
        "23": 0.0218,
        "24": 0.0301,
        "25": 0.0369,
        "26": 0.043,
        "27": 0.041,
        "28": 0.0855
    },
    "squad_groundtruth": {
        "0": 0.532,
        "1": 0.203,
        "2": 0.146,
        "3": 0.233,
        "4": 0.00247,
        "5": 0.00176,
        "6": 0.00208,
        "7": 0.00247,
        "8": 0.00298,
        "9": 0.00349,
        "10": 0.00452,
        "11": 0.00486,
        "12": 0.00471,
        "13": 0.00496,
        "14": 0.00559,
        "15": 0.00601,
        "16": 0.00671,
        "17": 0.00688,
        "18": 0.00713,
        "19": 0.00835,
        "20": 0.0123,
        "21": 0.0162,
        "22": 0.0229,
        "23": 0.0326,
        "24": 0.0491,
        "25": 0.0664,
        "26": 0.0853,
        "27": 0.149,
        "28": 0.33
    },
    "squad_gpt4_style_in_context_examples": {
        "0": 0.136,
        "1": 0.0436,
        "2": 0.0446,
        "3": 0.0457,
        "4": 0.00754,
        "5": 0.00569,
        "6": 0.00613,
        "7": 0.0073,
        "8": 0.00835,
        "9": 0.0094,
        "10": 0.0113,
        "11": 0.0119,
        "12": 0.0115,
        "13": 0.0118,
        "14": 0.013,
        "15": 0.0145,
        "16": 0.0158,
        "17": 0.0171,
        "18": 0.0182,
        "19": 0.0207,
        "20": 0.031,
        "21": 0.0384,
        "22": 0.0499,
        "23": 0.0655,
        "24": 0.0834,
        "25": 0.0932,
        "26": 0.102,
        "27": 0.0633,
        "28": 0.126
    },
    "squad_openai_human_written_examples": {
        "0": 0.122,
        "1": 0.0349,
        "2": 0.0312,
        "3": 0.035,
        "4": 0.00122,
        "5": 0.000903,
        "6": 0.000952,
        "7": 0.00125,
        "8": 0.00159,
        "9": 0.00193,
        "10": 0.00242,
        "11": 0.00266,
        "12": 0.00261,
        "13": 0.00271,
        "14": 0.00308,
        "15": 0.00327,
        "16": 0.00361,
        "17": 0.00396,
        "18": 0.0041,
        "19": 0.00476,
        "20": 0.00674,
        "21": 0.0085,
        "22": 0.0115,
        "23": 0.0157,
        "24": 0.0218,
        "25": 0.0273,
        "26": 0.0326,
        "27": 0.0374,
        "28": 0.076
    }
}