{
    "plan_bench_verification_step_by_step": {
        "0": 0.0462,
        "1": 0.0101,
        "2": 0.01,
        "3": 0.00996,
        "4": 0.017,
        "5": 0.0157,
        "6": 0.0122,
        "7": 0.0136,
        "8": 0.0147,
        "9": 0.0178,
        "10": 0.0146,
        "11": 0.0165,
        "12": 0.0171,
        "13": 0.0158,
        "14": 0.0177,
        "15": 0.0137,
        "16": 0.0167,
        "17": 0.0165,
        "18": 0.0169,
        "19": 0.0204,
        "20": 0.0208,
        "21": 0.0229,
        "22": 0.0199,
        "23": 0.0206,
        "24": 0.0164,
        "25": 0.0115,
        "26": 0.0113,
        "27": 0.01,
        "28": 0.0189
    },
    "plan_bench_verification_claude": {
        "0": 0.0748,
        "1": 0.0179,
        "2": 0.0187,
        "3": 0.0191,
        "4": 0.0548,
        "5": 0.0489,
        "6": 0.0401,
        "7": 0.0455,
        "8": 0.0483,
        "9": 0.0566,
        "10": 0.0487,
        "11": 0.0538,
        "12": 0.0554,
        "13": 0.0507,
        "14": 0.0567,
        "15": 0.0445,
        "16": 0.0518,
        "17": 0.0516,
        "18": 0.0522,
        "19": 0.0615,
        "20": 0.0615,
        "21": 0.067,
        "22": 0.0582,
        "23": 0.0592,
        "24": 0.0446,
        "25": 0.029,
        "26": 0.0263,
        "27": 0.0179,
        "28": 0.0264
    },
    "plan_bench_verification_gpt4_style_in_context_examples": {
        "0": 0.0326,
        "1": 0.0084,
        "2": 0.00865,
        "3": 0.00952,
        "4": 0.0186,
        "5": 0.017,
        "6": 0.0132,
        "7": 0.0148,
        "8": 0.0156,
        "9": 0.019,
        "10": 0.0154,
        "11": 0.0174,
        "12": 0.018,
        "13": 0.0165,
        "14": 0.0187,
        "15": 0.0144,
        "16": 0.0175,
        "17": 0.0175,
        "18": 0.0177,
        "19": 0.021,
        "20": 0.0209,
        "21": 0.0225,
        "22": 0.0195,
        "23": 0.0198,
        "24": 0.0153,
        "25": 0.0105,
        "26": 0.00995,
        "27": 0.00883,
        "28": 0.0139
    },
    "plan_bench_verification_gpt4": {
        "0": 0.0472,
        "1": 0.0111,
        "2": 0.0111,
        "3": 0.011,
        "4": 0.0188,
        "5": 0.0174,
        "6": 0.0135,
        "7": 0.0151,
        "8": 0.0163,
        "9": 0.0197,
        "10": 0.0161,
        "11": 0.0184,
        "12": 0.019,
        "13": 0.0174,
        "14": 0.0197,
        "15": 0.0153,
        "16": 0.0186,
        "17": 0.0184,
        "18": 0.0187,
        "19": 0.0227,
        "20": 0.0234,
        "21": 0.0257,
        "22": 0.0225,
        "23": 0.023,
        "24": 0.0183,
        "25": 0.0128,
        "26": 0.0124,
        "27": 0.0114,
        "28": 0.021
    },
    "plan_bench_verification_mini_gpt4": {
        "0": 0.0559,
        "1": 0.0163,
        "2": 0.0192,
        "3": 0.0198,
        "4": 0.0395,
        "5": 0.0362,
        "6": 0.0298,
        "7": 0.0339,
        "8": 0.0365,
        "9": 0.0433,
        "10": 0.0374,
        "11": 0.042,
        "12": 0.0436,
        "13": 0.0405,
        "14": 0.0458,
        "15": 0.0368,
        "16": 0.0438,
        "17": 0.0443,
        "18": 0.0454,
        "19": 0.0544,
        "20": 0.0567,
        "21": 0.0637,
        "22": 0.0585,
        "23": 0.0602,
        "24": 0.047,
        "25": 0.0323,
        "26": 0.0303,
        "27": 0.0226,
        "28": 0.0402
    },
    "plan_bench_verification_groundtruth": {
        "0": 0.351,
        "1": 0.159,
        "2": 0.159,
        "3": 0.189,
        "4": 0.153,
        "5": 0.126,
        "6": 0.117,
        "7": 0.132,
        "8": 0.142,
        "9": 0.162,
        "10": 0.167,
        "11": 0.175,
        "12": 0.175,
        "13": 0.167,
        "14": 0.183,
        "15": 0.167,
        "16": 0.182,
        "17": 0.187,
        "18": 0.19,
        "19": 0.217,
        "20": 0.262,
        "21": 0.301,
        "22": 0.325,
        "23": 0.385,
        "24": 0.407,
        "25": 0.39,
        "26": 0.41,
        "27": 0.213,
        "28": 0.217
    },
    "plan_bench_verification_openai_human_written_examples": {
        "0": 0.0475,
        "1": 0.0124,
        "2": 0.0145,
        "3": 0.0162,
        "4": 0.0433,
        "5": 0.0388,
        "6": 0.032,
        "7": 0.0359,
        "8": 0.0378,
        "9": 0.0445,
        "10": 0.0393,
        "11": 0.0434,
        "12": 0.0448,
        "13": 0.041,
        "14": 0.0463,
        "15": 0.0367,
        "16": 0.0431,
        "17": 0.0433,
        "18": 0.0441,
        "19": 0.0528,
        "20": 0.0543,
        "21": 0.0599,
        "22": 0.0541,
        "23": 0.0558,
        "24": 0.0434,
        "25": 0.0294,
        "26": 0.0273,
        "27": 0.0195,
        "28": 0.0263
    },
    "plan_bench_verification_rewrite_groundtruth_in_own_words": {
        "0": 0.0731,
        "1": 0.0219,
        "2": 0.0279,
        "3": 0.0287,
        "4": 0.0564,
        "5": 0.0512,
        "6": 0.043,
        "7": 0.049,
        "8": 0.0526,
        "9": 0.0621,
        "10": 0.0535,
        "11": 0.0599,
        "12": 0.0626,
        "13": 0.0581,
        "14": 0.0655,
        "15": 0.0534,
        "16": 0.0625,
        "17": 0.0631,
        "18": 0.0646,
        "19": 0.0768,
        "20": 0.082,
        "21": 0.091,
        "22": 0.0835,
        "23": 0.0847,
        "24": 0.0668,
        "25": 0.046,
        "26": 0.0429,
        "27": 0.0309,
        "28": 0.0493
    }
}