{
    "gsm8k_gpt4": {
        "0": 0.0829,
        "1": 0.0284,
        "2": 0.0036,
        "3": 0.00708,
        "4": 0.00959,
        "5": 0.0136,
        "6": 0.0183,
        "7": 0.024,
        "8": 0.0297,
        "9": 0.0341,
        "10": 0.038,
        "11": 0.0435,
        "12": 0.0506,
        "13": 0.0558,
        "14": 0.0607,
        "15": 0.0636,
        "16": 0.0709,
        "17": 0.0748,
        "18": 0.0761,
        "19": 0.0839,
        "20": 0.0855,
        "21": 0.0817,
        "22": 0.0755,
        "23": 0.0705,
        "24": 0.0738,
        "25": 0.0688,
        "26": 0.0659,
        "27": 0.0674,
        "28": 0.0683,
        "29": 0.0728,
        "30": 0.0688,
        "31": 0.0673,
        "32": 0.108
    },
    "gsm8k_claude": {
        "0": 0.0957,
        "1": 0.0331,
        "2": 0.00387,
        "3": 0.00825,
        "4": 0.0111,
        "5": 0.016,
        "6": 0.022,
        "7": 0.0286,
        "8": 0.0356,
        "9": 0.0411,
        "10": 0.0454,
        "11": 0.0522,
        "12": 0.0596,
        "13": 0.0655,
        "14": 0.07,
        "15": 0.0722,
        "16": 0.0814,
        "17": 0.0873,
        "18": 0.0896,
        "19": 0.0985,
        "20": 0.0983,
        "21": 0.0952,
        "22": 0.0873,
        "23": 0.0796,
        "24": 0.0803,
        "25": 0.0737,
        "26": 0.07,
        "27": 0.0699,
        "28": 0.0692,
        "29": 0.0733,
        "30": 0.069,
        "31": 0.0696,
        "32": 0.111
    },
    "gsm8k_step_by_step": {
        "0": 0.0861,
        "1": 0.0267,
        "2": 0.00321,
        "3": 0.00643,
        "4": 0.00897,
        "5": 0.013,
        "6": 0.0173,
        "7": 0.0229,
        "8": 0.029,
        "9": 0.0336,
        "10": 0.0369,
        "11": 0.0424,
        "12": 0.0493,
        "13": 0.0537,
        "14": 0.058,
        "15": 0.0612,
        "16": 0.0683,
        "17": 0.071,
        "18": 0.0736,
        "19": 0.079,
        "20": 0.08,
        "21": 0.0768,
        "22": 0.0715,
        "23": 0.0665,
        "24": 0.0683,
        "25": 0.0639,
        "26": 0.0614,
        "27": 0.0621,
        "28": 0.0615,
        "29": 0.0649,
        "30": 0.0607,
        "31": 0.0608,
        "32": 0.103
    },
    "gsm8k_mini_gpt4": {
        "0": 0.0792,
        "1": 0.0287,
        "2": 0.00358,
        "3": 0.00745,
        "4": 0.00986,
        "5": 0.0142,
        "6": 0.0193,
        "7": 0.0255,
        "8": 0.0319,
        "9": 0.0367,
        "10": 0.0413,
        "11": 0.0472,
        "12": 0.0545,
        "13": 0.0601,
        "14": 0.0651,
        "15": 0.0687,
        "16": 0.0767,
        "17": 0.0818,
        "18": 0.0832,
        "19": 0.0904,
        "20": 0.0907,
        "21": 0.0865,
        "22": 0.0794,
        "23": 0.0734,
        "24": 0.0757,
        "25": 0.07,
        "26": 0.0669,
        "27": 0.0674,
        "28": 0.0671,
        "29": 0.071,
        "30": 0.0667,
        "31": 0.0654,
        "32": 0.105
    },
    "gsm8k_groundtruth": {
        "0": 0.173,
        "1": 0.0661,
        "2": 0.0055,
        "3": 0.012,
        "4": 0.0162,
        "5": 0.0233,
        "6": 0.033,
        "7": 0.0432,
        "8": 0.0536,
        "9": 0.0614,
        "10": 0.0691,
        "11": 0.0794,
        "12": 0.0915,
        "13": 0.102,
        "14": 0.108,
        "15": 0.113,
        "16": 0.126,
        "17": 0.14,
        "18": 0.143,
        "19": 0.162,
        "20": 0.169,
        "21": 0.166,
        "22": 0.154,
        "23": 0.142,
        "24": 0.145,
        "25": 0.136,
        "26": 0.131,
        "27": 0.135,
        "28": 0.137,
        "29": 0.149,
        "30": 0.148,
        "31": 0.149,
        "32": 0.227
    },
    "gsm8k_gpt4_style_in_context_examples": {
        "0": 0.0761,
        "1": 0.0256,
        "2": 0.00326,
        "3": 0.00645,
        "4": 0.00874,
        "5": 0.0127,
        "6": 0.017,
        "7": 0.0227,
        "8": 0.0286,
        "9": 0.0335,
        "10": 0.0377,
        "11": 0.0438,
        "12": 0.0506,
        "13": 0.0557,
        "14": 0.0611,
        "15": 0.0638,
        "16": 0.0712,
        "17": 0.0754,
        "18": 0.0763,
        "19": 0.0827,
        "20": 0.0831,
        "21": 0.0793,
        "22": 0.0733,
        "23": 0.0674,
        "24": 0.0689,
        "25": 0.0638,
        "26": 0.0604,
        "27": 0.0605,
        "28": 0.06,
        "29": 0.0634,
        "30": 0.0599,
        "31": 0.0584,
        "32": 0.0959
    },
    "gsm8k_openai_human_written_examples": {
        "0": 0.0879,
        "1": 0.0332,
        "2": 0.00467,
        "3": 0.00872,
        "4": 0.0115,
        "5": 0.016,
        "6": 0.0213,
        "7": 0.0276,
        "8": 0.0341,
        "9": 0.0395,
        "10": 0.0441,
        "11": 0.0513,
        "12": 0.0594,
        "13": 0.0653,
        "14": 0.0705,
        "15": 0.0743,
        "16": 0.0827,
        "17": 0.0878,
        "18": 0.0895,
        "19": 0.0985,
        "20": 0.1,
        "21": 0.0957,
        "22": 0.0884,
        "23": 0.0817,
        "24": 0.0843,
        "25": 0.0779,
        "26": 0.0742,
        "27": 0.0751,
        "28": 0.076,
        "29": 0.0803,
        "30": 0.0766,
        "31": 0.075,
        "32": 0.12
    },
    "gsm8k_simple_response": {
        "0": 0.127,
        "1": 0.0807,
        "2": 0.0154,
        "3": 0.0246,
        "4": 0.0297,
        "5": 0.0387,
        "6": 0.0506,
        "7": 0.0634,
        "8": 0.0767,
        "9": 0.0842,
        "10": 0.0948,
        "11": 0.105,
        "12": 0.119,
        "13": 0.132,
        "14": 0.135,
        "15": 0.139,
        "16": 0.155,
        "17": 0.172,
        "18": 0.172,
        "19": 0.193,
        "20": 0.196,
        "21": 0.192,
        "22": 0.174,
        "23": 0.158,
        "24": 0.159,
        "25": 0.146,
        "26": 0.138,
        "27": 0.139,
        "28": 0.142,
        "29": 0.154,
        "30": 0.144,
        "31": 0.14,
        "32": 0.198
    },
    "gsm8k_rewrite_groundtruth_in_own_words": {
        "0": 0.112,
        "1": 0.0438,
        "2": 0.00703,
        "3": 0.0117,
        "4": 0.0153,
        "5": 0.021,
        "6": 0.028,
        "7": 0.0368,
        "8": 0.0442,
        "9": 0.0506,
        "10": 0.0559,
        "11": 0.0653,
        "12": 0.0751,
        "13": 0.083,
        "14": 0.0907,
        "15": 0.0949,
        "16": 0.105,
        "17": 0.112,
        "18": 0.118,
        "19": 0.13,
        "20": 0.137,
        "21": 0.131,
        "22": 0.122,
        "23": 0.115,
        "24": 0.12,
        "25": 0.111,
        "26": 0.105,
        "27": 0.107,
        "28": 0.111,
        "29": 0.117,
        "30": 0.107,
        "31": 0.104,
        "32": 0.177
    },
    "math_algebra_gpt4": {
        "0": 0.0909,
        "1": 0.0258,
        "2": 0.00726,
        "3": 0.0127,
        "4": 0.0164,
        "5": 0.0221,
        "6": 0.0261,
        "7": 0.0312,
        "8": 0.0371,
        "9": 0.0447,
        "10": 0.0461,
        "11": 0.0509,
        "12": 0.0577,
        "13": 0.0604,
        "14": 0.0647,
        "15": 0.0678,
        "16": 0.0724,
        "17": 0.0698,
        "18": 0.069,
        "19": 0.0709,
        "20": 0.0681,
        "21": 0.0688,
        "22": 0.0663,
        "23": 0.066,
        "24": 0.0716,
        "25": 0.0721,
        "26": 0.0753,
        "27": 0.0844,
        "28": 0.0852,
        "29": 0.0868,
        "30": 0.0854,
        "31": 0.0866,
        "32": 0.114
    },
    "math_algebra_claude": {
        "0": 0.0913,
        "1": 0.0297,
        "2": 0.00361,
        "3": 0.00788,
        "4": 0.0103,
        "5": 0.0157,
        "6": 0.0203,
        "7": 0.0259,
        "8": 0.0326,
        "9": 0.0387,
        "10": 0.0424,
        "11": 0.0482,
        "12": 0.0551,
        "13": 0.059,
        "14": 0.0624,
        "15": 0.0658,
        "16": 0.0743,
        "17": 0.0755,
        "18": 0.0737,
        "19": 0.078,
        "20": 0.0789,
        "21": 0.0822,
        "22": 0.0799,
        "23": 0.0821,