{
    "mmlu_step_by_step": {
        "0": 0.0469,
        "1": 0.0152,
        "2": 0.0157,
        "3": 0.0167,
        "4": 0.00786,
        "5": 0.00635,
        "6": 0.00591,
        "7": 0.00684,
        "8": 0.00815,
        "9": 0.00967,
        "10": 0.00952,
        "11": 0.0104,
        "12": 0.0103,
        "13": 0.011,
        "14": 0.0121,
        "15": 0.0119,
        "16": 0.0131,
        "17": 0.0131,
        "18": 0.0137,
        "19": 0.0157,
        "20": 0.0183,
        "21": 0.0213,
        "22": 0.0226,
        "23": 0.0233,
        "24": 0.0208,
        "25": 0.0168,
        "26": 0.0161,
        "27": 0.0157,
        "28": 0.0234
    },
    "mmlu_gpt4": {
        "0": 0.0583,
        "1": 0.0196,
        "2": 0.0208,
        "3": 0.0225,
        "4": 0.00894,
        "5": 0.00708,
        "6": 0.00708,
        "7": 0.00825,
        "8": 0.00952,
        "9": 0.0114,
        "10": 0.0113,
        "11": 0.0118,
        "12": 0.0118,
        "13": 0.0127,
        "14": 0.0138,
        "15": 0.0138,
        "16": 0.0152,
        "17": 0.0156,
        "18": 0.0161,
        "19": 0.0181,
        "20": 0.0215,
        "21": 0.0248,
        "22": 0.0263,
        "23": 0.0272,
        "24": 0.0239,
        "25": 0.0197,
        "26": 0.0185,
        "27": 0.0175,
        "28": 0.027
    },
    "mmlu_claude": {
        "0": 0.0545,
        "1": 0.0167,
        "2": 0.0162,
        "3": 0.0167,
        "4": 0.00566,
        "5": 0.00479,
        "6": 0.00488,
        "7": 0.00571,
        "8": 0.00688,
        "9": 0.00845,
        "10": 0.00835,
        "11": 0.00889,
        "12": 0.00894,
        "13": 0.00972,
        "14": 0.0104,
        "15": 0.0103,
        "16": 0.0112,
        "17": 0.0113,
        "18": 0.0118,
        "19": 0.0132,
        "20": 0.0162,
        "21": 0.0188,
        "22": 0.0209,
        "23": 0.0221,
        "24": 0.0205,
        "25": 0.017,
        "26": 0.0162,
        "27": 0.0161,
        "28": 0.0244
    },
    "mmlu_mini_gpt4": {
        "0": 0.0589,
        "1": 0.0191,
        "2": 0.0208,
        "3": 0.0221,
        "4": 0.0125,
        "5": 0.00981,
        "6": 0.00972,
        "7": 0.0112,
        "8": 0.0126,
        "9": 0.0149,
        "10": 0.0149,
        "11": 0.0159,
        "12": 0.0159,
        "13": 0.0166,
        "14": 0.0179,
        "15": 0.0177,
        "16": 0.0198,
        "17": 0.0201,
        "18": 0.0208,
        "19": 0.0235,
        "20": 0.0281,
        "21": 0.0321,
        "22": 0.0339,
        "23": 0.0355,
        "24": 0.0316,
        "25": 0.0259,
        "26": 0.0245,
        "27": 0.0206,
        "28": 0.0307
    },
    "mmlu_groundtruth": {
        "0": 0.679,
        "1": 0.277,
        "2": 0.265,
        "3": 0.343,
        "4": 0.048,
        "5": 0.0352,
        "6": 0.0368,
        "7": 0.0423,
        "8": 0.0468,
        "9": 0.0544,
        "10": 0.0608,
        "11": 0.0645,
        "12": 0.0632,
        "13": 0.0637,
        "14": 0.0697,
        "15": 0.0743,
        "16": 0.0816,
        "17": 0.085,
        "18": 0.0884,
        "19": 0.1,
        "20": 0.14,
        "21": 0.173,
        "22": 0.213,
        "23": 0.269,
        "24": 0.321,
        "25": 0.356,
        "26": 0.393,
        "27": 0.305,
        "28": 0.61
    },
    "mmlu_gpt4_style_in_context_examples": {
        "0": 0.0472,
        "1": 0.0154,
        "2": 0.0155,
        "3": 0.0168,
        "4": 0.0128,
        "5": 0.01,
        "6": 0.00898,
        "7": 0.01,
        "8": 0.0116,
        "9": 0.0141,
        "10": 0.0139,
        "11": 0.0148,
        "12": 0.015,
        "13": 0.0159,
        "14": 0.0168,
        "15": 0.0162,
        "16": 0.0171,
        "17": 0.0171,
        "18": 0.0173,
        "19": 0.0192,
        "20": 0.0212,
        "21": 0.0244,
        "22": 0.0242,
        "23": 0.0243,
        "24": 0.0207,
        "25": 0.0165,
        "26": 0.0154,
        "27": 0.0142,
        "28": 0.0201
    },
    "mmlu_openai_human_written_examples": {
        "0": 0.0529,
        "1": 0.0166,
        "2": 0.0167,
        "3": 0.0181,
        "4": 0.00879,
        "5": 0.00703,
        "6": 0.00664,
        "7": 0.00771,
        "8": 0.00898,
        "9": 0.0108,
        "10": 0.0109,
        "11": 0.0115,
        "12": 0.0117,
        "13": 0.0125,
        "14": 0.0139,
        "15": 0.0134,
        "16": 0.0149,
        "17": 0.0149,
        "18": 0.0155,
        "19": 0.0174,
        "20": 0.0204,
        "21": 0.0236,
        "22": 0.0244,
        "23": 0.0251,
        "24": 0.0221,
        "25": 0.0182,
        "26": 0.0175,
        "27": 0.017,
        "28": 0.0246
    }
}