{
    "mmlu_moral_scenarios_step_by_step": {
        "0": 0.0561,
        "1": 0.0159,
        "2": 0.0162,
        "3": 0.0166,
        "4": 0.00508,
        "5": 0.00382,
        "6": 0.00396,
        "7": 0.00461,
        "8": 0.00549,
        "9": 0.00674,
        "10": 0.00716,
        "11": 0.00739,
        "12": 0.00732,
        "13": 0.00783,
        "14": 0.0083,
        "15": 0.00863,
        "16": 0.00928,
        "17": 0.00957,
        "18": 0.00983,
        "19": 0.0112,
        "20": 0.0142,
        "21": 0.0167,
        "22": 0.0186,
        "23": 0.0205,
        "24": 0.0192,
        "25": 0.0165,
        "26": 0.0161,
        "27": 0.0147,
        "28": 0.0348
    },
    "mmlu_moral_scenarios_gpt4": {
        "0": 0.064,
        "1": 0.0192,
        "2": 0.0204,
        "3": 0.0225,
        "4": 0.0033,
        "5": 0.00267,
        "6": 0.00257,
        "7": 0.00313,
        "8": 0.00409,
        "9": 0.00495,
        "10": 0.00513,
        "11": 0.00537,
        "12": 0.00521,
        "13": 0.00549,
        "14": 0.00592,
        "15": 0.00617,
        "16": 0.00692,
        "17": 0.00716,
        "18": 0.00739,
        "19": 0.00838,
        "20": 0.0109,
        "21": 0.0128,
        "22": 0.0151,
        "23": 0.017,
        "24": 0.0162,
        "25": 0.0144,
        "26": 0.0145,
        "27": 0.0154,
        "28": 0.0358
    },
    "mmlu_moral_scenarios_claude": {
        "0": 0.0655,
        "1": 0.0172,
        "2": 0.0168,
        "3": 0.0176,
        "4": 0.0029,
        "5": 0.00229,
        "6": 0.00251,
        "7": 0.00298,
        "8": 0.00355,
        "9": 0.00439,
        "10": 0.00451,
        "11": 0.00464,
        "12": 0.00461,
        "13": 0.005,
        "14": 0.00521,
        "15": 0.00555,
        "16": 0.00578,
        "17": 0.00605,
        "18": 0.00641,
        "19": 0.00736,
        "20": 0.00942,
        "21": 0.0113,
        "22": 0.0134,
        "23": 0.0154,
        "24": 0.015,
        "25": 0.0131,
        "26": 0.0128,
        "27": 0.0125,
        "28": 0.0275
    },
    "mmlu_moral_scenarios_mini_gpt4": {
        "0": 0.0585,
        "1": 0.0165,
        "2": 0.0179,
        "3": 0.0203,
        "4": 0.00283,
        "5": 0.00236,
        "6": 0.00233,
        "7": 0.00295,
        "8": 0.0036,
        "9": 0.00431,
        "10": 0.00459,
        "11": 0.00492,
        "12": 0.00488,
        "13": 0.00524,
        "14": 0.00566,
        "15": 0.00576,
        "16": 0.00677,
        "17": 0.007,
        "18": 0.00731,
        "19": 0.00835,
        "20": 0.0112,
        "21": 0.0132,
        "22": 0.0155,
        "23": 0.0173,
        "24": 0.0168,
        "25": 0.0147,
        "26": 0.015,
        "27": 0.016,
        "28": 0.0313
    },
    "mmlu_moral_scenarios_groundtruth": {
        "0": 0.64,
        "1": 0.263,
        "2": 0.236,
        "3": 0.32,
        "4": 0.0189,
        "5": 0.014,
        "6": 0.0153,
        "7": 0.0183,
        "8": 0.0207,
        "9": 0.0237,
        "10": 0.0273,
        "11": 0.029,
        "12": 0.0285,
        "13": 0.0289,
        "14": 0.0323,
        "15": 0.0354,
        "16": 0.0401,
        "17": 0.0422,
        "18": 0.0448,
        "19": 0.0517,
        "20": 0.0775,
        "21": 0.0987,
        "22": 0.131,
        "23": 0.174,
        "24": 0.228,
        "25": 0.271,
        "26": 0.312,
        "27": 0.273,
        "28": 0.569
    },
    "mmlu_moral_scenarios_gpt4_style_in_context_examples": {
        "0": 0.0605,
        "1": 0.0152,
        "2": 0.0155,
        "3": 0.0164,
        "4": 0.00368,
        "5": 0.00291,
        "6": 0.00286,
        "7": 0.00345,
        "8": 0.0043,
        "9": 0.00526,
        "10": 0.00558,
        "11": 0.00594,
        "12": 0.00578,
        "13": 0.00615,
        "14": 0.00654,
        "15": 0.00693,
        "16": 0.00736,
        "17": 0.00763,
        "18": 0.00773,
        "19": 0.00876,
        "20": 0.0114,
        "21": 0.0135,
        "22": 0.0153,
        "23": 0.0173,
        "24": 0.0163,
        "25": 0.0139,
        "26": 0.0136,
        "27": 0.0126,
        "28": 0.0311
    },
    "mmlu_moral_scenarios_openai_human_written_examples": {
        "0": 0.0863,
        "1": 0.0248,
        "2": 0.0267,
        "3": 0.0312,
        "4": 0.00605,
        "5": 0.00467,
        "6": 0.00492,
        "7": 0.00586,
        "8": 0.0068,
        "9": 0.00812,
        "10": 0.00854,
        "11": 0.00894,
        "12": 0.00851,
        "13": 0.00897,
        "14": 0.00944,
        "15": 0.0102,
        "16": 0.0115,
        "17": 0.0119,
        "18": 0.0125,
        "19": 0.014,
        "20": 0.0194,
        "21": 0.0225,
        "22": 0.0265,
        "23": 0.0306,
        "24": 0.0312,
        "25": 0.0279,
        "26": 0.0274,
        "27": 0.0235,
        "28": 0.0531
    }
}