{
    "squad_step_by_step": {
        "0": 0.145,
        "1": 0.0476,
        "2": 0.0488,
        "3": 0.0527,
        "4": 0.00757,
        "5": 0.00555,
        "6": 0.0061,
        "7": 0.00718,
        "8": 0.00812,
        "9": 0.00929,
        "10": 0.0109,
        "11": 0.0117,
        "12": 0.0112,
        "13": 0.0117,
        "14": 0.013,
        "15": 0.0144,
        "16": 0.0156,
        "17": 0.0169,
        "18": 0.0182,
        "19": 0.0202,
        "20": 0.0299,
        "21": 0.0375,
        "22": 0.0495,
        "23": 0.0658,
        "24": 0.0865,
        "25": 0.0998,
        "26": 0.111,
        "27": 0.0739,
        "28": 0.168
    },
    "squad_gpt4": {
        "0": 0.13,
        "1": 0.0388,
        "2": 0.0365,
        "3": 0.0384,
        "4": 0.00273,
        "5": 0.00202,
        "6": 0.00218,
        "7": 0.0027,
        "8": 0.00337,
        "9": 0.00394,
        "10": 0.00482,
        "11": 0.00493,
        "12": 0.00487,
        "13": 0.005,
        "14": 0.00539,
        "15": 0.00605,
        "16": 0.00658,
        "17": 0.00695,
        "18": 0.00736,
        "19": 0.00832,
        "20": 0.0126,
        "21": 0.0159,
        "22": 0.0215,
        "23": 0.0291,
        "24": 0.0408,
        "25": 0.0498,
        "26": 0.0579,
        "27": 0.0495,
        "28": 0.104
    },
    "squad_claude": {
        "0": 0.12,
        "1": 0.0385,
        "2": 0.0408,
        "3": 0.0413,
        "4": 0.0055,
        "5": 0.00441,
        "6": 0.00464,
        "7": 0.00566,
        "8": 0.0063,
        "9": 0.00734,
        "10": 0.00884,
        "11": 0.00924,
        "12": 0.00884,
        "13": 0.00907,
        "14": 0.0102,
        "15": 0.0113,
        "16": 0.0125,
        "17": 0.0133,
        "18": 0.0141,
        "19": 0.0158,
        "20": 0.0238,
        "21": 0.0303,
        "22": 0.0402,
        "23": 0.0533,
        "24": 0.0717,
        "25": 0.0829,
        "26": 0.0917,
        "27": 0.0578,
        "28": 0.124
    },
    "squad_mini_gpt4": {
        "0": 0.134,
        "1": 0.0401,
        "2": 0.0369,
        "3": 0.0391,
        "4": 0.00192,
        "5": 0.00148,
        "6": 0.00143,
        "7": 0.0019,
        "8": 0.00234,
        "9": 0.0029,
        "10": 0.00337,
        "11": 0.00363,
        "12": 0.00353,
        "13": 0.00365,
        "14": 0.00404,
        "15": 0.00459,
        "16": 0.00511,
        "17": 0.0055,
        "18": 0.00571,
        "19": 0.00659,
        "20": 0.00993,
        "21": 0.0126,
        "22": 0.0177,
        "23": 0.024,
        "24": 0.034,
        "25": 0.0425,
        "26": 0.0503,
        "27": 0.0497,
        "28": 0.117
    },
    "squad_groundtruth": {
        "0": 0.539,
        "1": 0.21,
        "2": 0.15,
        "3": 0.243,
        "4": 0.00229,
        "5": 0.00173,
        "6": 0.00187,
        "7": 0.00221,
        "8": 0.00282,
        "9": 0.00339,
        "10": 0.00436,
        "11": 0.00467,
        "12": 0.00479,
        "13": 0.00474,
        "14": 0.00539,
        "15": 0.00575,
        "16": 0.00636,
        "17": 0.00664,
        "18": 0.00667,
        "19": 0.00767,
        "20": 0.0113,
        "21": 0.0147,
        "22": 0.0204,
        "23": 0.0294,
        "24": 0.0446,
        "25": 0.061,
        "26": 0.0787,
        "27": 0.151,
        "28": 0.36
    },
    "squad_gpt4_style_in_context_examples": {
        "0": 0.153,
        "1": 0.0477,
        "2": 0.0489,
        "3": 0.0512,
        "4": 0.00812,
        "5": 0.0061,
        "6": 0.00649,
        "7": 0.00791,
        "8": 0.00889,
        "9": 0.0101,
        "10": 0.0121,
        "11": 0.0128,
        "12": 0.0125,
        "13": 0.0127,
        "14": 0.014,
        "15": 0.0157,
        "16": 0.0172,
        "17": 0.0187,
        "18": 0.0197,
        "19": 0.0222,
        "20": 0.0338,
        "21": 0.0418,
        "22": 0.0543,
        "23": 0.0712,
        "24": 0.0928,
        "25": 0.105,
        "26": 0.116,
        "27": 0.0759,
        "28": 0.164
    },
    "squad_openai_human_written_examples": {
        "0": 0.133,
        "1": 0.0382,
        "2": 0.0339,
        "3": 0.0387,
        "4": 0.00107,
        "5": 0.000781,
        "6": 0.000814,
        "7": 0.00112,
        "8": 0.00138,
        "9": 0.00173,
        "10": 0.00207,
        "11": 0.00239,
        "12": 0.00213,
        "13": 0.00238,
        "14": 0.00264,
        "15": 0.00286,
        "16": 0.00314,
        "17": 0.0035,
        "18": 0.00361,
        "19": 0.00396,
        "20": 0.00597,
        "21": 0.00732,
        "22": 0.0104,
        "23": 0.0143,
        "24": 0.0207,
        "25": 0.027,
        "26": 0.033,
        "27": 0.0436,
        "28": 0.102
    }
}