{
    "piqa_step_by_step": {
        "0": 0.105,
        "1": 0.0614,
        "2": 0.00625,
        "3": 0.0146,
        "4": 0.0194,
        "5": 0.0286,
        "6": 0.042,
        "7": 0.0562,
        "8": 0.0754,
        "9": 0.0788,
        "10": 0.0942,
        "11": 0.108,
        "12": 0.126,
        "13": 0.148,
        "14": 0.141,
        "15": 0.151,
        "16": 0.165,
        "17": 0.186,
        "18": 0.18,
        "19": 0.205,
        "20": 0.208,
        "21": 0.196,
        "22": 0.182,
        "23": 0.171,
        "24": 0.177,
        "25": 0.169,
        "26": 0.159,
        "27": 0.16,
        "28": 0.159,
        "29": 0.162,
        "30": 0.14,
        "31": 0.134,
        "32": 0.192
    },
    "piqa_gpt4": {
        "0": 0.121,
        "1": 0.0403,
        "2": 0.00313,
        "3": 0.0061,
        "4": 0.00864,
        "5": 0.0131,
        "6": 0.0197,
        "7": 0.0275,
        "8": 0.0387,
        "9": 0.0424,
        "10": 0.0503,
        "11": 0.0574,
        "12": 0.0643,
        "13": 0.0748,
        "14": 0.0754,
        "15": 0.0815,
        "16": 0.0951,
        "17": 0.109,
        "18": 0.11,
        "19": 0.131,
        "20": 0.14,
        "21": 0.139,
        "22": 0.136,
        "23": 0.133,
        "24": 0.138,
        "25": 0.135,
        "26": 0.13,
        "27": 0.132,
        "28": 0.133,
        "29": 0.137,
        "30": 0.12,
        "31": 0.119,
        "32": 0.172
    },
    "piqa_claude": {
        "0": 0.104,
        "1": 0.0489,
        "2": 0.00337,
        "3": 0.00742,
        "4": 0.0107,
        "5": 0.0165,
        "6": 0.0255,
        "7": 0.0358,
        "8": 0.0519,
        "9": 0.0568,
        "10": 0.0664,
        "11": 0.076,
        "12": 0.0875,
        "13": 0.101,
        "14": 0.101,
        "15": 0.111,
        "16": 0.13,
        "17": 0.147,
        "18": 0.142,
        "19": 0.168,
        "20": 0.168,
        "21": 0.159,
        "22": 0.15,
        "23": 0.144,
        "24": 0.151,
        "25": 0.145,
        "26": 0.137,
        "27": 0.14,
        "28": 0.14,
        "29": 0.142,
        "30": 0.123,
        "31": 0.115,
        "32": 0.172
    },
    "piqa_mini_gpt4": {
        "0": 0.102,
        "1": 0.0352,
        "2": 0.00146,
        "3": 0.00356,
        "4": 0.00518,
        "5": 0.00815,
        "6": 0.0127,
        "7": 0.0175,
        "8": 0.0252,
        "9": 0.0282,
        "10": 0.0342,
        "11": 0.0399,
        "12": 0.0468,
        "13": 0.0555,
        "14": 0.0567,
        "15": 0.063,
        "16": 0.0756,
        "17": 0.0926,
        "18": 0.0935,
        "19": 0.114,
        "20": 0.122,
        "21": 0.121,
        "22": 0.116,
        "23": 0.114,
        "24": 0.119,
        "25": 0.115,
        "26": 0.11,
        "27": 0.113,
        "28": 0.112,
        "29": 0.116,
        "30": 0.102,
        "31": 0.1,
        "32": 0.148
    },
    "piqa_groundtruth": {
        "0": 0.75,
        "1": 0.623,
        "2": 0.0339,
        "3": 0.0372,
        "4": 0.0405,
        "5": 0.0443,
        "6": 0.0532,
        "7": 0.0621,
        "8": 0.0783,
        "9": 0.0818,
        "10": 0.094,
        "11": 0.103,
        "12": 0.115,
        "13": 0.13,
        "14": 0.134,
        "15": 0.146,
        "16": 0.182,
        "17": 0.219,
        "18": 0.23,
        "19": 0.293,
        "20": 0.35,
        "21": 0.393,
        "22": 0.416,
        "23": 0.426,
        "24": 0.45,
        "25": 0.461,
        "26": 0.475,
        "27": 0.516,
        "28": 0.558,
        "29": 0.64,
        "30": 0.742,
        "31": 0.901,
        "32": 0.836
    },
    "piqa_gpt4_style_in_context_examples": {
        "0": 0.117,
        "1": 0.0334,
        "2": 0.000879,
        "3": 0.00161,
        "4": 0.00254,
        "5": 0.00425,
        "6": 0.00718,
        "7": 0.0114,
        "8": 0.017,
        "9": 0.0202,
        "10": 0.0244,
        "11": 0.0312,
        "12": 0.0368,
        "13": 0.0445,
        "14": 0.048,
        "15": 0.0532,
        "16": 0.0653,
        "17": 0.0776,
        "18": 0.0809,
        "19": 0.0982,
        "20": 0.109,
        "21": 0.112,
        "22": 0.111,
        "23": 0.11,
        "24": 0.115,
        "25": 0.114,
        "26": 0.111,
        "27": 0.114,
        "28": 0.114,
        "29": 0.12,
        "30": 0.107,
        "31": 0.108,
        "32": 0.161
    },
    "piqa_openai_human_written_examples": {
        "0": 0.136,
        "1": 0.0429,
        "2": 0.000928,
        "3": 0.00171,
        "4": 0.00278,
        "5": 0.00435,
        "6": 0.00752,
        "7": 0.0112,
        "8": 0.0172,
        "9": 0.0195,
        "10": 0.0239,
        "11": 0.0281,
        "12": 0.0332,
        "13": 0.0401,
        "14": 0.0443,
        "15": 0.0482,
        "16": 0.0633,
        "17": 0.0772,
        "18": 0.0809,
        "19": 0.101,
        "20": 0.115,
        "21": 0.123,
        "22": 0.124,
        "23": 0.124,
        "24": 0.132,
        "25": 0.132,
        "26": 0.129,
        "27": 0.134,
        "28": 0.135,
        "29": 0.145,
        "30": 0.132,
        "31": 0.135,
        "32": 0.191
    },
    "piqa_simple_response": {
        "0": 0.16,
        "1": 0.0637,
        "2": 0.00171,
        "3": 0.00293,
        "4": 0.004,
        "5": 0.00552,
        "6": 0.00884,
        "7": 0.0124,
        "8": 0.0182,
        "9": 0.0202,
        "10": 0.0248,
        "11": 0.0277,
        "12": 0.0329,
        "13": 0.0391,
        "14": 0.0416,
        "15": 0.0462,
        "16": 0.0611,
        "17": 0.0764,
        "18": 0.0798,
        "19": 0.1,
        "20": 0.113,
        "21": 0.122,
        "22": 0.126,
        "23": 0.126,
        "24": 0.133,
        "25": 0.133,
        "26": 0.131,
        "27": 0.138,
        "28": 0.139,
        "29": 0.148,
        "30": 0.136,
        "31": 0.137,
        "32": 0.189
    }
}