{
    "ecqa_step_by_step": {
        "0": 0.117,
        "1": 0.0386,
        "2": 0.0441,
        "3": 0.042,
        "4": 0.019,
        "5": 0.0145,
        "6": 0.0154,
        "7": 0.0176,
        "8": 0.0205,
        "9": 0.0231,
        "10": 0.0254,
        "11": 0.0264,
        "12": 0.0261,
        "13": 0.0261,
        "14": 0.028,
        "15": 0.0296,
        "16": 0.0328,
        "17": 0.0344,
        "18": 0.0365,
        "19": 0.0422,
        "20": 0.0577,
        "21": 0.0692,
        "22": 0.0813,
        "23": 0.0961,
        "24": 0.104,
        "25": 0.098,
        "26": 0.0974,
        "27": 0.0452,
        "28": 0.0751
    },
    "ecqa_gpt4": {
        "0": 0.114,
        "1": 0.037,
        "2": 0.039,
        "3": 0.0396,
        "4": 0.00557,
        "5": 0.0042,
        "6": 0.00454,
        "7": 0.00537,
        "8": 0.00669,
        "9": 0.00771,
        "10": 0.00879,
        "11": 0.00928,
        "12": 0.00889,
        "13": 0.00894,
        "14": 0.00962,
        "15": 0.0106,
        "16": 0.0119,
        "17": 0.0127,
        "18": 0.0136,
        "19": 0.016,
        "20": 0.0229,
        "21": 0.0289,
        "22": 0.0364,
        "23": 0.0455,
        "24": 0.0527,
        "25": 0.0539,
        "26": 0.0564,
        "27": 0.0361,
        "28": 0.0739
    },
    "ecqa_claude": {
        "0": 0.116,
        "1": 0.0387,
        "2": 0.0423,
        "3": 0.0408,
        "4": 0.00591,
        "5": 0.00454,
        "6": 0.00493,
        "7": 0.00591,
        "8": 0.00737,
        "9": 0.00889,
        "10": 0.0103,
        "11": 0.011,
        "12": 0.0105,
        "13": 0.0108,
        "14": 0.0116,
        "15": 0.0127,
        "16": 0.0141,
        "17": 0.0148,
        "18": 0.0158,
        "19": 0.019,
        "20": 0.028,
        "21": 0.035,
        "22": 0.0448,
        "23": 0.0558,
        "24": 0.0635,
        "25": 0.0637,
        "26": 0.0647,
        "27": 0.0365,
        "28": 0.0694
    },
    "ecqa_mini_gpt4": {
        "0": 0.126,
        "1": 0.0378,
        "2": 0.0401,
        "3": 0.0402,
        "4": 0.00474,
        "5": 0.00366,
        "6": 0.00366,
        "7": 0.00464,
        "8": 0.00581,
        "9": 0.00684,
        "10": 0.00771,
        "11": 0.0083,
        "12": 0.00811,
        "13": 0.00796,
        "14": 0.00874,
        "15": 0.00977,
        "16": 0.0109,
        "17": 0.0119,
        "18": 0.0123,
        "19": 0.0148,
        "20": 0.0215,
        "21": 0.0269,
        "22": 0.0341,
        "23": 0.0421,
        "24": 0.0487,
        "25": 0.0498,
        "26": 0.0522,
        "27": 0.0374,
        "28": 0.0716
    },
    "ecqa_groundtruth": {
        "0": 0.185,
        "1": 0.0533,
        "2": 0.0511,
        "3": 0.0556,
        "4": 0.00239,
        "5": 0.00181,
        "6": 0.00205,
        "7": 0.00273,
        "8": 0.00347,
        "9": 0.0042,
        "10": 0.00464,
        "11": 0.00527,
        "12": 0.00498,
        "13": 0.00498,
        "14": 0.00542,
        "15": 0.00586,
        "16": 0.00703,
        "17": 0.00728,
        "18": 0.00801,
        "19": 0.00957,
        "20": 0.0144,
        "21": 0.0181,
        "22": 0.0237,
        "23": 0.0291,
        "24": 0.0353,
        "25": 0.0374,
        "26": 0.0427,
        "27": 0.058,
        "28": 0.204
    },
    "ecqa_gpt4_style_in_context_examples": {
        "0": 0.112,
        "1": 0.0366,
        "2": 0.042,
        "3": 0.0407,
        "4": 0.0177,
        "5": 0.0132,
        "6": 0.0142,
        "7": 0.0166,
        "8": 0.0187,
        "9": 0.0217,
        "10": 0.0236,
        "11": 0.0249,
        "12": 0.0244,
        "13": 0.0241,
        "14": 0.0251,
        "15": 0.0272,
        "16": 0.0298,
        "17": 0.0311,
        "18": 0.033,
        "19": 0.0381,
        "20": 0.0529,
        "21": 0.0633,
        "22": 0.0746,
        "23": 0.088,
        "24": 0.0957,
        "25": 0.0917,
        "26": 0.0917,
        "27": 0.0427,
        "28": 0.0693
    },
    "ecqa_openai_human_written_examples": {
        "0": 0.122,
        "1": 0.0356,
        "2": 0.0398,
        "3": 0.0387,
        "4": 0.00684,
        "5": 0.00493,
        "6": 0.00562,
        "7": 0.00645,
        "8": 0.00796,
        "9": 0.00972,
        "10": 0.0105,
        "11": 0.0115,
        "12": 0.0112,
        "13": 0.0113,
        "14": 0.0122,
        "15": 0.013,
        "16": 0.0146,
        "17": 0.0155,
        "18": 0.0167,
        "19": 0.0193,
        "20": 0.0276,
        "21": 0.0348,
        "22": 0.0438,
        "23": 0.0543,
        "24": 0.0624,
        "25": 0.0629,
        "26": 0.065,
        "27": 0.0407,
        "28": 0.0759
    },
    "ecqa_simple_response": {
        "0": 0.168,
        "1": 0.0471,
        "2": 0.0418,
        "3": 0.0471,
        "4": 0.00298,
        "5": 0.00239,
        "6": 0.00234,
        "7": 0.00273,
        "8": 0.00342,
        "9": 0.00405,
        "10": 0.00449,
        "11": 0.00474,
        "12": 0.00479,
        "13": 0.00483,
        "14": 0.00513,
        "15": 0.00571,
        "16": 0.00654,
        "17": 0.00708,
        "18": 0.00742,
        "19": 0.00894,
        "20": 0.0128,
        "21": 0.0164,
        "22": 0.0213,
        "23": 0.0265,
        "24": 0.0318,
        "25": 0.034,
        "26": 0.0376,
        "27": 0.0438,
        "28": 0.131
    },
    "ecqa_rewrite_groundtruth_in_own_words": {
        "0": 0.142,
        "1": 0.0426,
        "2": 0.0438,
        "3": 0.045,
        "4": 0.00264,
        "5": 0.0019,
        "6": 0.00205,
        "7": 0.00254,
        "8": 0.00332,
        "9": 0.0043,
        "10": 0.00459,
        "11": 0.00527,
        "12": 0.00503,
        "13": 0.00532,
        "14": 0.00552,
        "15": 0.0062,
        "16": 0.00723,
        "17": 0.00752,
        "18": 0.00854,
        "19": 0.00972,
        "20": 0.0141,
        "21": 0.0175,
        "22": 0.0232,
        "23": 0.0291,
        "24": 0.0338,
        "25": 0.0358,
        "26": 0.0388,
        "27": 0.0415,
        "28": 0.0959
    }
}