{
    "api_bank_step_by_step": {
        "0": 0.222,
        "1": 0.0542,
        "2": 0.061,
        "3": 0.07,
        "4": 0.0161,
        "5": 0.0126,
        "6": 0.0133,
        "7": 0.0156,
        "8": 0.0175,
        "9": 0.0198,
        "10": 0.0211,
        "11": 0.0216,
        "12": 0.0215,
        "13": 0.0223,
        "14": 0.0238,
        "15": 0.0246,
        "16": 0.0279,
        "17": 0.0298,
        "18": 0.032,
        "19": 0.0362,
        "20": 0.0507,
        "21": 0.0602,
        "22": 0.0733,
        "23": 0.0893,
        "24": 0.0931,
        "25": 0.0857,
        "26": 0.0847,
        "27": 0.0544,
        "28": 0.488
    },
    "api_bank_gpt4": {
        "0": 0.237,
        "1": 0.0592,
        "2": 0.0598,
        "3": 0.0682,
        "4": 0.00894,
        "5": 0.00684,
        "6": 0.00747,
        "7": 0.0084,
        "8": 0.00986,
        "9": 0.0115,
        "10": 0.0119,
        "11": 0.0125,
        "12": 0.0123,
        "13": 0.0128,
        "14": 0.014,
        "15": 0.0142,
        "16": 0.016,
        "17": 0.0173,
        "18": 0.0187,
        "19": 0.0212,
        "20": 0.0283,
        "21": 0.0337,
        "22": 0.0429,
        "23": 0.0533,
        "24": 0.0576,
        "25": 0.0559,
        "26": 0.0581,
        "27": 0.0531,
        "28": 0.493
    },
    "api_bank_claude": {
        "0": 0.25,
        "1": 0.0627,
        "2": 0.0653,
        "3": 0.0716,
        "4": 0.00728,
        "5": 0.00601,
        "6": 0.00645,
        "7": 0.00747,
        "8": 0.00898,
        "9": 0.0104,
        "10": 0.0109,
        "11": 0.0112,
        "12": 0.0111,
        "13": 0.0119,
        "14": 0.0127,
        "15": 0.0134,
        "16": 0.0153,
        "17": 0.0167,
        "18": 0.0179,
        "19": 0.0209,
        "20": 0.029,
        "21": 0.0349,
        "22": 0.0455,
        "23": 0.0569,
        "24": 0.0626,
        "25": 0.0605,
        "26": 0.0624,
        "27": 0.0495,
        "28": 0.531
    },
    "api_bank_mini_gpt4": {
        "0": 0.243,
        "1": 0.062,
        "2": 0.0639,
        "3": 0.0716,
        "4": 0.00737,
        "5": 0.00566,
        "6": 0.0062,
        "7": 0.00713,
        "8": 0.00864,
        "9": 0.00996,
        "10": 0.0107,
        "11": 0.0111,
        "12": 0.0109,
        "13": 0.0116,
        "14": 0.0124,
        "15": 0.0129,
        "16": 0.0145,
        "17": 0.0155,
        "18": 0.0166,
        "19": 0.0188,
        "20": 0.0254,
        "21": 0.0309,
        "22": 0.0401,
        "23": 0.0507,
        "24": 0.0567,
        "25": 0.0558,
        "26": 0.0583,
        "27": 0.0516,
        "28": 0.535
    },
    "api_bank_groundtruth": {
        "0": 0.176,
        "1": 0.0554,
        "2": 0.0529,
        "3": 0.0685,
        "4": 0.0115,
        "5": 0.00845,
        "6": 0.00913,
        "7": 0.0104,
        "8": 0.0119,
        "9": 0.0134,
        "10": 0.0146,
        "11": 0.0155,
        "12": 0.0152,
        "13": 0.0159,
        "14": 0.0175,
        "15": 0.0187,
        "16": 0.0207,
        "17": 0.0217,
        "18": 0.0228,
        "19": 0.0246,
        "20": 0.0324,
        "21": 0.0393,
        "22": 0.0498,
        "23": 0.0637,
        "24": 0.078,
        "25": 0.0872,
        "26": 0.0987,
        "27": 0.0623,
        "28": 0.224
    },
    "api_bank_gpt4_style_in_context_examples": {
        "0": 0.225,
        "1": 0.0576,
        "2": 0.0602,
        "3": 0.067,
        "4": 0.00693,
        "5": 0.00542,
        "6": 0.00586,
        "7": 0.00688,
        "8": 0.00815,
        "9": 0.00957,
        "10": 0.0103,
        "11": 0.0105,
        "12": 0.0104,
        "13": 0.0109,
        "14": 0.0117,
        "15": 0.0123,
        "16": 0.0137,
        "17": 0.015,
        "18": 0.0162,
        "19": 0.0182,
        "20": 0.0244,
        "21": 0.0299,
        "22": 0.0391,
        "23": 0.0495,
        "24": 0.0559,
        "25": 0.0559,
        "26": 0.0585,
        "27": 0.0492,
        "28": 0.502
    },
    "api_bank_openai_human_written_examples": {
        "0": 0.217,
        "1": 0.0554,
        "2": 0.0567,
        "3": 0.0633,
        "4": 0.00801,
        "5": 0.00615,
        "6": 0.00659,
        "7": 0.00757,
        "8": 0.00874,
        "9": 0.0103,
        "10": 0.011,
        "11": 0.0117,
        "12": 0.0115,
        "13": 0.0118,
        "14": 0.0129,
        "15": 0.0133,
        "16": 0.0147,
        "17": 0.016,
        "18": 0.0173,
        "19": 0.0192,
        "20": 0.0259,
        "21": 0.0313,
        "22": 0.0405,
        "23": 0.0512,
        "24": 0.0576,
        "25": 0.0563,
        "26": 0.0583,
        "27": 0.0462,
        "28": 0.502
    },
    "api_bank_simple_response": {
        "0": 0.232,
        "1": 0.0574,
        "2": 0.0588,
        "3": 0.0685,
        "4": 0.00889,
        "5": 0.00688,
        "6": 0.00732,
        "7": 0.00815,
        "8": 0.00996,
        "9": 0.0111,
        "10": 0.012,
        "11": 0.0125,
        "12": 0.0124,
        "13": 0.013,
        "14": 0.014,
        "15": 0.0144,
        "16": 0.016,
        "17": 0.0172,
        "18": 0.0184,
        "19": 0.0199,
        "20": 0.0258,
        "21": 0.0311,
        "22": 0.0394,
        "23": 0.05,
        "24": 0.0565,
        "25": 0.056,
        "26": 0.0583,
        "27": 0.0486,
        "28": 0.409
    }
}