{
    "mmlu_moral_scenarios_step_by_step": 3.2462910985946656,
    "mmlu_moral_scenarios_claude": 2.897831324338913,
    "mmlu_moral_scenarios_gpt4_style_in_context_examples": 3.3223023128509523,
    "mmlu_moral_scenarios_gpt4": 3.4850282216072084,
    "mmlu_moral_scenarios_mini_gpt4": 3.0713485646247864,
    "mmlu_moral_scenarios_groundtruth": 194.49122468948363,
    "mmlu_moral_scenarios_openai_human_written_examples": 4.143888590335846
}