{
    "mmlu_step_by_step": 4.347347283363343,
    "mmlu_claude": 3.212366882960002,
    "mmlu_gpt4_style_in_context_examples": 4.770552388827006,
    "mmlu_gpt4": 4.923638153076172,
    "mmlu_mini_gpt4": 4.593413472175598,
    "mmlu_groundtruth": 25.995506731669106,
    "mmlu_openai_human_written_examples": 5.2117065270741785
}