{
    "plan_bench_generalization_step_by_step": 1.7700053131580353,
    "plan_bench_generalization_claude": 2.0664476597309114,
    "plan_bench_generalization_gpt4_style_in_context_examples": 1.6269055503606795,
    "plan_bench_generalization_gpt4": 2.0780969572067263,
    "plan_bench_generalization_mini_gpt4": 2.1331536942720413,
    "plan_bench_generalization_groundtruth": 1.7105798679590225,
    "plan_bench_generalization_openai_human_written_examples": 2.523442416191101,
    "plan_bench_generalization_rewrite_groundtruth_in_own_words": 2.2912799495458605
}