{
    "boolq_step_by_step": 3.550683789253235,
    "boolq_claude": 2.8785016453266143,
    "boolq_gpt4_style_in_context_examples": 3.3424261077245077,
    "boolq_gpt4": 3.8056361055374146,
    "boolq_mini_gpt4": 3.9318388414382937,
    "boolq_groundtruth": 10.778139015833537,
    "boolq_openai_human_written_examples": 2.8028269159793853
}