{
    "mmlu_moral_scenarios_step_by_step": 3.0858151507377625,
    "mmlu_moral_scenarios_claude": 2.8033289873600005,
    "mmlu_moral_scenarios_gpt4_style_in_context_examples": 3.239392569065094,
    "mmlu_moral_scenarios_gpt4": 3.4432960677146913,
    "mmlu_moral_scenarios_mini_gpt4": 3.1851959156990053
}