{
    "plan_bench_execution_step_by_step": 1.8484669691324234,
    "plan_bench_execution_claude": 1.8653397035598756,
    "plan_bench_execution_gpt4_style_in_context_examples": 2.30466835975647,
    "plan_bench_execution_gpt4": 1.9965482366085052,
    "plan_bench_execution_mini_gpt4": 2.7856109285354616,
    "plan_bench_execution_groundtruth": 1.9682031643390656,
    "plan_bench_execution_openai_human_written_examples": 2.3209600621461868,
    "plan_bench_execution_rewrite_groundtruth_in_own_words": 2.6552399015426635
}