{
    "plan_bench_generation_step_by_step": 2.2592925107479096,
    "plan_bench_generation_claude": 2.007440347671509,
    "plan_bench_generation_gpt4_style_in_context_examples": 2.2929351419210433,
    "plan_bench_generation_gpt4": 2.471285854578018,
    "plan_bench_generation_mini_gpt4": 2.704568311572075,
    "plan_bench_generation_groundtruth": 4.248050290942192,
    "plan_bench_generation_openai_human_written_examples": 2.691491351723671,
    "plan_bench_generation_rewrite_groundtruth_in_own_words": 2.49102060854435
}