{
    "mmlu_moral_scenarios_step_by_step": 3.9184195041656493,
    "mmlu_moral_scenarios_claude": 2.9329468667507173,
    "mmlu_moral_scenarios_gpt4_style_in_context_examples": 3.13084308385849,
    "mmlu_moral_scenarios_gpt4": 4.129510412216186,
    "mmlu_moral_scenarios_mini_gpt4": 3.8051934170722963,
    "mmlu_moral_scenarios_groundtruth": 114.01663964152335,
    "mmlu_moral_scenarios_openai_human_written_examples": 4.87300820350647
}