{
    "plan_bench_verification_step_by_step": 1.585317451953888,
    "plan_bench_verification_claude": 1.7212839245796203,
    "plan_bench_verification_gpt4_style_in_context_examples": 1.4835211992263795,
    "plan_bench_verification_gpt4": 1.5803038001060485,
    "plan_bench_verification_mini_gpt4": 2.2876480627059936,
    "plan_bench_verification_groundtruth": 14.261755237579345,
    "plan_bench_verification_openai_human_written_examples": 2.0413355231285095,
    "plan_bench_verification_rewrite_groundtruth_in_own_words": 3.060170569419861
}