{
    "mmlu_moral_scenarios_step_by_step": 3.7114621448516845,
    "mmlu_moral_scenarios_claude": 2.826268877983093,
    "mmlu_moral_scenarios_gpt4_style_in_context_examples": 3.1880847215652466,
    "mmlu_moral_scenarios_gpt4": 4.147773418426514,
    "mmlu_moral_scenarios_mini_gpt4": 3.803226923942566,
    "mmlu_moral_scenarios_groundtruth": 110.15286905527115,
    "mmlu_moral_scenarios_openai_human_written_examples": 5.042592239379883
}