{
    "mbpp_step_by_step": 3.386942648887634,
    "mbpp_claude": 5.531194560527801,
    "mbpp_gpt4_style_in_context_examples": 4.480688388347626
}