{
    "mbpp_step_by_step": 1.9191444555918376,
    "mbpp_claude": 2.2643100738525392,
    "mbpp_gpt4_style_in_context_examples": 1.8808071454366049,
    "mbpp_gpt4": 2.256744456291199,
    "mbpp_mini_gpt4": 2.98594837586085,
    "mbpp_groundtruth": 8.429442536830901,
    "mbpp_openai_human_written_examples": 2.442002622286479,
    "mbpp_rewrite_groundtruth_in_own_words": 3.7992982268333435
}