{
    "mmlu_moral_scenarios_step_by_step": 3.812442660331726,
    "mmlu_moral_scenarios_claude": 2.6900450825691222,
    "mmlu_moral_scenarios_gpt4_style_in_context_examples": 3.292132115364075,
    "mmlu_moral_scenarios_gpt4": 4.390468287467956,
    "mmlu_moral_scenarios_mini_gpt4": 3.9430195331573485,
    "mmlu_moral_scenarios_groundtruth": 163.54155080318452,
    "mmlu_moral_scenarios_openai_human_written_examples": 5.336702942848206
}