{
    "piqa_step_by_step": 4.182462549209594,
    "piqa_claude": 3.6703218460083007,
    "piqa_gpt4_style_in_context_examples": 5.21529495716095,
    "piqa_gpt4": 5.541823363304138,
    "piqa_mini_gpt4": 4.04245913028717,
    "piqa_groundtruth": 118.40206260681153,
    "piqa_openai_human_written_examples": 4.979496884346008
}