{
    "gsm8k_step_by_step": 1.5248302078247071,
    "gsm8k_claude": 1.7316747403144837,
    "gsm8k_gpt4_style_in_context_examples": 1.694906361103058,
    "gsm8k_gpt4": 1.6011756038665772,
    "gsm8k_mini_gpt4": 1.5704561352729798,
    "gsm8k_groundtruth": 2.2870981764793394,
    "gsm8k_openai_human_written_examples": 1.7076088380813599,
    "gsm8k_rewrite_groundtruth_in_own_words": 3.084105176925659
}