{
    "math_geometry_step_by_step": 2.331578801870346,
    "math_geometry_claude": 2.40010288476944,
    "math_geometry_gpt4_style_in_context_examples": 3.7866492426395415,
    "math_geometry_gpt4": 2.3910252594947816,
    "math_geometry_mini_gpt4": 2.3399240624904634,
    "math_geometry_groundtruth": 2.8601996862888335,
    "math_geometry_openai_human_written_examples": 4.1449018371105195
}