{
    "plan_bench_generation_step_by_step": 2.007748059431712,
    "plan_bench_generation_claude": 1.940514826774597,
    "plan_bench_generation_gpt4_style_in_context_examples": 1.9709393978118896,
    "plan_bench_generation_gpt4": 2.3034227967262266,
    "plan_bench_generation_mini_gpt4": 2.4804096460342406,
    "plan_bench_generation_groundtruth": 4.212941654523214,
    "plan_bench_generation_openai_human_written_examples": 2.544565963745117,
    "plan_bench_generation_rewrite_groundtruth_in_own_words": 2.1827338218688963
}