{
    "agieval_step_by_step": 4.227970650196076,
    "agieval_claude": 2.9437744319438934,
    "agieval_gpt4_style_in_context_examples": 4.318674823045731,
    "agieval_gpt4": 5.206116646528244
}