{
    "drop_step_by_step": 3.5760269582271578,
    "drop_claude": 2.554111751317978
}