{
    "mbpp_step_by_step": 2.3922961235046385,
    "mbpp_claude": 2.9834286534786223
}