{
    "winogrande_step_by_step": 4.240763545036316,
    "winogrande_claude": 3.682214879989624,
    "winogrande_gpt4_style_in_context_examples": 4.371453317006429,
    "winogrande_gpt4": 4.980539520581563,
    "winogrande_mini_gpt4": 4.444057965278626,
    "winogrande_groundtruth": 6.122278372446696,
    "winogrande_openai_human_written_examples": 3.878440463542938
}