{
    "math_algebra_step_by_step": 1.795586187839508,
    "math_algebra_claude": 1.882394540309906,
    "math_algebra_gpt4_style_in_context_examples": 3.6744785273075102,
    "math_algebra_gpt4": 1.8628478336334229,
    "math_algebra_mini_gpt4": 1.8554624223709106,
    "math_algebra_groundtruth": 2.491900587081909
}