{
    "agieval_step_by_step": 3.5454144954681395,
    "agieval_claude": 2.71648964881897,
    "agieval_gpt4_style_in_context_examples": 3.3926835020383197,
    "agieval_gpt4": 3.4777549544970197,
    "agieval_mini_gpt4": 3.4016667445500692,
    "agieval_groundtruth": 4975816.780476888,
    "agieval_openai_human_written_examples": 3.4900638659795127
}