{
    "ecqa_step_by_step": 2.9914034366607667,
    "ecqa_claude": 3.2094879150390625,
    "ecqa_gpt4_style_in_context_examples": 3.2101362466812136,
    "ecqa_gpt4": 3.742704248428345,
    "ecqa_mini_gpt4": 3.5567318320274355,
    "ecqa_groundtruth": 20.353907203674318,
    "ecqa_openai_human_written_examples": 3.2127039670944213,
    "ecqa_rewrite_groundtruth_in_own_words": 5.418384718894958
}