{
    "mmlu_moral_scenarios_step_by_step": 3.809843418598175,
    "mmlu_moral_scenarios_claude": 2.895514727830887,
    "mmlu_moral_scenarios_gpt4_style_in_context_examples": 3.1882844956715903,
    "mmlu_moral_scenarios_gpt4": 4.171659359931946,
    "mmlu_moral_scenarios_mini_gpt4": 3.922138137022654,
    "mmlu_moral_scenarios_groundtruth": 106.4506589782238,
    "mmlu_moral_scenarios_openai_human_written_examples": 5.0469974811871845
}