{
    "mmlu_moral_scenarios_step_by_step": 3.915724778175354,
    "mmlu_moral_scenarios_claude": 2.899949546655019,
    "mmlu_moral_scenarios_gpt4_style_in_context_examples": 3.1889816919962564,
    "mmlu_moral_scenarios_gpt4": 4.272371157010396,
    "mmlu_moral_scenarios_mini_gpt4": 3.838827649752299,
    "mmlu_moral_scenarios_groundtruth": 172.03791248401006,
    "mmlu_moral_scenarios_openai_human_written_examples": 4.850240095456441
}