{
    "mmlu_step_by_step": 4.767352947394053,
    "mmlu_claude": 3.4273565729459126,
    "mmlu_gpt4_style_in_context_examples": 4.644893296957016,
    "mmlu_gpt4": 4.874154532750447,
    "mmlu_mini_gpt4": 4.440694291989009,
    "mmlu_groundtruth": 25.407018575668335,
    "mmlu_openai_human_written_examples": 5.0974720827738444
}