{
    "winogrande_step_by_step": 3.985437388420105,
    "winogrande_claude": 3.5364942741394043,
    "winogrande_gpt4_style_in_context_examples": 3.806315402984619,
    "winogrande_gpt4": 4.425817484855652,
    "winogrande_mini_gpt4": 4.1737355136871335,
    "winogrande_groundtruth": 5.983081455230713,
    "winogrande_openai_human_written_examples": 3.9290829849243165
}