{
    "api_bank_step_by_step": 3.2538688802719116,
    "api_bank_claude": 3.2677439868450167
}