{
    "agieval_step_by_step": 4.317835144201914,
    "agieval_claude": 3.3477556864420572,
    "agieval_gpt4_style_in_context_examples": 4.5526426315307615,
    "agieval_gpt4": 4.601963373025258,
    "agieval_mini_gpt4": 4.4158060868581135,
    "agieval_groundtruth": 59618.27483723958,
    "agieval_openai_human_written_examples": 4.747139056523641
}