{
    "mmlu_step_by_step": 3.9453612923622132,
    "mmlu_claude": 3.069029664993286
}