{
    "arc_challenge_step_by_step": 2.758191442489624,
    "arc_challenge_claude": 2.80919463634491,
    "arc_challenge_gpt4_style_in_context_examples": 2.8244043469429014,
    "arc_challenge_gpt4": 2.990765833854675,
    "arc_challenge_mini_gpt4": 3.0034229159355164,
    "arc_challenge_groundtruth": 95585870.39042969,
    "arc_challenge_openai_human_written_examples": 3.489287257194519
}