{
    "mmlu_moral_scenarios_step_by_step": 3.0858151507377625,
    "mmlu_moral_scenarios_claude": 2.8033289873600005
}