{
    "plan_bench_execution_step_by_step": 1.7001162230968476,
    "plan_bench_execution_claude": 2.0417224740982056
}