{
    "drop_step_by_step": 2.9185420870780945,
    "drop_claude": 2.857946813106537,
    "drop_gpt4_style_in_context_examples": 3.198768901824951,
    "drop_gpt4": 3.2872451901435853,
    "drop_mini_gpt4": 5.366888642311096,
    "drop_groundtruth": 83.87618083953858,
    "drop_openai_human_written_examples": 3.0425354123115538
}