{
    "hellaswag_step_by_step": 3.8851088452339173,
    "hellaswag_claude": 2.907325100898743,
    "hellaswag_gpt4_style_in_context_examples": 2.66843093752861,
    "hellaswag_gpt4": 4.319932150840759,
    "hellaswag_mini_gpt4": 3.8761406421661375,
    "hellaswag_groundtruth": 1795348.5137695312
}