{
    "hellaswag_step_by_step": 4.673909361362457,
    "hellaswag_claude": 3.971639356613159
}