{
    "mmlu_pro_law_step_by_step": 4.540764806270599,
    "mmlu_pro_law_claude": 3.2101453518867493
}