{
    "boolq_step_by_step": 3.6475208044052123,
    "boolq_claude": 2.8423784446716307,
    "boolq_gpt4_style_in_context_examples": 3.355778782367706,
    "boolq_gpt4": 3.9256483578681944,
    "boolq_mini_gpt4": 4.0625475311279295,
    "boolq_groundtruth": 9.68737657546997,
    "boolq_openai_human_written_examples": 2.884562523365021
}