{
    "plan_bench_reuse_step_by_step": 2.201591026186943,
    "plan_bench_reuse_claude": 2.320648981332779,
    "plan_bench_reuse_gpt4_style_in_context_examples": 2.1584239059686663,
    "plan_bench_reuse_gpt4": 2.421665382385254,
    "plan_bench_reuse_mini_gpt4": 2.985443779230118,
    "plan_bench_reuse_groundtruth": 2.246008062958717,
    "plan_bench_reuse_openai_human_written_examples": 2.865372757315636,
    "plan_bench_reuse_rewrite_groundtruth_in_own_words": 3.1753507614135743
}