{
    "hellaswag_step_by_step": 3.6142438968022663,
    "hellaswag_claude": 2.763155635197957,
    "hellaswag_gpt4_style_in_context_examples": 2.777790534496307,
    "hellaswag_gpt4": 4.778120541572571,
    "hellaswag_mini_gpt4": 3.9246709028879803,
    "hellaswag_groundtruth": 2501465.74296875,
    "hellaswag_openai_human_written_examples": 4.228669476509094
}