{
    "math_geometry_step_by_step": 2.3859551668167116,
    "math_geometry_claude": 2.649096268415451,
    "math_geometry_gpt4_style_in_context_examples": 3.7734395623207093
}