{
    "arc_challenge_step_by_step": 3.806496341228485,
    "arc_challenge_claude": 3.144120206832886,
    "arc_challenge_gpt4_style_in_context_examples": 3.4088828706741334,
    "arc_challenge_gpt4": 3.823157079219818,
    "arc_challenge_mini_gpt4": 3.6025881958007813,
    "arc_challenge_groundtruth": 75442.0579107666,
    "arc_challenge_openai_human_written_examples": 4.113447663784027
}