{
    "plan_bench_replaning_step_by_step": 3.0883835434913633,
    "plan_bench_replaning_claude": 2.756515908241272,
    "plan_bench_replaning_gpt4_style_in_context_examples": 3.180734837055206,
    "plan_bench_replaning_gpt4": 5.9061453461647035,
    "plan_bench_replaning_mini_gpt4": 3.33336226940155,
    "plan_bench_replaning_groundtruth": 21.211728835105895,
    "plan_bench_replaning_openai_human_written_examples": 3.8350290179252626,
    "plan_bench_replaning_rewrite_groundtruth_in_own_words": 3.7502235651016234
}