{
    "boolq_step_by_step": 3.6029950857162474,
    "boolq_claude": 2.902243661880493,
    "boolq_gpt4_style_in_context_examples": 3.4087156772613527,
    "boolq_gpt4": 4.112195301055908,
    "boolq_mini_gpt4": 4.038061086336771,
    "boolq_groundtruth": 11.787056684494019,
    "boolq_openai_human_written_examples": 2.6785791436831157
}