{
    "squad_step_by_step": 3.3198928117752073,
    "squad_claude": 2.6489390254020693,
    "squad_gpt4_style_in_context_examples": 3.5495174884796143,
    "squad_gpt4": 4.5151667356491085,
    "squad_mini_gpt4": 4.463327622413635,
    "squad_groundtruth": 4.828203654289245,
    "squad_openai_human_written_examples": 2.5435017108917237
}