{
    "piqa_step_by_step": 4.089494077364604,
    "piqa_claude": 3.6255667130152385,
    "piqa_gpt4_style_in_context_examples": 4.948433081309001,
    "piqa_gpt4": 5.013649868965149,
    "piqa_mini_gpt4": 4.116808907190959,
    "piqa_groundtruth": 142.66582183837892,
    "piqa_openai_human_written_examples": 5.086703077952067
}