{
    "math_algebra_step_by_step": 1.8197944402694701,
    "math_algebra_claude": 2.032667171955109,
    "math_algebra_gpt4_style_in_context_examples": 2.0176165461540223,
    "math_algebra_gpt4": 2.00300327539444,
    "math_algebra_mini_gpt4": 1.8387046337127686,
    "math_algebra_groundtruth": 4.573840665817261,
    "math_algebra_openai_human_written_examples": 2.0197548389434816,
    "math_algebra_rewrite_groundtruth_in_own_words": 2.71375994682312
}