{
    "plan_bench_verification_step_by_step": 1.509502786397934,
    "plan_bench_verification_claude": 1.6823734748363495,
    "plan_bench_verification_gpt4_style_in_context_examples": 1.4069569766521455,
    "plan_bench_verification_gpt4": 1.5905967032909394,
    "plan_bench_verification_mini_gpt4": 2.153177754878998,
    "plan_bench_verification_groundtruth": 11.687485712766648,
    "plan_bench_verification_openai_human_written_examples": 1.8234927248954773
}