{
    "math_algebra_step_by_step": 1.3524776136875152,
    "math_algebra_claude": 1.6617387127876282
}