{
    "boolq_step_by_step": 3.294238932132721,
    "boolq_claude": 2.4972212958335875,
    "boolq_gpt4_style_in_context_examples": 2.722407166957855,
    "boolq_gpt4": 3.34275182723999,
    "boolq_mini_gpt4": 3.318755638599396,
    "boolq_groundtruth": 26.35372711658478,
    "boolq_openai_human_written_examples": 2.3916938400268553
}