{
    "squad_step_by_step": 3.1766639935970304,
    "squad_claude": 2.552164763212204,
    "squad_gpt4_style_in_context_examples": 3.0501362180709837,
    "squad_gpt4": 4.2141844844818115,
    "squad_mini_gpt4": 3.2221984696388244
}