{
    "plan_bench_execution_step_by_step": 1.7045285403728485,
    "plan_bench_execution_claude": 1.887486114501953,
    "plan_bench_execution_gpt4_style_in_context_examples": 2.1751372838020324,
    "plan_bench_execution_gpt4": 1.8183545327186585,
    "plan_bench_execution_mini_gpt4": 2.82097509264946
}