{
    "math_geometry_step_by_step": 2.3323001503944396,
    "math_geometry_claude": 2.405523462295532
}