{
    "plan_bench_verification_step_by_step": 1.633050696849823,
    "plan_bench_verification_claude": 1.7822595942020416,
    "plan_bench_verification_gpt4_style_in_context_examples": 1.5762618219852447,
    "plan_bench_verification_gpt4": 1.7315853750705719,
    "plan_bench_verification_mini_gpt4": 2.521912703514099,
    "plan_bench_verification_groundtruth": 20.958692313432692,
    "plan_bench_verification_openai_human_written_examples": 2.1769561421871186,
    "plan_bench_verification_rewrite_groundtruth_in_own_words": 2.8893345546722413
}