{
    "ecqa_step_by_step": 4.183878953456879,
    "ecqa_claude": 3.7761165261268617,
    "ecqa_gpt4_style_in_context_examples": 4.464280509948731,
    "ecqa_gpt4": 4.849732294082641,
    "ecqa_mini_gpt4": 4.769310803413391,
    "ecqa_groundtruth": 11.403525931835174
}