{
    "boolq_step_by_step": 3.552743992805481,
    "boolq_claude": 3.0115873193740845,
    "boolq_gpt4_style_in_context_examples": 3.5994663715362547,
    "boolq_gpt4": 4.0546660804748536,
    "boolq_mini_gpt4": 3.895470099449158,
    "boolq_groundtruth": 10.87542640686035,
    "boolq_openai_human_written_examples": 2.802950282096863
}