{
    "agieval_step_by_step": 3.557694847583771,
    "agieval_claude": 2.7434164309501647,
    "agieval_gpt4_style_in_context_examples": 3.4158832263946532,
    "agieval_gpt4": 3.9361209774017336,
    "agieval_mini_gpt4": 3.3796239614486696,
    "agieval_groundtruth": 3264592.135629883,
    "agieval_openai_human_written_examples": 3.7499667596817017
}