{
    "math_algebra_step_by_step": 1.8143405675888062,
    "math_algebra_claude": 2.130838191509247,
    "math_algebra_gpt4_style_in_context_examples": 2.727996349334717,
    "math_algebra_gpt4": 1.8081815719604493,
    "math_algebra_mini_gpt4": 1.7193562388420105,
    "math_algebra_groundtruth": 7.4096039772033695,
    "math_algebra_openai_human_written_examples": 1.953840148448944,
    "math_algebra_rewrite_groundtruth_in_own_words": 2.82161431312561
}