{
    "boolq_step_by_step": 3.2308530807495117,
    "boolq_claude": 2.817032718658447,
    "boolq_gpt4_style_in_context_examples": 2.703290617465973,
    "boolq_gpt4": 3.445271921157837,
    "boolq_mini_gpt4": 3.279884958267212,
    "boolq_groundtruth": 62.706328582763675,
    "boolq_openai_human_written_examples": 2.5266000866889953
}