{
    "drop_step_by_step": 2.8843687772750854,
    "drop_claude": 2.6870391686757404,
    "drop_gpt4_style_in_context_examples": 3.0202786803245543,
    "drop_gpt4": 3.020111604531606,
    "drop_mini_gpt4": 3.6766271511713664,
    "drop_groundtruth": 15.557280921936036,
    "drop_openai_human_written_examples": 2.3999616146087646
}