{
    "plan_bench_verification_step_by_step": 1.5568116426467895,
    "plan_bench_verification_claude": 1.8973684310913086,
    "plan_bench_verification_gpt4_style_in_context_examples": 1.5048327922821045,
    "plan_bench_verification_gpt4": 1.6113884210586549,
    "plan_bench_verification_mini_gpt4": 2.2807734489440916,
    "plan_bench_verification_groundtruth": 3.97650306224823,
    "plan_bench_verification_openai_human_written_examples": 1.9752130031585693,
    "plan_bench_verification_rewrite_groundtruth_in_own_words": 2.592054045200348
}