{
    "gsm8k_step_by_step": 1.9291391857465108,
    "gsm8k_claude": 1.9352547625700633,
    "gsm8k_gpt4_style_in_context_examples": 2.1463126130898793,
    "gsm8k_gpt4": 2.5035510416825613,
    "gsm8k_mini_gpt4": 2.011062515179316,
    "gsm8k_groundtruth": 3.417426023085912,
    "gsm8k_openai_human_written_examples": 2.040843238035838,
    "gsm8k_rewrite_groundtruth_in_own_words": 3.5897679781913756
}