{
    "api_bank_step_by_step": 3.562071132659912,
    "api_bank_claude": 3.4433218479156493,
    "api_bank_gpt4_style_in_context_examples": 4.274725127220154,
    "api_bank_gpt4": 3.8952341794967653,
    "api_bank_mini_gpt4": 4.833469820022583,
    "api_bank_groundtruth": 4.129617130756378,
    "api_bank_openai_human_written_examples": 3.827474308013916
}