{
    "plan_bench_optimality_step_by_step": 2.051103440920512,
    "plan_bench_optimality_claude": 2.1293277700742084,
    "plan_bench_optimality_gpt4_style_in_context_examples": 1.8422139485677083,
    "plan_bench_optimality_gpt4": 2.3424099485079446,
    "plan_bench_optimality_mini_gpt4": 2.2315434416135154,
    "plan_bench_optimality_groundtruth": 9.122981123129527,
    "plan_bench_optimality_openai_human_written_examples": 2.806097642580668,
    "plan_bench_optimality_rewrite_groundtruth_in_own_words": 2.645294451713562
}