{
    "arc_challenge_step_by_step": 2.8435077174504597,
    "arc_challenge_claude": 2.6528699616591136,
    "arc_challenge_gpt4_style_in_context_examples": 2.5831631382306415,
    "arc_challenge_gpt4": 3.041164394219716,
    "arc_challenge_mini_gpt4": 2.7280936618645986,
    "arc_challenge_groundtruth": 50198513.8553773,
    "arc_challenge_openai_human_written_examples": 3.094162314335505
}