{
    "plan_bench_reuse_step_by_step": 2.0857614556948345,
    "plan_bench_reuse_claude": 2.065671364466349,
    "plan_bench_reuse_gpt4_style_in_context_examples": 1.8806185762087504,
    "plan_bench_reuse_gpt4": 2.245027315616608,
    "plan_bench_reuse_mini_gpt4": 2.696680116653442,
    "plan_bench_reuse_groundtruth": 4.51059174935023,
    "plan_bench_reuse_openai_human_written_examples": 2.6632275104522707,
    "plan_bench_reuse_rewrite_groundtruth_in_own_words": 3.0917187134424844
}