{
    "mmlu_pro_law_step_by_step": 4.11682813167572,
    "mmlu_pro_law_claude": 3.170934629440308,
    "mmlu_pro_law_gpt4_style_in_context_examples": 4.243139743804932,
    "mmlu_pro_law_gpt4": 4.355999374389649,
    "mmlu_pro_law_mini_gpt4": 3.85796434879303,
    "mmlu_pro_law_groundtruth": 656.2199871063233,
    "mmlu_pro_law_openai_human_written_examples": 6.086433696746826
}