{
    "mmlu_moral_scenarios_step_by_step": 3.5737857460975646,
    "mmlu_moral_scenarios_claude": 3.1790166115760803,
    "mmlu_moral_scenarios_gpt4_style_in_context_examples": 3.802380361557007
}