{
    "math_algebra_step_by_step": 1.3614585947990419,
    "math_algebra_claude": 1.6753708636760711,
    "math_algebra_gpt4_style_in_context_examples": 3.155828894376755
}