{
    "mmlu_pro_law_step_by_step": 4.506755158901215,
    "mmlu_pro_law_claude": 3.1936087584495545,
    "mmlu_pro_law_gpt4_style_in_context_examples": 4.864660586118698,
    "mmlu_pro_law_gpt4": 5.341655769348145,
    "mmlu_pro_law_mini_gpt4": 4.318684196869532,
    "mmlu_pro_law_groundtruth": 247.90546838998796,
    "mmlu_pro_law_openai_human_written_examples": 6.113292121092479
}