{
    "winogrande_step_by_step": 4.275642561912536,
    "winogrande_claude": 3.6162559429804486,
    "winogrande_gpt4_style_in_context_examples": 3.93253120581309,
    "winogrande_gpt4": 4.364204359054566,
    "winogrande_mini_gpt4": 4.15012743473053,
    "winogrande_groundtruth": 5.316215372085571,
    "winogrande_openai_human_written_examples": 3.8335325082143146
}