{
    "gsm8k_step_by_step": 1.9243779182434082,
    "gsm8k_claude": 2.070310318470001,
    "gsm8k_gpt4_style_in_context_examples": 1.9562531471252442,
    "gsm8k_gpt4": 1.9405198335647582,
    "gsm8k_mini_gpt4": 2.0876527190208436,
    "gsm8k_groundtruth": 3.954810643196106,
    "gsm8k_openai_human_written_examples": 2.0013842225074767,
    "gsm8k_rewrite_groundtruth_in_own_words": 4.523935914039612
}