{
    "agieval_step_by_step": 3.3179471611976625,
    "agieval_claude": 2.534348576068878,
    "agieval_gpt4_style_in_context_examples": 3.2722574162483213,
    "agieval_gpt4": 3.404720814228058,
    "agieval_mini_gpt4": 3.175734167098999,
    "agieval_groundtruth": 2671232.5359765626,
    "agieval_openai_human_written_examples": 3.515606989860535
}