{
    "boolq_step_by_step": 3.490576847791672,
    "boolq_claude": 2.8809469568729402
}