{
    "hellaswag_step_by_step": 3.802082184950511,
    "hellaswag_claude": 2.855735008716583,
    "hellaswag_gpt4_style_in_context_examples": 2.751499752998352,
    "hellaswag_gpt4": 4.251998626391093,
    "hellaswag_mini_gpt4": 3.9065876976648966,
    "hellaswag_groundtruth": 2177906.969941406,
    "hellaswag_openai_human_written_examples": 3.981781323750814
}