{
    "squad_step_by_step": 2.6530099352200827,
    "squad_claude": 2.223191515604655,
    "squad_gpt4_style_in_context_examples": 2.450452129046122,
    "squad_gpt4": 3.3531087557474772,
    "squad_mini_gpt4": 2.7050315936406455,
    "squad_groundtruth": 12.269857668876648,
    "squad_openai_human_written_examples": 2.0908819715181988
}