{
    "winogrande_step_by_step": 3.4279742217063904,
    "winogrande_claude": 3.123427152633667
}