{
    "plan_bench_generalization_step_by_step": 1.6319617295265199,
    "plan_bench_generalization_claude": 1.9677681267261504
}