{
    "boolq_step_by_step": 3.5956406752268473,
    "boolq_claude": 2.899405360221863,
    "boolq_gpt4_style_in_context_examples": 3.391169555981954,
    "boolq_gpt4": 4.094828812281291,
    "boolq_mini_gpt4": 4.057876968383789,
    "boolq_groundtruth": 11.249466848373412,
    "boolq_openai_human_written_examples": 2.680720857779185
}