{
    "plan_bench_verification_step_by_step": 1.495910632610321,
    "plan_bench_verification_claude": 1.7004690432548524,
    "plan_bench_verification_gpt4_style_in_context_examples": 1.3439976000785827,
    "plan_bench_verification_gpt4": 1.5085284161567687,
    "plan_bench_verification_mini_gpt4": 2.0162962436676026,
    "plan_bench_verification_groundtruth": 6.910400772094727,
    "plan_bench_verification_openai_human_written_examples": 1.7559134936332703,
    "plan_bench_verification_rewrite_groundtruth_in_own_words": 2.5466368699073794
}