{
    "gsm8k_step_by_step": 1.5658359813690186,
    "gsm8k_claude": 1.7310245823860169,
    "gsm8k_gpt4_style_in_context_examples": 2.1395824933052063,
    "gsm8k_gpt4": 3.098419256210327,
    "gsm8k_mini_gpt4": 1.6550348687171936,
    "gsm8k_groundtruth": 2.2366121578216553
}