{
    "arc_challenge_step_by_step": 2.7720669746398925,
    "arc_challenge_claude": 2.744365668296814,
    "arc_challenge_gpt4_style_in_context_examples": 2.6188966274261474,
    "arc_challenge_gpt4": 2.747014582157135,
    "arc_challenge_mini_gpt4": 2.6818618535995484,
    "arc_challenge_groundtruth": 27003546.02109375,
    "arc_challenge_openai_human_written_examples": 3.4263176918029785
}