{
    "plan_bench_verification_step_by_step": 1.5925444769859314,
    "plan_bench_verification_claude": 1.7408031725883484,
    "plan_bench_verification_gpt4_style_in_context_examples": 1.4845031714439392,
    "plan_bench_verification_gpt4": 1.6076067447662354,
    "plan_bench_verification_mini_gpt4": 2.246346607208252,
    "plan_bench_verification_groundtruth": 18.535629482269286,
    "plan_bench_verification_openai_human_written_examples": 2.045558302402496,
    "plan_bench_verification_rewrite_groundtruth_in_own_words": 2.9878291201591494
}