{
    "mmlu_moral_scenarios_step_by_step": 3.599186019897461,
    "mmlu_moral_scenarios_claude": 3.2111892676353455
}