{
    "plan_bench_generalization_step_by_step": 1.7795189547538757,
    "plan_bench_generalization_claude": 2.0499795150756834,
    "plan_bench_generalization_gpt4_style_in_context_examples": 1.6250592529773713,
    "plan_bench_generalization_gpt4": 2.053463343381882,
    "plan_bench_generalization_mini_gpt4": 2.1499786321322123,
    "plan_bench_generalization_groundtruth": 1.7313506031036376,
    "plan_bench_generalization_openai_human_written_examples": 2.4962768097718557,
    "plan_bench_generalization_rewrite_groundtruth_in_own_words": 2.3060901403427123
}