{
    "hellaswag_step_by_step": 3.7566610288619997,
    "hellaswag_claude": 2.7989370346069338,
    "hellaswag_gpt4_style_in_context_examples": 2.81382928609848,
    "hellaswag_gpt4": 4.147084774971009,
    "hellaswag_mini_gpt4": 4.005324559211731,
    "hellaswag_groundtruth": 2606797.7136328127,
    "hellaswag_openai_human_written_examples": 4.077895150184632
}