{
    "winogrande_step_by_step": 3.568399168252945,
    "winogrande_claude": 2.985139800906181,
    "winogrande_gpt4_style_in_context_examples": 3.3086508536338806,
    "winogrande_gpt4": 4.079002028703689,
    "winogrande_mini_gpt4": 3.2856714409589767,
    "winogrande_groundtruth": 18.106361192464828,
    "winogrande_openai_human_written_examples": 3.372931815981865
}