{
    "math_geometry_step_by_step": 1.8723488116264344,
    "math_geometry_claude": 2.023214280605316,
    "math_geometry_gpt4_style_in_context_examples": 3.2273336172103884,
    "math_geometry_gpt4": 2.0880409550666807,
    "math_geometry_mini_gpt4": 1.8002190399169922,
    "math_geometry_groundtruth": 2.8821566987037657,
    "math_geometry_openai_human_written_examples": 3.3913931131362913,
    "math_geometry_rewrite_groundtruth_in_own_words": 2.389597191810608
}