{
    "hellaswag_step_by_step": 4.8075212955474855,
    "hellaswag_claude": 3.8902310371398925,
    "hellaswag_gpt4_style_in_context_examples": 3.3765018463134764,
    "hellaswag_gpt4": 4.98925416469574,
    "hellaswag_mini_gpt4": 5.995332670211792,
    "hellaswag_groundtruth": 259.95142974853513,
    "hellaswag_openai_human_written_examples": 4.808301019668579
}