{
    "plan_bench_execution_step_by_step": 1.8399485111236573,
    "plan_bench_execution_claude": 1.907598090171814,
    "plan_bench_execution_gpt4_style_in_context_examples": 2.3213332176208494,
    "plan_bench_execution_gpt4": 1.8948275923728943,
    "plan_bench_execution_mini_gpt4": 2.7096983432769775,
    "plan_bench_execution_groundtruth": 1.9649497270584106,
    "plan_bench_execution_openai_human_written_examples": 2.2846665382385254,
    "plan_bench_execution_rewrite_groundtruth_in_own_words": 2.845196545124054
}