{
    "drop_step_by_step": 3.2683774316310883,
    "drop_claude": 2.346308683156967
}