{
    "arc_challenge_step_by_step": 3.556670165657997,
    "arc_challenge_claude": 3.177920469045639,
    "arc_challenge_gpt4_style_in_context_examples": 3.290432870388031,
    "arc_challenge_gpt4": 3.6584050709009173,
    "arc_challenge_mini_gpt4": 3.5970815140008927,
    "arc_challenge_groundtruth": 78169.82834152221,
    "arc_challenge_openai_human_written_examples": 3.9173809134960176
}