{
    "api_bank_step_by_step": 3.603319699764252,
    "api_bank_claude": 3.2866277956962584
}