{
    "ecqa_step_by_step": 3.4195249342918395,
    "ecqa_claude": 2.9159001159667968
}