{
    "gsm8k_step_by_step": 1.8078811724980672,
    "gsm8k_claude": 2.029585337638855,
    "gsm8k_gpt4_style_in_context_examples": 2.014985644817352,
    "gsm8k_gpt4": 1.9317694942156474,
    "gsm8k_mini_gpt4": 1.95539896885554,
    "gsm8k_groundtruth": 3.8617205222447715,
    "gsm8k_openai_human_written_examples": 2.0005947907765704,
    "gsm8k_rewrite_groundtruth_in_own_words": 3.736294670899709
}