{
    "mbpp_step_by_step": 3.5833992886543276,
    "mbpp_claude": 5.852785234451294,
    "mbpp_gpt4_style_in_context_examples": 4.80163298368454,
    "mbpp_gpt4": 8.795494091510772,
    "mbpp_mini_gpt4": 10.74264705657959,
    "mbpp_groundtruth": 16.593871927261354,
    "mbpp_openai_human_written_examples": 4.077242116928101,
    "mbpp_rewrite_groundtruth_in_own_words": 10.627585058212281
}