{
    "agieval_step_by_step": 4.075682507753372,
    "agieval_claude": 2.896350132226944,
    "agieval_gpt4_style_in_context_examples": 4.015266546010971,
    "agieval_gpt4": 4.409913778305054,
    "agieval_mini_gpt4": 3.855192034244537,
    "agieval_groundtruth": 23806997.914804686,
    "agieval_openai_human_written_examples": 4.212495288848877
}