{
    "math_algebra_step_by_step": 1.8548823634783427,
    "math_algebra_claude": 2.2016704201698305,
    "math_algebra_gpt4_style_in_context_examples": 162.0971389134725,
    "math_algebra_gpt4": 3.028414781888326,
    "math_algebra_mini_gpt4": 1.8716812292734781,
    "math_algebra_groundtruth": 5.212515902519226,
    "math_algebra_openai_human_written_examples": 2.2134167750676474,
    "math_algebra_rewrite_groundtruth_in_own_words": 3.3325631697972615
}