{
    "mmlu_pro_law_step_by_step": 4.538362650871277,
    "mmlu_pro_law_claude": 3.214600863456726,
    "mmlu_pro_law_gpt4_style_in_context_examples": 4.831777873039246,
    "mmlu_pro_law_gpt4": 5.327538592815399,
    "mmlu_pro_law_mini_gpt4": 4.460204002857208,
    "mmlu_pro_law_groundtruth": 210.60062572956085,
    "mmlu_pro_law_openai_human_written_examples": 6.125230715274811
}