{
    "api_bank_step_by_step": 3.686834006309509,
    "api_bank_claude": 3.4043148350715637
}