{
    "squad_step_by_step": 3.5782404967149097,
    "squad_claude": 2.6772564244270325,
    "squad_gpt4_style_in_context_examples": 3.2815446535746258,
    "squad_gpt4": 5.149039442539215,
    "squad_mini_gpt4": 4.027411248286565,
    "squad_groundtruth": 30.919334233601887,
    "squad_openai_human_written_examples": 3.0784854408105216
}