{
    "plan_bench_reuse_step_by_step": 1.980525803565979,
    "plan_bench_reuse_claude": 2.05975252866745,
    "plan_bench_reuse_gpt4_style_in_context_examples": 1.808640468120575,
    "plan_bench_reuse_gpt4": 2.2662193989753723,
    "plan_bench_reuse_mini_gpt4": 2.578131136894226,
    "plan_bench_reuse_groundtruth": 4.687144069671631,
    "plan_bench_reuse_openai_human_written_examples": 2.4772324848175047,
    "plan_bench_reuse_rewrite_groundtruth_in_own_words": 2.8259375739097594
}