{
    "plan_bench_verification_step_by_step": 1.576360439658165,
    "plan_bench_verification_claude": 1.8026743149757385,
    "plan_bench_verification_gpt4_style_in_context_examples": 1.498440427184105,
    "plan_bench_verification_gpt4": 1.645854389667511,
    "plan_bench_verification_mini_gpt4": 2.3196437019109726,
    "plan_bench_verification_groundtruth": 3.8069470143318176,
    "plan_bench_verification_openai_human_written_examples": 1.9523144638538361,
    "plan_bench_verification_rewrite_groundtruth_in_own_words": 2.7221596199274063
}