{
    "winogrande_step_by_step": 5.189211328824361,
    "winogrande_claude": 3.7340884764989215,
    "winogrande_gpt4_style_in_context_examples": 4.53972274462382,
    "winogrande_gpt4": 7.235432195663452,
    "winogrande_mini_gpt4": 5.802441350618998,
    "winogrande_groundtruth": 21.149090055624644,
    "winogrande_openai_human_written_examples": 5.7553692102432255
}