{
    "ecqa_step_by_step": 3.241301484107971,
    "ecqa_claude": 3.1423443174362182,
    "ecqa_gpt4_style_in_context_examples": 3.4952809762954713,
    "ecqa_gpt4": 3.6895113706588747,
    "ecqa_mini_gpt4": 3.591451733112335,
    "ecqa_groundtruth": 21.290969038009642,
    "ecqa_openai_human_written_examples": 3.5534229135513304,
    "ecqa_rewrite_groundtruth_in_own_words": 5.4849156427383425
}