{
    "hellaswag_step_by_step": 3.8107387971878053,
    "hellaswag_claude": 2.853759418328603,
    "hellaswag_gpt4_style_in_context_examples": 2.749081087112427,
    "hellaswag_gpt4": 4.243404583136241,
    "hellaswag_mini_gpt4": 3.9213466024398804,
    "hellaswag_groundtruth": 1058910.9923225911,
    "hellaswag_openai_human_written_examples": 3.9651464259624483
}