{
    "plan_bench_verification_step_by_step": 1.4966484034061431,
    "plan_bench_verification_claude": 1.695698339343071,
    "plan_bench_verification_gpt4_style_in_context_examples": 1.3823381567001343,
    "plan_bench_verification_gpt4": 1.56351256608963,
    "plan_bench_verification_mini_gpt4": 2.0920826590061186,
    "plan_bench_verification_groundtruth": 6.625783891677856,
    "plan_bench_verification_openai_human_written_examples": 1.7929386711120605,
    "plan_bench_verification_rewrite_groundtruth_in_own_words": 2.497268797159195
}