{
    "plan_bench_generalization_step_by_step": 1.602092604637146,
    "plan_bench_generalization_claude": 1.9261564350128173,
    "plan_bench_generalization_gpt4_style_in_context_examples": 1.4718930745124816,
    "plan_bench_generalization_gpt4": 2.0484351754188537,
    "plan_bench_generalization_mini_gpt4": 2.084505658149719,
    "plan_bench_generalization_groundtruth": 2.465861134529114,
    "plan_bench_generalization_openai_human_written_examples": 2.180538513660431,
    "plan_bench_generalization_rewrite_groundtruth_in_own_words": 2.237708749771118
}