{
    "plan_bench_optimality_step_by_step": 2.040296959877014,
    "plan_bench_optimality_claude": 2.1319202375411987,
    "plan_bench_optimality_gpt4_style_in_context_examples": 1.81339674949646,
    "plan_bench_optimality_gpt4": 2.2071710991859437,
    "plan_bench_optimality_mini_gpt4": 2.3435697507858277,
    "plan_bench_optimality_groundtruth": 7.2922276544570925,
    "plan_bench_optimality_openai_human_written_examples": 2.840285074710846,
    "plan_bench_optimality_rewrite_groundtruth_in_own_words": 2.714251000881195
}