{
    "mmlu_step_by_step": 4.346576564311981,
    "mmlu_claude": 3.0995940232276915,
    "mmlu_gpt4_style_in_context_examples": 4.058938894271851,
    "mmlu_gpt4": 4.692454161643982,
    "mmlu_mini_gpt4": 4.100444271564483,
    "mmlu_groundtruth": 111.45251723289489,
    "mmlu_openai_human_written_examples": 4.450302839279175
}