{
    "agieval_step_by_step": 4.255259837706884,
    "agieval_claude": 3.1348316462834678,
    "agieval_gpt4_style_in_context_examples": 4.494551426966985,
    "agieval_gpt4": 4.781585575739543,
    "agieval_mini_gpt4": 4.284635511636734,
    "agieval_groundtruth": 74505.08054036458,
    "agieval_openai_human_written_examples": 4.601467105150223
}