{
    "plan_bench_generalization_step_by_step": 1.6284676897525787,
    "plan_bench_generalization_claude": 1.9475739979743958,
    "plan_bench_generalization_gpt4_style_in_context_examples": 1.4420342135429383,
    "plan_bench_generalization_gpt4": 1.8568826591968537
}