{
    "squad_step_by_step": 3.6642690801620486,
    "squad_claude": 2.7170084714889526,
    "squad_gpt4_style_in_context_examples": 3.5126822900772097,
    "squad_gpt4": 5.551066331863403,
    "squad_mini_gpt4": 4.585231442451477,
    "squad_groundtruth": 18.69873512983322,
    "squad_openai_human_written_examples": 3.5138690757751463
}