{
    "plan_bench_generation_step_by_step": 2.156547713279724,
    "plan_bench_generation_claude": 1.9785834789276122,
    "plan_bench_generation_gpt4_style_in_context_examples": 2.3733309149742126,
    "plan_bench_generation_gpt4": 2.0809372425079347,
    "plan_bench_generation_mini_gpt4": 2.745774805545807,
    "plan_bench_generation_groundtruth": 2.6951762318611143,
    "plan_bench_generation_openai_human_written_examples": 2.7287654876708984,
    "plan_bench_generation_rewrite_groundtruth_in_own_words": 2.0864882111549377
}