{
    "piqa_step_by_step": 3.960219073295593,
    "piqa_claude": 3.368208661079407,
    "piqa_gpt4_style_in_context_examples": 4.725964813232422,
    "piqa_gpt4": 5.074389266967773,
    "piqa_mini_gpt4": 4.084206852912903,
    "piqa_groundtruth": 1523942.601171875,
    "piqa_openai_human_written_examples": 5.958175272941589
}