{
    "ecqa_step_by_step": 4.1719812750816345,
    "ecqa_claude": 3.7627360892295836,
    "ecqa_gpt4_style_in_context_examples": 4.444718403816223
}