{
    "plan_bench_generalization_step_by_step": 1.8182284665107726,
    "plan_bench_generalization_claude": 1.9814017629623413,
    "plan_bench_generalization_gpt4_style_in_context_examples": 1.5781468319892884,
    "plan_bench_generalization_gpt4": 2.0760080218315125,
    "plan_bench_generalization_mini_gpt4": 2.107846119403839,
    "plan_bench_generalization_groundtruth": 1.6536383199691773,
    "plan_bench_generalization_openai_human_written_examples": 2.367529172897339,
    "plan_bench_generalization_rewrite_groundtruth_in_own_words": 2.227276258468628
}