{
    "mmlu_moral_scenarios_step_by_step": 3.8084578561782836,
    "mmlu_moral_scenarios_claude": 3.4170991230010985,
    "mmlu_moral_scenarios_gpt4_style_in_context_examples": 3.7645449876785277,
    "mmlu_moral_scenarios_gpt4": 3.8341481256484986,
    "mmlu_moral_scenarios_mini_gpt4": 3.685982418060303,
    "mmlu_moral_scenarios_groundtruth": 24.914532051086425,
    "mmlu_moral_scenarios_openai_human_written_examples": 3.947152876853943
}