{
    "mbpp_step_by_step": 2.39349870800972,
    "mbpp_claude": 2.969758348464966
}