{
    "agieval_step_by_step": 4.265895719528198,
    "agieval_claude": 3.1551827597618103
}