{
    "arc_challenge_step_by_step": 3.581206831932068,
    "arc_challenge_claude": 3.3361707091331483
}