{
    "squad_step_by_step": 3.4250680565834046,
    "squad_claude": 2.6404359380404157,
    "squad_gpt4_style_in_context_examples": 3.4297400871912638,
    "squad_gpt4": 5.065674408276876,
    "squad_mini_gpt4": 4.158234588305155,
    "squad_groundtruth": 7.933964498837789,
    "squad_openai_human_written_examples": 3.097145879268646
}