{
    "gsm8k_step_by_step": 2.0043089210987093,
    "gsm8k_claude": 2.1230080163478853
}