{
    "piqa_step_by_step": 3.305228265126546,
    "piqa_claude": 3.1205535968144735,
    "piqa_gpt4_style_in_context_examples": 3.7778857707977296,
    "piqa_gpt4": 4.191849271456401,
    "piqa_mini_gpt4": 3.2595467567443848,
    "piqa_groundtruth": 2395763.854569499,
    "piqa_openai_human_written_examples": 4.102817344665527
}