{
    "mbpp_step_by_step": 1.9891384714841842,
    "mbpp_claude": 1.9620540207624435,
    "mbpp_gpt4_style_in_context_examples": 2.0835812479257583,
    "mbpp_gpt4": 2.295330413579941,
    "mbpp_mini_gpt4": 2.927058190703392,
    "mbpp_groundtruth": 8.092274654507637,
    "mbpp_openai_human_written_examples": 2.505639989376068,
    "mbpp_rewrite_groundtruth_in_own_words": 3.767044197320938
}