{
    "api_bank_step_by_step": 3.5236614561080932,
    "api_bank_claude": 3.357486939430237,
    "api_bank_gpt4_style_in_context_examples": 4.7991263294219975,
    "api_bank_gpt4": 4.24931200504303,
    "api_bank_mini_gpt4": 5.1440278339385985,
    "api_bank_groundtruth": 8.816869368553162,
    "api_bank_openai_human_written_examples": 4.539118633270264
}