{
    "mmlu_moral_scenarios_step_by_step": 3.709245386123657,
    "mmlu_moral_scenarios_claude": 2.825567169189453,
    "mmlu_moral_scenarios_gpt4_style_in_context_examples": 3.190373196601868,
    "mmlu_moral_scenarios_gpt4": 4.134567089080811,
    "mmlu_moral_scenarios_mini_gpt4": 3.7875801038742067,
    "mmlu_moral_scenarios_groundtruth": 123.12893619298934,
    "mmlu_moral_scenarios_openai_human_written_examples": 5.048837037086487
}