{
    "winogrande_step_by_step": 3.6909318844477337,
    "winogrande_claude": 3.008294967810313,
    "winogrande_gpt4_style_in_context_examples": 3.2344771226247153,
    "winogrande_gpt4": 4.1748899698257445,
    "winogrande_mini_gpt4": 3.3238516608874003,
    "winogrande_groundtruth": 20.364021746317544,
    "winogrande_openai_human_written_examples": 3.418336562315623
}