{
    "mmlu_moral_scenarios_step_by_step": 3.2212299970785776,
    "mmlu_moral_scenarios_claude": 2.890090756416321,
    "mmlu_moral_scenarios_gpt4_style_in_context_examples": 3.266850244998932,
    "mmlu_moral_scenarios_gpt4": 3.4521045676867166,
    "mmlu_moral_scenarios_mini_gpt4": 3.0879026544094086,
    "mmlu_moral_scenarios_groundtruth": 198.9165232849121,
    "mmlu_moral_scenarios_openai_human_written_examples": 4.198157982826233
}