{
    "mmlu_moral_scenarios_step_by_step": 3.293965845108032,
    "mmlu_moral_scenarios_claude": 2.9369844436645507,
    "mmlu_moral_scenarios_gpt4_style_in_context_examples": 3.1457776546478273,
    "mmlu_moral_scenarios_gpt4": 3.4623259830474855,
    "mmlu_moral_scenarios_mini_gpt4": 2.92222715139389,
    "mmlu_moral_scenarios_groundtruth": 135.38418727874756,
    "mmlu_moral_scenarios_openai_human_written_examples": 4.095118832588196
}