{
    "plan_bench_execution_step_by_step": 1.7011592173576355,
    "plan_bench_execution_claude": 1.896613861322403
}