{
    "winogrande_step_by_step": 4.8378933270772295,
    "winogrande_claude": 3.5796050707499187,
    "winogrande_gpt4_style_in_context_examples": 4.856669052441915,
    "winogrande_gpt4": 5.644698770840963,
    "winogrande_mini_gpt4": 5.014533774058024,
    "winogrande_groundtruth": 27.45670646429062,
    "winogrande_openai_human_written_examples": 5.3596536874771115
}