{
    "plan_bench_replaning_step_by_step": 2.643702733516693,
    "plan_bench_replaning_claude": 2.673333017031352,
    "plan_bench_replaning_gpt4_style_in_context_examples": 3.111895000934601,
    "plan_bench_replaning_gpt4": 3.4401646653811135,
    "plan_bench_replaning_mini_gpt4": 2.981592392921448,
    "plan_bench_replaning_groundtruth": 27.39083800315857,
    "plan_bench_replaning_openai_human_written_examples": 3.816308927536011,
    "plan_bench_replaning_rewrite_groundtruth_in_own_words": 3.8974958817164103
}