{
    "squad_step_by_step": 3.0571323251724243,
    "squad_claude": 2.3507149624824524,
    "squad_gpt4_style_in_context_examples": 3.008474793434143,
    "squad_gpt4": 3.947083420753479,
    "squad_mini_gpt4": 3.25496542930603,
    "squad_groundtruth": 7.030489964485168,
    "squad_openai_human_written_examples": 2.362757661342621
}