{
    "api_bank_step_by_step": 3.8400657081604006,
    "api_bank_claude": 3.5196347570419313,
    "api_bank_gpt4_style_in_context_examples": 4.292821354866028,
    "api_bank_gpt4": 4.259704504013062,
    "api_bank_mini_gpt4": 4.455768294334412,
    "api_bank_groundtruth": 3.842416670322418,
    "api_bank_openai_human_written_examples": 3.96928457736969
}