{
    "mbpp_step_by_step": 3.2404525828361512,
    "mbpp_claude": 5.190123950242996,
    "mbpp_gpt4_style_in_context_examples": 4.460846654176712,
    "mbpp_gpt4": 7.036451919078827,
    "mbpp_mini_gpt4": 8.265021879673004,
    "mbpp_groundtruth": 15.241692150831222,
    "mbpp_openai_human_written_examples": 3.948952065706253,
    "mbpp_rewrite_groundtruth_in_own_words": 10.154437745809554
}