{
    "piqa_step_by_step": 3.1621787309646607,
    "piqa_claude": 3.21491916179657,
    "piqa_gpt4_style_in_context_examples": 3.3086052417755125,
    "piqa_gpt4": 3.8919517040252685,
    "piqa_mini_gpt4": 3.1216172218322753,
    "piqa_groundtruth": 1308700.328125,
    "piqa_openai_human_written_examples": 3.771907901763916
}