{
    "plan_bench_replaning_step_by_step": 2.8814619421958922,
    "plan_bench_replaning_claude": 2.4471379041671755,
    "plan_bench_replaning_gpt4_style_in_context_examples": 3.066670036315918,
    "plan_bench_replaning_gpt4": 2.7282787322998048,
    "plan_bench_replaning_mini_gpt4": 3.114572262763977,
    "plan_bench_replaning_groundtruth": 37.7109069108963,
    "plan_bench_replaning_openai_human_written_examples": 4.113646137714386,
    "plan_bench_replaning_rewrite_groundtruth_in_own_words": 3.9102087020874023
}