{
    "drop_step_by_step": 2.9277191758155823,
    "drop_claude": 2.662095091342926,
    "drop_gpt4_style_in_context_examples": 2.5542320609092712,
    "drop_gpt4": 2.5122678756713865,
    "drop_mini_gpt4": 2.352457184791565,
    "drop_groundtruth": 282.43401356220244,
    "drop_openai_human_written_examples": 2.511840000152588
}