{
    "winogrande_step_by_step": 3.5984821462631227,
    "winogrande_claude": 3.0509240579605104,
    "winogrande_gpt4_style_in_context_examples": 3.467038311958313,
    "winogrande_gpt4": 4.104654927253723,
    "winogrande_mini_gpt4": 3.5098311853408815,
    "winogrande_groundtruth": 23.68594877243042,
    "winogrande_openai_human_written_examples": 3.4380117654800415
}