{
    "plan_bench_verification_step_by_step": 1.580294873714447,
    "plan_bench_verification_claude": 1.7026855111122132,
    "plan_bench_verification_gpt4_style_in_context_examples": 1.4768095111846924,
    "plan_bench_verification_gpt4": 1.5703942584991455,
    "plan_bench_verification_mini_gpt4": 2.27661150932312,
    "plan_bench_verification_groundtruth": 17.901300916671754,
    "plan_bench_verification_openai_human_written_examples": 2.0357107424736025,
    "plan_bench_verification_rewrite_groundtruth_in_own_words": 3.0265026593208315
}