{
    "plan_bench_verification_step_by_step": 1.6199955224990845,
    "plan_bench_verification_claude": 1.7281932989756266,
    "plan_bench_verification_gpt4_style_in_context_examples": 1.5254610021909079,
    "plan_bench_verification_gpt4": 1.621989941596985,
    "plan_bench_verification_mini_gpt4": 2.521700592835744,
    "plan_bench_verification_groundtruth": 15.639648071924846,
    "plan_bench_verification_openai_human_written_examples": 2.194969669977824,
    "plan_bench_verification_rewrite_groundtruth_in_own_words": 2.9773654103279115
}