{
    "plan_bench_reuse_step_by_step": 2.3003883504867555,
    "plan_bench_reuse_claude": 2.403714472055435,
    "plan_bench_reuse_gpt4_style_in_context_examples": 2.122368949651718,
    "plan_bench_reuse_gpt4": 2.6198097586631777,
    "plan_bench_reuse_mini_gpt4": 3.1471602582931517,
    "plan_bench_reuse_groundtruth": 8.306405678987502,
    "plan_bench_reuse_openai_human_written_examples": 3.3011008596420286,
    "plan_bench_reuse_rewrite_groundtruth_in_own_words": 3.5746573436260225
}