{
    "plan_bench_reuse_step_by_step": 2.352032816410065,
    "plan_bench_reuse_claude": 2.40084023475647,
    "plan_bench_reuse_gpt4_style_in_context_examples": 2.3685625910758974,
    "plan_bench_reuse_gpt4": 2.665111792087555,
    "plan_bench_reuse_mini_gpt4": 2.953393816947937,
    "plan_bench_reuse_groundtruth": 3.0792025327682495,
    "plan_bench_reuse_openai_human_written_examples": 3.5996787905693055,
    "plan_bench_reuse_rewrite_groundtruth_in_own_words": 3.8551466703414916
}