{
    "mmlu_step_by_step": 3.509748411178589,
    "mmlu_claude": 3.080831027030945,
    "mmlu_gpt4_style_in_context_examples": 3.4693219661712646,
    "mmlu_gpt4": 4.403402638435364,
    "mmlu_mini_gpt4": 3.277169919013977,
    "mmlu_groundtruth": 233.9793055534363,
    "mmlu_openai_human_written_examples": 4.854344224929809
}