{
    "agieval_step_by_step": 3.960252118110657,
    "agieval_claude": 2.9174084663391113,
    "agieval_gpt4_style_in_context_examples": 3.6332746028900145,
    "agieval_gpt4": 4.125096988677979,
    "agieval_mini_gpt4": 3.6985844373703003,
    "agieval_groundtruth": 13314240.994921874,
    "agieval_openai_human_written_examples": 3.532098174095154
}