{
    "agieval_step_by_step": 4.206204098463059,
    "agieval_claude": 2.9161256808042526,
    "agieval_gpt4_style_in_context_examples": 4.014644038081169,
    "agieval_gpt4": 4.577415427565574,
    "agieval_mini_gpt4": 3.8341096276044846,
    "agieval_groundtruth": 26660998.80298828,
    "agieval_openai_human_written_examples": 4.207006448507309
}