{
    "drop_step_by_step": 3.2797489750385282,
    "drop_claude": 2.3619384968280794,
    "drop_gpt4_style_in_context_examples": 2.6774207985401155
}