{
    "mmlu_pro_law_step_by_step": 4.538362650871277,
    "mmlu_pro_law_claude": 3.214600863456726
}