{
    "agieval_step_by_step": 4.265895719528198,
    "agieval_claude": 3.1551827597618103,
    "agieval_gpt4_style_in_context_examples": 4.654337614774704,
    "agieval_gpt4": 4.978800631761551,
    "agieval_mini_gpt4": 4.489086166620255
}