{
    "plan_bench_verification_step_by_step": 1.6146125757694245,
    "plan_bench_verification_claude": 1.76857053399086,
    "plan_bench_verification_gpt4_style_in_context_examples": 1.5773455595970154,
    "plan_bench_verification_gpt4": 1.669443165063858,
    "plan_bench_verification_mini_gpt4": 2.4711790549755097,
    "plan_bench_verification_groundtruth": 15.43937200307846,
    "plan_bench_verification_openai_human_written_examples": 2.1576364707946776,
    "plan_bench_verification_rewrite_groundtruth_in_own_words": 2.985161964893341
}