{
    "gsm8k_step_by_step": 1.9288775634765625,
    "gsm8k_claude": 1.9120365834236146,
    "gsm8k_gpt4_style_in_context_examples": 2.564109160900116,
    "gsm8k_gpt4": 3.6184672260284425
}