{
    "plan_bench_optimality_step_by_step": 2.058267207145691,
    "plan_bench_optimality_claude": 2.040630049705505,
    "plan_bench_optimality_gpt4_style_in_context_examples": 1.865650680065155
}