{
    "plan_bench_verification_step_by_step": 1.5359630465507508,
    "plan_bench_verification_claude": 1.6594539165496827,
    "plan_bench_verification_gpt4_style_in_context_examples": 1.487806761264801,
    "plan_bench_verification_gpt4": 1.576199746131897,
    "plan_bench_verification_mini_gpt4": 2.3312207460403442,
    "plan_bench_verification_groundtruth": 18.20287389755249,
    "plan_bench_verification_openai_human_written_examples": 2.0315415501594543,
    "plan_bench_verification_rewrite_groundtruth_in_own_words": 3.47071578502655
}