{
    "plan_bench_generalization_step_by_step": 1.7673739218711852,
    "plan_bench_generalization_claude": 2.0107323598861693,
    "plan_bench_generalization_gpt4_style_in_context_examples": 1.6917208695411683,
    "plan_bench_generalization_gpt4": 2.209702847003937,
    "plan_bench_generalization_mini_gpt4": 2.2197853255271913,
    "plan_bench_generalization_groundtruth": 1.717896282672882,
    "plan_bench_generalization_openai_human_written_examples": 2.41070595741272,
    "plan_bench_generalization_rewrite_groundtruth_in_own_words": 2.324291386604309
}