{
    "boolq_step_by_step": 4.170115966796875,
    "boolq_claude": 2.9061020267009736
}