{
    "mmlu_pro_law_step_by_step": 5.16930136680603,
    "mmlu_pro_law_claude": 3.543282715479533,
    "mmlu_pro_law_gpt4_style_in_context_examples": 5.19235200881958,
    "mmlu_pro_law_gpt4": 5.128857843081156,
    "mmlu_pro_law_mini_gpt4": 4.937742265065511,
    "mmlu_pro_law_groundtruth": 36.40170742670695,
    "mmlu_pro_law_openai_human_written_examples": 6.08500779469808
}