{
    "plan_bench_replaning_step_by_step": 2.5491866445541382,
    "plan_bench_replaning_claude": 2.2674814367294314,
    "plan_bench_replaning_gpt4_style_in_context_examples": 3.0007550001144407,
    "plan_bench_replaning_gpt4": 3.174038414955139,
    "plan_bench_replaning_mini_gpt4": 2.662696669101715,
    "plan_bench_replaning_groundtruth": 451.69813977718354,
    "plan_bench_replaning_openai_human_written_examples": 3.3593779182434083,
    "plan_bench_replaning_rewrite_groundtruth_in_own_words": 3.6703395009040833
}