{
    "math_algebra_step_by_step": 1.8351038193702698,
    "math_algebra_claude": 2.106144322156906,
    "math_algebra_gpt4_style_in_context_examples": 3.750877764225006,
    "math_algebra_gpt4": 1.8655502712726593,
    "math_algebra_mini_gpt4": 1.8407557678222657,
    "math_algebra_groundtruth": 5.285383794307709
}