{
    "plan_bench_reuse_step_by_step": 2.413625693321228,
    "plan_bench_reuse_claude": 2.4641821503639223,
    "plan_bench_reuse_gpt4_style_in_context_examples": 2.3980415940284727,
    "plan_bench_reuse_gpt4": 2.6968576073646546,
    "plan_bench_reuse_mini_gpt4": 3.1383349895477295,
    "plan_bench_reuse_groundtruth": 11.41525182723999,
    "plan_bench_reuse_openai_human_written_examples": 4.218771803379059,
    "plan_bench_reuse_rewrite_groundtruth_in_own_words": 4.318948364257812
}