{
    "plan_bench_optimality_step_by_step": 2.14681369860967,
    "plan_bench_optimality_claude": 1.9807658473650613,
    "plan_bench_optimality_gpt4_style_in_context_examples": 1.883042335510254,
    "plan_bench_optimality_gpt4": 2.140677583217621,
    "plan_bench_optimality_mini_gpt4": 2.2550931930541993,
    "plan_bench_optimality_groundtruth": 3.727779956658681,
    "plan_bench_optimality_openai_human_written_examples": 2.7484639803568522,
    "plan_bench_optimality_rewrite_groundtruth_in_own_words": 2.7196059346199037
}