{
    "plan_bench_replaning_step_by_step": 2.6667189741134645,
    "plan_bench_replaning_claude": 2.4937382459640505
}