{
    "api_bank_step_by_step": 3.6513230641682943,
    "api_bank_claude": 3.4302825133005777,
    "api_bank_gpt4_style_in_context_examples": 4.471555058161417,
    "api_bank_gpt4": 4.240392978986105,
    "api_bank_mini_gpt4": 4.846503527959188,
    "api_bank_groundtruth": 4.1871211409568785,
    "api_bank_openai_human_written_examples": 4.042858370145162
}