{
    "mmlu_pro_law_step_by_step": 4.95586884021759,
    "mmlu_pro_law_claude": 3.6991379976272585,
    "mmlu_pro_law_gpt4_style_in_context_examples": 5.092396140098572,
    "mmlu_pro_law_gpt4": 4.920901560783387,
    "mmlu_pro_law_mini_gpt4": 5.117058753967285,
    "mmlu_pro_law_groundtruth": 41.24757614135742,
    "mmlu_pro_law_openai_human_written_examples": 6.775674200057983
}