{
    "winogrande_step_by_step": 5.0489469289779665,
    "winogrande_claude": 4.007428073883057,
    "winogrande_gpt4_style_in_context_examples": 4.967595052719116,
    "winogrande_gpt4": 6.7841551303863525,
    "winogrande_mini_gpt4": 5.776264214515686,
    "winogrande_groundtruth": 1.7335225701332093,
    "winogrande_openai_human_written_examples": 5.910474944114685
}