{
    "plan_bench_verification_step_by_step": 1.5044021129608154,
    "plan_bench_verification_claude": 1.676720682779948,
    "plan_bench_verification_gpt4_style_in_context_examples": 1.3648871699968974,
    "plan_bench_verification_gpt4": 1.5216301202774047,
    "plan_bench_verification_mini_gpt4": 2.29738028049469,
    "plan_bench_verification_groundtruth": 6.811483271916708,
    "plan_bench_verification_openai_human_written_examples": 1.856452206770579,
    "plan_bench_verification_rewrite_groundtruth_in_own_words": 2.5495402137438457
}