{
    "plan_bench_optimality_step_by_step": 2.090772821903229,
    "plan_bench_optimality_claude": 2.069808555841446,
    "plan_bench_optimality_gpt4_style_in_context_examples": 1.8306029915809632,
    "plan_bench_optimality_gpt4": 2.253886193037033,
    "plan_bench_optimality_mini_gpt4": 2.283309336900711,
    "plan_bench_optimality_groundtruth": 6.500008430480957,
    "plan_bench_optimality_openai_human_written_examples": 2.7752313375473023,
    "plan_bench_optimality_rewrite_groundtruth_in_own_words": 2.635516437292099
}