{
    "plan_bench_generalization_step_by_step": 1.721162087917328,
    "plan_bench_generalization_claude": 1.9961403250694274,
    "plan_bench_generalization_gpt4_style_in_context_examples": 1.6915750122070312,
    "plan_bench_generalization_gpt4": 2.215046238899231,
    "plan_bench_generalization_mini_gpt4": 2.23827810049057,
    "plan_bench_generalization_groundtruth": 1.9538068294525146,
    "plan_bench_generalization_openai_human_written_examples": 2.3045208978652956,
    "plan_bench_generalization_rewrite_groundtruth_in_own_words": 2.3834405159950256
}