{
    "gsm8k_step_by_step": 1.8852280855178833,
    "gsm8k_claude": 1.9751932660738627,
    "gsm8k_gpt4_style_in_context_examples": 1.9512603004773459,
    "gsm8k_gpt4": 1.9634171684583028,
    "gsm8k_mini_gpt4": 2.0360352953275043,
    "gsm8k_groundtruth": 3.295873022079468,
    "gsm8k_openai_human_written_examples": 1.960928169886271,
    "gsm8k_rewrite_groundtruth_in_own_words": 3.7857810656229653
}