{
    "plan_bench_generation_step_by_step": 2.18856729666392,
    "plan_bench_generation_claude": 2.052417353391647,
    "plan_bench_generation_gpt4_style_in_context_examples": 2.243236801624298,
    "plan_bench_generation_gpt4": 2.3042087129751843,
    "plan_bench_generation_mini_gpt4": 2.6599638346831003,
    "plan_bench_generation_groundtruth": 2.546299537420273,
    "plan_bench_generation_openai_human_written_examples": 2.561642918586731,
    "plan_bench_generation_rewrite_groundtruth_in_own_words": 2.2355192800362906
}