{
    "mbpp_step_by_step": {
        "perplexity": 1.8496904468536377,
        "IDF_score": 0.764,
        "log_propability": -65.8,
        "skywork_reward_score": 9.56470703125,
        "CAR_score": 3.46
    },
    "mbpp_claude": {
        "perplexity": 1.7980778336524963,
        "IDF_score": 0.489,
        "log_propability": -21.0,
        "skywork_reward_score": 16.29984375,
        "CAR_score": 6.3
    },
    "mbpp_gpt4_style_in_context_examples": {
        "perplexity": 1.8587897312641144,
        "IDF_score": 0.536,
        "log_propability": -25.5,
        "skywork_reward_score": 14.3016796875,
        "CAR_score": 5.32
    },
    "mbpp_gpt4": {
        "perplexity": 1.931533282995224,
        "IDF_score": 0.511,
        "log_propability": -23.4,
        "skywork_reward_score": 14.85103515625,
        "CAR_score": 5.35
    },
    "mbpp_mini_gpt4": {
        "perplexity": 2.3522817134857177,
        "IDF_score": 0.64,
        "log_propability": -32.5,
        "skywork_reward_score": 14.98205078125,
        "CAR_score": 4.58
    },
    "mbpp_groundtruth": {
        "perplexity": 5.089571144580841,
        "IDF_score": 1.1,
        "log_propability": -60.8,
        "skywork_reward_score": 9.24215087890625,
        "CAR_score": 1.8
    },
    "mbpp_openai_human_written_examples": {
        "perplexity": 2.2662838196754453,
        "IDF_score": 0.962,
        "log_propability": -115.0,
        "skywork_reward_score": 4.39231575012207,
        "CAR_score": 1.3
    },
    "mbpp_rewrite_groundtruth_in_own_words": {
        "perplexity": 2.587528475522995,
        "IDF_score": 0.775,
        "log_propability": -36.5,
        "skywork_reward_score": 9.796279296875,
        "CAR_score": 2.84
    }
}