{
    "piqa_step_by_step": 3.7989066362380983,
    "piqa_claude": 3.5755977392196656,
    "piqa_gpt4_style_in_context_examples": 4.372199058532715,
    "piqa_gpt4": 4.391145730018616,
    "piqa_mini_gpt4": 3.993839645385742,
    "piqa_groundtruth": 139.7073959350586,
    "piqa_openai_human_written_examples": 4.772553277015686
}