{
    "ecqa_step_by_step": 3.4946123123168946,
    "ecqa_claude": 3.075148272514343,
    "ecqa_gpt4_style_in_context_examples": 3.782611584663391,
    "ecqa_gpt4": 3.8091369390487673,
    "ecqa_mini_gpt4": 3.7411836624145507,
    "ecqa_groundtruth": 20.18126106262207,
    "ecqa_openai_human_written_examples": 3.238444995880127,
    "ecqa_rewrite_groundtruth_in_own_words": 5.685801243782043
}