{
    "api_bank_step_by_step": 3.1825913333892824,
    "api_bank_claude": 3.3814999771118166,
    "api_bank_gpt4_style_in_context_examples": 4.1074797058105466,
    "api_bank_gpt4": 3.822399401664734,
    "api_bank_mini_gpt4": 4.219050450325012,
    "api_bank_groundtruth": 9.171370971202851,
    "api_bank_openai_human_written_examples": 3.655935697555542
}