{
    "arc_challenge_step_by_step": 3.561195536851883,
    "arc_challenge_claude": 3.068470559120178
}