{
    "plan_bench_generation_step_by_step": 2.0140947341918944,
    "plan_bench_generation_claude": 1.878794753551483,
    "plan_bench_generation_gpt4_style_in_context_examples": 2.0955684105555217,
    "plan_bench_generation_gpt4": 2.160939562320709,
    "plan_bench_generation_mini_gpt4": 2.3204389731089274,
    "plan_bench_generation_groundtruth": 4.18413161834081,
    "plan_bench_generation_openai_human_written_examples": 2.5888449271519978,
    "plan_bench_generation_rewrite_groundtruth_in_own_words": 2.149169174830119
}