{
    "squad_step_by_step": 2.5501511549949645,
    "squad_claude": 2.1218142068386077
}