{
    "plan_bench_replaning_step_by_step": 2.7283213341236117,
    "plan_bench_replaning_claude": 2.604768544435501,
    "plan_bench_replaning_gpt4_style_in_context_examples": 3.0150036680698395,
    "plan_bench_replaning_gpt4": 3.0336578381061554,
    "plan_bench_replaning_mini_gpt4": 2.9614673590660097,
    "plan_bench_replaning_groundtruth": 5.873331899642944,
    "plan_bench_replaning_openai_human_written_examples": 3.5884452378749847,
    "plan_bench_replaning_rewrite_groundtruth_in_own_words": 3.606875799894333
}