{
    "plan_bench_generalization_step_by_step": 1.792801194190979,
    "plan_bench_generalization_claude": 1.9960670614242553,
    "plan_bench_generalization_gpt4_style_in_context_examples": 1.6349338507652282,
    "plan_bench_generalization_gpt4": 2.1428554344177244,
    "plan_bench_generalization_mini_gpt4": 2.163815722465515,
    "plan_bench_generalization_groundtruth": 1.6857673013210297,
    "plan_bench_generalization_openai_human_written_examples": 2.389117565155029,
    "plan_bench_generalization_rewrite_groundtruth_in_own_words": 2.2757838225364684
}