{
    "plan_bench_generation_step_by_step": 2.037528624534607,
    "plan_bench_generation_claude": 1.9550462400913238
}