{
    "ecqa_step_by_step": 3.29153826713562,
    "ecqa_claude": 3.047560496330261,
    "ecqa_gpt4_style_in_context_examples": 3.457395453453064,
    "ecqa_gpt4": 3.6457313179969786,
    "ecqa_mini_gpt4": 3.604481076002121,
    "ecqa_groundtruth": 18.375352244377137,
    "ecqa_openai_human_written_examples": 3.5025973105430603,
    "ecqa_rewrite_groundtruth_in_own_words": 5.533991773128509
}