{
    "mmlu_step_by_step": 3.937074294090271,
    "mmlu_claude": 2.9813525676727295,
    "mmlu_gpt4_style_in_context_examples": 3.7590389823913575,
    "mmlu_gpt4": 4.469373207092286,
    "mmlu_mini_gpt4": 3.599167332649231,
    "mmlu_groundtruth": 439.06679222106936,
    "mmlu_openai_human_written_examples": 4.444891982078552
}