{
    "mbpp_step_by_step": 3.341437237262726,
    "mbpp_claude": 4.340218293666839,
    "mbpp_gpt4_style_in_context_examples": 4.533134603500367,
    "mbpp_gpt4": 6.371010909080505,
    "mbpp_mini_gpt4": 6.185183131694794,
    "mbpp_groundtruth": 15.191559610366822,
    "mbpp_openai_human_written_examples": 3.866078200340271,
    "mbpp_rewrite_groundtruth_in_own_words": 9.77539235830307
}