{
    "api_bank_step_by_step": 3.526576941609383,
    "api_bank_claude": 3.3690311765670775,
    "api_bank_gpt4_style_in_context_examples": 4.5068100816011425,
    "api_bank_gpt4": 4.279590350389481,
    "api_bank_mini_gpt4": 4.770532240271568,
    "api_bank_groundtruth": 7.642964835166931,
    "api_bank_openai_human_written_examples": 4.3791691714525225
}