{
    "mmlu_pro_law_step_by_step": 4.898678979873657,
    "mmlu_pro_law_claude": 3.4779496788978577,
    "mmlu_pro_law_gpt4_style_in_context_examples": 5.065315861701965
}