{
    "agieval_step_by_step": 3.783370614051819,
    "agieval_claude": 2.583011102676392,
    "agieval_gpt4_style_in_context_examples": 3.9509402751922607,
    "agieval_gpt4": 3.9569157123565675,
    "agieval_mini_gpt4": 3.4870808601379393,
    "agieval_groundtruth": 35183548.33125,
    "agieval_openai_human_written_examples": 4.22638967037201
}