{
    "mmlu_moral_scenarios_step_by_step": 3.910012893676758,
    "mmlu_moral_scenarios_claude": 2.855380470752716,
    "mmlu_moral_scenarios_gpt4_style_in_context_examples": 3.189884605407715,
    "mmlu_moral_scenarios_gpt4": 4.198740463256836,
    "mmlu_moral_scenarios_mini_gpt4": 3.9079631996154784,
    "mmlu_moral_scenarios_groundtruth": 99.62037736654281,
    "mmlu_moral_scenarios_openai_human_written_examples": 4.892387461662293
}