{
    "winogrande_step_by_step": 4.088544845581055,
    "winogrande_claude": 3.5392656564712524,
    "winogrande_gpt4_style_in_context_examples": 4.4506768703460695,
    "winogrande_gpt4": 4.844323205947876,
    "winogrande_mini_gpt4": 4.615886211395264,
    "winogrande_groundtruth": 5.7277992248535154,
    "winogrande_openai_human_written_examples": 3.752815580368042
}