{
    "piqa_step_by_step": 3.3409492683410646,
    "piqa_claude": 3.1514265549182894,
    "piqa_gpt4_style_in_context_examples": 3.788487278223038,
    "piqa_gpt4": 4.313601007461548,
    "piqa_mini_gpt4": 3.311894896030426,
    "piqa_groundtruth": 1088187.4290063477,
    "piqa_openai_human_written_examples": 4.156187388896942
}