{
    "plan_bench_generalization_step_by_step": 1.7283589641253154,
    "plan_bench_generalization_claude": 1.9845933318138123,
    "plan_bench_generalization_gpt4_style_in_context_examples": 1.6424367507298787,
    "plan_bench_generalization_gpt4": 2.0099040071169534,
    "plan_bench_generalization_mini_gpt4": 2.1454938570658366,
    "plan_bench_generalization_groundtruth": 1.8647114396095277,
    "plan_bench_generalization_openai_human_written_examples": 2.3012297987937926,
    "plan_bench_generalization_rewrite_groundtruth_in_own_words": 2.323086222012838
}