{
    "plan_bench_verification_step_by_step": 1.5218420815467835,
    "plan_bench_verification_claude": 1.7448761534690858,
    "plan_bench_verification_gpt4_style_in_context_examples": 1.4827970337867737,
    "plan_bench_verification_gpt4": 1.6072226476669311,
    "plan_bench_verification_mini_gpt4": 2.280944848060608,
    "plan_bench_verification_groundtruth": 7.982321000099182,
    "plan_bench_verification_openai_human_written_examples": 1.8789673233032227,
    "plan_bench_verification_rewrite_groundtruth_in_own_words": 2.4508447575569154
}