{
    "plan_bench_replaning_step_by_step": 2.6099684929847715,
    "plan_bench_replaning_claude": 2.7057489490509035,
    "plan_bench_replaning_gpt4_style_in_context_examples": 3.060895206928253,
    "plan_bench_replaning_gpt4": 3.1942328000068665,
    "plan_bench_replaning_mini_gpt4": 3.01404283285141,
    "plan_bench_replaning_groundtruth": 21.222264053821565,
    "plan_bench_replaning_openai_human_written_examples": 3.6750995969772338,
    "plan_bench_replaning_rewrite_groundtruth_in_own_words": 3.870982463359833
}