{
    "plan_bench_verification_step_by_step": 1.5255969285964965,
    "plan_bench_verification_claude": 1.6884764313697815,
    "plan_bench_verification_gpt4_style_in_context_examples": 1.5256661216417948,
    "plan_bench_verification_gpt4": 1.6727273742357889,
    "plan_bench_verification_mini_gpt4": 2.4466644962628683,
    "plan_bench_verification_groundtruth": 19.40790465672811,
    "plan_bench_verification_openai_human_written_examples": 2.147359863917033,
    "plan_bench_verification_rewrite_groundtruth_in_own_words": 2.990415668487549
}