{
    "boolq_step_by_step": 3.5536907720565796,
    "boolq_claude": 3.009205150604248,
    "boolq_gpt4_style_in_context_examples": 3.572449970245361,
    "boolq_gpt4": 4.051832618713379,
    "boolq_mini_gpt4": 3.9026784324645996,
    "boolq_groundtruth": 11.142429475784303,
    "boolq_openai_human_written_examples": 2.8077857160568236
}