{
    "plan_bench_verification_step_by_step": 1.5016522049903869,
    "plan_bench_verification_claude": 1.7171544313430787,
    "plan_bench_verification_gpt4_style_in_context_examples": 1.3924057006835937,
    "plan_bench_verification_gpt4": 1.5051135182380677,
    "plan_bench_verification_mini_gpt4": 2.0030487775802612,
    "plan_bench_verification_groundtruth": 7.942976570129394,
    "plan_bench_verification_openai_human_written_examples": 1.8397887229919434,
    "plan_bench_verification_rewrite_groundtruth_in_own_words": 2.3919639229774474
}