{
    "mbpp_step_by_step": 3.493989372253418,
    "mbpp_claude": 7.003537344932556,
    "mbpp_gpt4_style_in_context_examples": 6.613978791236877,
    "mbpp_gpt4": 7.717450046539307,
    "mbpp_mini_gpt4": 7.503535366058349,
    "mbpp_groundtruth": 35.564643478393556,
    "mbpp_openai_human_written_examples": 4.348787260055542,
    "mbpp_rewrite_groundtruth_in_own_words": 17.82589120864868
}