{
    "hellaswag_step_by_step": 5.184375476837158,
    "hellaswag_claude": 4.163887858390808,
    "hellaswag_gpt4_style_in_context_examples": 3.3880310535430906,
    "hellaswag_gpt4": 6.4482673645019535,
    "hellaswag_mini_gpt4": 7.3098057270050045,
    "hellaswag_groundtruth": 22393117.125,
    "hellaswag_openai_human_written_examples": 5.814222002029419
}