{
    "plan_bench_generalization_step_by_step": 1.6831583845615388,
    "plan_bench_generalization_claude": 2.09932199716568,
    "plan_bench_generalization_gpt4_style_in_context_examples": 1.614651279449463,
    "plan_bench_generalization_gpt4": 1.9709606075286865,
    "plan_bench_generalization_mini_gpt4": 2.105536279678345,
    "plan_bench_generalization_groundtruth": 1.9549196064472198,
    "plan_bench_generalization_openai_human_written_examples": 2.538249852657318,
    "plan_bench_generalization_rewrite_groundtruth_in_own_words": 2.3767167365550996
}