{
    "piqa_step_by_step": 3.3753382217884065,
    "piqa_claude": 3.1105593260129294,
    "piqa_gpt4_style_in_context_examples": 3.807017627954483,
    "piqa_gpt4": 4.295842609008154,
    "piqa_mini_gpt4": 3.2970431037743886,
    "piqa_groundtruth": 1485361.287271932,
    "piqa_openai_human_written_examples": 4.245591835180918
}