{
    "squad_step_by_step": 2.5403360748291015,
    "squad_claude": 2.1151315438747407,
    "squad_gpt4_style_in_context_examples": 2.4183019900321963,
    "squad_gpt4": 3.338878959417343
}