{
    "api_bank_step_by_step": 3.5506955862045286,
    "api_bank_claude": 3.432261753082275
}