{
    "plan_bench_replaning_step_by_step": 2.57445543050766,
    "plan_bench_replaning_claude": 2.658010618686676
}