{
    "plan_bench_replaning_step_by_step": 2.8786085081100463,
    "plan_bench_replaning_claude": 2.6080583333969116
}