{
    "api_bank_step_by_step": 3.412571337223053,
    "api_bank_claude": 3.3845797538757325
}