{
    "plan_bench_replaning_step_by_step": 2.8181422424316405,
    "plan_bench_replaning_claude": 2.7231466388702392
}