{
    "plan_bench_replaning_step_by_step": 2.93164790391922,
    "plan_bench_replaning_claude": 2.880211794376373
}