{
    "drop_step_by_step": 3.286559876203537,
    "drop_claude": 2.367082690000534,
    "drop_gpt4_style_in_context_examples": 2.689992663860321,
    "drop_gpt4": 2.5903486144542693,
    "drop_mini_gpt4": 2.949165405035019,
    "drop_groundtruth": 20.919946250915526,
    "drop_openai_human_written_examples": 2.370131584405899
}