{
    "boolq_step_by_step": 3.611198433637619,
    "boolq_claude": 2.9341448271274566,
    "boolq_gpt4_style_in_context_examples": 3.4682700490951537,
    "boolq_gpt4": 4.030244343280792,
    "boolq_mini_gpt4": 4.022804656028748,
    "boolq_groundtruth": 13.389153590202332,
    "boolq_openai_human_written_examples": 2.837754107713699
}