{
    "math_algebra_step_by_step": 1.854810325304667,
    "math_algebra_claude": 2.0752474665641785,
    "math_algebra_gpt4_style_in_context_examples": 2.4084240277608235,
    "math_algebra_gpt4": 1.8738430460294089,
    "math_algebra_mini_gpt4": 1.7844538370768228,
    "math_algebra_groundtruth": 5.994722449779511,
    "math_algebra_openai_human_written_examples": 2.072556229432424,
    "math_algebra_rewrite_groundtruth_in_own_words": 2.976455044746399
}