{
    "agieval_step_by_step": 3.103559875488281,
    "agieval_claude": 2.4155065536499025,
    "agieval_gpt4_style_in_context_examples": 3.296380138397217,
    "agieval_gpt4": 3.340947484970093,
    "agieval_mini_gpt4": 2.968786430358887,
    "agieval_groundtruth": 1320634.3774902343,
    "agieval_openai_human_written_examples": 3.3697295427322387
}