{
    "plan_bench_replaning_step_by_step": 2.7244415481885276,
    "plan_bench_replaning_claude": 2.537505487600962,
    "plan_bench_replaning_gpt4_style_in_context_examples": 2.9359766244888306,
    "plan_bench_replaning_gpt4": 5.789347843329112,
    "plan_bench_replaning_mini_gpt4": 2.7215250611305235,
    "plan_bench_replaning_groundtruth": 699.7501098513603,
    "plan_bench_replaning_openai_human_written_examples": 3.449791590372721,
    "plan_bench_replaning_rewrite_groundtruth_in_own_words": 3.8404664119084675
}