{
    "plan_bench_generalization_step_by_step": 1.7445089399814606,
    "plan_bench_generalization_claude": 1.9930762875080108,
    "plan_bench_generalization_gpt4_style_in_context_examples": 1.637884989976883,
    "plan_bench_generalization_gpt4": 2.1179670107364656,
    "plan_bench_generalization_mini_gpt4": 2.147260926961899,
    "plan_bench_generalization_groundtruth": 1.6835945641994476,
    "plan_bench_generalization_openai_human_written_examples": 2.287111020088196,
    "plan_bench_generalization_rewrite_groundtruth_in_own_words": 2.2629750573635103
}