{
    "drop_step_by_step": 2.6247455030679703,
    "drop_claude": 2.4165354883670807,
    "drop_gpt4_style_in_context_examples": 2.642989214658737,
    "drop_gpt4": 2.600907392501831,
    "drop_mini_gpt4": 2.79881166100502,
    "drop_groundtruth": 22.238571959733964,
    "drop_openai_human_written_examples": 2.2165125185251235
}