{
    "mbpp_step_by_step": 3.382156295776367,
    "mbpp_claude": 8.033691790103912,
    "mbpp_gpt4_style_in_context_examples": 6.323931349515915,
    "mbpp_gpt4": 8.31598036646843,
    "mbpp_mini_gpt4": 6.769112671613693,
    "mbpp_groundtruth": 27.240958831310273,
    "mbpp_openai_human_written_examples": 4.116753309965134,
    "mbpp_rewrite_groundtruth_in_own_words": 15.272679822444916
}