{
    "mmlu_pro_law_step_by_step": 4.266364741325378,
    "mmlu_pro_law_claude": 3.2197150389353433,
    "mmlu_pro_law_gpt4_style_in_context_examples": 5.149186221758525,
    "mmlu_pro_law_gpt4": 5.26080679098765,
    "mmlu_pro_law_mini_gpt4": 3.8988128582636516,
    "mmlu_pro_law_groundtruth": 322.80126818021137,
    "mmlu_pro_law_openai_human_written_examples": 6.032036344210307
}