{
    "mbpp_step_by_step": 3.3491333365440368,
    "mbpp_claude": 5.576569106578827,
    "mbpp_gpt4_style_in_context_examples": 4.288929958343505,
    "mbpp_gpt4": 6.638401564359665,
    "mbpp_mini_gpt4": 8.101818701028824
}