{
    "boolq_step_by_step": 3.38513023853302,
    "boolq_claude": 3.235749387741089,
    "boolq_gpt4_style_in_context_examples": 3.7449430227279663,
    "boolq_gpt4": 4.32917287349701,
    "boolq_mini_gpt4": 4.3799866199493405,
    "boolq_groundtruth": 9.548281812667847,
    "boolq_openai_human_written_examples": 3.1360002040863035
}