{
    "mmlu_step_by_step": 4.230274772644043,
    "mmlu_claude": 2.9996469656626386,
    "mmlu_gpt4_style_in_context_examples": 4.017841593424479,
    "mmlu_gpt4": 4.959877880414327,
    "mmlu_mini_gpt4": 4.107670299212137,
    "mmlu_groundtruth": 257.6679685672124,
    "mmlu_openai_human_written_examples": 5.079667441050211
}