{
    "math_geometry_step_by_step": 1.827491581439972,
    "math_geometry_claude": 1.923594582080841,
    "math_geometry_gpt4_style_in_context_examples": 2.6967052817344666,
    "math_geometry_gpt4": 1.8642186999320984,
    "math_geometry_mini_gpt4": 1.7485994935035705,
    "math_geometry_groundtruth": 2.49193651676178,
    "math_geometry_openai_human_written_examples": 4.307348763942718,
    "math_geometry_rewrite_groundtruth_in_own_words": 2.168725836277008
}