{
    "plan_bench_execution_step_by_step": 1.9033944153785705,
    "plan_bench_execution_claude": 1.892697172164917,
    "plan_bench_execution_gpt4_style_in_context_examples": 2.5235439777374267,
    "plan_bench_execution_gpt4": 2.0808338022232054,
    "plan_bench_execution_mini_gpt4": 2.695901756286621,
    "plan_bench_execution_groundtruth": 1.7780047845840454,
    "plan_bench_execution_openai_human_written_examples": 2.367087540626526,
    "plan_bench_execution_rewrite_groundtruth_in_own_words": 2.6739196157455445
}