{
    "plan_bench_replaning_step_by_step": 2.6917388598124186,
    "plan_bench_replaning_claude": 2.533716538747152,
    "plan_bench_replaning_gpt4_style_in_context_examples": 3.1076042115688325,
    "plan_bench_replaning_gpt4": 3.16937268892924,
    "plan_bench_replaning_mini_gpt4": 2.932020704348882,
    "plan_bench_replaning_groundtruth": 4.849463618199031,
    "plan_bench_replaning_openai_human_written_examples": 3.487150540351868,
    "plan_bench_replaning_rewrite_groundtruth_in_own_words": 3.685788808266322
}