{
    "gsm8k_step_by_step": 1.9228169202804566,
    "gsm8k_claude": 1.9014111173152923,
    "gsm8k_gpt4_style_in_context_examples": 2.1544152172406514,
    "gsm8k_gpt4": 2.4917396744092306,
    "gsm8k_mini_gpt4": 2.0078586868445076,
    "gsm8k_groundtruth": 3.3399105898539223,
    "gsm8k_openai_human_written_examples": 2.0487366314729054,
    "gsm8k_rewrite_groundtruth_in_own_words": 3.5517136283715565
}