{
    "plan_bench_replaning_step_by_step": 2.774668825070063,
    "plan_bench_replaning_claude": 2.6455410174528757,
    "plan_bench_replaning_gpt4_style_in_context_examples": 3.138508777618408,
    "plan_bench_replaning_gpt4": 3.340099935531616,
    "plan_bench_replaning_mini_gpt4": 3.099587549765905,
    "plan_bench_replaning_groundtruth": 18.551174414157867,
    "plan_bench_replaning_openai_human_written_examples": 3.7894266561667123,
    "plan_bench_replaning_rewrite_groundtruth_in_own_words": 4.066977237065633
}