{
    "ecqa_step_by_step": 4.1565317535400395,
    "ecqa_claude": 3.8175306701660157,
    "ecqa_gpt4_style_in_context_examples": 4.674473285675049,
    "ecqa_gpt4": 4.549328079223633,
    "ecqa_mini_gpt4": 4.857615671157837,
    "ecqa_groundtruth": 10.259943361282348,
    "ecqa_openai_human_written_examples": 4.328897829055786,
    "ecqa_rewrite_groundtruth_in_own_words": 6.163840413093567
}