{
    "mmlu_pro_law_step_by_step": 4.333990857601166,
    "mmlu_pro_law_claude": 3.2101453518867493,
    "mmlu_pro_law_gpt4_style_in_context_examples": 4.821317704916001
}