{
    "plan_bench_optimality_step_by_step": 2.0081969141960143,
    "plan_bench_optimality_claude": 2.1572394649187725,
    "plan_bench_optimality_gpt4_style_in_context_examples": 1.838670825958252,
    "plan_bench_optimality_gpt4": 2.222429406642914,
    "plan_bench_optimality_mini_gpt4": 2.1916426261266073,
    "plan_bench_optimality_groundtruth": 3.0055272261301678,
    "plan_bench_optimality_openai_human_written_examples": 2.6012001554171245,
    "plan_bench_optimality_rewrite_groundtruth_in_own_words": 2.5668436805407207
}