{
    "plan_bench_verification_step_by_step": 1.6870245146751404,
    "plan_bench_verification_claude": 1.8821888446807862,
    "plan_bench_verification_gpt4_style_in_context_examples": 1.7124989104270936,
    "plan_bench_verification_gpt4": 1.8037513256073,
    "plan_bench_verification_mini_gpt4": 2.752627389431,
    "plan_bench_verification_groundtruth": 20.547495613098146,
    "plan_bench_verification_openai_human_written_examples": 2.33554842710495,
    "plan_bench_verification_rewrite_groundtruth_in_own_words": 3.0405116391181948
}