{
    "plan_bench_generalization_step_by_step": 1.6551004846890767,
    "plan_bench_generalization_claude": 1.8374169270197551,
    "plan_bench_generalization_gpt4_style_in_context_examples": 1.395799744129181,
    "plan_bench_generalization_gpt4": 2.204188092549642,
    "plan_bench_generalization_mini_gpt4": 1.9708175857861836,
    "plan_bench_generalization_groundtruth": 2.5140235940615336,
    "plan_bench_generalization_openai_human_written_examples": 2.1438531041145326,
    "plan_bench_generalization_rewrite_groundtruth_in_own_words": 2.2073230346043906
}