{
    "plan_bench_replaning_step_by_step": 3.0649123668670653,
    "plan_bench_replaning_claude": 3.13507285118103,
    "plan_bench_replaning_gpt4_style_in_context_examples": 3.2197456836700438,
    "plan_bench_replaning_gpt4": 5.5930971026420595,
    "plan_bench_replaning_mini_gpt4": 3.290393257141113,
    "plan_bench_replaning_groundtruth": 20.429712057113647,
    "plan_bench_replaning_openai_human_written_examples": 3.7980378389358522,
    "plan_bench_replaning_rewrite_groundtruth_in_own_words": 3.851798415184021
}