{
    "api_bank_step_by_step": 3.7427725982666016,
    "api_bank_claude": 3.609447798728943,
    "api_bank_gpt4_style_in_context_examples": 4.551126399040222,
    "api_bank_gpt4": 4.334872307777405,
    "api_bank_mini_gpt4": 4.943100662231445,
    "api_bank_groundtruth": 4.794925875663758,
    "api_bank_openai_human_written_examples": 4.12422064781189
}