{
    "api_bank_step_by_step": 3.6836297917366028,
    "api_bank_claude": 3.423528187274933
}