{
    "plan_bench_verification_step_by_step": 1.5367901229858398,
    "plan_bench_verification_claude": 1.7232127499580383,
    "plan_bench_verification_gpt4_style_in_context_examples": 1.4318680167198181,
    "plan_bench_verification_gpt4": 1.614982715845108,
    "plan_bench_verification_mini_gpt4": 2.176118257045746,
    "plan_bench_verification_groundtruth": 103.46911061763764,
    "plan_bench_verification_openai_human_written_examples": 1.8853725957870484,
    "plan_bench_verification_rewrite_groundtruth_in_own_words": 2.537021772861481
}