{
    "plan_bench_generation_step_by_step": 2.3542333364486696,
    "plan_bench_generation_claude": 2.14562748670578,
    "plan_bench_generation_gpt4_style_in_context_examples": 2.6099287986755373,
    "plan_bench_generation_gpt4": 2.2955676436424257,
    "plan_bench_generation_mini_gpt4": 2.9871044635772703,
    "plan_bench_generation_groundtruth": 8.52160701751709,
    "plan_bench_generation_openai_human_written_examples": 3.1117619037628175,
    "plan_bench_generation_rewrite_groundtruth_in_own_words": 2.3725203394889833
}