{
    "plan_bench_verification_step_by_step": 1.5182308268547058,
    "plan_bench_verification_claude": 1.7681437730789185,
    "plan_bench_verification_gpt4_style_in_context_examples": 1.4902062582969666,
    "plan_bench_verification_gpt4": 1.6038165140151976,
    "plan_bench_verification_mini_gpt4": 2.2909141278266905,
    "plan_bench_verification_groundtruth": 9.466004009246825,
    "plan_bench_verification_openai_human_written_examples": 1.8944408798217773,
    "plan_bench_verification_rewrite_groundtruth_in_own_words": 2.4618284559249877
}