{
    "api_bank_step_by_step": 3.2584143006801605,
    "api_bank_claude": 3.260195425748825,
    "api_bank_gpt4_style_in_context_examples": 4.139318630695343,
    "api_bank_gpt4": 4.029286110401154,
    "api_bank_mini_gpt4": 4.001747403144837,
    "api_bank_groundtruth": 13.021777440309524,
    "api_bank_openai_human_written_examples": 3.859487483501434
}