{
    "mmlu_moral_scenarios_step_by_step": 3.553590703010559,
    "mmlu_moral_scenarios_claude": 3.1300024247169493,
    "mmlu_moral_scenarios_gpt4_style_in_context_examples": 3.8112231302261352,
    "mmlu_moral_scenarios_gpt4": 3.797243583202362,
    "mmlu_moral_scenarios_mini_gpt4": 3.960149674415588
}