{
    "piqa_step_by_step": 4.159723961353302,
    "piqa_claude": 3.718481116294861
}