{
    "agieval_step_by_step": 3.8205277840296428,
    "agieval_claude": 2.949259090423584,
    "agieval_gpt4_style_in_context_examples": 3.903576143582662,
    "agieval_gpt4": 4.3710793654123945,
    "agieval_mini_gpt4": 3.9137321949005126,
    "agieval_groundtruth": 31600925.807291668,
    "agieval_openai_human_written_examples": 4.217328643798828
}