{
    "plan_bench_generation_step_by_step": 2.2254274169603985,
    "plan_bench_generation_claude": 1.9169961214065552,
    "plan_bench_generation_gpt4_style_in_context_examples": 2.4246588428815206,
    "plan_bench_generation_gpt4": 2.4693868358929953,
    "plan_bench_generation_mini_gpt4": 2.6408504486083983,
    "plan_bench_generation_groundtruth": 6.709177188078562,
    "plan_bench_generation_openai_human_written_examples": 2.9672335823376974,
    "plan_bench_generation_rewrite_groundtruth_in_own_words": 2.3426477114359536
}