{
    "plan_bench_replaning_step_by_step": 2.487660732269287,
    "plan_bench_replaning_claude": 2.410053675174713,
    "plan_bench_replaning_gpt4_style_in_context_examples": 2.968103634119034,
    "plan_bench_replaning_gpt4": 3.067033964395523,
    "plan_bench_replaning_mini_gpt4": 2.7626895785331724,
    "plan_bench_replaning_groundtruth": 425.31479390621183,
    "plan_bench_replaning_openai_human_written_examples": 3.216324747800827,
    "plan_bench_replaning_rewrite_groundtruth_in_own_words": 3.8157590436935425
}