{
    "plan_bench_generation_step_by_step": 2.1743874490261077,
    "plan_bench_generation_claude": 2.0559313333034517,
    "plan_bench_generation_gpt4_style_in_context_examples": 2.2699805295467375,
    "plan_bench_generation_gpt4": 2.3078368294239042,
    "plan_bench_generation_mini_gpt4": 2.6945446836948395,
    "plan_bench_generation_groundtruth": 2.571592962741852,
    "plan_bench_generation_openai_human_written_examples": 2.614600886106491,
    "plan_bench_generation_rewrite_groundtruth_in_own_words": 2.254608188867569
}