{
    "plan_bench_generalization_step_by_step": 1.7012691617012023,
    "plan_bench_generalization_claude": 1.9813676595687866,
    "plan_bench_generalization_gpt4_style_in_context_examples": 1.6982563376426696,
    "plan_bench_generalization_gpt4": 2.2425968647003174,
    "plan_bench_generalization_mini_gpt4": 2.358555567264557,
    "plan_bench_generalization_groundtruth": 1.6732922196388245,
    "plan_bench_generalization_openai_human_written_examples": 2.3423371076583863,
    "plan_bench_generalization_rewrite_groundtruth_in_own_words": 2.1164217472076414
}