{
    "api_bank_step_by_step": 3.641364493370056,
    "api_bank_claude": 3.47560263633728,
    "api_bank_gpt4_style_in_context_examples": 4.607275395393372,
    "api_bank_gpt4": 4.305364933013916,
    "api_bank_mini_gpt4": 4.673089065551758,
    "api_bank_groundtruth": 7.204622435569763,
    "api_bank_openai_human_written_examples": 4.681928915977478
}