{
    "plan_bench_reuse_step_by_step": 2.3197240376472474,
    "plan_bench_reuse_claude": 2.4276500272750856,
    "plan_bench_reuse_gpt4_style_in_context_examples": 2.1161360144615173,
    "plan_bench_reuse_gpt4": 2.7377875304222106,
    "plan_bench_reuse_mini_gpt4": 3.112620997428894,
    "plan_bench_reuse_groundtruth": 4.833606297969818,
    "plan_bench_reuse_openai_human_written_examples": 3.2542673921585084,
    "plan_bench_reuse_rewrite_groundtruth_in_own_words": 3.6173734712600707
}