{
    "math_algebra_step_by_step": 1.9045470674832663,
    "math_algebra_claude": 1.988736363252004,
    "math_algebra_gpt4_style_in_context_examples": 7.08217822710673,
    "math_algebra_gpt4": 3.3872719208399453,
    "math_algebra_mini_gpt4": 1.8738751967748006,
    "math_algebra_groundtruth": 2.5701936801274616,
    "math_algebra_openai_human_written_examples": 2.1340875029563904,
    "math_algebra_rewrite_groundtruth_in_own_words": 2.741481653849284
}