{
    "plan_bench_verification_step_by_step": 1.654559862613678,
    "plan_bench_verification_claude": 1.8299919974803924,
    "plan_bench_verification_gpt4_style_in_context_examples": 1.6129554986953736,
    "plan_bench_verification_gpt4": 1.7128076815605164,
    "plan_bench_verification_mini_gpt4": 2.5708226668834686,
    "plan_bench_verification_groundtruth": 19.47123804807663,
    "plan_bench_verification_openai_human_written_examples": 2.1946666061878206,
    "plan_bench_verification_rewrite_groundtruth_in_own_words": 3.1004432368278505
}