{
    "drop_step_by_step": 3.204234757423401,
    "drop_claude": 2.7536039757728576,
    "drop_gpt4_style_in_context_examples": 2.829692884683609,
    "drop_gpt4": 3.3881500971317293,
    "drop_mini_gpt4": 3.2531589245796204,
    "drop_groundtruth": 215.19265494823455,
    "drop_openai_human_written_examples": 2.9571700072288514
}