{
    "plan_bench_generation_step_by_step": 2.269784469604492,
    "plan_bench_generation_claude": 2.2316449332237243,
    "plan_bench_generation_gpt4_style_in_context_examples": 2.178053624629974,
    "plan_bench_generation_gpt4": 2.4198286890983582,
    "plan_bench_generation_mini_gpt4": 2.809093792438507,
    "plan_bench_generation_groundtruth": 16.03962332725525,
    "plan_bench_generation_openai_human_written_examples": 2.669797556400299,
    "plan_bench_generation_rewrite_groundtruth_in_own_words": 2.970534119606018
}