{
    "winogrande_step_by_step": 5.278467273712158,
    "winogrande_claude": 4.609723901748657,
    "winogrande_gpt4_style_in_context_examples": 4.891087007522583,
    "winogrande_gpt4": 7.344399261474609,
    "winogrande_mini_gpt4": 6.142815446853637,
    "winogrande_groundtruth": 47.85785021781921,
    "winogrande_openai_human_written_examples": 6.665939855575561
}