{
    "plan_bench_optimality_step_by_step": 2.0978764736652376,
    "plan_bench_optimality_claude": 2.0559011662006377,
    "plan_bench_optimality_gpt4_style_in_context_examples": 1.8449872875213622,
    "plan_bench_optimality_gpt4": 2.2431688582897187,
    "plan_bench_optimality_mini_gpt4": 2.259843794107437,
    "plan_bench_optimality_groundtruth": 10.05343495130539,
    "plan_bench_optimality_openai_human_written_examples": 2.7318781280517577,
    "plan_bench_optimality_rewrite_groundtruth_in_own_words": 2.6279787254333495
}