{
    "mbpp_step_by_step": 3.4067293465137483,
    "mbpp_claude": 5.851739567518234,
    "mbpp_gpt4_style_in_context_examples": 4.65803361415863,
    "mbpp_gpt4": 6.635089159011841
}