{
    "mmlu_moral_scenarios_step_by_step": 3.581951684951782,
    "mmlu_moral_scenarios_claude": 3.181819729804993,
    "mmlu_moral_scenarios_gpt4_style_in_context_examples": 3.8151726055145265,
    "mmlu_moral_scenarios_gpt4": 3.8769366335868836,
    "mmlu_moral_scenarios_mini_gpt4": 3.983773386478424,
    "mmlu_moral_scenarios_groundtruth": 22.589444789886475,
    "mmlu_moral_scenarios_openai_human_written_examples": 3.986332483291626
}