{
    "agieval_step_by_step": 3.4602204525470732,
    "agieval_claude": 2.630149689912796,
    "agieval_gpt4_style_in_context_examples": 3.534552835226059,
    "agieval_gpt4": 4.188494341373444,
    "agieval_mini_gpt4": 3.4669369578361513,
    "agieval_groundtruth": 4420564.568652344,
    "agieval_openai_human_written_examples": 3.7359524607658385
}