{
    "winogrande_step_by_step": 4.131768011252086,
    "winogrande_claude": 3.5914229186375937,
    "winogrande_gpt4_style_in_context_examples": 4.136511781215668,
    "winogrande_gpt4": 4.641741065184275,
    "winogrande_mini_gpt4": 4.086001887321472,
    "winogrande_groundtruth": 6.19153440952301,
    "winogrande_openai_human_written_examples": 3.870053216616313
}