{
    "mmlu_pro_law_step_by_step": 5.218673634529114,
    "mmlu_pro_law_claude": 3.2344340085983276,
    "mmlu_pro_law_gpt4_style_in_context_examples": 4.681199860572815,
    "mmlu_pro_law_gpt4": 5.973884630203247,
    "mmlu_pro_law_mini_gpt4": 4.512572431564331,
    "mmlu_pro_law_groundtruth": 69.35273895263671,
    "mmlu_pro_law_openai_human_written_examples": 5.410815644264221
}