{
    "api_bank_step_by_step": 3.1719072421391803,
    "api_bank_claude": 3.2196858644485475,
    "api_bank_gpt4_style_in_context_examples": 4.271261564890543,
    "api_bank_gpt4": 3.8339927117029826,
    "api_bank_mini_gpt4": 4.202238194147745,
    "api_bank_groundtruth": 8.641690123081208,
    "api_bank_openai_human_written_examples": 3.600608213742574
}