{
    "plan_bench_reuse_step_by_step": 2.3470815618832908,
    "plan_bench_reuse_claude": 2.634757951895396,
    "plan_bench_reuse_gpt4_style_in_context_examples": 2.1151021361351012,
    "plan_bench_reuse_gpt4": 2.6018481890360516,
    "plan_bench_reuse_mini_gpt4": 3.1657253185908,
    "plan_bench_reuse_groundtruth": 387.2431873003642,
    "plan_bench_reuse_openai_human_written_examples": 3.3006709774335223,
    "plan_bench_reuse_rewrite_groundtruth_in_own_words": 3.977836910883586
}