{
    "plan_bench_verification_step_by_step": 1.5218649824460349,
    "plan_bench_verification_claude": 1.7880643129348754,
    "plan_bench_verification_gpt4_style_in_context_examples": 1.5270424723625182,
    "plan_bench_verification_gpt4": 1.6693268577257792,
    "plan_bench_verification_mini_gpt4": 2.4011876980463662,
    "plan_bench_verification_groundtruth": 4.1018829345703125,
    "plan_bench_verification_openai_human_written_examples": 1.9550978938738506,
    "plan_bench_verification_rewrite_groundtruth_in_own_words": 2.849009382724762
}