{
    "plan_bench_verification_step_by_step": 1.6120276439189911,
    "plan_bench_verification_claude": 1.780320430994034,
    "plan_bench_verification_gpt4_style_in_context_examples": 1.4934465610980987,
    "plan_bench_verification_gpt4": 1.7115377402305603,
    "plan_bench_verification_mini_gpt4": 2.271499229669571,
    "plan_bench_verification_groundtruth": 12.342145013809205,
    "plan_bench_verification_openai_human_written_examples": 2.0891167950630187,
    "plan_bench_verification_rewrite_groundtruth_in_own_words": 2.9422587645053864
}