{
    "gsm8k_step_by_step": 1.9266523043314616,
    "gsm8k_claude": 2.0792298118273416,
    "gsm8k_gpt4_style_in_context_examples": 1.9650449872016906,
    "gsm8k_gpt4": 1.9914513150850932,
    "gsm8k_mini_gpt4": 2.094775052865346,
    "gsm8k_groundtruth": 4.0518857598304745,
    "gsm8k_openai_human_written_examples": 2.3017605622609456,
    "gsm8k_rewrite_groundtruth_in_own_words": 4.406327907244364
}