{
    "arc_challenge_step_by_step": 3.4202229897181193,
    "arc_challenge_claude": 3.2014724691708882,
    "arc_challenge_gpt4_style_in_context_examples": 3.1208940744400024,
    "arc_challenge_gpt4": 3.4793294509251913,
    "arc_challenge_mini_gpt4": 3.6126261234283445,
    "arc_challenge_groundtruth": 93956.4357421875,
    "arc_challenge_openai_human_written_examples": 3.8612051963806153
}