{
    "plan_bench_generalization_step_by_step": 1.7279107689857482,
    "plan_bench_generalization_claude": 2.1649384260177613,
    "plan_bench_generalization_gpt4_style_in_context_examples": 1.7700544476509095,
    "plan_bench_generalization_gpt4": 2.1373775402704873,
    "plan_bench_generalization_mini_gpt4": 2.43450851837794,
    "plan_bench_generalization_groundtruth": 6.062988169987997,
    "plan_bench_generalization_openai_human_written_examples": 2.3435970584551495,
    "plan_bench_generalization_rewrite_groundtruth_in_own_words": 2.7249604066212973
}