{
    "plan_bench_generation_step_by_step": 2.166296112537384,
    "plan_bench_generation_claude": 1.8907269597053529,
    "plan_bench_generation_gpt4_style_in_context_examples": 2.4221027493476868,
    "plan_bench_generation_gpt4": 2.1532604813575746,
    "plan_bench_generation_mini_gpt4": 2.7658970952033997,
    "plan_bench_generation_groundtruth": 4.512141489982605,
    "plan_bench_generation_openai_human_written_examples": 2.8002047300338746,
    "plan_bench_generation_rewrite_groundtruth_in_own_words": 2.175756800174713
}