{
    "plan_bench_replaning_step_by_step": 2.74369252204895,
    "plan_bench_replaning_claude": 3.1338327050209047,
    "plan_bench_replaning_gpt4_style_in_context_examples": 3.351462998390198,
    "plan_bench_replaning_gpt4": 3.3522417044639585,
    "plan_bench_replaning_mini_gpt4": 3.192502548694611,
    "plan_bench_replaning_groundtruth": 40.92486998558044,
    "plan_bench_replaning_openai_human_written_examples": 3.9684847569465638,
    "plan_bench_replaning_rewrite_groundtruth_in_own_words": 4.1168950033187866
}