{
    "api_bank_step_by_step": 3.377205419540405,
    "api_bank_claude": 3.056924211978912,
    "api_bank_gpt4_style_in_context_examples": 4.381367158889771,
    "api_bank_gpt4": 4.2085036277771,
    "api_bank_mini_gpt4": 3.9739761114120484,
    "api_bank_groundtruth": 13.34255954027176,
    "api_bank_openai_human_written_examples": 3.8298160791397096
}