{
    "plan_bench_generalization_step_by_step": 1.7189925479888917,
    "plan_bench_generalization_claude": 2.060920042991638,
    "plan_bench_generalization_gpt4_style_in_context_examples": 1.634589833021164,
    "plan_bench_generalization_gpt4": 2.0567647582292556,
    "plan_bench_generalization_mini_gpt4": 2.1493574261665342,
    "plan_bench_generalization_groundtruth": 1.8807753509283065,
    "plan_bench_generalization_openai_human_written_examples": 2.4383457493782044,
    "plan_bench_generalization_rewrite_groundtruth_in_own_words": 2.3624803113937376
}