{
    "winogrande_step_by_step": 3.7511096954345704,
    "winogrande_claude": 2.996265745162964,
    "winogrande_gpt4_style_in_context_examples": 3.5578872203826903,
    "winogrande_gpt4": 4.347949194908142,
    "winogrande_mini_gpt4": 3.3981650829315186,
    "winogrande_groundtruth": 19.339227414131166,
    "winogrande_openai_human_written_examples": 3.6386492967605593
}