{
    "plan_bench_execution_step_by_step": 1.8814487409591676,
    "plan_bench_execution_claude": 1.815264663696289,
    "plan_bench_execution_gpt4_style_in_context_examples": 2.4993475389480593,
    "plan_bench_execution_gpt4": 2.0479304909706117,
    "plan_bench_execution_mini_gpt4": 2.71577486038208,
    "plan_bench_execution_groundtruth": 1.734151213169098,
    "plan_bench_execution_openai_human_written_examples": 2.346403374671936,
    "plan_bench_execution_rewrite_groundtruth_in_own_words": 2.6518608689308167
}