{
    "plan_bench_generation_step_by_step": 2.267853326797485,
    "plan_bench_generation_claude": 1.9813169252872467,
    "plan_bench_generation_gpt4_style_in_context_examples": 2.230095092058182,
    "plan_bench_generation_gpt4": 2.4582081234455107,
    "plan_bench_generation_mini_gpt4": 2.6795041155815125,
    "plan_bench_generation_groundtruth": 3.5045055139064787,
    "plan_bench_generation_openai_human_written_examples": 2.5706386303901674,
    "plan_bench_generation_rewrite_groundtruth_in_own_words": 2.450575484037399
}