{
    "arc_challenge_step_by_step": 3.2941653680801393,
    "arc_challenge_claude": 3.178665895462036,
    "arc_challenge_gpt4_style_in_context_examples": 3.3456913304328917,
    "arc_challenge_gpt4": 3.495389709472656,
    "arc_challenge_mini_gpt4": 3.5664650893211363,
    "arc_challenge_groundtruth": 66745.8392376709,
    "arc_challenge_openai_human_written_examples": 3.842567355632782
}