{
    "drop_step_by_step": 3.2974395036697386,
    "drop_claude": 3.0897989749908445,
    "drop_gpt4_style_in_context_examples": 3.322107744216919,
    "drop_gpt4": 3.8900670766830445,
    "drop_mini_gpt4": 4.04408712387085,
    "drop_groundtruth": 19.733624029159547,
    "drop_openai_human_written_examples": 2.5679909586906433
}