{
    "plan_bench_execution_step_by_step": 2.1295541882514955,
    "plan_bench_execution_claude": 2.422021770477295,
    "plan_bench_execution_gpt4_style_in_context_examples": 2.563325297832489,
    "plan_bench_execution_gpt4": 2.397847616672516,
    "plan_bench_execution_mini_gpt4": 3.4267143487930296,
    "plan_bench_execution_groundtruth": 9.375980234146118,
    "plan_bench_execution_openai_human_written_examples": 3.5391415119171143,
    "plan_bench_execution_rewrite_groundtruth_in_own_words": 3.3026702642440795
}