{
    "hellaswag_step_by_step": 4.491398501396179,
    "hellaswag_claude": 3.816558615366618,
    "hellaswag_gpt4_style_in_context_examples": 3.8078121105829874,
    "hellaswag_gpt4": 7.363044158617655,
    "hellaswag_mini_gpt4": 6.5063010613123575,
    "hellaswag_groundtruth": 18050570.719791666,
    "hellaswag_openai_human_written_examples": 6.662343549728393
}