{
    "mmlu_pro_law_step_by_step": 4.2536587190628055,
    "mmlu_pro_law_claude": 3.0614733505249023,
    "mmlu_pro_law_gpt4_style_in_context_examples": 4.613139362335205,
    "mmlu_pro_law_gpt4": 5.418818221092224,
    "mmlu_pro_law_mini_gpt4": 4.269448885917663,
    "mmlu_pro_law_groundtruth": 793.2824072360993,
    "mmlu_pro_law_openai_human_written_examples": 5.637010312080383
}