{
    "plan_bench_verification_step_by_step": 1.628249016602834,
    "plan_bench_verification_claude": 1.7760515622297923,
    "plan_bench_verification_gpt4_style_in_context_examples": 1.5528453930219015,
    "plan_bench_verification_gpt4": 1.7202895538012186,
    "plan_bench_verification_mini_gpt4": 2.4336180758476256,
    "plan_bench_verification_groundtruth": 42.7427654115359,
    "plan_bench_verification_openai_human_written_examples": 2.139950979153315,
    "plan_bench_verification_rewrite_groundtruth_in_own_words": 2.9442260972658794
}