{
    "plan_bench_verification_step_by_step": 1.5862216790517172,
    "plan_bench_verification_claude": 1.791031006971995,
    "plan_bench_verification_gpt4_style_in_context_examples": 1.4839736342430114,
    "plan_bench_verification_gpt4": 1.5917341510454814,
    "plan_bench_verification_mini_gpt4": 2.5346552530924478,
    "plan_bench_verification_groundtruth": 4.105009166399638,
    "plan_bench_verification_openai_human_written_examples": 2.0585975011189777,
    "plan_bench_verification_rewrite_groundtruth_in_own_words": 2.8505820751190187
}