{
    "boolq_step_by_step": 4.075284814834594,
    "boolq_claude": 2.8882984161376952,
    "boolq_gpt4_style_in_context_examples": 3.425653409957886,
    "boolq_gpt4": 4.227645969390869,
    "boolq_mini_gpt4": 4.43894944190979,
    "boolq_groundtruth": 8.29916296005249,
    "boolq_openai_human_written_examples": 3.5517371892929077
}