{
    "math_geometry_step_by_step": 1.7757954585552216,
    "math_geometry_claude": 1.9002045917510986,
    "math_geometry_gpt4_style_in_context_examples": 2.769407658576965,
    "math_geometry_gpt4": 1.8105052304267883,
    "math_geometry_mini_gpt4": 1.7671892535686493,
    "math_geometry_groundtruth": 2.8003662848472595,
    "math_geometry_openai_human_written_examples": 3.0638889408111574
}