{
    "piqa_step_by_step": 4.1353361749649045,
    "piqa_claude": 3.8611123752593994,
    "piqa_gpt4_style_in_context_examples": 4.9120565700531005,
    "piqa_gpt4": 5.211055421829224,
    "piqa_mini_gpt4": 4.319529671669006,
    "piqa_groundtruth": 171.1576593017578,
    "piqa_openai_human_written_examples": 4.973660554885864
}