{
    "math_geometry_step_by_step": 2.698101782798767,
    "math_geometry_claude": 2.440922796726227,
    "math_geometry_gpt4_style_in_context_examples": 3.5093212604522703,
    "math_geometry_gpt4": 2.62492458820343,
    "math_geometry_mini_gpt4": 2.2173871755599976,
    "math_geometry_groundtruth": 4.683840024471283,
    "math_geometry_openai_human_written_examples": 3.846160125732422,
    "math_geometry_rewrite_groundtruth_in_own_words": 3.3428998231887816
}