{
    "piqa_step_by_step": 3.367865271568298,
    "piqa_claude": 3.15727445602417,
    "piqa_gpt4_style_in_context_examples": 3.9718180966377257,
    "piqa_gpt4": 4.358688635826111,
    "piqa_mini_gpt4": 3.3589642000198365,
    "piqa_groundtruth": 100647.39662719726,
    "piqa_openai_human_written_examples": 4.279991798400879
}