{
    "mbpp_step_by_step": 2.364788013100624,
    "mbpp_claude": 2.804563524723053,
    "mbpp_gpt4_style_in_context_examples": 2.7533910483121873,
    "mbpp_gpt4": 3.1797532773017885,
    "mbpp_mini_gpt4": 3.485372626185417,
    "mbpp_groundtruth": 6.7635907942056654,
    "mbpp_openai_human_written_examples": 2.711749266386032,
    "mbpp_rewrite_groundtruth_in_own_words": 4.0008986872434615
}