{
    "mmlu_moral_scenarios_step_by_step": 3.4970099210739134,
    "mmlu_moral_scenarios_claude": 3.4350645303726197,
    "mmlu_moral_scenarios_gpt4_style_in_context_examples": 3.747126817703247,
    "mmlu_moral_scenarios_gpt4": 3.7726569175720215,
    "mmlu_moral_scenarios_mini_gpt4": 3.562933588027954,
    "mmlu_moral_scenarios_groundtruth": 64.92387886047364,
    "mmlu_moral_scenarios_openai_human_written_examples": 3.451434111595154
}