{
    "mmlu_pro_law_step_by_step": 3.888592324256897,
    "mmlu_pro_law_claude": 2.903362319469452,
    "mmlu_pro_law_gpt4_style_in_context_examples": 4.105888152122498,
    "mmlu_pro_law_gpt4": 4.4509335708618165,
    "mmlu_pro_law_mini_gpt4": 3.656889405250549,
    "mmlu_pro_law_groundtruth": 601.0610577774048,
    "mmlu_pro_law_openai_human_written_examples": 4.490454206466675
}