{
    "plan_bench_reuse_step_by_step": 2.100890164375305,
    "plan_bench_reuse_claude": 2.334048750400543,
    "plan_bench_reuse_gpt4_style_in_context_examples": 2.263916623592377,
    "plan_bench_reuse_gpt4": 2.4430641460418703,
    "plan_bench_reuse_mini_gpt4": 2.906642198562622,
    "plan_bench_reuse_groundtruth": 2.7109282493591307,
    "plan_bench_reuse_openai_human_written_examples": 2.9280617737770083,
    "plan_bench_reuse_rewrite_groundtruth_in_own_words": 2.9677384161949156
}