{
    "plan_bench_generalization_step_by_step": 1.6465813279151917,
    "plan_bench_generalization_claude": 2.0598878026008607,
    "plan_bench_generalization_gpt4_style_in_context_examples": 1.7444459319114685,
    "plan_bench_generalization_gpt4": 1.9719223737716676,
    "plan_bench_generalization_mini_gpt4": 2.3786584377288817,
    "plan_bench_generalization_groundtruth": 1.8732577323913575,
    "plan_bench_generalization_openai_human_written_examples": 2.370196807384491,
    "plan_bench_generalization_rewrite_groundtruth_in_own_words": 2.4402957439422606
}