{
    "drop_step_by_step": 2.541811386744181,
    "drop_claude": 2.358443812529246,
    "drop_gpt4_style_in_context_examples": 2.609290659427643,
    "drop_gpt4": 2.8557211637496946,
    "drop_mini_gpt4": 2.907727531592051,
    "drop_groundtruth": 30.98734651406606,
    "drop_openai_human_written_examples": 2.386772851149241
}