{
    "plan_bench_verification_step_by_step": 1.6153434348106384,
    "plan_bench_verification_claude": 1.8562432551383972,
    "plan_bench_verification_gpt4_style_in_context_examples": 1.6477218890190124,
    "plan_bench_verification_gpt4": 1.7189502024650574,
    "plan_bench_verification_mini_gpt4": 2.5239994287490846,
    "plan_bench_verification_groundtruth": 3.992188560962677,
    "plan_bench_verification_openai_human_written_examples": 2.021620099544525,
    "plan_bench_verification_rewrite_groundtruth_in_own_words": 2.7016846346855163
}