{
    "plan_bench_execution_step_by_step": 1.9685589182376861,
    "plan_bench_execution_claude": 2.4553897988796236,
    "plan_bench_execution_gpt4_style_in_context_examples": 2.1488573348522184,
    "plan_bench_execution_gpt4": 2.0705306363105773,
    "plan_bench_execution_mini_gpt4": 3.623188624382019,
    "plan_bench_execution_groundtruth": 9.877734241485596,
    "plan_bench_execution_openai_human_written_examples": 3.0046036529541014,
    "plan_bench_execution_rewrite_groundtruth_in_own_words": 3.1792290902137754
}