{
    "plan_bench_verification_step_by_step": 1.6091104412078858,
    "plan_bench_verification_claude": 1.7648973202705383,
    "plan_bench_verification_gpt4_style_in_context_examples": 1.4907873642444611,
    "plan_bench_verification_gpt4": 1.721439286470413,
    "plan_bench_verification_mini_gpt4": 2.2538086223602294,
    "plan_bench_verification_groundtruth": 45.180376892089846,
    "plan_bench_verification_openai_human_written_examples": 2.0698949003219607,
    "plan_bench_verification_rewrite_groundtruth_in_own_words": 2.8775781762599943
}