{
    "plan_bench_verification_step_by_step": 1.7342209696769715,
    "plan_bench_verification_claude": 1.9878193497657777,
    "plan_bench_verification_gpt4_style_in_context_examples": 1.7889078378677368,
    "plan_bench_verification_gpt4": 1.7410091638565064,
    "plan_bench_verification_mini_gpt4": 2.4634304523468016,
    "plan_bench_verification_groundtruth": 6.086122918128967,
    "plan_bench_verification_openai_human_written_examples": 1.933244228363037,
    "plan_bench_verification_rewrite_groundtruth_in_own_words": 2.3141841650009156
}