{
    "winogrande_step_by_step": 4.6580326676368715,
    "winogrande_claude": 3.946466884613037
}