{
    "drop_step_by_step": 2.1872969937324522,
    "drop_claude": 1.764194779396057,
    "drop_gpt4_style_in_context_examples": 2.0544443798065184,
    "drop_gpt4": 1.976512017250061,
    "drop_mini_gpt4": 1.7728533601760865,
    "drop_groundtruth": 7.679206125736236,
    "drop_openai_human_written_examples": 1.7675395965576173
}