{
    "plan_bench_generation_step_by_step": 2.2338903546333313,
    "plan_bench_generation_claude": 2.1220356464385985,
    "plan_bench_generation_gpt4_style_in_context_examples": 2.4471100211143493,
    "plan_bench_generation_gpt4": 2.18869469165802,
    "plan_bench_generation_mini_gpt4": 2.923054552078247,
    "plan_bench_generation_groundtruth": 18.681431031227113,
    "plan_bench_generation_openai_human_written_examples": 2.8618598222732543,
    "plan_bench_generation_rewrite_groundtruth_in_own_words": 2.6338148713111877
}