{
    "plan_bench_verification_step_by_step": 1.5789152359962464,
    "plan_bench_verification_claude": 1.7736894512176513,
    "plan_bench_verification_gpt4_style_in_context_examples": 1.5515849173069,
    "plan_bench_verification_gpt4": 1.631077800989151,
    "plan_bench_verification_mini_gpt4": 2.3956708192825316,
    "plan_bench_verification_groundtruth": 3.845330663919449,
    "plan_bench_verification_openai_human_written_examples": 1.969161900281906,
    "plan_bench_verification_rewrite_groundtruth_in_own_words": 2.7601264369487764
}