{
    "plan_bench_execution_step_by_step": 2.3631276885668435,
    "plan_bench_execution_claude": 2.4705764849980674,
    "plan_bench_execution_gpt4_style_in_context_examples": 2.554063634077708,
    "plan_bench_execution_gpt4": 2.5851816813151043,
    "plan_bench_execution_mini_gpt4": 3.5421460549036663,
    "plan_bench_execution_groundtruth": 12.04942185084025,
    "plan_bench_execution_openai_human_written_examples": 3.4644984126091005,
    "plan_bench_execution_rewrite_groundtruth_in_own_words": 3.7978004693984984
}