{
    "math_geometry_step_by_step": 1.8198564517498017,
    "math_geometry_claude": 1.9447579097747802,
    "math_geometry_gpt4_style_in_context_examples": 3.1062921595573427,
    "math_geometry_gpt4": 1.96734228849411,
    "math_geometry_mini_gpt4": 1.7594344925880432,
    "math_geometry_groundtruth": 2.757566511631012,
    "math_geometry_openai_human_written_examples": 3.16095427274704,
    "math_geometry_rewrite_groundtruth_in_own_words": 2.371510419845581
}