{
    "plan_bench_optimality_step_by_step": 2.018751723766327,
    "plan_bench_optimality_claude": 2.040630049705505
}