{
    "drop_step_by_step": 2.5349691486358643,
    "drop_claude": 2.385205101966858,
    "drop_gpt4_style_in_context_examples": 2.5597188329696654,
    "drop_gpt4": 2.301284518241882,
    "drop_mini_gpt4": 2.3458008098602297,
    "drop_groundtruth": 24.8527809715271,
    "drop_openai_human_written_examples": 2.0394353818893434
}