{
    "plan_bench_reuse_step_by_step": 2.2104926983515423,
    "plan_bench_reuse_claude": 2.266871778170268,
    "plan_bench_reuse_gpt4_style_in_context_examples": 2.1339219212532043,
    "plan_bench_reuse_gpt4": 2.4311793128649395,
    "plan_bench_reuse_mini_gpt4": 3.1129813313484194,
    "plan_bench_reuse_groundtruth": 2.2470354517300923,
    "plan_bench_reuse_openai_human_written_examples": 2.9789350628852844,
    "plan_bench_reuse_rewrite_groundtruth_in_own_words": 3.363250696659088
}