{
    "mmlu_step_by_step": 3.793970515727997,
    "mmlu_claude": 2.9253797900676726,
    "mmlu_gpt4_style_in_context_examples": 3.7664906859397886,
    "mmlu_gpt4": 4.326594691276551,
    "mmlu_mini_gpt4": 3.6698484897613524,
    "mmlu_groundtruth": 674.1507330226898,
    "mmlu_openai_human_written_examples": 4.414028253555298
}