{
    "math_algebra_step_by_step": 1.9822476863861085,
    "math_algebra_claude": 2.0037558039029437,
    "math_algebra_gpt4_style_in_context_examples": 3.3239791711171467,
    "math_algebra_gpt4": 2.224057304859161,
    "math_algebra_mini_gpt4": 2.007517941792806,
    "math_algebra_groundtruth": 2.584301217397054,
    "math_algebra_openai_human_written_examples": 1.949536661307017,
    "math_algebra_rewrite_groundtruth_in_own_words": 2.91236545642217
}