{
    "hellaswag_step_by_step": 4.678985877037048,
    "hellaswag_claude": 3.9702938652038573,
    "hellaswag_gpt4_style_in_context_examples": 3.59072892665863,
    "hellaswag_gpt4": 5.097994441986084,
    "hellaswag_mini_gpt4": 5.51555212020874,
    "hellaswag_groundtruth": 247.64631408691406,
    "hellaswag_openai_human_written_examples": 5.369350504875183
}