{
    "squad_step_by_step": 3.5658939361572264,
    "squad_claude": 2.6879754662513733,
    "squad_gpt4_style_in_context_examples": 3.515107838312785,
    "squad_gpt4": 4.588369913895925,
    "squad_mini_gpt4": 4.01480819384257,
    "squad_groundtruth": 10.971447364489238,
    "squad_openai_human_written_examples": 2.6191861748695375
}