{
    "arc_challenge_step_by_step": 3.6494278144836425,
    "arc_challenge_claude": 3.156935015916824,
    "arc_challenge_gpt4_style_in_context_examples": 3.288527638912201,
    "arc_challenge_gpt4": 3.6932578229904176,
    "arc_challenge_mini_gpt4": 3.563980531692505,
    "arc_challenge_groundtruth": 62150.441994628905,
    "arc_challenge_openai_human_written_examples": 3.9055966925621033
}