{
    "plan_bench_execution_step_by_step": 1.7237030029296876,
    "plan_bench_execution_claude": 1.8219774222373963,
    "plan_bench_execution_gpt4_style_in_context_examples": 2.1153700137138367,
    "plan_bench_execution_gpt4": 1.859024875164032,
    "plan_bench_execution_mini_gpt4": 2.7599115419387816,
    "plan_bench_execution_groundtruth": 1.7940615379810334,
    "plan_bench_execution_openai_human_written_examples": 2.2376256585121155,
    "plan_bench_execution_rewrite_groundtruth_in_own_words": 2.5165009796619415
}