{
    "agieval_step_by_step": 4.25379753112793,
    "agieval_claude": 3.253244392077128,
    "agieval_gpt4_style_in_context_examples": 4.489466611544291,
    "agieval_gpt4": 4.512292762597402,
    "agieval_mini_gpt4": 4.3138290246327715,
    "agieval_groundtruth": 58848.99404296875,
    "agieval_openai_human_written_examples": 4.6866679191589355
}