{
    "mmlu_pro_law_step_by_step": 5.3891637325286865,
    "mmlu_pro_law_claude": 3.714048075675964,
    "mmlu_pro_law_gpt4_style_in_context_examples": 5.859278702735901,
    "mmlu_pro_law_gpt4": 4.557605051994324,
    "mmlu_pro_law_mini_gpt4": 5.210656261444091,
    "mmlu_pro_law_groundtruth": 37.14482583999634,
    "mmlu_pro_law_openai_human_written_examples": 6.234366226196289
}