{
    "ecqa_step_by_step": 4.198979697227478,
    "ecqa_claude": 3.860251845121384,
    "ecqa_gpt4_style_in_context_examples": 4.574332394599915,
    "ecqa_gpt4": 4.659778765439987,
    "ecqa_mini_gpt4": 4.818453356027603,
    "ecqa_groundtruth": 10.948784149885178,
    "ecqa_openai_human_written_examples": 4.325641371011734,
    "ecqa_rewrite_groundtruth_in_own_words": 6.066372348070145
}