{
    "plan_bench_generation_step_by_step": 2.0127937038739523,
    "plan_bench_generation_claude": 1.935720145702362,
    "plan_bench_generation_gpt4_style_in_context_examples": 1.977116882801056,
    "plan_bench_generation_gpt4": 2.30182447830836,
    "plan_bench_generation_mini_gpt4": 2.4791316032409667,
    "plan_bench_generation_groundtruth": 4.381664216518402,
    "plan_bench_generation_openai_human_written_examples": 2.542669443289439,
    "plan_bench_generation_rewrite_groundtruth_in_own_words": 2.191534948348999
}