{
    "plan_bench_generation_step_by_step": 2.265208477973938,
    "plan_bench_generation_claude": 1.9978556474049887,
    "plan_bench_generation_gpt4_style_in_context_examples": 2.3122987202803293,
    "plan_bench_generation_gpt4": 2.450053819815318,
    "plan_bench_generation_mini_gpt4": 2.676802384853363,
    "plan_bench_generation_groundtruth": 3.4215992228190104,
    "plan_bench_generation_openai_human_written_examples": 2.7000032456715903,
    "plan_bench_generation_rewrite_groundtruth_in_own_words": 2.316220508813858
}