{
    "squad_step_by_step": 2.6145404255390168,
    "squad_claude": 2.0772418212890624,
    "squad_gpt4_style_in_context_examples": 2.5178500413894653,
    "squad_gpt4": 3.2516008007526396,
    "squad_mini_gpt4": 2.6290386748313903,
    "squad_groundtruth": 27.352397320270537,
    "squad_openai_human_written_examples": 2.05642184317112
}