{
    "plan_bench_replaning_step_by_step": 2.9083888649940492,
    "plan_bench_replaning_claude": 2.6946167588233947,
    "plan_bench_replaning_gpt4_style_in_context_examples": 3.285890007019043,
    "plan_bench_replaning_gpt4": 4.728794407844544,
    "plan_bench_replaning_mini_gpt4": 3.168795919418335,
    "plan_bench_replaning_groundtruth": 5.73937611579895,
    "plan_bench_replaning_openai_human_written_examples": 3.4190519571304323,
    "plan_bench_replaning_rewrite_groundtruth_in_own_words": 3.4178502321243287
}