{
    "winogrande_step_by_step": 4.133325531482696,
    "winogrande_claude": 3.528438382148743,
    "winogrande_gpt4_style_in_context_examples": 4.037187638282776,
    "winogrande_gpt4": 4.675823199748993,
    "winogrande_mini_gpt4": 4.050245740413666,
    "winogrande_groundtruth": 5.138128151893616,
    "winogrande_openai_human_written_examples": 3.8174477672576903
}