{
    "mmlu_step_by_step": 4.430511639515559,
    "mmlu_claude": 3.0963326708475747,
    "mmlu_gpt4_style_in_context_examples": 4.2215194431940715,
    "mmlu_gpt4": 4.92852655172348,
    "mmlu_mini_gpt4": 4.1931789684295655,
    "mmlu_groundtruth": 230.88225302855173,
    "mmlu_openai_human_written_examples": 4.7794065729777016
}