{
    "gsm8k_step_by_step": 1.9021904826164246,
    "gsm8k_claude": 1.8748602604866027,
    "gsm8k_gpt4_style_in_context_examples": 1.9973033380508423,
    "gsm8k_gpt4": 1.9096304392814636,
    "gsm8k_mini_gpt4": 1.9364753985404968,
    "gsm8k_groundtruth": 3.3672931003570556,
    "gsm8k_openai_human_written_examples": 1.932024703025818,
    "gsm8k_rewrite_groundtruth_in_own_words": 3.589155230522156
}