{
    "squad_step_by_step": 3.284389545917511,
    "squad_claude": 2.6007502484321594,
    "squad_gpt4_style_in_context_examples": 3.3673168849945068,
    "squad_gpt4": 4.659527759552002,
    "squad_mini_gpt4": 3.7431921052932737,
    "squad_groundtruth": 7.944018769264221,
    "squad_openai_human_written_examples": 2.728529829978943
}