{
    "api_bank_step_by_step": 3.3867017424106596,
    "api_bank_claude": 3.376766881942749,
    "api_bank_gpt4_style_in_context_examples": 4.066450328826904,
    "api_bank_gpt4": 3.933119571208954,
    "api_bank_mini_gpt4": 4.176088095903396,
    "api_bank_groundtruth": 8.65344932794571,
    "api_bank_openai_human_written_examples": 3.8817377352714537
}