{
    "plan_bench_generation_step_by_step": 2.1490321350097656,
    "plan_bench_generation_claude": 2.169953725337982,
    "plan_bench_generation_gpt4_style_in_context_examples": 2.2678387475013735,
    "plan_bench_generation_gpt4": 2.2642429780960085,
    "plan_bench_generation_mini_gpt4": 2.569960992336273,
    "plan_bench_generation_groundtruth": 98.09867469787598,
    "plan_bench_generation_openai_human_written_examples": 2.7537323594093324,
    "plan_bench_generation_rewrite_groundtruth_in_own_words": 3.2207805490493775
}