{
    "plan_bench_generation_step_by_step": 2.396238553524017,
    "plan_bench_generation_claude": 2.248840084075928,
    "plan_bench_generation_gpt4_style_in_context_examples": 2.3918162202835083,
    "plan_bench_generation_gpt4": 2.652982759475708,
    "plan_bench_generation_mini_gpt4": 3.0530383920669557,
    "plan_bench_generation_groundtruth": 7.035615882873535,
    "plan_bench_generation_openai_human_written_examples": 2.9073207211494445,
    "plan_bench_generation_rewrite_groundtruth_in_own_words": 2.761322298049927
}