{
    "winogrande_step_by_step": 4.941812133789062,
    "winogrande_claude": 3.9010273599624634,
    "winogrande_gpt4_style_in_context_examples": 4.941933212280273,
    "winogrande_gpt4": 6.060524969100952,
    "winogrande_mini_gpt4": 5.573025345802307,
    "winogrande_groundtruth": 17.633079175949096,
    "winogrande_openai_human_written_examples": 5.713683915138245
}