{
    "gsm8k_step_by_step": 1.946359066168467,
    "gsm8k_claude": 2.1068099975585937,
    "gsm8k_gpt4_style_in_context_examples": 1.9785298903783162,
    "gsm8k_gpt4": 2.0093865593274436,
    "gsm8k_mini_gpt4": 2.1168456514676413,
    "gsm8k_groundtruth": 3.94008625348409,
    "gsm8k_openai_human_written_examples": 2.3240632017453513,
    "gsm8k_rewrite_groundtruth_in_own_words": 4.442181841532389
}