{
    "plan_bench_verification_step_by_step": 1.4863083386421203,
    "plan_bench_verification_claude": 1.6971604013442994,
    "plan_bench_verification_gpt4_style_in_context_examples": 1.351049988269806,
    "plan_bench_verification_gpt4": 1.501626296043396,
    "plan_bench_verification_mini_gpt4": 1.9930798172950746,
    "plan_bench_verification_groundtruth": 10.955655708312989,
    "plan_bench_verification_openai_human_written_examples": 1.7739862537384032,
    "plan_bench_verification_rewrite_groundtruth_in_own_words": 2.5268238401412964
}