{
    "plan_bench_reuse_step_by_step": 2.3021934747695925,
    "plan_bench_reuse_claude": 2.5936574697494508,
    "plan_bench_reuse_gpt4_style_in_context_examples": 2.172772854566574,
    "plan_bench_reuse_gpt4": 2.8316665470600126,
    "plan_bench_reuse_mini_gpt4": 3.0944998872280123,
    "plan_bench_reuse_groundtruth": 4.952991386651993,
    "plan_bench_reuse_openai_human_written_examples": 3.4388960337638856,
    "plan_bench_reuse_rewrite_groundtruth_in_own_words": 4.091924282312394
}