{
    "math_algebra_step_by_step": 1.4224914705753327,
    "math_algebra_claude": 1.6912815737724305,
    "math_algebra_gpt4_style_in_context_examples": 4.8691002094745635,
    "math_algebra_gpt4": 1.8258222901821137,
    "math_algebra_mini_gpt4": 1.4051209378242493,
    "math_algebra_groundtruth": 3.104316763877869,
    "math_algebra_openai_human_written_examples": 1.569434005022049,
    "math_algebra_rewrite_groundtruth_in_own_words": 2.3896799409389495
}