{
    "squad_step_by_step": 4.06909716129303,
    "squad_claude": 2.758554983139038,
    "squad_gpt4_style_in_context_examples": 3.289778208732605,
    "squad_gpt4": 4.234262681007385,
    "squad_mini_gpt4": 4.6068932056427006,
    "squad_groundtruth": 9.533471536636352,
    "squad_openai_human_written_examples": 2.6225347757339477
}