{
    "boolq_step_by_step": 3.457413843870163,
    "boolq_claude": 2.8764316231012343,
    "boolq_gpt4_style_in_context_examples": 3.4093927079439164,
    "boolq_gpt4": 3.8824090415239336,
    "boolq_mini_gpt4": 3.969077309370041,
    "boolq_groundtruth": 10.982149672508239,
    "boolq_openai_human_written_examples": 2.839079865217209
}