{
    "ecqa_step_by_step": 4.412716698646546,
    "ecqa_claude": 3.8573645830154417,
    "ecqa_gpt4_style_in_context_examples": 5.046750521659851,
    "ecqa_gpt4": 5.048344826698303,
    "ecqa_mini_gpt4": 5.040101718902588,
    "ecqa_groundtruth": 13.094756603240967,
    "ecqa_openai_human_written_examples": 4.193620133399963,
    "ecqa_rewrite_groundtruth_in_own_words": 6.0656904697418215
}