{
    "plan_bench_generation_step_by_step": 2.193800144195557,
    "plan_bench_generation_claude": 2.0866442847251894,
    "plan_bench_generation_gpt4_style_in_context_examples": 2.230502355098724,
    "plan_bench_generation_gpt4": 2.3554143512248995,
    "plan_bench_generation_mini_gpt4": 2.67540256857872,
    "plan_bench_generation_groundtruth": 2.7119442009925843,
    "plan_bench_generation_openai_human_written_examples": 2.488082801103592,
    "plan_bench_generation_rewrite_groundtruth_in_own_words": 2.2751308977603912
}