{
    "mmlu_moral_scenarios_step_by_step": 3.3501563596725465,
    "mmlu_moral_scenarios_claude": 2.8503056275844574
}