{
    "plan_bench_execution_step_by_step": 2.0138912868499754,
    "plan_bench_execution_claude": 1.8769058084487915,
    "plan_bench_execution_gpt4_style_in_context_examples": 2.4287589049339293,
    "plan_bench_execution_gpt4": 2.1443423223495484,
    "plan_bench_execution_mini_gpt4": 2.75730815410614,
    "plan_bench_execution_groundtruth": 1.7461388945579528,
    "plan_bench_execution_openai_human_written_examples": 2.283428061008453,
    "plan_bench_execution_rewrite_groundtruth_in_own_words": 2.7676807951927187
}