{
    "mmlu_pro_law_step_by_step": 4.569135121504465,
    "mmlu_pro_law_claude": 3.265230197906494,
    "mmlu_pro_law_gpt4_style_in_context_examples": 4.987100293238957,
    "mmlu_pro_law_gpt4": 5.531294455130895,
    "mmlu_pro_law_mini_gpt4": 4.467865136067073,
    "mmlu_pro_law_groundtruth": 8458.221398722331,
    "mmlu_pro_law_openai_human_written_examples": 6.334139028390249
}