{
    "mmlu_moral_scenarios_step_by_step": 3.8986549536387125,
    "mmlu_moral_scenarios_claude": 3.3887731711069744,
    "mmlu_moral_scenarios_gpt4_style_in_context_examples": 3.910562205314636,
    "mmlu_moral_scenarios_gpt4": 3.831120761235555,
    "mmlu_moral_scenarios_mini_gpt4": 3.96995046933492,
    "mmlu_moral_scenarios_groundtruth": 61.17406431833903,
    "mmlu_moral_scenarios_openai_human_written_examples": 4.296228822072347
}