{
    "mmlu_pro_law_step_by_step": 4.116164827346802,
    "mmlu_pro_law_claude": 3.1651730298995973,
    "mmlu_pro_law_gpt4_style_in_context_examples": 4.285226678848266,
    "mmlu_pro_law_gpt4": 4.499380993843078,
    "mmlu_pro_law_mini_gpt4": 3.925412178039551,
    "mmlu_pro_law_groundtruth": 726.6798915863037,
    "mmlu_pro_law_openai_human_written_examples": 6.069885969161987
}