{
    "drop_step_by_step": 3.65457062125206,
    "drop_claude": 2.5664539420604706
}