{
    "squad_step_by_step": 3.302171158790588,
    "squad_claude": 2.5661386251449585,
    "squad_gpt4_style_in_context_examples": 3.176018714904785,
    "squad_gpt4": 3.5843007802963256,
    "squad_mini_gpt4": 3.6889281272888184,
    "squad_groundtruth": 8.343092322349548,
    "squad_openai_human_written_examples": 2.495854926109314
}