{
    "ecqa_step_by_step": 4.446140734354655,
    "ecqa_claude": 3.9593388160069782,
    "ecqa_gpt4_style_in_context_examples": 4.332431093851725,
    "ecqa_gpt4": 5.652447009086609,
    "ecqa_mini_gpt4": 5.7457504590352375,
    "ecqa_groundtruth": 50.64911149342855,
    "ecqa_openai_human_written_examples": 5.275954333941142,
    "ecqa_rewrite_groundtruth_in_own_words": 10.089602788289389
}