{
    "plan_bench_generation_step_by_step": 2.2204289698600768,
    "plan_bench_generation_claude": 1.9791915202140808,
    "plan_bench_generation_gpt4_style_in_context_examples": 2.2184323859214783,
    "plan_bench_generation_gpt4": 2.455642111301422,
    "plan_bench_generation_mini_gpt4": 2.679790749549866,
    "plan_bench_generation_groundtruth": 3.216559693813324,
    "plan_bench_generation_openai_human_written_examples": 2.660372405052185,
    "plan_bench_generation_rewrite_groundtruth_in_own_words": 2.368401153087616
}