{
    "agieval_step_by_step": 4.126074814796448,
    "agieval_claude": 3.168666386604309,
    "agieval_gpt4_style_in_context_examples": 3.8299156665802,
    "agieval_gpt4": 4.215530824661255,
    "agieval_mini_gpt4": 4.092715573310852,
    "agieval_groundtruth": 58520.5330078125,
    "agieval_openai_human_written_examples": 3.731517267227173
}