{
    "ecqa_step_by_step": 4.505595097541809,
    "ecqa_claude": 3.772178431749344,
    "ecqa_gpt4_style_in_context_examples": 4.234530441761017,
    "ecqa_gpt4": 5.776599578857422,
    "ecqa_mini_gpt4": 5.203121094703675,
    "ecqa_groundtruth": 38.66683199167252,
    "ecqa_openai_human_written_examples": 5.2335923433303835,
    "ecqa_rewrite_groundtruth_in_own_words": 9.40140986442566
}