{
    "plan_bench_optimality_step_by_step": 2.420776755809784,
    "plan_bench_optimality_claude": 2.8517707133293153,
    "plan_bench_optimality_gpt4_style_in_context_examples": 2.208753719329834,
    "plan_bench_optimality_gpt4": 2.648733370304108,
    "plan_bench_optimality_mini_gpt4": 2.7318312525749207,
    "plan_bench_optimality_groundtruth": 13.819801983833313,
    "plan_bench_optimality_openai_human_written_examples": 3.308839273452759,
    "plan_bench_optimality_rewrite_groundtruth_in_own_words": 3.2998106861114502
}