{
    "mbpp_step_by_step": 3.1991945695877075,
    "mbpp_claude": 4.168305385112762,
    "mbpp_gpt4_style_in_context_examples": 4.563612523078919,
    "mbpp_gpt4": 6.441135149002076,
    "mbpp_mini_gpt4": 6.023501653671264,
    "mbpp_groundtruth": 15.075381593704224,
    "mbpp_openai_human_written_examples": 3.8067614030838013,
    "mbpp_rewrite_groundtruth_in_own_words": 9.685653643608093
}