{
    "plan_bench_reuse_step_by_step": 2.605642223358154,
    "plan_bench_reuse_claude": 2.8456805825233458,
    "plan_bench_reuse_gpt4_style_in_context_examples": 2.6199398756027223,
    "plan_bench_reuse_gpt4": 2.9497696995735168,
    "plan_bench_reuse_mini_gpt4": 3.2947035789489747,
    "plan_bench_reuse_groundtruth": 73.63303942680359,
    "plan_bench_reuse_openai_human_written_examples": 4.328801012039184,
    "plan_bench_reuse_rewrite_groundtruth_in_own_words": 4.730688095092773
}