{
    "plan_bench_optimality_step_by_step": 1.7952007412910462,
    "plan_bench_optimality_claude": 2.0823938488960265,
    "plan_bench_optimality_gpt4_style_in_context_examples": 1.6230503559112548,
    "plan_bench_optimality_gpt4": 2.020585572719574,
    "plan_bench_optimality_mini_gpt4": 1.9907713294029237,
    "plan_bench_optimality_groundtruth": 3.2227939486503603,
    "plan_bench_optimality_openai_human_written_examples": 2.4169416069984435,
    "plan_bench_optimality_rewrite_groundtruth_in_own_words": 2.329190719127655
}