{
    "math_algebra_step_by_step": 1.9943716025352478,
    "math_algebra_claude": 1.998326450586319,
    "math_algebra_gpt4_style_in_context_examples": 3.099358525276184,
    "math_algebra_gpt4": 2.0395664620399474,
    "math_algebra_mini_gpt4": 1.9378582537174225,
    "math_algebra_groundtruth": 2.6118282437324525,
    "math_algebra_openai_human_written_examples": 2.1305504977703094,
    "math_algebra_rewrite_groundtruth_in_own_words": 2.6904360365867617
}