{
    "drop_step_by_step": 3.180077656110128,
    "drop_claude": 3.3220659653345743,
    "drop_gpt4_style_in_context_examples": 2.902712134520213,
    "drop_gpt4": 3.0561356941858926,
    "drop_mini_gpt4": 2.6399177153905233,
    "drop_groundtruth": 317.80383554299675,
    "drop_openai_human_written_examples": 2.945542784531911
}