{
    "mbpp_step_by_step": 2.3002179622650147,
    "mbpp_claude": 3.411935603618622,
    "mbpp_gpt4_style_in_context_examples": 3.178116238117218,
    "mbpp_gpt4": 3.425530481338501,
    "mbpp_mini_gpt4": 4.222582471370697,
    "mbpp_groundtruth": 11.602598190307617,
    "mbpp_openai_human_written_examples": 2.7712346076965333,
    "mbpp_rewrite_groundtruth_in_own_words": 6.450504279136657
}