{
    "plan_bench_optimality_step_by_step": 2.200311064720154,
    "plan_bench_optimality_claude": 2.0349228143692017,
    "plan_bench_optimality_gpt4_style_in_context_examples": 1.8680039882659911,
    "plan_bench_optimality_gpt4": 2.5715745806694033,
    "plan_bench_optimality_mini_gpt4": 2.3174518823623655,
    "plan_bench_optimality_groundtruth": 6.889142155647278,
    "plan_bench_optimality_openai_human_written_examples": 2.715415692329407,
    "plan_bench_optimality_rewrite_groundtruth_in_own_words": 2.8270397424697875
}