{
    "0_50": 1.852081925868988,
    "0_10": 1.8116020679473877,
    "10_20": 1.9486849546432494,
    "20_30": 1.7976752996444703,
    "0_30": 1.8526541074117024,
    "30_60": 2.0407926360766093,
    "60_90": 1.856494410832723,
    "50_100": 1.9631642842292785,
    "100_150": 2.1491700839996337,
    "0_100": 1.9076231050491332,
    "100_200": 2.04394061088562,
    "200_300": 1.8390532863140105
}