{
    "piqa_step_by_step": 3.2496633076667787,
    "piqa_claude": 3.1850608348846436,
    "piqa_gpt4_style_in_context_examples": 3.7289057421684264,
    "piqa_gpt4": 4.232140762805939,
    "piqa_mini_gpt4": 3.2393391704559327,
    "piqa_groundtruth": 1233823.6561450195,
    "piqa_openai_human_written_examples": 4.281929016113281
}