{
    "plan_bench_optimality_step_by_step": 1.940797472000122,
    "plan_bench_optimality_claude": 2.1161744570732117,
    "plan_bench_optimality_gpt4_style_in_context_examples": 1.8149940299987792,
    "plan_bench_optimality_gpt4": 2.163918287754059,
    "plan_bench_optimality_mini_gpt4": 2.287570745944977,
    "plan_bench_optimality_groundtruth": 3.244903774261475,
    "plan_bench_optimality_openai_human_written_examples": 2.6671194791793824,
    "plan_bench_optimality_rewrite_groundtruth_in_own_words": 2.7152398467063903
}