{
    "plan_bench_reuse_step_by_step": 2.6706728021303814,
    "plan_bench_reuse_claude": 2.8539072195688884,
    "plan_bench_reuse_gpt4_style_in_context_examples": 2.3833885908126833,
    "plan_bench_reuse_gpt4": 3.2678175727526346,
    "plan_bench_reuse_mini_gpt4": 3.6213765939076743,
    "plan_bench_reuse_groundtruth": 3316.600018676122,
    "plan_bench_reuse_openai_human_written_examples": 3.9352203965187074,
    "plan_bench_reuse_rewrite_groundtruth_in_own_words": 4.666301957766215
}