{
    "plan_bench_reuse_step_by_step": 2.239515741666158,
    "plan_bench_reuse_claude": 2.247671735286713,
    "plan_bench_reuse_gpt4_style_in_context_examples": 2.078464122613271,
    "plan_bench_reuse_gpt4": 2.534158992767334,
    "plan_bench_reuse_mini_gpt4": 3.012936766942342,
    "plan_bench_reuse_groundtruth": 2.064779456456502,
    "plan_bench_reuse_openai_human_written_examples": 2.724348509311676,
    "plan_bench_reuse_rewrite_groundtruth_in_own_words": 3.165350035826365
}