{
    "plan_bench_generalization_step_by_step": 1.7587250900268554,
    "plan_bench_generalization_claude": 2.0032824730873107,
    "plan_bench_generalization_gpt4_style_in_context_examples": 1.6488628196716308,
    "plan_bench_generalization_gpt4": 2.1401568698883056,
    "plan_bench_generalization_mini_gpt4": 2.1945047402381896,
    "plan_bench_generalization_groundtruth": 1.8596167373657226,
    "plan_bench_generalization_openai_human_written_examples": 2.3269419586658477,
    "plan_bench_generalization_rewrite_groundtruth_in_own_words": 2.350104961395264
}