{
    "drop_step_by_step": 3.573639849424362,
    "drop_claude": 2.5546627962589263,
    "drop_gpt4_style_in_context_examples": 2.9647463512420655
}