{
    "plan_bench_verification_step_by_step": 1.6131747007369994,
    "plan_bench_verification_claude": 1.707148536046346,
    "plan_bench_verification_gpt4_style_in_context_examples": 1.5194016814231872,
    "plan_bench_verification_gpt4": 1.6263969977696737,
    "plan_bench_verification_mini_gpt4": 2.5716715812683106,
    "plan_bench_verification_groundtruth": 32.00631697972616,
    "plan_bench_verification_openai_human_written_examples": 2.1581513325373334,
    "plan_bench_verification_rewrite_groundtruth_in_own_words": 3.0051631530125937
}