{
    "math_algebra_step_by_step": 1.8395195710659027,
    "math_algebra_claude": 2.1072192931175233,
    "math_algebra_gpt4_style_in_context_examples": 3.76975527882576,
    "math_algebra_gpt4": 1.867689561843872,
    "math_algebra_mini_gpt4": 1.840123679637909,
    "math_algebra_groundtruth": 5.346782573461533,
    "math_algebra_openai_human_written_examples": 2.0485651779174803,
    "math_algebra_rewrite_groundtruth_in_own_words": 3.2787119483947755
}