{
    "piqa_step_by_step": 4.1227377104759215,
    "piqa_claude": 3.640233612060547,
    "piqa_gpt4_style_in_context_examples": 4.948019032478332,
    "piqa_gpt4": 5.050921039581299,
    "piqa_mini_gpt4": 4.390527441501617
}