{
    "mmlu_pro_law_step_by_step": 4.8435056686401365,
    "mmlu_pro_law_claude": 3.4987635707855222,
    "mmlu_pro_law_gpt4_style_in_context_examples": 5.094771118164062,
    "mmlu_pro_law_gpt4": 5.112112617492675,
    "mmlu_pro_law_mini_gpt4": 4.609040548801422,
    "mmlu_pro_law_groundtruth": 29.819473810195923
}