{
    "plan_bench_generation_step_by_step": 2.165559005737305,
    "plan_bench_generation_claude": 1.9820342063903809,
    "plan_bench_generation_gpt4_style_in_context_examples": 2.387894558906555,
    "plan_bench_generation_gpt4": 2.0870177507400514,
    "plan_bench_generation_mini_gpt4": 2.763190817832947,
    "plan_bench_generation_groundtruth": 2.728113067150116,
    "plan_bench_generation_openai_human_written_examples": 2.719216156005859,
    "plan_bench_generation_rewrite_groundtruth_in_own_words": 2.062066674232483
}