{
    "plan_bench_execution_step_by_step": 1.8470566987991333,
    "plan_bench_execution_claude": 2.2862216591835023,
    "plan_bench_execution_gpt4_style_in_context_examples": 2.110809028148651,
    "plan_bench_execution_gpt4": 1.8505969882011413,
    "plan_bench_execution_mini_gpt4": 2.8088719964027407,
    "plan_bench_execution_groundtruth": 5.012067532539367,
    "plan_bench_execution_openai_human_written_examples": 2.3916876554489135,
    "plan_bench_execution_rewrite_groundtruth_in_own_words": 2.8005860567092897
}