{
    "drop_step_by_step": 2.245982847213745,
    "drop_claude": 1.8086653923988343,
    "drop_gpt4_style_in_context_examples": 2.191916525363922,
    "drop_gpt4": 2.2132190656661987,
    "drop_mini_gpt4": 2.114651609659195,
    "drop_groundtruth": 14.569819794893265,
    "drop_openai_human_written_examples": 1.8610714960098267
}