{
    "math_algebra_step_by_step": 1.8019532728195191,
    "math_algebra_claude": 1.8987498021125793,
    "math_algebra_gpt4_style_in_context_examples": 3.698220878839493,
    "math_algebra_gpt4": 1.86908398270607
}