{
    "plan_bench_reuse_step_by_step": 2.415660488605499,
    "plan_bench_reuse_claude": 2.4668383836746215,
    "plan_bench_reuse_gpt4_style_in_context_examples": 2.405118191242218,
    "plan_bench_reuse_gpt4": 2.700298714637756,
    "plan_bench_reuse_mini_gpt4": 3.1396409273147583,
    "plan_bench_reuse_groundtruth": 10.937570381164551,
    "plan_bench_reuse_openai_human_written_examples": 4.257550251483917,
    "plan_bench_reuse_rewrite_groundtruth_in_own_words": 4.362716579437256
}