{
    "math_algebra_step_by_step": 1.4045766949653626,
    "math_algebra_claude": 1.7287888646125793,
    "math_algebra_gpt4_style_in_context_examples": 2.170932447910309,
    "math_algebra_gpt4": 1.3620478153228759,
    "math_algebra_mini_gpt4": 1.3186898946762085,
    "math_algebra_groundtruth": 3.3145509243011473,
    "math_algebra_openai_human_written_examples": 1.5071690917015075,
    "math_algebra_rewrite_groundtruth_in_own_words": 2.2605512619018553
}