{
    "drop_step_by_step": 2.280829441547394,
    "drop_claude": 2.1517501354217528,
    "drop_gpt4_style_in_context_examples": 2.518238532543182,
    "drop_gpt4": 2.33735648393631,
    "drop_mini_gpt4": 3.5766080975532533,
    "drop_groundtruth": 7.386743521690368,
    "drop_openai_human_written_examples": 2.2133736848831176
}