{
    "plan_bench_generation_step_by_step": 2.2330737602710724,
    "plan_bench_generation_claude": 2.027243580818176,
    "plan_bench_generation_gpt4_style_in_context_examples": 2.303646470308304,
    "plan_bench_generation_gpt4": 2.407028980255127,
    "plan_bench_generation_mini_gpt4": 2.701065636873245
}