{
    "squad_step_by_step": 3.047789766788483,
    "squad_claude": 2.3508805775642396,
    "squad_gpt4_style_in_context_examples": 3.0232431936264037,
    "squad_gpt4": 3.9477141904830932,
    "squad_mini_gpt4": 3.2384721541404726,
    "squad_groundtruth": 6.892114849090576,
    "squad_openai_human_written_examples": 2.354189445972443
}