{
    "plan_bench_generalization_step_by_step": 1.683552737236023,
    "plan_bench_generalization_claude": 2.1073713946342467,
    "plan_bench_generalization_gpt4_style_in_context_examples": 1.613014086484909,
    "plan_bench_generalization_gpt4": 1.9746067225933075,
    "plan_bench_generalization_mini_gpt4": 2.1011731934547426,
    "plan_bench_generalization_groundtruth": 1.8776229333877563,
    "plan_bench_generalization_openai_human_written_examples": 2.528322660923004,
    "plan_bench_generalization_rewrite_groundtruth_in_own_words": 2.3551037657260894
}