{
    "plan_bench_generalization_step_by_step": 1.67313867410024,
    "plan_bench_generalization_claude": 2.0279286384582518,
    "plan_bench_generalization_gpt4_style_in_context_examples": 1.6952314217885336,
    "plan_bench_generalization_gpt4": 2.0428842385609944,
    "plan_bench_generalization_mini_gpt4": 2.250755075613658,
    "plan_bench_generalization_groundtruth": 1.8359163602193196,
    "plan_bench_generalization_openai_human_written_examples": 2.2067115982373555,
    "plan_bench_generalization_rewrite_groundtruth_in_own_words": 2.3736915548642474
}