{
    "squad_step_by_step": 4.257839155197144,
    "squad_claude": 2.94396075407664,
    "squad_gpt4_style_in_context_examples": 3.5892807722091673,
    "squad_gpt4": 5.919914694627126,
    "squad_mini_gpt4": 4.59833250840505,
    "squad_groundtruth": 39.68745305538177,
    "squad_openai_human_written_examples": 3.2908459941546124
}