{
    "plan_bench_execution_step_by_step": 2.1559112429618836,
    "plan_bench_execution_claude": 2.411252236366272,
    "plan_bench_execution_gpt4_style_in_context_examples": 2.325830411911011,
    "plan_bench_execution_gpt4": 2.1127768754959106,
    "plan_bench_execution_mini_gpt4": 3.545712423324585,
    "plan_bench_execution_groundtruth": 15.6362154006958,
    "plan_bench_execution_openai_human_written_examples": 3.19881591796875,
    "plan_bench_execution_rewrite_groundtruth_in_own_words": 3.325573754310608
}