{
    "ecqa_step_by_step": 3.4231824318567914,
    "ecqa_claude": 2.8830546776453656,
    "ecqa_gpt4_style_in_context_examples": 3.430290778477987,
    "ecqa_gpt4": 3.7052804311116536,
    "ecqa_mini_gpt4": 3.786496106783549,
    "ecqa_groundtruth": 15.627067677179973,
    "ecqa_openai_human_written_examples": 3.5338142553965253,
    "ecqa_rewrite_groundtruth_in_own_words": 5.844010996818542
}