{
    "plan_bench_generalization_step_by_step": 1.7158946990966797,
    "plan_bench_generalization_claude": 2.0064730882644652,
    "plan_bench_generalization_gpt4_style_in_context_examples": 1.6206014275550842,
    "plan_bench_generalization_gpt4": 1.9782793998718262,
    "plan_bench_generalization_mini_gpt4": 2.0282428741455076,
    "plan_bench_generalization_groundtruth": 1.7681437015533448,
    "plan_bench_generalization_openai_human_written_examples": 2.0430392384529115,
    "plan_bench_generalization_rewrite_groundtruth_in_own_words": 2.602184367179871
}