{
    "mmlu_step_by_step": 3.991132274866104,
    "mmlu_claude": 3.0165750896930694,
    "mmlu_gpt4_style_in_context_examples": 3.6359718155860903,
    "mmlu_gpt4": 4.079025440216064,
    "mmlu_mini_gpt4": 3.4970212602615356,
    "mmlu_groundtruth": 2060.5349528503416,
    "mmlu_openai_human_written_examples": 4.112798128128052
}