{
    "plan_bench_replaning_step_by_step": 3.1293070038159687,
    "plan_bench_replaning_claude": 3.0748318910598753,
    "plan_bench_replaning_gpt4_style_in_context_examples": 3.434919607639313,
    "plan_bench_replaning_gpt4": 4.277816764513651,
    "plan_bench_replaning_mini_gpt4": 3.1782766421635946,
    "plan_bench_replaning_groundtruth": 63.410431432723996,
    "plan_bench_replaning_openai_human_written_examples": 3.8732489744822183,
    "plan_bench_replaning_rewrite_groundtruth_in_own_words": 4.462017488479614
}