{
    "plan_bench_optimality_step_by_step": 1.9957759976387024,
    "plan_bench_optimality_claude": 2.280871043205261,
    "plan_bench_optimality_gpt4_style_in_context_examples": 1.8825790786743164,
    "plan_bench_optimality_gpt4": 2.237643930912018,
    "plan_bench_optimality_mini_gpt4": 2.3605385494232176,
    "plan_bench_optimality_groundtruth": 15.975288834571838,
    "plan_bench_optimality_openai_human_written_examples": 2.7691907715797424,
    "plan_bench_optimality_rewrite_groundtruth_in_own_words": 3.082406134605408
}