{
    "drop_step_by_step": 2.448999786376953,
    "drop_claude": 2.6976818442344666,
    "drop_gpt4_style_in_context_examples": 3.035043108463287,
    "drop_gpt4": 2.6170851588249207,
    "drop_mini_gpt4": 4.281360173225403,
    "drop_groundtruth": 20.23395380973816,
    "drop_openai_human_written_examples": 2.2811047196388246
}