{
    "plan_bench_generation_step_by_step": 2.1668134927749634,
    "plan_bench_generation_claude": 2.035739712715149,
    "plan_bench_generation_gpt4_style_in_context_examples": 2.2599070405960084,
    "plan_bench_generation_gpt4": 2.299105978012085,
    "plan_bench_generation_mini_gpt4": 2.6804861998558045,
    "plan_bench_generation_groundtruth": 2.598996813297272,
    "plan_bench_generation_openai_human_written_examples": 2.6072314751148222,
    "plan_bench_generation_rewrite_groundtruth_in_own_words": 2.241251448392868
}