{
    "boolq_step_by_step": 3.666252017021179,
    "boolq_claude": 3.041718077659607,
    "boolq_gpt4_style_in_context_examples": 3.73285973072052,
    "boolq_gpt4": 3.9975464820861815,
    "boolq_mini_gpt4": 3.4748915433883667,
    "boolq_groundtruth": 10.734333705902099,
    "boolq_openai_human_written_examples": 2.317473304271698
}