{
    "arc_challenge_step_by_step": 3.2365824460983275,
    "arc_challenge_claude": 3.2228958225250244,
    "arc_challenge_gpt4_style_in_context_examples": 3.382059712409973,
    "arc_challenge_gpt4": 3.551910676956177,
    "arc_challenge_mini_gpt4": 3.5847419047355653,
    "arc_challenge_groundtruth": 93689.47091674805,
    "arc_challenge_openai_human_written_examples": 3.952308440208435
}