{
    "math_algebra_step_by_step": 1.3805215120315553,
    "math_algebra_claude": 1.6423360228538513,
    "math_algebra_gpt4_style_in_context_examples": 1.5930410146713256,
    "math_algebra_gpt4": 1.4708363890647889,
    "math_algebra_mini_gpt4": 1.3858256578445434,
    "math_algebra_groundtruth": 2.764476144313812,
    "math_algebra_openai_human_written_examples": 1.49715758562088,
    "math_algebra_rewrite_groundtruth_in_own_words": 2.1933000445365907
}