{
    "mbpp_step_by_step": 2.4655091524124146,
    "mbpp_claude": 2.97862415711085,
    "mbpp_gpt4_style_in_context_examples": 2.940966995557149,
    "mbpp_gpt4": 3.289368216196696,
    "mbpp_mini_gpt4": 3.377125402291616,
    "mbpp_groundtruth": 8.918123503526052,
    "mbpp_openai_human_written_examples": 2.887479225794474,
    "mbpp_rewrite_groundtruth_in_own_words": 5.155836951732636
}