{
    "mmlu_pro_law_step_by_step": 5.231519158681234,
    "mmlu_pro_law_claude": 3.5802555004755656,
    "mmlu_pro_law_gpt4_style_in_context_examples": 5.249174745877584,
    "mmlu_pro_law_gpt4": 5.182934085528056,
    "mmlu_pro_law_mini_gpt4": 4.954887461662293,
    "mmlu_pro_law_groundtruth": 34.038592147827146,
    "mmlu_pro_law_openai_human_written_examples": 6.183803248405456
}