{
    "ecqa_step_by_step": 3.0319459199905396,
    "ecqa_claude": 3.2504711389541625,
    "ecqa_gpt4_style_in_context_examples": 3.1878045797348022,
    "ecqa_gpt4": 3.7477426052093508,
    "ecqa_mini_gpt4": 3.685972547531128,
    "ecqa_groundtruth": 21.491241645812988,
    "ecqa_openai_human_written_examples": 3.2106123328208924,
    "ecqa_rewrite_groundtruth_in_own_words": 5.806608200073242
}