{
    "math_algebra_step_by_step": 2.0413798332214355,
    "math_algebra_claude": 2.209125546614329,
    "math_algebra_gpt4_style_in_context_examples": 3.040011747678121,
    "math_algebra_gpt4": 2.1770105083783466,
    "math_algebra_mini_gpt4": 2.002264404296875,
    "math_algebra_groundtruth": 6.553289063771566,
    "math_algebra_openai_human_written_examples": 2.0384700775146483,
    "math_algebra_rewrite_groundtruth_in_own_words": 3.6972174684206647
}