{
    "plan_bench_reuse_step_by_step": 2.290099980831146,
    "plan_bench_reuse_claude": 2.552793000936508,
    "plan_bench_reuse_gpt4_style_in_context_examples": 2.1808423578739164,
    "plan_bench_reuse_gpt4": 2.806156748533249,
    "plan_bench_reuse_mini_gpt4": 3.051753705739975,
    "plan_bench_reuse_groundtruth": 20.040323630571365,
    "plan_bench_reuse_openai_human_written_examples": 3.4366127038002015,
    "plan_bench_reuse_rewrite_groundtruth_in_own_words": 4.0529800176620485
}