{
    "plan_bench_generation_step_by_step": 2.239405553340912,
    "plan_bench_generation_claude": 2.212067003250122,
    "plan_bench_generation_gpt4_style_in_context_examples": 2.251424641609192,
    "plan_bench_generation_gpt4": 2.4682137537002564,
    "plan_bench_generation_mini_gpt4": 2.821469440460205,
    "plan_bench_generation_groundtruth": 16.300882434844972,
    "plan_bench_generation_openai_human_written_examples": 2.6491988825798036,
    "plan_bench_generation_rewrite_groundtruth_in_own_words": 2.864472515583038
}