{
    "plan_bench_verification_step_by_step": 1.5105841434001923,
    "plan_bench_verification_claude": 1.6780537748336792,
    "plan_bench_verification_gpt4_style_in_context_examples": 1.4076249563694,
    "plan_bench_verification_gpt4": 1.5906188893318176,
    "plan_bench_verification_mini_gpt4": 2.1453010034561157,
    "plan_bench_verification_groundtruth": 11.712238948345185,
    "plan_bench_verification_openai_human_written_examples": 1.817921530008316,
    "plan_bench_verification_rewrite_groundtruth_in_own_words": 2.470058493614197
}