{
    "piqa_step_by_step": 4.052067847251892,
    "piqa_claude": 3.422465183734894,
    "piqa_gpt4_style_in_context_examples": 5.058660142421722,
    "piqa_gpt4": 5.709219002723694,
    "piqa_mini_gpt4": 4.325929818153381,
    "piqa_groundtruth": 2376702.3241601563,
    "piqa_openai_human_written_examples": 5.292607033252716
}