{
    "plan_bench_generation_step_by_step": 2.2264953446388245,
    "plan_bench_generation_claude": 2.175638109445572,
    "plan_bench_generation_gpt4_style_in_context_examples": 2.3212986254692076,
    "plan_bench_generation_gpt4": 2.3819257116317747,
    "plan_bench_generation_mini_gpt4": 2.787786955833435,
    "plan_bench_generation_groundtruth": 17.083691651821137,
    "plan_bench_generation_openai_human_written_examples": 2.713285082578659,
    "plan_bench_generation_rewrite_groundtruth_in_own_words": 2.9046557533740995
}