{
    "plan_bench_generalization_step_by_step": 1.6412009358406068,
    "plan_bench_generalization_claude": 2.035989797115326,
    "plan_bench_generalization_gpt4_style_in_context_examples": 1.696188712120056,
    "plan_bench_generalization_gpt4": 2.2846627593040467,
    "plan_bench_generalization_mini_gpt4": 2.3987573862075804,
    "plan_bench_generalization_groundtruth": 1.6200343489646911,
    "plan_bench_generalization_openai_human_written_examples": 2.3671305060386656,
    "plan_bench_generalization_rewrite_groundtruth_in_own_words": 2.1156301140785216
}