{
    "mmlu_step_by_step": 4.722757858435313,
    "mmlu_claude": 3.3880191004276274,
    "mmlu_gpt4_style_in_context_examples": 4.5913667440414425,
    "mmlu_gpt4": 4.805993361870448,
    "mmlu_mini_gpt4": 4.377477002938589,
    "mmlu_groundtruth": 30.11629992167155,
    "mmlu_openai_human_written_examples": 5.046711239814758
}