{
    "hellaswag_step_by_step": 4.555467780431112,
    "hellaswag_claude": 4.050164779027303,
    "hellaswag_gpt4_style_in_context_examples": 3.683927377065023,
    "hellaswag_gpt4": 4.8860733588536585,
    "hellaswag_mini_gpt4": 5.6626357158025105,
    "hellaswag_groundtruth": 268.95367228190105,
    "hellaswag_openai_human_written_examples": 5.626292061805725
}