{
    "agieval_step_by_step": 3.9255486011505125,
    "agieval_claude": 2.759647583961487,
    "agieval_gpt4_style_in_context_examples": 3.841387935479482,
    "agieval_gpt4": 4.317397022247315,
    "agieval_mini_gpt4": 3.5229801575342816,
    "agieval_groundtruth": 16069911.772005208,
    "agieval_openai_human_written_examples": 4.383594274520874
}