{
    "ecqa_step_by_step": 4.087651125590006,
    "ecqa_claude": 3.8397472699483237,
    "ecqa_gpt4_style_in_context_examples": 4.640651472409567,
    "ecqa_gpt4": 4.648958794275919,
    "ecqa_mini_gpt4": 4.85902349948883,
    "ecqa_groundtruth": 12.924912691116333,
    "ecqa_openai_human_written_examples": 4.330909887949626,
    "ecqa_rewrite_groundtruth_in_own_words": 5.88638825416565
}