{
    "mmlu_step_by_step": 4.535672991275788,
    "mmlu_claude": 3.1797565948963165,
    "mmlu_gpt4_style_in_context_examples": 4.313991632461548
}