{
    "arc_challenge_step_by_step": 3.436615228652954,
    "arc_challenge_claude": 3.4695073127746583,
    "arc_challenge_gpt4_style_in_context_examples": 3.8013545751571653,
    "arc_challenge_gpt4": 3.7960503339767455,
    "arc_challenge_mini_gpt4": 4.033436894416809,
    "arc_challenge_groundtruth": 84270.443359375,
    "arc_challenge_openai_human_written_examples": 4.655659961700439
}