{
    "ecqa_step_by_step": 4.324315277735392,
    "ecqa_claude": 3.924879773457845,
    "ecqa_gpt4_style_in_context_examples": 4.759475866953532,
    "ecqa_gpt4": 4.841118852297465,
    "ecqa_mini_gpt4": 5.169595734278361,
    "ecqa_groundtruth": 10.668541749318441,
    "ecqa_openai_human_written_examples": 4.547475401560465,
    "ecqa_rewrite_groundtruth_in_own_words": 6.679505173365275
}