{
    "math_algebra_step_by_step": 1.918437478542328,
    "math_algebra_claude": 2.1596480174859365,
    "math_algebra_gpt4_style_in_context_examples": 24.90989904085795,
    "math_algebra_gpt4": 2.0733950678507487,
    "math_algebra_mini_gpt4": 1.8858317557970683,
    "math_algebra_groundtruth": 5.9323892482121785,
    "math_algebra_openai_human_written_examples": 2.107003991603851,
    "math_algebra_rewrite_groundtruth_in_own_words": 3.20970263838768
}