{
    "gsm8k_step_by_step": 1.886302845478058,
    "gsm8k_claude": 1.9411305570602417,
    "gsm8k_gpt4_style_in_context_examples": 1.941844780445099,
    "gsm8k_gpt4": 1.9603477239608764,
    "gsm8k_mini_gpt4": 2.029623761177063,
    "gsm8k_groundtruth": 3.3349622821807863,
    "gsm8k_openai_human_written_examples": 1.931233789920807,
    "gsm8k_rewrite_groundtruth_in_own_words": 3.6998066902160645
}