{
    "boolq_step_by_step": 4.23774418036143,
    "boolq_claude": 2.933344477812449,
    "boolq_gpt4_style_in_context_examples": 3.8610602144400277,
    "boolq_gpt4": 4.484132012526194,
    "boolq_mini_gpt4": 4.540857263803482,
    "boolq_groundtruth": 6.060986366669337,
    "boolq_openai_human_written_examples": 3.313872501850128
}