{
    "plan_bench_generalization_step_by_step": 1.8006855869293212,
    "plan_bench_generalization_claude": 1.944808714389801,
    "plan_bench_generalization_gpt4_style_in_context_examples": 1.5415743756294251,
    "plan_bench_generalization_gpt4": 2.0389860606193544,
    "plan_bench_generalization_mini_gpt4": 2.062632968425751,
    "plan_bench_generalization_groundtruth": 1.5887221169471741,
    "plan_bench_generalization_openai_human_written_examples": 2.343767168521881,
    "plan_bench_generalization_rewrite_groundtruth_in_own_words": 2.2107090187072753
}