{
    "gsm8k_step_by_step": 1.5069815993309021,
    "gsm8k_claude": 1.717007291316986,
    "gsm8k_gpt4_style_in_context_examples": 1.5833359360694885,
    "gsm8k_gpt4": 1.6075259804725648,
    "gsm8k_mini_gpt4": 1.615199625492096,
    "gsm8k_groundtruth": 2.064334213733673,
    "gsm8k_openai_human_written_examples": 1.6850707411766053,
    "gsm8k_rewrite_groundtruth_in_own_words": 3.14104106426239
}