{
    "plan_bench_verification_step_by_step": 1.5926045060157776,
    "plan_bench_verification_claude": 1.820162312189738,
    "plan_bench_verification_gpt4_style_in_context_examples": 1.4920928557713826,
    "plan_bench_verification_gpt4": 1.601053822040558,
    "plan_bench_verification_mini_gpt4": 2.5389837781588236,
    "plan_bench_verification_groundtruth": 4.09876716931661,
    "plan_bench_verification_openai_human_written_examples": 2.086985460917155,
    "plan_bench_verification_rewrite_groundtruth_in_own_words": 2.849491755167643
}