{
    "api_bank_step_by_step": 3.244704071680705,
    "api_bank_claude": 3.633738462130229,
    "api_bank_gpt4_style_in_context_examples": 4.089968180656433,
    "api_bank_gpt4": 3.872478644053141,
    "api_bank_mini_gpt4": 4.273530904452006,
    "api_bank_groundtruth": 9.83469533920288,
    "api_bank_openai_human_written_examples": 3.8798683166503904
}