{
    "mmlu_moral_scenarios_step_by_step": 3.4463935458660124,
    "mmlu_moral_scenarios_claude": 2.904225977063179,
    "mmlu_moral_scenarios_gpt4_style_in_context_examples": 3.1992331767082214,
    "mmlu_moral_scenarios_gpt4": 4.204113154411316,
    "mmlu_moral_scenarios_mini_gpt4": 3.838588193655014,
    "mmlu_moral_scenarios_groundtruth": 101.79869114518165,
    "mmlu_moral_scenarios_openai_human_written_examples": 5.054134129285813
}