{
    "plan_bench_reuse_step_by_step": 2.3348440313339234,
    "plan_bench_reuse_claude": 2.4668613362312315,
    "plan_bench_reuse_gpt4_style_in_context_examples": 2.150128710269928,
    "plan_bench_reuse_gpt4": 2.5510191249847414,
    "plan_bench_reuse_mini_gpt4": 3.2451798248291017,
    "plan_bench_reuse_groundtruth": 8.474895346164704,
    "plan_bench_reuse_openai_human_written_examples": 3.48566885471344,
    "plan_bench_reuse_rewrite_groundtruth_in_own_words": 3.72971440076828
}