{
    "mmlu_step_by_step": 4.301401357650757,
    "mmlu_claude": 2.9733093047142027,
    "mmlu_gpt4_style_in_context_examples": 4.240218505859375,
    "mmlu_gpt4": 5.009813616275787,
    "mmlu_mini_gpt4": 4.342251532077789,
    "mmlu_groundtruth": 186.54981553316117,
    "mmlu_openai_human_written_examples": 4.881953086853027
}