{
    "plan_bench_optimality_step_by_step": 1.8812530835469563,
    "plan_bench_optimality_claude": 1.9648021817207337,
    "plan_bench_optimality_gpt4_style_in_context_examples": 1.6608589212099711,
    "plan_bench_optimality_gpt4": 2.018446671962738,
    "plan_bench_optimality_mini_gpt4": 2.1725085258483885,
    "plan_bench_optimality_groundtruth": 6.254605281352997,
    "plan_bench_optimality_openai_human_written_examples": 2.4808927893638613,
    "plan_bench_optimality_rewrite_groundtruth_in_own_words": 2.3627684791882833
}