{
    "plan_bench_execution_step_by_step": 1.9641107360521952,
    "plan_bench_execution_claude": 1.8969462712605794,
    "plan_bench_execution_gpt4_style_in_context_examples": 2.403389314810435,
    "plan_bench_execution_gpt4": 2.1342645208040874,
    "plan_bench_execution_mini_gpt4": 2.960177779197693,
    "plan_bench_execution_groundtruth": 2.020314860343933,
    "plan_bench_execution_openai_human_written_examples": 2.428596007823944,
    "plan_bench_execution_rewrite_groundtruth_in_own_words": 2.7890731930732726
}