{
    "hellaswag_step_by_step": 4.694395198822021,
    "hellaswag_claude": 4.0106609296798705,
    "hellaswag_gpt4_style_in_context_examples": 3.41371239900589,
    "hellaswag_gpt4": 5.418691449165344,
    "hellaswag_mini_gpt4": 5.36145033121109,
    "hellaswag_groundtruth": 289.2470553588867
}