{
    "boolq_step_by_step": 3.5656332302093507,
    "boolq_claude": 3.0230404233932493,
    "boolq_gpt4_style_in_context_examples": 3.598199632167816,
    "boolq_gpt4": 4.100035028457642,
    "boolq_mini_gpt4": 3.937645688056946,
    "boolq_groundtruth": 14.713338766098023,
    "boolq_openai_human_written_examples": 2.8105243945121767
}