{
    "boolq_step_by_step": 3.51172300696373,
    "boolq_claude": 2.874514273405075,
    "boolq_gpt4_style_in_context_examples": 3.2380981624126433,
    "boolq_gpt4": 3.6504281640052794,
    "boolq_mini_gpt4": 3.852205181121826,
    "boolq_groundtruth": 11.429342041015625,
    "boolq_openai_human_written_examples": 2.741973650455475
}