{
    "plan_bench_optimality_step_by_step": 1.9624997973442078,
    "plan_bench_optimality_claude": 2.0209603786468504,
    "plan_bench_optimality_gpt4_style_in_context_examples": 1.7065523505210876,
    "plan_bench_optimality_gpt4": 2.238725173473358,
    "plan_bench_optimality_mini_gpt4": 2.042719566822052,
    "plan_bench_optimality_groundtruth": 5.989184379577637,
    "plan_bench_optimality_openai_human_written_examples": 2.412068486213684,
    "plan_bench_optimality_rewrite_groundtruth_in_own_words": 2.6769676208496094
}