{
    "math_geometry_step_by_step": 1.7757954585552216,
    "math_geometry_claude": 1.9002045917510986,
    "math_geometry_gpt4_style_in_context_examples": 2.769407658576965
}