{
    "plan_bench_replaning_step_by_step": 2.632261057694753,
    "plan_bench_replaning_claude": 2.660928185780843,
    "plan_bench_replaning_gpt4_style_in_context_examples": 3.0918411374092103,
    "plan_bench_replaning_gpt4": 3.4525774161020917,
    "plan_bench_replaning_mini_gpt4": 2.949995978673299,
    "plan_bench_replaning_groundtruth": 16.86241912841797,
    "plan_bench_replaning_openai_human_written_examples": 3.799761962890625,
    "plan_bench_replaning_rewrite_groundtruth_in_own_words": 3.916719683011373
}