{
    "plan_bench_generalization_step_by_step": 1.8105915355682374,
    "plan_bench_generalization_claude": 1.9986865830421447,
    "plan_bench_generalization_gpt4_style_in_context_examples": 1.5727200722694397,
    "plan_bench_generalization_gpt4": 2.048978681564331,
    "plan_bench_generalization_mini_gpt4": 2.0998051619529723,
    "plan_bench_generalization_groundtruth": 1.6666806364059448,
    "plan_bench_generalization_openai_human_written_examples": 2.358384299278259,
    "plan_bench_generalization_rewrite_groundtruth_in_own_words": 2.2122811627388
}