{
    "plan_bench_replaning_step_by_step": 2.8082484364509583,
    "plan_bench_replaning_claude": 2.7918741869926453,
    "plan_bench_replaning_gpt4_style_in_context_examples": 3.3507139778137205,
    "plan_bench_replaning_gpt4": 3.4808046627044678,
    "plan_bench_replaning_mini_gpt4": 3.045086703300476,
    "plan_bench_replaning_groundtruth": 13.584476041793824,
    "plan_bench_replaning_openai_human_written_examples": 3.683209660053253,
    "plan_bench_replaning_rewrite_groundtruth_in_own_words": 4.148399789333343
}