{
    "agieval_step_by_step": 4.157531770070394,
    "agieval_claude": 2.990561819076538,
    "agieval_gpt4_style_in_context_examples": 3.9796765565872194,
    "agieval_gpt4": 4.429700922966004,
    "agieval_mini_gpt4": 3.9868807792663574,
    "agieval_groundtruth": 37261711.115625,
    "agieval_openai_human_written_examples": 4.259161512056987
}