{
    "api_bank_step_by_step": 3.251958227157593,
    "api_bank_claude": 3.667757852872213,
    "api_bank_gpt4_style_in_context_examples": 4.05942862033844,
    "api_bank_gpt4": 3.838772455851237,
    "api_bank_mini_gpt4": 4.275299096107483,
    "api_bank_groundtruth": 10.601676023006439,
    "api_bank_openai_human_written_examples": 3.8697771549224855
}