{
    "mmlu_pro_law_step_by_step": 4.25282818476359,
    "mmlu_pro_law_claude": 3.1934933344523113,
    "mmlu_pro_law_gpt4_style_in_context_examples": 5.190337753295898,
    "mmlu_pro_law_gpt4": 5.226548560460409,
    "mmlu_pro_law_mini_gpt4": 3.8377160867055258,
    "mmlu_pro_law_groundtruth": 353.81207359631856,
    "mmlu_pro_law_openai_human_written_examples": 5.940102624893188
}