{
    "plan_bench_generalization_step_by_step": 1.6210158634185792,
    "plan_bench_generalization_claude": 1.9231980780760447,
    "plan_bench_generalization_gpt4_style_in_context_examples": 1.423364936908086,
    "plan_bench_generalization_gpt4": 1.8835542635122935,
    "plan_bench_generalization_mini_gpt4": 1.9666949351628622,
    "plan_bench_generalization_groundtruth": 2.525757058461507,
    "plan_bench_generalization_openai_human_written_examples": 2.2434698124726613,
    "plan_bench_generalization_rewrite_groundtruth_in_own_words": 2.1748506291707357
}