{
    "math_algebra_step_by_step": 2.1078939127922056,
    "math_algebra_claude": 2.217308077812195,
    "math_algebra_gpt4_style_in_context_examples": 3.3502412605285645,
    "math_algebra_gpt4": 1.940470690727234,
    "math_algebra_mini_gpt4": 1.9270009589195252,
    "math_algebra_groundtruth": 6.882202458381653,
    "math_algebra_openai_human_written_examples": 2.105170018672943,
    "math_algebra_rewrite_groundtruth_in_own_words": 3.2024484729766844
}