{
    "ecqa_step_by_step": 4.307435154914856,
    "ecqa_claude": 3.93448912858963,
    "ecqa_gpt4_style_in_context_examples": 4.561797475814819,
    "ecqa_gpt4": 4.785981574058533,
    "ecqa_mini_gpt4": 4.888886561393738,
    "ecqa_groundtruth": 11.155394213199616,
    "ecqa_openai_human_written_examples": 4.393177299499512,
    "ecqa_rewrite_groundtruth_in_own_words": 6.247401697635651
}