{
    "drop_step_by_step": 2.129649829864502,
    "drop_claude": 1.8750141859054565,
    "drop_gpt4_style_in_context_examples": 2.1809109727541607,
    "drop_gpt4": 2.369591808319092,
    "drop_mini_gpt4": 2.3061183015505473,
    "drop_groundtruth": 29.620334100723266,
    "drop_openai_human_written_examples": 2.04600598414739
}