{
    "boolq_step_by_step": 3.282887649536133,
    "boolq_claude": 2.8003950357437133,
    "boolq_gpt4_style_in_context_examples": 2.7471460103988647,
    "boolq_gpt4": 3.453463244438171,
    "boolq_mini_gpt4": 3.2640692472457884,
    "boolq_groundtruth": 111.392160820961,
    "boolq_openai_human_written_examples": 2.5254278659820555
}