{
    "api_bank_step_by_step": 3.750516317486763,
    "api_bank_claude": 3.528942720293999,
    "api_bank_gpt4_style_in_context_examples": 4.335021356344223,
    "api_bank_gpt4": 4.293459258079529,
    "api_bank_mini_gpt4": 4.534562722444535,
    "api_bank_groundtruth": 3.9587375324964524,
    "api_bank_openai_human_written_examples": 3.9742361438274383
}