{
    "plan_bench_verification_step_by_step": 1.652746176123619,
    "plan_bench_verification_claude": 1.8403810048103333,
    "plan_bench_verification_gpt4_style_in_context_examples": 1.57499731361866,
    "plan_bench_verification_gpt4": 1.7428282356262208,
    "plan_bench_verification_mini_gpt4": 2.4536564898490907,
    "plan_bench_verification_groundtruth": 17.345137073993683,
    "plan_bench_verification_openai_human_written_examples": 2.1651742500066757,
    "plan_bench_verification_rewrite_groundtruth_in_own_words": 3.0875642305612563
}