{
    "boolq_step_by_step": 3.5061750729878742,
    "boolq_claude": 3.0652114868164064,
    "boolq_gpt4_style_in_context_examples": 3.5795419454574584,
    "boolq_gpt4": 4.116875410079956,
    "boolq_mini_gpt4": 3.9163149197896323,
    "boolq_groundtruth": 10.467093054453532,
    "boolq_openai_human_written_examples": 2.815786818663279
}