{
    "mmlu_step_by_step": 3.828491733670235,
    "mmlu_claude": 2.951112776398659,
    "mmlu_gpt4_style_in_context_examples": 3.674075083732605,
    "mmlu_gpt4": 4.149117600917816,
    "mmlu_mini_gpt4": 3.5489663553237913,
    "mmlu_groundtruth": 312.7936088848114,
    "mmlu_openai_human_written_examples": 4.214730770587921
}