{
    "plan_bench_generalization_step_by_step": 1.5986456894874572,
    "plan_bench_generalization_claude": 1.857708215713501,
    "plan_bench_generalization_gpt4_style_in_context_examples": 1.4513464307785033,
    "plan_bench_generalization_gpt4": 2.02627046585083,
    "plan_bench_generalization_mini_gpt4": 2.063285138607025,
    "plan_bench_generalization_groundtruth": 2.65940566778183,
    "plan_bench_generalization_openai_human_written_examples": 2.168025314807892,
    "plan_bench_generalization_rewrite_groundtruth_in_own_words": 2.197332487106323
}