{
    "plan_bench_execution_step_by_step": 1.727346373796463,
    "plan_bench_execution_claude": 1.971676379442215,
    "plan_bench_execution_gpt4_style_in_context_examples": 2.2035162460803988,
    "plan_bench_execution_gpt4": 1.8624860525131226,
    "plan_bench_execution_mini_gpt4": 2.851124700307846,
    "plan_bench_execution_groundtruth": 1.9802189922332765,
    "plan_bench_execution_openai_human_written_examples": 2.2707303178310396,
    "plan_bench_execution_rewrite_groundtruth_in_own_words": 2.6121957337856294
}