{
    "plan_bench_verification_step_by_step": 1.614968674182892,
    "plan_bench_verification_claude": 1.7989399194717408,
    "plan_bench_verification_gpt4_style_in_context_examples": 1.6537402534484864,
    "plan_bench_verification_gpt4": 1.7094925546646118,
    "plan_bench_verification_mini_gpt4": 2.5254583764076233,
    "plan_bench_verification_groundtruth": 3.7247528648376464,
    "plan_bench_verification_openai_human_written_examples": 2.0039696002006533,
    "plan_bench_verification_rewrite_groundtruth_in_own_words": 2.6644003701210024
}