{
    "plan_bench_generation_step_by_step": 2.1629307746887205,
    "plan_bench_generation_claude": 2.1461488366127015,
    "plan_bench_generation_gpt4_style_in_context_examples": 2.2718889355659484,
    "plan_bench_generation_gpt4": 2.365604019165039,
    "plan_bench_generation_mini_gpt4": 2.5656795223553974,
    "plan_bench_generation_groundtruth": 65.23738883336385,
    "plan_bench_generation_openai_human_written_examples": 2.857055115699768,
    "plan_bench_generation_rewrite_groundtruth_in_own_words": 3.0678720394770305
}