{
    "plan_bench_optimality_step_by_step": 2.0908977222442626,
    "plan_bench_optimality_claude": 2.052011162042618,
    "plan_bench_optimality_gpt4_style_in_context_examples": 1.8386702609062195,
    "plan_bench_optimality_gpt4": 2.2409804034233094,
    "plan_bench_optimality_mini_gpt4": 2.257219099998474,
    "plan_bench_optimality_groundtruth": 9.193413422107696,
    "plan_bench_optimality_openai_human_written_examples": 2.7299853169918062,
    "plan_bench_optimality_rewrite_groundtruth_in_own_words": 2.619957021474838
}