{
    "agieval_step_by_step": 3.5424921309947965,
    "agieval_claude": 2.5590617489814758,
    "agieval_gpt4_style_in_context_examples": 3.3515130472183228,
    "agieval_gpt4": 3.951640738248825,
    "agieval_mini_gpt4": 3.188589582443237,
    "agieval_groundtruth": 2601414.141826172,
    "agieval_openai_human_written_examples": 3.4366715812683104
}