{
    "math_geometry_step_by_step": 2.4840097618103028,
    "math_geometry_claude": 2.7761331820487976,
    "math_geometry_gpt4_style_in_context_examples": 4.189537858963012,
    "math_geometry_gpt4": 2.808159976005554,
    "math_geometry_mini_gpt4": 2.3792572164535524,
    "math_geometry_groundtruth": 5.306506321430207,
    "math_geometry_openai_human_written_examples": 4.485677325725556,
    "math_geometry_rewrite_groundtruth_in_own_words": 3.5591531872749327
}