{
    "squad_step_by_step": 3.543477686246236,
    "squad_claude": 2.690997231006622,
    "squad_gpt4_style_in_context_examples": 3.521093734105428,
    "squad_gpt4": 4.65144921541214,
    "squad_mini_gpt4": 4.021854305267334,
    "squad_groundtruth": 10.558220251401265,
    "squad_openai_human_written_examples": 2.625511880715688
}