{
    "hellaswag_step_by_step": 3.9952293395996095,
    "hellaswag_claude": 2.7185343503952026,
    "hellaswag_gpt4_style_in_context_examples": 2.6554409980773928,
    "hellaswag_gpt4": 3.8678631067276,
    "hellaswag_mini_gpt4": 4.311112380027771,
    "hellaswag_groundtruth": 1367696.2015625,
    "hellaswag_openai_human_written_examples": 3.596408987045288
}