{
    "mmlu_moral_scenarios_step_by_step": 3.7680350065231325,
    "mmlu_moral_scenarios_claude": 3.3369255900382995,
    "mmlu_moral_scenarios_gpt4_style_in_context_examples": 3.9178918600082397,
    "mmlu_moral_scenarios_gpt4": 3.9202694201469424,
    "mmlu_moral_scenarios_mini_gpt4": 3.8634284710884095,
    "mmlu_moral_scenarios_groundtruth": 67.26949552536011,
    "mmlu_moral_scenarios_openai_human_written_examples": 4.195725219249725
}