{
    "hellaswag_step_by_step": 4.695753552913666,
    "hellaswag_claude": 3.932771079540253,
    "hellaswag_gpt4_style_in_context_examples": 3.7701596188545228,
    "hellaswag_gpt4": 6.468000273704529,
    "hellaswag_mini_gpt4": 6.453686957359314,
    "hellaswag_groundtruth": 30558550.50796875,
    "hellaswag_openai_human_written_examples": 6.282180509567261
}