{
    "plan_bench_reuse_step_by_step": 2.443088719844818,
    "plan_bench_reuse_claude": 2.837324674129486,
    "plan_bench_reuse_gpt4_style_in_context_examples": 2.477512516975403,
    "plan_bench_reuse_gpt4": 2.899466588497162,
    "plan_bench_reuse_mini_gpt4": 3.3934189963340757,
    "plan_bench_reuse_groundtruth": 1710.1883554840088,
    "plan_bench_reuse_openai_human_written_examples": 4.137256128787994,
    "plan_bench_reuse_rewrite_groundtruth_in_own_words": 4.273607540130615
}