{
    "plan_bench_generation_step_by_step": 2.2589007818698885,
    "plan_bench_generation_claude": 1.9672886943817138,
    "plan_bench_generation_gpt4_style_in_context_examples": 2.223361645936966,
    "plan_bench_generation_gpt4": 2.449670648574829,
    "plan_bench_generation_mini_gpt4": 2.674567222595215,
    "plan_bench_generation_groundtruth": 3.125906606912613,
    "plan_bench_generation_openai_human_written_examples": 2.5596180605888366,
    "plan_bench_generation_rewrite_groundtruth_in_own_words": 2.4022596108913423
}