{
    "hellaswag_step_by_step": 3.761875505447388,
    "hellaswag_claude": 2.8043983602523803,
    "hellaswag_gpt4_style_in_context_examples": 2.7775058829784394,
    "hellaswag_gpt4": 4.117356510162353,
    "hellaswag_mini_gpt4": 3.9930704760551454,
    "hellaswag_groundtruth": 533717.9617773438,
    "hellaswag_openai_human_written_examples": 4.114105768203736
}