{
    "boolq_step_by_step": 3.246471539735794,
    "boolq_claude": 2.472030055522919,
    "boolq_gpt4_style_in_context_examples": 2.7518685126304625,
    "boolq_gpt4": 3.233191156387329,
    "boolq_mini_gpt4": 3.2677405714988708,
    "boolq_groundtruth": 19.780975303649903,
    "boolq_openai_human_written_examples": 2.497867923974991
}