{
    "plan_bench_generation_step_by_step": 2.231956343650818,
    "plan_bench_generation_claude": 2.1966197645664214,
    "plan_bench_generation_gpt4_style_in_context_examples": 2.3356611168384553,
    "plan_bench_generation_gpt4": 2.384409490823746,
    "plan_bench_generation_mini_gpt4": 2.7969981372356414,
    "plan_bench_generation_groundtruth": 19.965902321338653,
    "plan_bench_generation_openai_human_written_examples": 2.717917476892471,
    "plan_bench_generation_rewrite_groundtruth_in_own_words": 2.9368420588970183
}