{
    "boolq_step_by_step": 3.353965148925781,
    "boolq_claude": 2.530585768222809,
    "boolq_gpt4_style_in_context_examples": 2.770892467498779,
    "boolq_gpt4": 3.2527151608467104,
    "boolq_mini_gpt4": 3.3966792321205137,
    "boolq_groundtruth": 14.788401494026184,
    "boolq_openai_human_written_examples": 2.5146511888504026
}