{
    "plan_bench_optimality_step_by_step": 2.4107271909713743,
    "plan_bench_optimality_claude": 2.7206860065460203,
    "plan_bench_optimality_gpt4_style_in_context_examples": 2.1978437383969625,
    "plan_bench_optimality_gpt4": 2.6327133735020953,
    "plan_bench_optimality_mini_gpt4": 2.8297114173571267,
    "plan_bench_optimality_groundtruth": 16.867930126190185,
    "plan_bench_optimality_openai_human_written_examples": 3.443236804008484,
    "plan_bench_optimality_rewrite_groundtruth_in_own_words": 3.2495370546976727
}