{
    "plan_bench_generation_step_by_step": 2.2454864382743835,
    "plan_bench_generation_claude": 2.1414258599281313,
    "plan_bench_generation_gpt4_style_in_context_examples": 2.3589190363883974,
    "plan_bench_generation_gpt4": 2.334929406642914,
    "plan_bench_generation_mini_gpt4": 2.5446374654769897,
    "plan_bench_generation_groundtruth": 19.47784826755524,
    "plan_bench_generation_openai_human_written_examples": 3.059885334968567,
    "plan_bench_generation_rewrite_groundtruth_in_own_words": 2.889570951461792
}