{
    "math_algebra_step_by_step": 1.4178933211167652,
    "math_algebra_claude": 1.7171956741809844,
    "math_algebra_gpt4_style_in_context_examples": 4.549409183263779,
    "math_algebra_gpt4": 1.577761038939158,
    "math_algebra_mini_gpt4": 1.4029747299353281,
    "math_algebra_groundtruth": 3.0191366962591806,
    "math_algebra_openai_human_written_examples": 1.582227993408839,
    "math_algebra_rewrite_groundtruth_in_own_words": 2.381668777068456
}