{
    "drop_step_by_step": 3.1065324544906616,
    "drop_claude": 3.0732540488243103,
    "drop_gpt4_style_in_context_examples": 3.4813255786895754,
    "drop_gpt4": 3.7621584057807924,
    "drop_mini_gpt4": 5.758554697036743,
    "drop_groundtruth": 536.009523832798,
    "drop_openai_human_written_examples": 3.56234849691391
}