{
    "plan_bench_execution_step_by_step": 1.8462968309720358,
    "plan_bench_execution_claude": 2.06324032942454,
    "plan_bench_execution_gpt4_style_in_context_examples": 2.152843717734019,
    "plan_bench_execution_gpt4": 1.9166438102722168,
    "plan_bench_execution_mini_gpt4": 2.66803925037384,
    "plan_bench_execution_groundtruth": 4.646622554461161,
    "plan_bench_execution_openai_human_written_examples": 2.516996637980143,
    "plan_bench_execution_rewrite_groundtruth_in_own_words": 2.5824941794077554
}