{
    "mbpp_step_by_step": 3.18354070186615,
    "mbpp_claude": 7.392442727088929,
    "mbpp_gpt4_style_in_context_examples": 7.213405585289001,
    "mbpp_gpt4": 7.612770652770996,
    "mbpp_mini_gpt4": 7.764729619026184,
    "mbpp_groundtruth": 48.96607215404511,
    "mbpp_openai_human_written_examples": 4.686490488052368,
    "mbpp_rewrite_groundtruth_in_own_words": 25.82073793411255
}