{
    "plan_bench_generalization_step_by_step": 1.6730786204338073,
    "plan_bench_generalization_claude": 1.8819127202033996,
    "plan_bench_generalization_gpt4_style_in_context_examples": 1.6580592274665833,
    "plan_bench_generalization_gpt4": 2.2176147937774657,
    "plan_bench_generalization_mini_gpt4": 2.21706645488739,
    "plan_bench_generalization_groundtruth": 1.5992904663085938,
    "plan_bench_generalization_openai_human_written_examples": 2.2860142588615417,
    "plan_bench_generalization_rewrite_groundtruth_in_own_words": 2.0392220258712768
}