{
    "plan_bench_generalization_step_by_step": 1.7996901655197144,
    "plan_bench_generalization_claude": 1.9883375644683838,
    "plan_bench_generalization_gpt4_style_in_context_examples": 1.6004635405540466,
    "plan_bench_generalization_gpt4": 2.068853669166565,
    "plan_bench_generalization_mini_gpt4": 2.123657240867615,
    "plan_bench_generalization_groundtruth": 1.839913239479065,
    "plan_bench_generalization_openai_human_written_examples": 2.335195395946503,
    "plan_bench_generalization_rewrite_groundtruth_in_own_words": 2.2972380685806275
}