{
    "plan_bench_replaning_step_by_step": 2.7566583470503487,
    "plan_bench_replaning_claude": 2.6543013604482013,
    "plan_bench_replaning_gpt4_style_in_context_examples": 3.110764458179474,
    "plan_bench_replaning_gpt4": 3.3384877928098042,
    "plan_bench_replaning_mini_gpt4": 3.045095988512039,
    "plan_bench_replaning_groundtruth": 19.191310133536657,
    "plan_bench_replaning_openai_human_written_examples": 3.754627021153768,
    "plan_bench_replaning_rewrite_groundtruth_in_own_words": 4.034942098061244
}