{
    "math_geometry_step_by_step": 2.373375089963277,
    "math_geometry_claude": 2.323059451580048,
    "math_geometry_gpt4_style_in_context_examples": 3.2489478747049967,
    "math_geometry_gpt4": 2.3339701096216836,
    "math_geometry_mini_gpt4": 2.312875509262085,
    "math_geometry_groundtruth": 2.8341156005859376,
    "math_geometry_openai_human_written_examples": 5.891954831282297,
    "math_geometry_rewrite_groundtruth_in_own_words": 2.7742374340693154
}