{
    "plan_bench_reuse_step_by_step": 1.955501708984375,
    "plan_bench_reuse_claude": 2.089322648048401,
    "plan_bench_reuse_gpt4_style_in_context_examples": 1.9592880773544312,
    "plan_bench_reuse_gpt4": 2.2475192236900328,
    "plan_bench_reuse_mini_gpt4": 2.5493073987960817,
    "plan_bench_reuse_groundtruth": 6.810334198474884,
    "plan_bench_reuse_openai_human_written_examples": 2.66900696516037,
    "plan_bench_reuse_rewrite_groundtruth_in_own_words": 2.8442673659324647
}