{
    "math_algebra_step_by_step": 1.3701812946796417,
    "math_algebra_claude": 1.6633479595184326
}