{
    "mmlu_moral_scenarios_step_by_step": 3.809051671822866,
    "mmlu_moral_scenarios_claude": 2.9102653578917184,
    "mmlu_moral_scenarios_gpt4_style_in_context_examples": 3.1963243317604064,
    "mmlu_moral_scenarios_gpt4": 4.161219992637634,
    "mmlu_moral_scenarios_mini_gpt4": 3.9193507703145345,
    "mmlu_moral_scenarios_groundtruth": 128.5384594519933,
    "mmlu_moral_scenarios_openai_human_written_examples": 5.018820807139079
}