{
    "math_algebra_step_by_step": 1.4193758646647134,
    "math_algebra_claude": 1.6770902276039124,
    "math_algebra_gpt4_style_in_context_examples": 1.8990094463030498,
    "math_algebra_gpt4": 1.4014349301656088,
    "math_algebra_mini_gpt4": 1.3491163412729898,
    "math_algebra_groundtruth": 3.00758060614268,
    "math_algebra_openai_human_written_examples": 1.5667479793230692,
    "math_algebra_rewrite_groundtruth_in_own_words": 2.3066272815068563
}