{
    "plan_bench_reuse_step_by_step": 2.16136146068573,
    "plan_bench_reuse_claude": 2.253208062648773,
    "plan_bench_reuse_gpt4_style_in_context_examples": 2.2178779435157776,
    "plan_bench_reuse_gpt4": 2.5321968674659727,
    "plan_bench_reuse_mini_gpt4": 2.9245157551765444,
    "plan_bench_reuse_groundtruth": 5.713286247253418,
    "plan_bench_reuse_openai_human_written_examples": 3.2511486268043517,
    "plan_bench_reuse_rewrite_groundtruth_in_own_words": 3.2996465396881103
}