{
    "piqa_step_by_step": 3.4910635709762574,
    "piqa_claude": 3.1069392442703245,
    "piqa_gpt4_style_in_context_examples": 4.066410923004151,
    "piqa_gpt4": 4.104641461372376,
    "piqa_mini_gpt4": 3.6343926668167112,
    "piqa_groundtruth": 456776.89302368165,
    "piqa_openai_human_written_examples": 4.553443837165832
}