{
    "plan_bench_generation_step_by_step": 2.2431439971923828,
    "plan_bench_generation_claude": 1.9906547594070434,
    "plan_bench_generation_gpt4_style_in_context_examples": 2.2795185041427612,
    "plan_bench_generation_gpt4": 2.374626739025116,
    "plan_bench_generation_mini_gpt4": 2.6746368551254274,
    "plan_bench_generation_groundtruth": 3.3177352142333985,
    "plan_bench_generation_openai_human_written_examples": 2.710608284473419,
    "plan_bench_generation_rewrite_groundtruth_in_own_words": 2.258838325738907
}