{
    "plan_bench_generation_step_by_step": 2.27263133764267,
    "plan_bench_generation_claude": 2.217830979824066,
    "plan_bench_generation_gpt4_style_in_context_examples": 2.1737311458587647,
    "plan_bench_generation_gpt4": 2.4135397982597353,
    "plan_bench_generation_mini_gpt4": 2.7865831446647644,
    "plan_bench_generation_groundtruth": 20.510804681777955,
    "plan_bench_generation_openai_human_written_examples": 2.6756659245491026,
    "plan_bench_generation_rewrite_groundtruth_in_own_words": 2.9872626185417177
}