{
    "plan_bench_generalization_step_by_step": 1.6314506363868713,
    "plan_bench_generalization_claude": 1.9185213780403136,
    "plan_bench_generalization_gpt4_style_in_context_examples": 1.4313290560245513,
    "plan_bench_generalization_gpt4": 1.8490841948986054,
    "plan_bench_generalization_mini_gpt4": 2.0260881853103636,
    "plan_bench_generalization_groundtruth": 2.5292286431789397,
    "plan_bench_generalization_openai_human_written_examples": 2.2111705601215363,
    "plan_bench_generalization_rewrite_groundtruth_in_own_words": 2.181902439594269
}