{
    "plan_bench_replaning_step_by_step": 3.2456175327301025,
    "plan_bench_replaning_claude": 3.1107343196868897,
    "plan_bench_replaning_gpt4_style_in_context_examples": 3.029663014411926,
    "plan_bench_replaning_gpt4": 3.1749261140823366,
    "plan_bench_replaning_mini_gpt4": 2.616621732711792,
    "plan_bench_replaning_groundtruth": 18.51156747341156,
    "plan_bench_replaning_openai_human_written_examples": 4.1149664402008055,
    "plan_bench_replaning_rewrite_groundtruth_in_own_words": 5.100216317176819
}