{
    "plan_bench_verification_step_by_step": 1.630935343503952,
    "plan_bench_verification_claude": 1.78091157913208,
    "plan_bench_verification_gpt4_style_in_context_examples": 1.5795825016498566,
    "plan_bench_verification_gpt4": 1.7291451585292816,
    "plan_bench_verification_mini_gpt4": 2.523904494047165,
    "plan_bench_verification_groundtruth": 18.065519692897798,
    "plan_bench_verification_openai_human_written_examples": 2.1846939694881438,
    "plan_bench_verification_rewrite_groundtruth_in_own_words": 2.8853485417366027
}