{
    "api_bank_step_by_step": 3.6073167085647584,
    "api_bank_claude": 3.4110735336939495,
    "api_bank_gpt4_style_in_context_examples": 4.443930252393087,
    "api_bank_gpt4": 4.223405408859253,
    "api_bank_mini_gpt4": 4.8160647789637245,
    "api_bank_groundtruth": 3.9711875478426615,
    "api_bank_openai_human_written_examples": 4.01687396367391
}