{
    "plan_bench_replaning_step_by_step": 2.774524206717809,
    "plan_bench_replaning_claude": 2.6429842444260916,
    "plan_bench_replaning_gpt4_style_in_context_examples": 3.129825389782588,
    "plan_bench_replaning_gpt4": 3.3382757818698883,
    "plan_bench_replaning_mini_gpt4": 3.0839471956094107,
    "plan_bench_replaning_groundtruth": 21.267464181184767,
    "plan_bench_replaning_openai_human_written_examples": 3.7669666163126627,
    "plan_bench_replaning_rewrite_groundtruth_in_own_words": 4.073596219221751
}