{
    "plan_bench_reuse_step_by_step": 2.2228971123695374,
    "plan_bench_reuse_claude": 2.386945036649704,
    "plan_bench_reuse_gpt4_style_in_context_examples": 2.1122347366809846,
    "plan_bench_reuse_gpt4": 2.6176596999168398,
    "plan_bench_reuse_mini_gpt4": 3.151460247039795,
    "plan_bench_reuse_groundtruth": 8.41559145450592,
    "plan_bench_reuse_openai_human_written_examples": 3.3025019812583922,
    "plan_bench_reuse_rewrite_groundtruth_in_own_words": 3.5758131837844847
}