{
    "plan_bench_generation_step_by_step": 2.060859743754069,
    "plan_bench_generation_claude": 1.9774880886077881,
    "plan_bench_generation_gpt4_style_in_context_examples": 2.0748132705688476,
    "plan_bench_generation_gpt4": 2.0383789698282877,
    "plan_bench_generation_mini_gpt4": 2.413210654258728,
    "plan_bench_generation_groundtruth": 4.229167938232422,
    "plan_bench_generation_openai_human_written_examples": 2.3860376556714376,
    "plan_bench_generation_rewrite_groundtruth_in_own_words": 2.3788271069526674
}