{
    "plan_bench_generalization_step_by_step": 1.6626191973686217,
    "plan_bench_generalization_claude": 2.0294555981953937,
    "plan_bench_generalization_gpt4_style_in_context_examples": 1.6952338735262553,
    "plan_bench_generalization_gpt4": 2.0082379738489786,
    "plan_bench_generalization_mini_gpt4": 2.208981005350749,
    "plan_bench_generalization_groundtruth": 1.653644593556722,
    "plan_bench_generalization_openai_human_written_examples": 2.1778502901395163,
    "plan_bench_generalization_rewrite_groundtruth_in_own_words": 2.309746499856313
}