{
    "plan_bench_execution_step_by_step": 2.4334357237815856,
    "plan_bench_execution_claude": 2.498637089729309,
    "plan_bench_execution_gpt4_style_in_context_examples": 2.491548755168915,
    "plan_bench_execution_gpt4": 2.6197915720939635,
    "plan_bench_execution_mini_gpt4": 3.734873659610748,
    "plan_bench_execution_groundtruth": 13.059283986091614,
    "plan_bench_execution_openai_human_written_examples": 3.3237097454071045,
    "plan_bench_execution_rewrite_groundtruth_in_own_words": 3.699536094665527
}