{
    "plan_bench_optimality_step_by_step": 2.0108389139175413,
    "plan_bench_optimality_claude": 2.278233993053436,
    "plan_bench_optimality_gpt4_style_in_context_examples": 1.8094295024871827,
    "plan_bench_optimality_gpt4": 2.285762870311737,
    "plan_bench_optimality_mini_gpt4": 2.2740567564964294,
    "plan_bench_optimality_groundtruth": 10.352215850353241,
    "plan_bench_optimality_openai_human_written_examples": 2.7762550473213197,
    "plan_bench_optimality_rewrite_groundtruth_in_own_words": 2.5528397083282472
}