{
    "squad_step_by_step": 2.4286382567882536,
    "squad_claude": 1.9733996105194092,
    "squad_gpt4_style_in_context_examples": 2.4306506061553956,
    "squad_gpt4": 3.0500670504570007,
    "squad_mini_gpt4": 2.4542880856990816,
    "squad_groundtruth": 61.171611622571945,
    "squad_openai_human_written_examples": 1.9716698396205903
}