{
    "plan_bench_execution_step_by_step": 1.8600395798683167,
    "plan_bench_execution_claude": 1.946546459197998,
    "plan_bench_execution_gpt4_style_in_context_examples": 2.3496607661247255,
    "plan_bench_execution_gpt4": 1.926675260066986,
    "plan_bench_execution_mini_gpt4": 2.763479208946228,
    "plan_bench_execution_groundtruth": 2.189360189437866,
    "plan_bench_execution_openai_human_written_examples": 2.3131340384483337,
    "plan_bench_execution_rewrite_groundtruth_in_own_words": 2.902059280872345
}