{
    "plan_bench_generalization_step_by_step": 1.7557328581809997,
    "plan_bench_generalization_claude": 2.006334364414215,
    "plan_bench_generalization_gpt4_style_in_context_examples": 1.5640545964241028,
    "plan_bench_generalization_gpt4": 1.9018956422805786,
    "plan_bench_generalization_mini_gpt4": 1.9777713060379027,
    "plan_bench_generalization_groundtruth": 1.6367942929267882,
    "plan_bench_generalization_openai_human_written_examples": 2.064548408985138,
    "plan_bench_generalization_rewrite_groundtruth_in_own_words": 2.493853521347046
}