{
    "winogrande_step_by_step": 4.060256254673004,
    "winogrande_claude": 3.6466677355766297
}