{
    "mmlu_moral_scenarios_step_by_step": 3.641130057970683,
    "mmlu_moral_scenarios_claude": 3.3668363730112714,
    "mmlu_moral_scenarios_gpt4_style_in_context_examples": 3.738211750984192,
    "mmlu_moral_scenarios_gpt4": 3.842855779329936,
    "mmlu_moral_scenarios_mini_gpt4": 3.519914388656616,
    "mmlu_moral_scenarios_groundtruth": 25.864825280507407,
    "mmlu_moral_scenarios_openai_human_written_examples": 3.52858890692393
}