{
    "boolq_step_by_step": 3.524973475933075,
    "boolq_claude": 3.0849650621414186,
    "boolq_gpt4_style_in_context_examples": 4.1039815783500675,
    "boolq_gpt4": 4.739683985710144,
    "boolq_mini_gpt4": 4.593099164962768,
    "boolq_groundtruth": 10.294871413707734,
    "boolq_openai_human_written_examples": 3.22788952589035
}