{
    "plan_bench_replaning_step_by_step": 2.6158620317777,
    "plan_bench_replaning_claude": 2.659191977977753,
    "plan_bench_replaning_gpt4_style_in_context_examples": 3.125060180823008,
    "plan_bench_replaning_gpt4": 3.338094691435496,
    "plan_bench_replaning_mini_gpt4": 2.8940392971038817,
    "plan_bench_replaning_groundtruth": 7.507739639282226,
    "plan_bench_replaning_openai_human_written_examples": 3.628225151697795,
    "plan_bench_replaning_rewrite_groundtruth_in_own_words": 3.615393940607707
}