{
    "plan_bench_verification_step_by_step": 1.563843219280243,
    "plan_bench_verification_claude": 1.8396568703651428,
    "plan_bench_verification_gpt4_style_in_context_examples": 1.4546337485313416,
    "plan_bench_verification_gpt4": 1.5755471253395081,
    "plan_bench_verification_mini_gpt4": 2.242749617099762,
    "plan_bench_verification_groundtruth": 5.532212052345276,
    "plan_bench_verification_openai_human_written_examples": 1.880770890712738,
    "plan_bench_verification_rewrite_groundtruth_in_own_words": 2.7813289165496826
}