{
    "plan_bench_verification_step_by_step": 1.6692898881435394,
    "plan_bench_verification_claude": 1.8313848221302031,
    "plan_bench_verification_gpt4_style_in_context_examples": 1.6009252607822417,
    "plan_bench_verification_gpt4": 1.766021373271942,
    "plan_bench_verification_mini_gpt4": 2.5432000803947448,
    "plan_bench_verification_groundtruth": 22.926771252155305,
    "plan_bench_verification_openai_human_written_examples": 2.210492595434189,
    "plan_bench_verification_rewrite_groundtruth_in_own_words": 3.042187922000885
}