{
    "mmlu_step_by_step": 4.8660454193751015,
    "mmlu_claude": 3.327589209874471,
    "mmlu_gpt4_style_in_context_examples": 4.693134832382202,
    "mmlu_gpt4": 5.24234991868337,
    "mmlu_mini_gpt4": 4.530680314699809,
    "mmlu_groundtruth": 31.616474946339924,
    "mmlu_openai_human_written_examples": 4.76954452196757
}