{
    "plan_bench_replaning_step_by_step": 2.678363355398178,
    "plan_bench_replaning_claude": 2.5000731694698333,
    "plan_bench_replaning_gpt4_style_in_context_examples": 3.180944139957428,
    "plan_bench_replaning_gpt4": 3.248799022436142,
    "plan_bench_replaning_mini_gpt4": 2.9705627262592316,
    "plan_bench_replaning_groundtruth": 7.673258616924286,
    "plan_bench_replaning_openai_human_written_examples": 3.319346718788147,
    "plan_bench_replaning_rewrite_groundtruth_in_own_words": 3.790528985261917
}