{
    "math_algebra_step_by_step": 1.9076231050491332,
    "math_algebra_claude": 2.146009681224823,
    "math_algebra_gpt4_style_in_context_examples": 98.21309617877006,
    "math_algebra_gpt4": 2.3233846473693847,
    "math_algebra_mini_gpt4": 1.8866086173057557,
    "math_algebra_groundtruth": 5.576280752420425,
    "math_algebra_openai_human_written_examples": 2.0861522924900053,
    "math_algebra_rewrite_groundtruth_in_own_words": 3.2926034808158873
}