{
    "boolq_step_by_step": 3.2006096601486207,
    "boolq_claude": 2.825382852554321,
    "boolq_gpt4_style_in_context_examples": 2.714932990074158,
    "boolq_gpt4": 3.4591666221618653,
    "boolq_mini_gpt4": 3.3271925926208494,
    "boolq_groundtruth": 91.30126185417176,
    "boolq_openai_human_written_examples": 2.531645941734314
}