{
    "arc_challenge_step_by_step": 3.5911825680732727,
    "arc_challenge_claude": 3.366755971908569,
    "arc_challenge_gpt4_style_in_context_examples": 3.4490764713287354,
    "arc_challenge_gpt4": 3.982315175533295
}