{
    "math_algebra_step_by_step": 1.8703356623649596,
    "math_algebra_claude": 2.1939260085423786,
    "math_algebra_gpt4_style_in_context_examples": 322.4232470591863,
    "math_algebra_gpt4": 3.0503892580668133,
    "math_algebra_mini_gpt4": 1.9053567012151083,
    "math_algebra_groundtruth": 6.043041574954986,
    "math_algebra_openai_human_written_examples": 2.342129604021708,
    "math_algebra_rewrite_groundtruth_in_own_words": 3.510684776306152
}