{
    "drop_step_by_step": 3.616292726993561,
    "drop_claude": 2.9775206009546915,
    "drop_gpt4_style_in_context_examples": 3.2126662413279217,
    "drop_gpt4": 4.165502727031708,
    "drop_mini_gpt4": 4.357890319824219,
    "drop_groundtruth": 71.15671914418539,
    "drop_openai_human_written_examples": 3.125908541679382
}