{
    "mmlu_step_by_step": 4.215297651290894,
    "mmlu_claude": 3.4614621877670286,
    "mmlu_gpt4_style_in_context_examples": 4.38672297000885,
    "mmlu_gpt4": 5.123532509803772,
    "mmlu_mini_gpt4": 4.3572821617126465,
    "mmlu_groundtruth": 26.544314002990724,
    "mmlu_openai_human_written_examples": 5.467314934730529
}