{
    "ecqa_step_by_step": 4.278140624364217,
    "ecqa_claude": 3.8307720025380454,
    "ecqa_gpt4_style_in_context_examples": 4.686033932367961,
    "ecqa_gpt4": 4.77555722395579,
    "ecqa_mini_gpt4": 5.055231364568074,
    "ecqa_groundtruth": 10.339282751083374,
    "ecqa_openai_human_written_examples": 4.442739288012187,
    "ecqa_rewrite_groundtruth_in_own_words": 6.498866860071818
}