{
    "api_bank_step_by_step": 3.2282328009605408,
    "api_bank_claude": 3.2839490115642547
}