{
    "api_bank_step_by_step": 3.7071619057655334,
    "api_bank_claude": 3.574821299314499,
    "api_bank_gpt4_style_in_context_examples": 4.38603901386261,
    "api_bank_gpt4": 4.325394332408905,
    "api_bank_mini_gpt4": 4.698581140041352,
    "api_bank_groundtruth": 6.906099915504456,
    "api_bank_openai_human_written_examples": 3.9234618234634397
}