{
    "plan_bench_optimality_step_by_step": 2.043649514516195,
    "plan_bench_optimality_claude": 2.2608305056889852,
    "plan_bench_optimality_gpt4_style_in_context_examples": 1.8744813203811646,
    "plan_bench_optimality_gpt4": 2.293199809392293,
    "plan_bench_optimality_mini_gpt4": 2.261807155609131,
    "plan_bench_optimality_groundtruth": 20.667547074953713,
    "plan_bench_optimality_openai_human_written_examples": 2.7255719025929768,
    "plan_bench_optimality_rewrite_groundtruth_in_own_words": 2.9225656549135843
}