{
    "hellaswag_step_by_step": 4.719022010564804,
    "hellaswag_claude": 3.926341954469681,
    "hellaswag_gpt4_style_in_context_examples": 3.7334398090839387,
    "hellaswag_gpt4": 6.483228130340576,
    "hellaswag_mini_gpt4": 6.2488498330116276,
    "hellaswag_groundtruth": 17292221.51457031,
    "hellaswag_openai_human_written_examples": 5.938869296312332
}