{
    "boolq_step_by_step": 4.220836067199707,
    "boolq_claude": 2.9116384744644166,
    "boolq_gpt4_style_in_context_examples": 3.757372534275055,
    "boolq_gpt4": 4.952357971668244,
    "boolq_mini_gpt4": 4.3516379753748575,
    "boolq_groundtruth": 4.273298410574595,
    "boolq_openai_human_written_examples": 3.326469620068868
}