{
    "piqa_step_by_step": 4.031148343086243,
    "piqa_claude": 3.5210160636901855,
    "piqa_gpt4_style_in_context_examples": 5.0074226188659665,
    "piqa_gpt4": 5.514479556083679,
    "piqa_mini_gpt4": 4.37667031288147,
    "piqa_groundtruth": 2449437.3902441408,
    "piqa_openai_human_written_examples": 5.5963363933563235
}