{
    "plan_bench_replaning_step_by_step": 2.909806454181671,
    "plan_bench_replaning_claude": 2.753488929271698,
    "plan_bench_replaning_gpt4_style_in_context_examples": 3.1035345935821534,
    "plan_bench_replaning_gpt4": 3.0843810868263244,
    "plan_bench_replaning_mini_gpt4": 2.998772134780884,
    "plan_bench_replaning_groundtruth": 12.733048157691956,
    "plan_bench_replaning_openai_human_written_examples": 4.030012123584747,
    "plan_bench_replaning_rewrite_groundtruth_in_own_words": 3.9051738786697388
}