{
    "boolq_step_by_step": 3.610981196165085,
    "boolq_claude": 2.9214180588722227,
    "boolq_gpt4_style_in_context_examples": 3.4897967338562013,
    "boolq_gpt4": 4.005819541215897,
    "boolq_mini_gpt4": 3.9944485092163085,
    "boolq_groundtruth": 10.819151849746705,
    "boolq_openai_human_written_examples": 2.8528691482543946
}