{
    "plan_bench_replaning_step_by_step": 2.629692767858505,
    "plan_bench_replaning_claude": 2.4351739478111267,
    "plan_bench_replaning_gpt4_style_in_context_examples": 3.1454052150249483,
    "plan_bench_replaning_gpt4": 3.215320394039154,
    "plan_bench_replaning_mini_gpt4": 2.9177456402778628,
    "plan_bench_replaning_groundtruth": 5.230997821092606,
    "plan_bench_replaning_openai_human_written_examples": 3.2655547070503235
}