{
    "plan_bench_generation_step_by_step": 2.2937309885025026,
    "plan_bench_generation_claude": 2.0817480158805846,
    "plan_bench_generation_gpt4_style_in_context_examples": 2.2179938626289366,
    "plan_bench_generation_gpt4": 2.492004721164703,
    "plan_bench_generation_mini_gpt4": 2.85552848815918,
    "plan_bench_generation_groundtruth": 5.986676316261292,
    "plan_bench_generation_openai_human_written_examples": 2.699930975437164,
    "plan_bench_generation_rewrite_groundtruth_in_own_words": 2.6236707520484925
}