{
    "math_geometry_step_by_step": 2.359221037228902,
    "math_geometry_claude": 2.284485812981923,
    "math_geometry_gpt4_style_in_context_examples": 3.1514763871828717,
    "math_geometry_gpt4": 2.3073658466339113,
    "math_geometry_mini_gpt4": 2.2949759483337404,
    "math_geometry_groundtruth": 2.824164621035258,
    "math_geometry_openai_human_written_examples": 5.726181372006734,
    "math_geometry_rewrite_groundtruth_in_own_words": 2.655048680305481
}