{
    "agieval_step_by_step": 4.345132555961609,
    "agieval_claude": 2.909728960990906,
    "agieval_gpt4_style_in_context_examples": 4.004209420681,
    "agieval_gpt4": 4.763288427591323,
    "agieval_mini_gpt4": 3.82497509598732,
    "agieval_groundtruth": 39939150.99126465,
    "agieval_openai_human_written_examples": 4.1879128336906435
}