{
    "plan_bench_generalization_step_by_step": 1.6693877100944519,
    "plan_bench_generalization_claude": 2.010170066356659,
    "plan_bench_generalization_gpt4_style_in_context_examples": 1.6028327584266662,
    "plan_bench_generalization_gpt4": 1.9190397262573242,
    "plan_bench_generalization_mini_gpt4": 2.003064978122711,
    "plan_bench_generalization_groundtruth": 1.5968288064002991,
    "plan_bench_generalization_openai_human_written_examples": 2.0916197299957275,
    "plan_bench_generalization_rewrite_groundtruth_in_own_words": 2.5090969800949097
}