{
    "plan_bench_optimality_step_by_step": 1.8118497490882874,
    "plan_bench_optimality_claude": 2.0907741451263426,
    "plan_bench_optimality_gpt4_style_in_context_examples": 1.6785147953033448,
    "plan_bench_optimality_gpt4": 2.0374184370040895,
    "plan_bench_optimality_mini_gpt4": 2.1089924025535582,
    "plan_bench_optimality_groundtruth": 6.837542004585266,
    "plan_bench_optimality_openai_human_written_examples": 2.5432245707511902,
    "plan_bench_optimality_rewrite_groundtruth_in_own_words": 2.6001963353157045
}