{
    "plan_bench_generalization_step_by_step": 1.5467487931251527,
    "plan_bench_generalization_claude": 1.8690642714500427,
    "plan_bench_generalization_gpt4_style_in_context_examples": 1.4656219601631164,
    "plan_bench_generalization_gpt4": 2.0169913530349732,
    "plan_bench_generalization_mini_gpt4": 2.3019645690917967,
    "plan_bench_generalization_groundtruth": 2.300473487377167,
    "plan_bench_generalization_openai_human_written_examples": 2.1265660643577577,
    "plan_bench_generalization_rewrite_groundtruth_in_own_words": 1.956835401058197
}