{
    "mbpp_step_by_step": 3.3443795243899026,
    "mbpp_claude": 6.382683280706406,
    "mbpp_gpt4_style_in_context_examples": 5.1673146871725715,
    "mbpp_gpt4": 7.392467496395111,
    "mbpp_mini_gpt4": 7.858212219874064,
    "mbpp_groundtruth": 20.4271193476518,
    "mbpp_openai_human_written_examples": 3.9568575970331827,
    "mbpp_rewrite_groundtruth_in_own_words": 11.770089917182922
}