{
    "agieval_step_by_step": 3.4508064858118694,
    "agieval_claude": 2.593005119164785,
    "agieval_gpt4_style_in_context_examples": 3.3851416623592376,
    "agieval_gpt4": 3.9153088863690693,
    "agieval_mini_gpt4": 3.3004697175820668,
    "agieval_groundtruth": 4379052.125965983,
    "agieval_openai_human_written_examples": 3.570828962723414
}