{
    "plan_bench_optimality_step_by_step": 1.8566344356536866,
    "plan_bench_optimality_claude": 1.970339037179947,
    "plan_bench_optimality_gpt4_style_in_context_examples": 1.6500852632522582,
    "plan_bench_optimality_gpt4": 2.009658567905426,
    "plan_bench_optimality_mini_gpt4": 2.0631484842300414,
    "plan_bench_optimality_groundtruth": 3.1953626823425294,
    "plan_bench_optimality_openai_human_written_examples": 2.4700497537851334,
    "plan_bench_optimality_rewrite_groundtruth_in_own_words": 2.4831107383966446
}