{
    "ecqa_step_by_step": 4.461878232955932,
    "ecqa_claude": 3.5605857229232787
}