{
    "plan_bench_execution_step_by_step": 1.6964148211479186,
    "plan_bench_execution_claude": 1.887486114501953
}