{
    "plan_bench_reuse_step_by_step": 2.4877490321795146,
    "plan_bench_reuse_claude": 2.636756952603658,
    "plan_bench_reuse_gpt4_style_in_context_examples": 2.2985424598058066,
    "plan_bench_reuse_gpt4": 2.893242903550466,
    "plan_bench_reuse_mini_gpt4": 3.3756849249204,
    "plan_bench_reuse_groundtruth": 57.67937439282735,
    "plan_bench_reuse_openai_human_written_examples": 3.1996581117312113,
    "plan_bench_reuse_rewrite_groundtruth_in_own_words": 3.804456969102224
}