{
    "agieval_step_by_step": 3.2791624307632445,
    "agieval_claude": 2.498501789569855,
    "agieval_gpt4_style_in_context_examples": 3.2768054008483887,
    "agieval_gpt4": 4.0483938455581665,
    "agieval_mini_gpt4": 2.9260494470596314,
    "agieval_groundtruth": 1715758.8909179687,
    "agieval_openai_human_written_examples": 5.1192694187164305
}