{
    "plan_bench_verification_step_by_step": 1.633225793838501,
    "plan_bench_verification_claude": 1.7907863926887513,
    "plan_bench_verification_gpt4_style_in_context_examples": 1.5504165756702424,
    "plan_bench_verification_gpt4": 1.735566178560257,
    "plan_bench_verification_mini_gpt4": 2.4953409373760223,
    "plan_bench_verification_groundtruth": 43.381644022464755,
    "plan_bench_verification_openai_human_written_examples": 2.1427057468891144,
    "plan_bench_verification_rewrite_groundtruth_in_own_words": 2.9418611192703246
}