{
    "agieval_step_by_step": 4.003492283821106,
    "agieval_claude": 2.7655821442604065,
    "agieval_gpt4_style_in_context_examples": 3.9223801374435423,
    "agieval_gpt4": 4.901679182052613,
    "agieval_mini_gpt4": 3.325557494163513,
    "agieval_groundtruth": 18780376.859375,
    "agieval_openai_human_written_examples": 5.362773203849793
}