{
    "plan_bench_reuse_step_by_step": 2.319806537628174,
    "plan_bench_reuse_claude": 2.43171462059021,
    "plan_bench_reuse_gpt4_style_in_context_examples": 2.1366234159469606,
    "plan_bench_reuse_gpt4": 2.5242460203170776,
    "plan_bench_reuse_mini_gpt4": 3.262743752002716,
    "plan_bench_reuse_groundtruth": 7.515864005088806,
    "plan_bench_reuse_openai_human_written_examples": 3.403079369068146,
    "plan_bench_reuse_rewrite_groundtruth_in_own_words": 3.6662942695617677
}