{
    "plan_bench_generation_step_by_step": 2.180995039145152,
    "plan_bench_generation_claude": 2.2337408781051638,
    "plan_bench_generation_gpt4_style_in_context_examples": 2.2191965103149416,
    "plan_bench_generation_gpt4": 2.1897491097450255,
    "plan_bench_generation_mini_gpt4": 2.5912007053693134,
    "plan_bench_generation_groundtruth": 69.95132894515991,
    "plan_bench_generation_openai_human_written_examples": 2.623373095194499,
    "plan_bench_generation_rewrite_groundtruth_in_own_words": 3.359385132789612
}