{
    "plan_bench_execution_step_by_step": 1.7873317122459411,
    "plan_bench_execution_claude": 2.1243428707122805,
    "plan_bench_execution_gpt4_style_in_context_examples": 2.0481148838996885,
    "plan_bench_execution_gpt4": 1.7947406888008117,
    "plan_bench_execution_mini_gpt4": 2.720352518558502,
    "plan_bench_execution_groundtruth": 5.007709264755249,
    "plan_bench_execution_openai_human_written_examples": 2.3542167782783507,
    "plan_bench_execution_rewrite_groundtruth_in_own_words": 2.723753345012665
}