{
    "plan_bench_execution_step_by_step": 2.043831098079681,
    "plan_bench_execution_claude": 1.9227517461776733,
    "plan_bench_execution_gpt4_style_in_context_examples": 2.475705623626709,
    "plan_bench_execution_gpt4": 2.178305788040161,
    "plan_bench_execution_mini_gpt4": 2.821309323310852,
    "plan_bench_execution_groundtruth": 2.069483742713928,
    "plan_bench_execution_openai_human_written_examples": 2.3475092220306397,
    "plan_bench_execution_rewrite_groundtruth_in_own_words": 2.8559575867652893
}