{
    "plan_bench_verification_step_by_step": 1.5711927215258281,
    "plan_bench_verification_claude": 1.8055320819218954,
    "plan_bench_verification_gpt4_style_in_context_examples": 1.5062414725621542,
    "plan_bench_verification_gpt4": 1.574363648891449,
    "plan_bench_verification_mini_gpt4": 2.211635975042979,
    "plan_bench_verification_groundtruth": 7.6394112745920815,
    "plan_bench_verification_openai_human_written_examples": 1.8609243909517923,
    "plan_bench_verification_rewrite_groundtruth_in_own_words": 2.5412514487902325
}