{
    "mmlu_moral_scenarios_step_by_step": 3.1009600377082824,
    "mmlu_moral_scenarios_claude": 2.809791625738144,
    "mmlu_moral_scenarios_gpt4_style_in_context_examples": 3.2483741188049318,
    "mmlu_moral_scenarios_gpt4": 3.43979394197464,
    "mmlu_moral_scenarios_mini_gpt4": 3.1966201877593994
}