{
    "boolq_step_by_step": 3.2816251981258393,
    "boolq_claude": 2.5790078473091125,
    "boolq_gpt4_style_in_context_examples": 2.6925501728057863,
    "boolq_gpt4": 3.126143817901611,
    "boolq_mini_gpt4": 3.3204120028018953,
    "boolq_groundtruth": 29.049362466335296,
    "boolq_openai_human_written_examples": 2.4610509872436523
}