{
    "agieval_step_by_step": 4.316090254783631,
    "agieval_claude": 3.2916338777542116,
    "agieval_gpt4_style_in_context_examples": 4.521726274490357,
    "agieval_gpt4": 4.862887859344482,
    "agieval_mini_gpt4": 4.37334614276886,
    "agieval_groundtruth": 56898.06158203125,
    "agieval_openai_human_written_examples": 4.952495565414429
}