{
    "math_algebra_step_by_step": 1.9945525467395782,
    "math_algebra_claude": 1.9970979380607605,
    "math_algebra_gpt4_style_in_context_examples": 3.19774321436882,
    "math_algebra_gpt4": 2.0405092811584473,
    "math_algebra_mini_gpt4": 1.9338925993442535,
    "math_algebra_groundtruth": 2.615552054643631,
    "math_algebra_openai_human_written_examples": 2.1291133832931517,
    "math_algebra_rewrite_groundtruth_in_own_words": 2.6925793838500978
}