{
    "mmlu_step_by_step": 4.888100764751434,
    "mmlu_claude": 3.5163775086402893,
    "mmlu_gpt4_style_in_context_examples": 4.684081029891968,
    "mmlu_gpt4": 4.943098175525665,
    "mmlu_mini_gpt4": 4.502521755695343
}