{
    "boolq_step_by_step": 3.566126432418823,
    "boolq_claude": 3.008197512626648,
    "boolq_gpt4_style_in_context_examples": 3.6176277661323546,
    "boolq_gpt4": 4.074898042678833,
    "boolq_mini_gpt4": 3.905186243057251,
    "boolq_groundtruth": 11.830717630386353,
    "boolq_openai_human_written_examples": 2.8158481407165525
}