{
    "plan_bench_generalization_step_by_step": 1.621274780035019,
    "plan_bench_generalization_claude": 1.8906528222560883,
    "plan_bench_generalization_gpt4_style_in_context_examples": 1.4255169367790221,
    "plan_bench_generalization_gpt4": 1.8376234340667725,
    "plan_bench_generalization_mini_gpt4": 2.0153356528282167,
    "plan_bench_generalization_groundtruth": 2.5694163143634796,
    "plan_bench_generalization_openai_human_written_examples": 2.198312236070633,
    "plan_bench_generalization_rewrite_groundtruth_in_own_words": 2.147692685127258
}