{
    "plan_bench_generation_step_by_step": 2.238505180478096,
    "plan_bench_generation_claude": 1.962154330611229,
    "plan_bench_generation_gpt4_style_in_context_examples": 2.254315459728241,
    "plan_bench_generation_gpt4": 2.4191607427597046,
    "plan_bench_generation_mini_gpt4": 2.661708475351334,
    "plan_bench_generation_groundtruth": 3.254632063508034,
    "plan_bench_generation_openai_human_written_examples": 2.6474264723062517,
    "plan_bench_generation_rewrite_groundtruth_in_own_words": 2.38454078912735
}