{
    "math_geometry_step_by_step": 1.864308359026909,
    "math_geometry_claude": 1.923328878879547,
    "math_geometry_gpt4_style_in_context_examples": 3.0142296314239503,
    "math_geometry_gpt4": 1.9756912088394165,
    "math_geometry_mini_gpt4": 1.762929736971855,
    "math_geometry_groundtruth": 2.7784185165166857,
    "math_geometry_openai_human_written_examples": 3.55030819773674,
    "math_geometry_rewrite_groundtruth_in_own_words": 2.4185797971487046
}