{
    "plan_bench_verification_step_by_step": 1.557579002380371,
    "plan_bench_verification_claude": 1.8352640962600708,
    "plan_bench_verification_gpt4_style_in_context_examples": 1.4614703822135926,
    "plan_bench_verification_gpt4": 1.5746284079551698,
    "plan_bench_verification_mini_gpt4": 2.3359975028038025,
    "plan_bench_verification_groundtruth": 30.1991695022583,
    "plan_bench_verification_openai_human_written_examples": 1.9707667231559753,
    "plan_bench_verification_rewrite_groundtruth_in_own_words": 2.9267889189720155
}