{
    "hellaswag_step_by_step": 4.851505527496338,
    "hellaswag_claude": 3.9835861825942995,
    "hellaswag_gpt4_style_in_context_examples": 3.8498400831222535,
    "hellaswag_gpt4": 6.340911931991577,
    "hellaswag_mini_gpt4": 6.330988564491272,
    "hellaswag_groundtruth": 46936210.32527344,
    "hellaswag_openai_human_written_examples": 6.22246497631073
}