{
    "math_algebra_step_by_step": 1.7976752996444703,
    "math_algebra_claude": 2.135965943336487,
    "math_algebra_gpt4_style_in_context_examples": 2.846251106262207,
    "math_algebra_gpt4": 1.805348241329193,
    "math_algebra_mini_gpt4": 1.716462242603302,
    "math_algebra_groundtruth": 6.2851368427276615,
    "math_algebra_openai_human_written_examples": 1.9409908890724181,
    "math_algebra_rewrite_groundtruth_in_own_words": 2.817929410934448
}