{
    "mmlu_step_by_step": 4.265783452987671,
    "mmlu_claude": 2.9571890115737913,
    "mmlu_gpt4_style_in_context_examples": 4.165050029754639,
    "mmlu_gpt4": 5.088664698600769,
    "mmlu_mini_gpt4": 3.9748303174972532,
    "mmlu_groundtruth": 213.59870319366456,
    "mmlu_openai_human_written_examples": 4.902966904640198
}