{
    "plan_bench_generation_step_by_step": 2.061316469311714,
    "plan_bench_generation_claude": 1.9452940040826798,
    "plan_bench_generation_gpt4_style_in_context_examples": 2.0558453005552293,
    "plan_bench_generation_gpt4": 2.2366811847686767,
    "plan_bench_generation_mini_gpt4": 2.416487523317337,
    "plan_bench_generation_groundtruth": 5.322378499507904,
    "plan_bench_generation_openai_human_written_examples": 2.4438443434238435,
    "plan_bench_generation_rewrite_groundtruth_in_own_words": 2.328191812634468
}