{
    "mbpp_step_by_step": 3.374377449353536,
    "mbpp_claude": 13.673281407356262,
    "mbpp_gpt4_style_in_context_examples": 10.039049971103669,
    "mbpp_gpt4": 10.460706806182861,
    "mbpp_mini_gpt4": 7.631263319651286,
    "mbpp_groundtruth": 45.84802575906118,
    "mbpp_openai_human_written_examples": 4.5017079909642534,
    "mbpp_rewrite_groundtruth_in_own_words": 22.489763871828714
}