{
    "winogrande_step_by_step": 4.069369256496429,
    "winogrande_claude": 3.6771536660194397,
    "winogrande_gpt4_style_in_context_examples": 4.169643964767456
}