{
    "mbpp_step_by_step": 2.3003431797027587,
    "mbpp_claude": 3.111364114284515,
    "mbpp_gpt4_style_in_context_examples": 2.945797348022461,
    "mbpp_gpt4": 3.233714556694031,
    "mbpp_mini_gpt4": 4.034132850170136,
    "mbpp_groundtruth": 10.689386510849,
    "mbpp_openai_human_written_examples": 2.7917779684066772,
    "mbpp_rewrite_groundtruth_in_own_words": 6.048185348510742
}