{
    "piqa_step_by_step": 4.137165466944377,
    "piqa_claude": 3.4730339447657266,
    "piqa_gpt4_style_in_context_examples": 5.282083161671957,
    "piqa_gpt4": 5.759555244445801,
    "piqa_mini_gpt4": 4.631452171007792,
    "piqa_groundtruth": 1974747.7829101563,
    "piqa_openai_human_written_examples": 5.118739541371664
}