{
    "boolq_step_by_step": 3.498816374540329,
    "boolq_claude": 2.87992179274559,
    "boolq_gpt4_style_in_context_examples": 3.226731677055359
}