{
    "plan_bench_optimality_step_by_step": 2.0349584658940634,
    "plan_bench_optimality_claude": 1.9848644773165385,
    "plan_bench_optimality_gpt4_style_in_context_examples": 1.8412818471590677,
    "plan_bench_optimality_gpt4": 2.11396697362264,
    "plan_bench_optimality_mini_gpt4": 2.199441385269165,
    "plan_bench_optimality_groundtruth": 3.2582434892654417,
    "plan_bench_optimality_openai_human_written_examples": 2.5906896352767945,
    "plan_bench_optimality_rewrite_groundtruth_in_own_words": 2.6338677724202473
}