{
    "plan_bench_verification_step_by_step": 1.517864830493927,
    "plan_bench_verification_claude": 1.7204967260360717,
    "plan_bench_verification_gpt4_style_in_context_examples": 1.4835392689704896,
    "plan_bench_verification_gpt4": 1.6034677052497863,
    "plan_bench_verification_mini_gpt4": 2.2538062143325805,
    "plan_bench_verification_groundtruth": 6.347785000801086,
    "plan_bench_verification_openai_human_written_examples": 1.8493492984771729,
    "plan_bench_verification_rewrite_groundtruth_in_own_words": 2.4408792090415954
}