{
    "squad_step_by_step": 2.631942547559738,
    "squad_claude": 2.0318901348114013,
    "squad_gpt4_style_in_context_examples": 2.4468593949079516,
    "squad_gpt4": 3.3163571727275847,
    "squad_mini_gpt4": 2.674786635041237,
    "squad_groundtruth": 54.14940601229668,
    "squad_openai_human_written_examples": 2.0225055593252184
}