{
    "plan_bench_generation_step_by_step": 2.0452134227752685,
    "plan_bench_generation_claude": 1.9596358990669251,
    "plan_bench_generation_gpt4_style_in_context_examples": 2.0485715663433073,
    "plan_bench_generation_gpt4": 2.1652922213077543,
    "plan_bench_generation_mini_gpt4": 2.4134852647781373,
    "plan_bench_generation_groundtruth": 3.7619825446605684,
    "plan_bench_generation_openai_human_written_examples": 2.467889596223831,
    "plan_bench_generation_rewrite_groundtruth_in_own_words": 2.1145587193965913
}