{
    "piqa_step_by_step": 4.024687757492066,
    "piqa_claude": 3.2098975872993467
}