{
    "plan_bench_generation_step_by_step": 2.162868126630783,
    "plan_bench_generation_claude": 2.2114296877384185
}