{
    "piqa_step_by_step": 3.332335205078125,
    "piqa_claude": 3.197324311733246,
    "piqa_gpt4_style_in_context_examples": 3.6673748779296873,
    "piqa_gpt4": 4.306257033348084,
    "piqa_mini_gpt4": 3.338334321975708,
    "piqa_groundtruth": 123793.19035766601,
    "piqa_openai_human_written_examples": 4.05790801525116
}