{
    "mmlu_pro_law_step_by_step": 4.374422330856323,
    "mmlu_pro_law_claude": 3.2063273334503175,
    "mmlu_pro_law_gpt4_style_in_context_examples": 4.978703651428223,
    "mmlu_pro_law_gpt4": 5.517952842712402,
    "mmlu_pro_law_mini_gpt4": 4.3539228439331055,
    "mmlu_pro_law_groundtruth": 142.48291959762574,
    "mmlu_pro_law_openai_human_written_examples": 6.014899101257324
}