{
    "plan_bench_generation_step_by_step": 2.066535232067108,
    "plan_bench_generation_claude": 1.961323974132538,
    "plan_bench_generation_gpt4_style_in_context_examples": 1.9283557844161987,
    "plan_bench_generation_gpt4": 2.201249759197235,
    "plan_bench_generation_mini_gpt4": 2.464237449169159,
    "plan_bench_generation_groundtruth": 3.816572360992432,
    "plan_bench_generation_openai_human_written_examples": 2.4017926979064943,
    "plan_bench_generation_rewrite_groundtruth_in_own_words": 2.299097454547882
}