{
    "api_bank_step_by_step": 3.561840319633484,
    "api_bank_claude": 3.47507221698761,
    "api_bank_gpt4_style_in_context_examples": 4.317083501815796,
    "api_bank_gpt4": 3.930757188796997,
    "api_bank_mini_gpt4": 4.843654441833496,
    "api_bank_groundtruth": 4.188861012458801,
    "api_bank_openai_human_written_examples": 3.838496136665344
}