{
    "plan_bench_replaning_step_by_step": 2.882054054737091,
    "plan_bench_replaning_claude": 2.4472899436950684,
    "plan_bench_replaning_gpt4_style_in_context_examples": 3.096212351322174,
    "plan_bench_replaning_gpt4": 2.7339651226997375,
    "plan_bench_replaning_mini_gpt4": 3.1262210845947265,
    "plan_bench_replaning_groundtruth": 35.82922630310058,
    "plan_bench_replaning_openai_human_written_examples": 4.117382979393005,
    "plan_bench_replaning_rewrite_groundtruth_in_own_words": 3.9276920795440673
}