{
    "plan_bench_verification_step_by_step": 1.6652119739850362,
    "plan_bench_verification_claude": 1.8504151833057403,
    "plan_bench_verification_gpt4_style_in_context_examples": 1.5900342412789663,
    "plan_bench_verification_gpt4": 1.7576880836486817,
    "plan_bench_verification_mini_gpt4": 2.4981848879655204,
    "plan_bench_verification_groundtruth": 16.671402252515158,
    "plan_bench_verification_openai_human_written_examples": 2.191101241906484,
    "plan_bench_verification_rewrite_groundtruth_in_own_words": 3.0841748638947806
}