{
    "plan_bench_execution_step_by_step": 1.9205254554748534,
    "plan_bench_execution_claude": 2.081303866704305,
    "plan_bench_execution_gpt4_style_in_context_examples": 2.111043914159139,
    "plan_bench_execution_gpt4": 2.0407841086387633,
    "plan_bench_execution_mini_gpt4": 2.9336744705835978,
    "plan_bench_execution_groundtruth": 5.837698992093404,
    "plan_bench_execution_openai_human_written_examples": 2.503665026028951,
    "plan_bench_execution_rewrite_groundtruth_in_own_words": 2.825021247069041
}