{
    "gsm8k_step_by_step": 1.8995590567588807,
    "gsm8k_claude": 2.1428120374679565,
    "gsm8k_gpt4_style_in_context_examples": 1.9800930738449096,
    "gsm8k_gpt4": 2.0645432353019713,
    "gsm8k_mini_gpt4": 2.1096806049346926,
    "gsm8k_groundtruth": 3.9218281745910644,
    "gsm8k_openai_human_written_examples": 2.1186222672462462,
    "gsm8k_rewrite_groundtruth_in_own_words": 4.812076997756958
}