{
    "api_bank_step_by_step": 3.2435795545578,
    "api_bank_claude": 3.5851979653040567,
    "api_bank_gpt4_style_in_context_examples": 4.044527530670166,
    "api_bank_gpt4": 3.869571503003438,
    "api_bank_mini_gpt4": 4.250647664070129,
    "api_bank_groundtruth": 13.089741655190785,
    "api_bank_openai_human_written_examples": 3.8490879058837892
}