{
    "mmlu_pro_law_step_by_step": 4.557909669876099,
    "mmlu_pro_law_claude": 3.335397720336914,
    "mmlu_pro_law_gpt4_style_in_context_examples": 4.8432452940940856,
    "mmlu_pro_law_gpt4": 4.951555565595627,
    "mmlu_pro_law_mini_gpt4": 4.286564688682557,
    "mmlu_pro_law_groundtruth": 48.700867595672605,
    "mmlu_pro_law_openai_human_written_examples": 4.8706490468978885
}