{
    "ecqa_step_by_step": 4.425018584728241,
    "ecqa_claude": 3.570476748943329,
    "ecqa_gpt4_style_in_context_examples": 4.122865552902222,
    "ecqa_gpt4": 5.970411767959595,
    "ecqa_mini_gpt4": 5.064878990650177
}