{
    "plan_bench_execution_step_by_step": 2.1522791981697083,
    "plan_bench_execution_claude": 2.515506887435913,
    "plan_bench_execution_gpt4_style_in_context_examples": 2.5616971850395203,
    "plan_bench_execution_gpt4": 2.4339511394500732,
    "plan_bench_execution_mini_gpt4": 3.510060119628906,
    "plan_bench_execution_groundtruth": 7.740352201461792,
    "plan_bench_execution_openai_human_written_examples": 3.5733630418777467,
    "plan_bench_execution_rewrite_groundtruth_in_own_words": 3.443398666381836
}