{
    "api_bank_step_by_step": 3.4669488406181337,
    "api_bank_claude": 3.3176738834381103,
    "api_bank_gpt4_style_in_context_examples": 4.566491298675537,
    "api_bank_gpt4": 4.215007913112641,
    "api_bank_mini_gpt4": 4.817435450553894,
    "api_bank_groundtruth": 7.421881184577942,
    "api_bank_openai_human_written_examples": 4.294090456962586
}