{
    "mbpp_step_by_step": 3.2228728342056274,
    "mbpp_claude": 5.247929565906524,
    "mbpp_gpt4_style_in_context_examples": 4.504266324043274,
    "mbpp_gpt4": 6.9780617570877075,
    "mbpp_mini_gpt4": 8.341456508636474,
    "mbpp_groundtruth": 15.67736974477768,
    "mbpp_openai_human_written_examples": 3.913863661289215,
    "mbpp_rewrite_groundtruth_in_own_words": 10.232696528434753
}