{
    "api_bank_step_by_step": 3.6648373047510785,
    "api_bank_claude": 3.434865125020345,
    "api_bank_gpt4_style_in_context_examples": 4.4810798565546675,
    "api_bank_gpt4": 4.261311030387878,
    "api_bank_mini_gpt4": 4.866299390792847,
    "api_bank_groundtruth": 4.275251479943593,
    "api_bank_openai_human_written_examples": 4.051368848482768
}