{
    "api_bank_step_by_step": 3.5742553949356077,
    "api_bank_claude": 3.176275634765625,
    "api_bank_gpt4_style_in_context_examples": 4.571283125877381,
    "api_bank_gpt4": 4.309356641769409,
    "api_bank_mini_gpt4": 4.611341595649719,
    "api_bank_groundtruth": 8.94301608800888,
    "api_bank_openai_human_written_examples": 3.938806343078613
}