{
    "squad_step_by_step": 3.32673589348793,
    "squad_claude": 2.624431258440018,
    "squad_gpt4_style_in_context_examples": 3.355310308933258,
    "squad_gpt4": 4.459936345815659,
    "squad_mini_gpt4": 3.8901552534103394,
    "squad_groundtruth": 11.239092290401459,
    "squad_openai_human_written_examples": 2.6969796192646025
}