{
    "agieval_step_by_step": 4.178581206003825,
    "agieval_claude": 3.0462905406951903,
    "agieval_gpt4_style_in_context_examples": 4.1674812237421675,
    "agieval_gpt4": 4.176350382963816,
    "agieval_mini_gpt4": 3.942879096666972,
    "agieval_groundtruth": 22757601.720833335,
    "agieval_openai_human_written_examples": 4.021537359555563
}