{
    "ecqa_step_by_step": 4.392757706642151,
    "ecqa_claude": 3.8508105802536012,
    "ecqa_gpt4_style_in_context_examples": 4.594928917884826,
    "ecqa_gpt4": 5.098226623535156,
    "ecqa_mini_gpt4": 5.064569015502929,
    "ecqa_groundtruth": 11.378635654449463,
    "ecqa_openai_human_written_examples": 4.5333169651031495,
    "ecqa_rewrite_groundtruth_in_own_words": 6.457733807563781
}