{
    "plan_bench_optimality_step_by_step": 2.1105189895629883,
    "plan_bench_optimality_claude": 2.1121462094783783,
    "plan_bench_optimality_gpt4_style_in_context_examples": 1.862050017118454,
    "plan_bench_optimality_gpt4": 2.2418363273143767,
    "plan_bench_optimality_mini_gpt4": 2.3383702385425567,
    "plan_bench_optimality_groundtruth": 4.816500289440155,
    "plan_bench_optimality_openai_human_written_examples": 2.830964585542679,
    "plan_bench_optimality_rewrite_groundtruth_in_own_words": 2.8373902082443236
}