{
    "ecqa_step_by_step": 4.635071015357971,
    "ecqa_claude": 3.419479489326477,
    "ecqa_gpt4_style_in_context_examples": 4.394037222862243,
    "ecqa_gpt4": 5.363452887535095,
    "ecqa_mini_gpt4": 5.143979406356811,
    "ecqa_groundtruth": 50.02773265838623,
    "ecqa_openai_human_written_examples": 4.274805045127868,
    "ecqa_rewrite_groundtruth_in_own_words": 9.627270603179932
}