{
    "plan_bench_optimality_step_by_step": 2.425589903195699,
    "plan_bench_optimality_claude": 2.7666924476623533,
    "plan_bench_optimality_gpt4_style_in_context_examples": 2.223638661702474,
    "plan_bench_optimality_gpt4": 2.663434604803721,
    "plan_bench_optimality_mini_gpt4": 2.8523034969965617,
    "plan_bench_optimality_groundtruth": 16.424200240770976,
    "plan_bench_optimality_openai_human_written_examples": 3.470145575205485,
    "plan_bench_optimality_rewrite_groundtruth_in_own_words": 3.2928235054016115
}