{
    "plan_bench_execution_step_by_step": 1.7704851031303406,
    "plan_bench_execution_claude": 1.938098018169403,
    "plan_bench_execution_gpt4_style_in_context_examples": 2.145390317440033,
    "plan_bench_execution_gpt4": 1.9019289922714233,
    "plan_bench_execution_mini_gpt4": 2.8564248657226563,
    "plan_bench_execution_groundtruth": 1.9220046782493592,
    "plan_bench_execution_openai_human_written_examples": 2.2653266406059265,
    "plan_bench_execution_rewrite_groundtruth_in_own_words": 2.5273119449615478
}