{
    "api_bank_step_by_step": 3.7648293805122375,
    "api_bank_claude": 3.5412354564666746,
    "api_bank_gpt4_style_in_context_examples": 5.155311832427978,
    "api_bank_gpt4": 4.767677226066589
}