{
    "mbpp_step_by_step": 1.9415773193041483,
    "mbpp_claude": 2.3343223174413046,
    "mbpp_gpt4_style_in_context_examples": 1.9534265597661336,
    "mbpp_gpt4": 2.4567827423413595,
    "mbpp_mini_gpt4": 3.2301819562911986,
    "mbpp_groundtruth": 8.94287999868393,
    "mbpp_openai_human_written_examples": 2.506506955623627,
    "mbpp_rewrite_groundtruth_in_own_words": 4.021731785933176
}