{
    "plan_bench_replaning_step_by_step": 2.9036654114723204,
    "plan_bench_replaning_claude": 2.700321984291077,
    "plan_bench_replaning_gpt4_style_in_context_examples": 3.267185640335083,
    "plan_bench_replaning_gpt4": 4.817955684661865,
    "plan_bench_replaning_mini_gpt4": 3.1706183910369874,
    "plan_bench_replaning_groundtruth": 7.112404417991638,
    "plan_bench_replaning_openai_human_written_examples": 3.422403168678284,
    "plan_bench_replaning_rewrite_groundtruth_in_own_words": 3.3289081335067747
}