{
    "plan_bench_reuse_step_by_step": 2.057056760787964,
    "plan_bench_reuse_claude": 2.338731536865234,
    "plan_bench_reuse_gpt4_style_in_context_examples": 1.9611113595962524,
    "plan_bench_reuse_gpt4": 2.4178798937797548,
    "plan_bench_reuse_mini_gpt4": 2.7908958196640015,
    "plan_bench_reuse_groundtruth": 4.554190659523011,
    "plan_bench_reuse_openai_human_written_examples": 2.6607367753982545,
    "plan_bench_reuse_rewrite_groundtruth_in_own_words": 3.169885129928589
}