{
    "mmlu_moral_scenarios_step_by_step": 3.3501563596725465,
    "mmlu_moral_scenarios_claude": 2.8503056275844574,
    "mmlu_moral_scenarios_gpt4_style_in_context_examples": 3.1705270433425903,
    "mmlu_moral_scenarios_gpt4": 4.134159300327301,
    "mmlu_moral_scenarios_mini_gpt4": 4.02197539806366
}