{
    "boolq_step_by_step": 4.1856958866119385,
    "boolq_claude": 2.936525902748108,
    "boolq_gpt4_style_in_context_examples": 4.0291448187828065,
    "boolq_gpt4": 4.907804391384125,
    "boolq_mini_gpt4": 4.192987298965454,
    "boolq_groundtruth": 5.790879476070404,
    "boolq_openai_human_written_examples": 3.3489458632469176
}