{
    "agieval_step_by_step": 3.919346399307251,
    "agieval_claude": 3.001288652420044,
    "agieval_gpt4_style_in_context_examples": 4.274016308784485,
    "agieval_gpt4": 4.173057174682617,
    "agieval_mini_gpt4": 3.983301773071289,
    "agieval_groundtruth": 61316.44578125,
    "agieval_openai_human_written_examples": 4.342467200756073
}