{
    "arc_challenge_step_by_step": 2.913703840970993,
    "arc_challenge_claude": 2.7824891555309295
}