{
    "plan_bench_generation_step_by_step": 2.1727169227600096,
    "plan_bench_generation_claude": 2.2025570917129516,
    "plan_bench_generation_gpt4_style_in_context_examples": 2.137010679244995,
    "plan_bench_generation_gpt4": 2.4146053981781006,
    "plan_bench_generation_mini_gpt4": 2.6934293603897093,
    "plan_bench_generation_groundtruth": 61.448281106948855,
    "plan_bench_generation_openai_human_written_examples": 2.668306953907013,
    "plan_bench_generation_rewrite_groundtruth_in_own_words": 3.0635811114311218
}