{
    "plan_bench_verification_step_by_step": 1.5660431146621705,
    "plan_bench_verification_claude": 1.7422481977939606,
    "plan_bench_verification_gpt4_style_in_context_examples": 1.4848598396778108,
    "plan_bench_verification_gpt4": 1.69309987783432,
    "plan_bench_verification_mini_gpt4": 2.2317418372631073,
    "plan_bench_verification_groundtruth": 17.671392707824708,
    "plan_bench_verification_openai_human_written_examples": 2.0495785439014433,
    "plan_bench_verification_rewrite_groundtruth_in_own_words": 2.8664653265476225
}