{
    "plan_bench_generalization_step_by_step": 1.7003338027000428,
    "plan_bench_generalization_claude": 1.940864441394806,
    "plan_bench_generalization_gpt4_style_in_context_examples": 1.4265215945243837,
    "plan_bench_generalization_gpt4": 1.9315989875793458,
    "plan_bench_generalization_mini_gpt4": 1.947782235145569,
    "plan_bench_generalization_groundtruth": 2.4470920014381408,
    "plan_bench_generalization_openai_human_written_examples": 2.1838608050346373,
    "plan_bench_generalization_rewrite_groundtruth_in_own_words": 2.1972870564460756
}