{
    "boolq_step_by_step": 3.57178706407547,
    "boolq_claude": 2.8800650103886922,
    "boolq_gpt4_style_in_context_examples": 3.380333722829819,
    "boolq_gpt4": 3.8066680677731832,
    "boolq_mini_gpt4": 3.9256025528907776,
    "boolq_groundtruth": 11.82746574083964,
    "boolq_openai_human_written_examples": 2.8123940122127533
}