{
    "boolq_step_by_step": 3.31485276778539,
    "boolq_claude": 2.5244630102316536,
    "boolq_gpt4_style_in_context_examples": 2.784545480807622,
    "boolq_gpt4": 3.2310249908765156,
    "boolq_mini_gpt4": 3.277169857422511,
    "boolq_groundtruth": 25.224454917907714,
    "boolq_openai_human_written_examples": 2.516603500445684
}