{
    "plan_bench_generalization_step_by_step": 1.7662838077545167,
    "plan_bench_generalization_claude": 2.0197952127456666,
    "plan_bench_generalization_gpt4_style_in_context_examples": 1.7006107544898987,
    "plan_bench_generalization_gpt4": 2.2155208230018615,
    "plan_bench_generalization_mini_gpt4": 2.227781202793121,
    "plan_bench_generalization_groundtruth": 1.700260078907013,
    "plan_bench_generalization_openai_human_written_examples": 2.418742434978485,
    "plan_bench_generalization_rewrite_groundtruth_in_own_words": 2.3320322608947754
}