{
    "math_algebra_step_by_step": 1.3569133138656617,
    "math_algebra_claude": 1.6520288693904877,
    "math_algebra_gpt4_style_in_context_examples": 3.14644118309021,
    "math_algebra_gpt4": 1.4095957112312316,
    "math_algebra_mini_gpt4": 1.3814146506786347,
    "math_algebra_groundtruth": 2.969278061389923,
    "math_algebra_openai_human_written_examples": 1.531174864768982,
    "math_algebra_rewrite_groundtruth_in_own_words": 2.4210555720329285
}