{
    "plan_bench_reuse_step_by_step": 1.9678553342819214,
    "plan_bench_reuse_claude": 1.8972993731498717,
    "plan_bench_reuse_gpt4_style_in_context_examples": 1.7652979016304016,
    "plan_bench_reuse_gpt4": 2.1840357184410095,
    "plan_bench_reuse_mini_gpt4": 2.749620592594147,
    "plan_bench_reuse_groundtruth": 3.514042413234711,
    "plan_bench_reuse_openai_human_written_examples": 2.286604332923889,
    "plan_bench_reuse_rewrite_groundtruth_in_own_words": 3.0042930126190184
}