{
    "mmlu_moral_scenarios_step_by_step": 3.7908279025554656,
    "mmlu_moral_scenarios_claude": 3.354978219270706,
    "mmlu_moral_scenarios_gpt4_style_in_context_examples": 3.8784861862659454,
    "mmlu_moral_scenarios_gpt4": 3.8463943803310396,
    "mmlu_moral_scenarios_mini_gpt4": 3.863765984773636,
    "mmlu_moral_scenarios_groundtruth": 69.21921168327331,
    "mmlu_moral_scenarios_openai_human_written_examples": 4.132302786111832
}