{
    "plan_bench_generation_step_by_step": 2.1947068095207216,
    "plan_bench_generation_claude": 2.078853178024292,
    "plan_bench_generation_gpt4_style_in_context_examples": 2.276608109474182,
    "plan_bench_generation_gpt4": 2.224485731124878,
    "plan_bench_generation_mini_gpt4": 2.4313414096832275,
    "plan_bench_generation_groundtruth": 2.9481677412986755,
    "plan_bench_generation_openai_human_written_examples": 2.9442076444625855,
    "plan_bench_generation_rewrite_groundtruth_in_own_words": 2.258472466468811
}