{
    "mmlu_step_by_step": 3.907837283611298,
    "mmlu_claude": 3.067437164783478,
    "mmlu_gpt4_style_in_context_examples": 3.7356859850883484,
    "mmlu_gpt4": 4.203184795379639,
    "mmlu_mini_gpt4": 3.6374510431289675,
    "mmlu_groundtruth": 267.3158630847931,
    "mmlu_openai_human_written_examples": 4.241062681674958
}