{
    "piqa_step_by_step": 3.913525915145874,
    "piqa_claude": 3.574742293357849,
    "piqa_gpt4_style_in_context_examples": 4.928312826156616,
    "piqa_gpt4": 5.626161813735962,
    "piqa_mini_gpt4": 5.140113496780396,
    "piqa_groundtruth": 4192862.940234375,
    "piqa_openai_human_written_examples": 6.397999095916748
}