{
    "mbpp_step_by_step": 2.0201203298568724,
    "mbpp_claude": 1.8252363908290863,
    "mbpp_gpt4_style_in_context_examples": 2.060559391975403,
    "mbpp_gpt4": 2.2674823534488677,
    "mbpp_mini_gpt4": 3.0081612813472747,
    "mbpp_groundtruth": 8.06285269856453,
    "mbpp_openai_human_written_examples": 2.5180978286266327,
    "mbpp_rewrite_groundtruth_in_own_words": 3.8508714056015014
}