{
    "gsm8k_step_by_step": 2.0699385086695354,
    "gsm8k_claude": 2.144503180185954,
    "gsm8k_gpt4_style_in_context_examples": 2.0750407298405964,
    "gsm8k_gpt4": 2.0529973030090334,
    "gsm8k_mini_gpt4": 2.012421655654907,
    "gsm8k_groundtruth": 5.007573552926382,
    "gsm8k_openai_human_written_examples": 2.4898160179456075,
    "gsm8k_rewrite_groundtruth_in_own_words": 4.513980801900228
}