{
    "mmlu_moral_scenarios_step_by_step": 3.855530858039856,
    "mmlu_moral_scenarios_claude": 3.3097542921702066,
    "mmlu_moral_scenarios_gpt4_style_in_context_examples": 3.8859726111094157,
    "mmlu_moral_scenarios_gpt4": 3.777609419822693,
    "mmlu_moral_scenarios_mini_gpt4": 3.938975429534912,
    "mmlu_moral_scenarios_groundtruth": 22.745103041330974,
    "mmlu_moral_scenarios_openai_human_written_examples": 4.327395582199097
}