{
    "mmlu_step_by_step": 4.7104252576828,
    "mmlu_claude": 3.4823436307907105
}