{
    "arc_challenge_step_by_step": 3.6152455377578736,
    "arc_challenge_claude": 3.27298356850942,
    "arc_challenge_gpt4_style_in_context_examples": 3.3889330764611563,
    "arc_challenge_gpt4": 3.831468854347865,
    "arc_challenge_mini_gpt4": 3.7030839331944785,
    "arc_challenge_groundtruth": 79875.34400365193,
    "arc_challenge_openai_human_written_examples": 4.063490220308304
}