{
    "plan_bench_reuse_step_by_step": 2.2259142875671385,
    "plan_bench_reuse_claude": 2.4009705567359925,
    "plan_bench_reuse_gpt4_style_in_context_examples": 2.164386410713196,
    "plan_bench_reuse_gpt4": 2.4279402136802672,
    "plan_bench_reuse_mini_gpt4": 3.185649027824402,
    "plan_bench_reuse_groundtruth": 2.652088747024536,
    "plan_bench_reuse_openai_human_written_examples": 2.9608103895187377,
    "plan_bench_reuse_rewrite_groundtruth_in_own_words": 3.342469284534454
}