{
    "plan_bench_optimality_step_by_step": 2.066989020506541,
    "plan_bench_optimality_claude": 2.055727648735046,
    "plan_bench_optimality_gpt4_style_in_context_examples": 1.824631396929423,
    "plan_bench_optimality_gpt4": 2.213455871740977,
    "plan_bench_optimality_mini_gpt4": 2.4179630239804584,
    "plan_bench_optimality_groundtruth": 6.336190780003865,
    "plan_bench_optimality_openai_human_written_examples": 2.805897291501363,
    "plan_bench_optimality_rewrite_groundtruth_in_own_words": 2.5952348550160727
}