{
    "plan_bench_verification_step_by_step": 1.6332004507382711,
    "plan_bench_verification_claude": 1.7285545905431112,
    "plan_bench_verification_gpt4_style_in_context_examples": 1.537865702311198,
    "plan_bench_verification_gpt4": 1.6478573322296142,
    "plan_bench_verification_mini_gpt4": 2.6274815599123635,
    "plan_bench_verification_groundtruth": 28.38592020670573,
    "plan_bench_verification_openai_human_written_examples": 2.1726615031560264,
    "plan_bench_verification_rewrite_groundtruth_in_own_words": 3.0250582774480184
}