{
    "plan_bench_execution_step_by_step": 1.9669616222381592,
    "plan_bench_execution_claude": 2.1562086939811707,
    "plan_bench_execution_gpt4_style_in_context_examples": 2.094479513168335,
    "plan_bench_execution_gpt4": 1.9877230286598206,
    "plan_bench_execution_mini_gpt4": 2.7115852355957033,
    "plan_bench_execution_groundtruth": 6.259090161323547,
    "plan_bench_execution_openai_human_written_examples": 2.6700258255004883,
    "plan_bench_execution_rewrite_groundtruth_in_own_words": 2.6114983916282655
}