{
    "plan_bench_execution_step_by_step": 1.7925729393959045,
    "plan_bench_execution_claude": 2.119307255744934,
    "plan_bench_execution_gpt4_style_in_context_examples": 2.051580548286438,
    "plan_bench_execution_gpt4": 1.8035163640975953,
    "plan_bench_execution_mini_gpt4": 2.7250025153160093,
    "plan_bench_execution_groundtruth": 5.155012559890747,
    "plan_bench_execution_openai_human_written_examples": 2.3466954946517946,
    "plan_bench_execution_rewrite_groundtruth_in_own_words": 2.749496340751648
}