{
    "plan_bench_reuse_step_by_step": 2.0240244626998902,
    "plan_bench_reuse_claude": 2.1012593507766724,
    "plan_bench_reuse_gpt4_style_in_context_examples": 2.010734033584595,
    "plan_bench_reuse_gpt4": 2.3283254742622375,
    "plan_bench_reuse_mini_gpt4": 3.150758683681488,
    "plan_bench_reuse_groundtruth": 2.0836202621459963,
    "plan_bench_reuse_openai_human_written_examples": 2.5655763864517214,
    "plan_bench_reuse_rewrite_groundtruth_in_own_words": 3.2209918022155763
}