{
    "plan_bench_generalization_step_by_step": 1.7105689668655395,
    "plan_bench_generalization_claude": 2.0247431230545043,
    "plan_bench_generalization_gpt4_style_in_context_examples": 1.6961536717414856,
    "plan_bench_generalization_gpt4": 2.2297926855087282,
    "plan_bench_generalization_mini_gpt4": 2.2246337604522703,
    "plan_bench_generalization_groundtruth": 1.707797088623047,
    "plan_bench_generalization_openai_human_written_examples": 2.4103937125205994,
    "plan_bench_generalization_rewrite_groundtruth_in_own_words": 2.3404425525665284
}