{
    "mmlu_pro_law_step_by_step": 4.555540223121643,
    "mmlu_pro_law_claude": 3.229611418247223
}