{
    "piqa_step_by_step": 3.3701393747329713,
    "piqa_claude": 3.1880576252937316,
    "piqa_gpt4_style_in_context_examples": 3.8335657954216003,
    "piqa_gpt4": 4.354876215457916,
    "piqa_mini_gpt4": 3.333823871612549,
    "piqa_groundtruth": 1238557.9795703124,
    "piqa_openai_human_written_examples": 4.117046921253205
}