{
    "mbpp_step_by_step": 2.377308864593506,
    "mbpp_claude": 2.8118422663211824,
    "mbpp_gpt4_style_in_context_examples": 2.7330399906635283,
    "mbpp_gpt4": 3.213246991634369,
    "mbpp_mini_gpt4": 3.4277434933185575,
    "mbpp_groundtruth": 7.238031924962997,
    "mbpp_openai_human_written_examples": 2.750338442325592,
    "mbpp_rewrite_groundtruth_in_own_words": 4.19676738858223
}