{
    "agieval_step_by_step": 3.468985514640808,
    "agieval_claude": 2.521965322494507,
    "agieval_gpt4_style_in_context_examples": 3.26900874376297,
    "agieval_gpt4": 3.8507776260375977,
    "agieval_mini_gpt4": 3.180472369194031,
    "agieval_groundtruth": 1871169.9126928712,
    "agieval_openai_human_written_examples": 3.3846359920501707
}