{
    "plan_bench_generation_step_by_step": 2.4087635773420333,
    "plan_bench_generation_claude": 2.3342826241254806,
    "plan_bench_generation_gpt4_style_in_context_examples": 2.510794783234596,
    "plan_bench_generation_gpt4": 2.6851425123214723,
    "plan_bench_generation_mini_gpt4": 3.027586717605591,
    "plan_bench_generation_groundtruth": 200.31017462491988,
    "plan_bench_generation_openai_human_written_examples": 2.924964961409569,
    "plan_bench_generation_rewrite_groundtruth_in_own_words": 3.6749433171749115
}