{
    "plan_bench_reuse_step_by_step": 1.9684853752454121,
    "plan_bench_reuse_claude": 2.257506819566091,
    "plan_bench_reuse_gpt4_style_in_context_examples": 1.921907122929891,
    "plan_bench_reuse_gpt4": 2.218247739473979,
    "plan_bench_reuse_mini_gpt4": 2.770948112010956,
    "plan_bench_reuse_groundtruth": 9.955210057894389,
    "plan_bench_reuse_openai_human_written_examples": 2.6845466057459513,
    "plan_bench_reuse_rewrite_groundtruth_in_own_words": 2.9150901873906454
}