{
    "plan_bench_generation_step_by_step": 2.0642697262763976,
    "plan_bench_generation_claude": 1.9502996480464936,
    "plan_bench_generation_gpt4_style_in_context_examples": 1.9872091007232666,
    "plan_bench_generation_gpt4": 2.2444735491275787,
    "plan_bench_generation_mini_gpt4": 2.424005411863327,
    "plan_bench_generation_groundtruth": 4.007711344957352,
    "plan_bench_generation_openai_human_written_examples": 2.336160567998886,
    "plan_bench_generation_rewrite_groundtruth_in_own_words": 2.2839341771602633
}