{
    "plan_bench_verification_step_by_step": 1.5088201534748078,
    "plan_bench_verification_claude": 1.6682774126529694,
    "plan_bench_verification_gpt4_style_in_context_examples": 1.4075596284866334,
    "plan_bench_verification_gpt4": 1.5847112226486206,
    "plan_bench_verification_mini_gpt4": 2.1398346555233,
    "plan_bench_verification_groundtruth": 12.88047814488411,
    "plan_bench_verification_openai_human_written_examples": 1.8113575541973115,
    "plan_bench_verification_rewrite_groundtruth_in_own_words": 2.4753629899024965
}