{
    "ecqa_step_by_step": 3.5090688109397887,
    "ecqa_claude": 2.992712631225586,
    "ecqa_gpt4_style_in_context_examples": 3.3529177784919737,
    "ecqa_gpt4": 3.8240970647335053,
    "ecqa_mini_gpt4": 3.539489994049072,
    "ecqa_groundtruth": 16.185436067581175,
    "ecqa_openai_human_written_examples": 3.6026541924476625,
    "ecqa_rewrite_groundtruth_in_own_words": 6.0523874068260195
}