{
    "plan_bench_execution_step_by_step": 1.9788102686405182,
    "plan_bench_execution_claude": 1.9142606377601623,
    "plan_bench_execution_gpt4_style_in_context_examples": 2.5052185785770416,
    "plan_bench_execution_gpt4": 2.14026283621788,
    "plan_bench_execution_mini_gpt4": 2.7803563976287844,
    "plan_bench_execution_groundtruth": 2.0247808253765105,
    "plan_bench_execution_openai_human_written_examples": 2.386146960258484,
    "plan_bench_execution_rewrite_groundtruth_in_own_words": 2.7829326856136323
}