{
    "plan_bench_optimality_step_by_step": 2.1692400693893434,
    "plan_bench_optimality_claude": 2.2710295975208283,
    "plan_bench_optimality_gpt4_style_in_context_examples": 1.9506193816661834,
    "plan_bench_optimality_gpt4": 2.3328868627548216,
    "plan_bench_optimality_mini_gpt4": 2.431422201395035,
    "plan_bench_optimality_groundtruth": 5.334634393453598,
    "plan_bench_optimality_openai_human_written_examples": 2.93709615111351,
    "plan_bench_optimality_rewrite_groundtruth_in_own_words": 2.8727297949790955
}