{
    "mmlu_step_by_step": 4.196524558067321,
    "mmlu_claude": 3.14223251581192,
    "mmlu_gpt4_style_in_context_examples": 4.248121936321258
}