{
    "plan_bench_verification_step_by_step": 1.582991567850113,
    "plan_bench_verification_claude": 1.7598862326145173,
    "plan_bench_verification_gpt4_style_in_context_examples": 1.5563651859760284,
    "plan_bench_verification_gpt4": 1.633700031042099,
    "plan_bench_verification_mini_gpt4": 2.400989429950714,
    "plan_bench_verification_groundtruth": 3.807321918010712,
    "plan_bench_verification_openai_human_written_examples": 1.9698555433750153,
    "plan_bench_verification_rewrite_groundtruth_in_own_words": 2.757877948284149
}