{
    "mbpp_step_by_step": 2.3634885160128274,
    "mbpp_claude": 2.852302999893824,
    "mbpp_gpt4_style_in_context_examples": 2.72826180656751,
    "mbpp_gpt4": 3.1796550158659618,
    "mbpp_mini_gpt4": 3.4798283569018045,
    "mbpp_groundtruth": 6.540865329106649,
    "mbpp_openai_human_written_examples": 2.647356043656667,
    "mbpp_rewrite_groundtruth_in_own_words": 3.892795161406199
}