{
    "plan_bench_reuse_step_by_step": 2.0420597887039182,
    "plan_bench_reuse_claude": 2.1264140152931215,
    "plan_bench_reuse_gpt4_style_in_context_examples": 1.8762201476097107,
    "plan_bench_reuse_gpt4": 2.2261017537117005,
    "plan_bench_reuse_mini_gpt4": 2.769962010383606,
    "plan_bench_reuse_groundtruth": 5.10664042711258,
    "plan_bench_reuse_openai_human_written_examples": 2.676359179019928,
    "plan_bench_reuse_rewrite_groundtruth_in_own_words": 2.9889160871505736
}