{
    "mmlu_step_by_step": 4.063147858381272,
    "mmlu_claude": 3.0404897677898406,
    "mmlu_gpt4_style_in_context_examples": 3.663198356628418,
    "mmlu_gpt4": 4.141941856145859,
    "mmlu_mini_gpt4": 3.5701060771942137,
    "mmlu_groundtruth": 180.638528175354,
    "mmlu_openai_human_written_examples": 4.154723527431488
}