{
    "gsm8k_step_by_step": 1.590108207464218,
    "gsm8k_claude": 1.7466724991798401,
    "gsm8k_gpt4_style_in_context_examples": 2.164591417312622,
    "gsm8k_gpt4": 3.1654934084415434
}