{
    "plan_bench_generation_step_by_step": 2.2788261866569517,
    "plan_bench_generation_claude": 2.0114773750305175,
    "plan_bench_generation_gpt4_style_in_context_examples": 2.2663573253154756,
    "plan_bench_generation_gpt4": 2.512628335952759,
    "plan_bench_generation_mini_gpt4": 2.7185134899616243,
    "plan_bench_generation_groundtruth": 3.8678561425209046,
    "plan_bench_generation_openai_human_written_examples": 2.6003150725364685,
    "plan_bench_generation_rewrite_groundtruth_in_own_words": 2.5205423927307127
}