{
    "winogrande_step_by_step": 3.407256073951721,
    "winogrande_claude": 3.0427493810653687,
    "winogrande_gpt4_style_in_context_examples": 3.125953576564789,
    "winogrande_gpt4": 3.990061640739441,
    "winogrande_mini_gpt4": 3.480201392173767,
    "winogrande_groundtruth": 8.459041121006011,
    "winogrande_openai_human_written_examples": 3.558716073036194
}