{
    "squad_step_by_step": 2.877712432543437,
    "squad_claude": 2.2189730326334636,
    "squad_gpt4_style_in_context_examples": 2.5754604736963906,
    "squad_gpt4": 3.416555178165436,
    "squad_mini_gpt4": 2.830447562535604,
    "squad_groundtruth": 11.987473607063293,
    "squad_openai_human_written_examples": 2.061227218310038
}