{
    "gsm8k_step_by_step": 1.9929787302017212,
    "gsm8k_claude": 1.9633436465263367,
    "gsm8k_gpt4_style_in_context_examples": 1.9640625023841858,
    "gsm8k_gpt4": 1.9033197331428529,
    "gsm8k_mini_gpt4": 1.9642452931404113,
    "gsm8k_groundtruth": 3.227656512260437,
    "gsm8k_openai_human_written_examples": 2.1492975878715517,
    "gsm8k_rewrite_groundtruth_in_own_words": 3.637091808319092
}