{
    "plan_bench_generation_step_by_step": 2.2685939979553225,
    "plan_bench_generation_claude": 2.204476445913315,
    "plan_bench_generation_gpt4_style_in_context_examples": 2.3188008391857147,
    "plan_bench_generation_gpt4": 2.3440996646881103,
    "plan_bench_generation_mini_gpt4": 2.7495081305503843,
    "plan_bench_generation_groundtruth": 13.635853707790375,
    "plan_bench_generation_openai_human_written_examples": 2.6763743138313294,
    "plan_bench_generation_rewrite_groundtruth_in_own_words": 2.7745331060886382
}