{
    "plan_bench_reuse_step_by_step": 2.4711811566352844,
    "plan_bench_reuse_claude": 2.8357184815406797,
    "plan_bench_reuse_gpt4_style_in_context_examples": 2.3725846290588377,
    "plan_bench_reuse_gpt4": 2.7043819522857664,
    "plan_bench_reuse_mini_gpt4": 3.526429214477539,
    "plan_bench_reuse_groundtruth": 66.1722444486618,
    "plan_bench_reuse_openai_human_written_examples": 3.5436410665512086,
    "plan_bench_reuse_rewrite_groundtruth_in_own_words": 4.003405771255493
}