{
    "plan_bench_replaning_step_by_step": 2.561243679523468,
    "plan_bench_replaning_claude": 2.5437971425056456,
    "plan_bench_replaning_gpt4_style_in_context_examples": 3.0296437621116636,
    "plan_bench_replaning_gpt4": 3.0630313539505005,
    "plan_bench_replaning_mini_gpt4": 2.894469952583313,
    "plan_bench_replaning_groundtruth": 4.701037893295288,
    "plan_bench_replaning_openai_human_written_examples": 3.523382909297943,
    "plan_bench_replaning_rewrite_groundtruth_in_own_words": 3.5155030202865603
}