{
    "math_algebra_step_by_step": 1.9252257633209229,
    "math_algebra_claude": 2.1966072583198546,
    "math_algebra_gpt4_style_in_context_examples": 98.73028297305108,
    "math_algebra_gpt4": 2.338205692768097,
    "math_algebra_mini_gpt4": 1.9086527574062346,
    "math_algebra_groundtruth": 5.99213024020195,
    "math_algebra_openai_human_written_examples": 2.20275204539299,
    "math_algebra_rewrite_groundtruth_in_own_words": 3.4966447389125825
}