{
    "math_algebra_step_by_step": 2.0407926360766093,
    "math_algebra_claude": 2.178788940111796,
    "math_algebra_gpt4_style_in_context_examples": 3.01168349981308,
    "math_algebra_gpt4": 2.188986817995707,
    "math_algebra_mini_gpt4": 2.0280144969622294,
    "math_algebra_groundtruth": 6.401515404383342,
    "math_algebra_openai_human_written_examples": 2.0229689796765644,
    "math_algebra_rewrite_groundtruth_in_own_words": 3.6592795213063556
}