{
    "plan_bench_reuse_step_by_step": 2.3148978114128114,
    "plan_bench_reuse_claude": 2.3686459183692934,
    "plan_bench_reuse_gpt4_style_in_context_examples": 2.0461661338806154,
    "plan_bench_reuse_gpt4": 2.317203938961029,
    "plan_bench_reuse_mini_gpt4": 3.3055614471435546,
    "plan_bench_reuse_groundtruth": 2.622668957710266,
    "plan_bench_reuse_openai_human_written_examples": 2.866572308540344,
    "plan_bench_reuse_rewrite_groundtruth_in_own_words": 3.201588141918182
}