{
    "boolq_step_by_step": 3.2124586582183836,
    "boolq_claude": 2.6664273500442506,
    "boolq_gpt4_style_in_context_examples": 2.8934014558792116,
    "boolq_gpt4": 3.347998094558716,
    "boolq_mini_gpt4": 3.329792547225952,
    "boolq_groundtruth": 72.88206806182862,
    "boolq_openai_human_written_examples": 2.969830584526062
}