{
    "piqa_step_by_step": 4.02915293375651,
    "piqa_claude": 3.3276490290959675,
    "piqa_gpt4_style_in_context_examples": 5.178835980097452,
    "piqa_gpt4": 5.857676434516907,
    "piqa_mini_gpt4": 4.415300631523133,
    "piqa_groundtruth": 2047098.0524739583,
    "piqa_openai_human_written_examples": 5.842506821950277
}