{
    "piqa_step_by_step": 4.1875076007843015,
    "piqa_claude": 3.75934784412384,
    "piqa_gpt4_style_in_context_examples": 4.759664692878723,
    "piqa_gpt4": 4.849803075790406,
    "piqa_mini_gpt4": 4.063338809013366,
    "piqa_groundtruth": 128.86061298370362,
    "piqa_openai_human_written_examples": 4.817076613903046
}