{
    "ecqa_step_by_step": 2.974718976020813,
    "ecqa_claude": 3.2474596977233885,
    "ecqa_gpt4_style_in_context_examples": 3.176060104370117,
    "ecqa_gpt4": 3.6910695314407347,
    "ecqa_mini_gpt4": 3.538606309890747,
    "ecqa_groundtruth": 19.882286071777344,
    "ecqa_openai_human_written_examples": 3.2039182424545287,
    "ecqa_rewrite_groundtruth_in_own_words": 5.481372332572937
}