{
    "plan_bench_optimality_step_by_step": 1.9540778517723083,
    "plan_bench_optimality_claude": 2.226893091201782,
    "plan_bench_optimality_gpt4_style_in_context_examples": 1.778997504711151,
    "plan_bench_optimality_gpt4": 2.1706796050071717,
    "plan_bench_optimality_mini_gpt4": 2.219067025184631,
    "plan_bench_optimality_groundtruth": 2.812899661064148,
    "plan_bench_optimality_openai_human_written_examples": 2.4708664774894715,
    "plan_bench_optimality_rewrite_groundtruth_in_own_words": 2.389743220806122
}