{
    "plan_bench_generation_step_by_step": 2.1854201304912566,
    "plan_bench_generation_claude": 2.2098930275440214,
    "plan_bench_generation_gpt4_style_in_context_examples": 2.130746020078659,
    "plan_bench_generation_gpt4": 2.4340340268611906,
    "plan_bench_generation_mini_gpt4": 2.634931889772415,
    "plan_bench_generation_groundtruth": 64.67053964614868,
    "plan_bench_generation_openai_human_written_examples": 2.541804062128067,
    "plan_bench_generation_rewrite_groundtruth_in_own_words": 3.088644415140152
}