{
    "math_algebra_step_by_step": 1.4418282479047775,
    "math_algebra_claude": 1.7226073914766311,
    "math_algebra_gpt4_style_in_context_examples": 3.7238108998537065,
    "math_algebra_gpt4": 1.6509655821323395,
    "math_algebra_mini_gpt4": 1.4033949065208435,
    "math_algebra_groundtruth": 3.0549081695079803,
    "math_algebra_openai_human_written_examples": 1.5981224113702774,
    "math_algebra_rewrite_groundtruth_in_own_words": 2.351060665845871
}