{
    "0_50": 4.264080486297607,
    "0_10": 4.0214756488800045,
    "10_20": 4.327478003501892,
    "20_30": 4.011543273925781,
    "0_30": 4.12016564210256,
    "30_60": 4.3569803714752195,
    "60_90": 4.634767397244771,
    "50_100": 4.415458378791809,
    "100_150": 4.115478229522705,
    "0_100": 4.339769432544708,
    "100_200": 4.127083630561828,
    "200_300": 4.20282755613327
}