{
    "math_geometry_step_by_step": 2.445249502658844,
    "math_geometry_claude": 2.3206995606422423,
    "math_geometry_gpt4_style_in_context_examples": 3.832285648584366,
    "math_geometry_gpt4": 2.5322215437889097,
    "math_geometry_mini_gpt4": 2.2544010174274445,
    "math_geometry_groundtruth": 2.955016076564789,
    "math_geometry_openai_human_written_examples": 5.002680326700211,
    "math_geometry_rewrite_groundtruth_in_own_words": 2.7975899982452392
}