{
    "plan_bench_replaning_step_by_step": 2.8478220558166503,
    "plan_bench_replaning_claude": 2.5525324392318725,
    "plan_bench_replaning_gpt4_style_in_context_examples": 3.018978924751282,
    "plan_bench_replaning_gpt4": 3.0202224040031433,
    "plan_bench_replaning_mini_gpt4": 2.929274733066559,
    "plan_bench_replaning_groundtruth": 6.213750205039978,
    "plan_bench_replaning_openai_human_written_examples": 3.870216188430786,
    "plan_bench_replaning_rewrite_groundtruth_in_own_words": 3.675993950366974
}