{
    "piqa_step_by_step": 4.092331711451212,
    "piqa_claude": 3.5688249588012697,
    "piqa_gpt4_style_in_context_examples": 4.9017091512680055,
    "piqa_gpt4": 5.681743653615316,
    "piqa_mini_gpt4": 4.08439306418101,
    "piqa_groundtruth": 1931434.32578125,
    "piqa_openai_human_written_examples": 5.6252138137817385
}