{
    "winogrande_step_by_step": 3.600781965255737,
    "winogrande_claude": 2.9552129030227663,
    "winogrande_gpt4_style_in_context_examples": 3.200876851081848,
    "winogrande_gpt4": 3.8913518714904787,
    "winogrande_mini_gpt4": 3.199012541770935,
    "winogrande_groundtruth": 8.520432014465332,
    "winogrande_openai_human_written_examples": 3.1707825756072996
}