{
    "arc_challenge_step_by_step": 3.794472484588623,
    "arc_challenge_claude": 3.1326945281028746,
    "arc_challenge_gpt4_style_in_context_examples": 3.3741609764099123,
    "arc_challenge_gpt4": 3.771354331970215,
    "arc_challenge_mini_gpt4": 3.581500415802002,
    "arc_challenge_groundtruth": 59057.719106445315,
    "arc_challenge_openai_human_written_examples": 4.0493160915374755
}