{
    "squad_step_by_step": 3.0247151454289756,
    "squad_claude": 2.4776227116584777,
    "squad_gpt4_style_in_context_examples": 3.210921295483907,
    "squad_gpt4": 4.335885055859884,
    "squad_mini_gpt4": 3.5505035559336346,
    "squad_groundtruth": 6.116833631197611,
    "squad_openai_human_written_examples": 2.449713635444641
}