{
    "plan_bench_generation_step_by_step": 2.0596882422765095,
    "plan_bench_generation_claude": 1.9598573525746663,
    "plan_bench_generation_gpt4_style_in_context_examples": 2.0846452474594117,
    "plan_bench_generation_gpt4": 2.033511769771576,
    "plan_bench_generation_mini_gpt4": 2.3838162581125895,
    "plan_bench_generation_groundtruth": 4.92254200776418,
    "plan_bench_generation_openai_human_written_examples": 2.3935720523198447,
    "plan_bench_generation_rewrite_groundtruth_in_own_words": 2.4035897254943848
}