{
    "api_bank_step_by_step": 3.6844119000434876,
    "api_bank_claude": 3.5728702616691588,
    "api_bank_gpt4_style_in_context_examples": 4.402467315196991,
    "api_bank_gpt4": 4.277250978946686,
    "api_bank_mini_gpt4": 4.730008795261383,
    "api_bank_groundtruth": 4.470726433992386,
    "api_bank_openai_human_written_examples": 3.932505626678467
}