{
    "plan_bench_optimality_step_by_step": 2.0940234502156576,
    "plan_bench_optimality_claude": 2.002490282058716,
    "plan_bench_optimality_gpt4_style_in_context_examples": 1.8099985281626383,
    "plan_bench_optimality_gpt4": 2.1774949550628664,
    "plan_bench_optimality_mini_gpt4": 2.35703280766805,
    "plan_bench_optimality_groundtruth": 3.662389163176219,
    "plan_bench_optimality_openai_human_written_examples": 2.73494747877121,
    "plan_bench_optimality_rewrite_groundtruth_in_own_words": 2.5311994671821596
}