{
    "plan_bench_reuse_step_by_step": 2.1841981911659243,
    "plan_bench_reuse_claude": 2.3389778558413186,
    "plan_bench_reuse_gpt4_style_in_context_examples": 2.1520046687126158,
    "plan_bench_reuse_gpt4": 2.457701580921809,
    "plan_bench_reuse_mini_gpt4": 2.9626852039496105,
    "plan_bench_reuse_groundtruth": 2.3490485882759096,
    "plan_bench_reuse_openai_human_written_examples": 2.8672048910458883,
    "plan_bench_reuse_rewrite_groundtruth_in_own_words": 3.2135535899798073
}