{
    "plan_bench_reuse_step_by_step": 2.160768115520477,
    "plan_bench_reuse_claude": 2.251206648349762,
    "plan_bench_reuse_gpt4_style_in_context_examples": 2.2085126304626463,
    "plan_bench_reuse_gpt4": 2.520925660133362,
    "plan_bench_reuse_mini_gpt4": 2.9125079131126403,
    "plan_bench_reuse_groundtruth": 6.100332319736481,
    "plan_bench_reuse_openai_human_written_examples": 3.229329438209534,
    "plan_bench_reuse_rewrite_groundtruth_in_own_words": 3.269593048095703
}