{
    "mbpp_step_by_step": 2.465983204046885,
    "mbpp_claude": 2.9902193268140156,
    "mbpp_gpt4_style_in_context_examples": 2.9068817853927613,
    "mbpp_gpt4": 3.3382575154304504,
    "mbpp_mini_gpt4": 3.451623038450877,
    "mbpp_groundtruth": 9.378825636704763,
    "mbpp_openai_human_written_examples": 2.8998462319374085,
    "mbpp_rewrite_groundtruth_in_own_words": 5.303652497132619
}