{
    "ecqa_step_by_step": 4.250611464182536,
    "ecqa_claude": 3.83785994052887,
    "ecqa_gpt4_style_in_context_examples": 4.657837788263957,
    "ecqa_gpt4": 4.804251313209534,
    "ecqa_mini_gpt4": 5.077839167912801,
    "ecqa_groundtruth": 10.429842154184977,
    "ecqa_openai_human_written_examples": 4.421714568138123,
    "ecqa_rewrite_groundtruth_in_own_words": 6.474256904919942
}