{
    "plan_bench_execution_step_by_step": 1.7454941737651826,
    "plan_bench_execution_claude": 2.1554924166202545,
    "plan_bench_execution_gpt4_style_in_context_examples": 1.9511698758602143,
    "plan_bench_execution_gpt4": 1.844806274175644,
    "plan_bench_execution_mini_gpt4": 2.845145369768143,
    "plan_bench_execution_groundtruth": 4.101380295753479,
    "plan_bench_execution_openai_human_written_examples": 2.394630182981491,
    "plan_bench_execution_rewrite_groundtruth_in_own_words": 2.6775998103618623
}