{
    "plan_bench_generation_step_by_step": 2.1241700688997907,
    "plan_bench_generation_claude": 2.083597203095754,
    "plan_bench_generation_gpt4_style_in_context_examples": 2.187841765085856,
    "plan_bench_generation_gpt4": 2.124819791316986,
    "plan_bench_generation_mini_gpt4": 2.5104467988014223,
    "plan_bench_generation_groundtruth": 4.797304447491964,
    "plan_bench_generation_openai_human_written_examples": 2.482048026720683,
    "plan_bench_generation_rewrite_groundtruth_in_own_words": 2.510595802466075
}