{
    "plan_bench_replaning_step_by_step": 2.90509393453598,
    "plan_bench_replaning_claude": 2.674812436103821,
    "plan_bench_replaning_gpt4_style_in_context_examples": 3.0949663949012756,
    "plan_bench_replaning_gpt4": 3.085533366203308,
    "plan_bench_replaning_mini_gpt4": 2.9688209104537964,
    "plan_bench_replaning_groundtruth": 9.858087832927703,
    "plan_bench_replaning_openai_human_written_examples": 4.003082151412964,
    "plan_bench_replaning_rewrite_groundtruth_in_own_words": 3.898625762462616
}