{
    "plan_bench_replaning_step_by_step": 2.962128162384033,
    "plan_bench_replaning_claude": 2.7560549354553223,
    "plan_bench_replaning_gpt4_style_in_context_examples": 3.0039885783195497,
    "plan_bench_replaning_gpt4": 3.1746488404273987,
    "plan_bench_replaning_mini_gpt4": 3.078867988586426,
    "plan_bench_replaning_groundtruth": 45.47847324371338,
    "plan_bench_replaning_openai_human_written_examples": 4.064816603660583,
    "plan_bench_replaning_rewrite_groundtruth_in_own_words": 4.195391125679016
}