{
    "plan_bench_verification_step_by_step": 1.6054514288902282,
    "plan_bench_verification_claude": 1.7923200368881225,
    "plan_bench_verification_gpt4_style_in_context_examples": 1.56918044090271,
    "plan_bench_verification_gpt4": 1.657550609111786,
    "plan_bench_verification_mini_gpt4": 2.1890918135643007,
    "plan_bench_verification_groundtruth": 34.2716251373291,
    "plan_bench_verification_openai_human_written_examples": 2.209141194820404,
    "plan_bench_verification_rewrite_groundtruth_in_own_words": 2.858096146583557
}