{
    "0_50": 2.1049430632591246,
    "0_10": 1.9860154151916505,
    "10_20": 2.142258036136627,
    "20_30": 2.135965943336487,
    "0_30": 2.088079798221588,
    "30_60": 2.178788940111796,
    "60_90": 2.177733079592387,
    "50_100": 2.187076299190521,
    "100_150": 2.227196786403656,
    "0_100": 2.146009681224823,
    "100_200": 2.1773383367061614,
    "200_300": 2.0834992003440855
}