{
    "math_algebra_step_by_step": 1.493166716893514,
    "math_algebra_claude": 1.7141610821088156,
    "math_algebra_gpt4_style_in_context_examples": 2.8304731051127114,
    "math_algebra_gpt4": 1.6704605301221211,
    "math_algebra_mini_gpt4": 1.454602352778117,
    "math_algebra_groundtruth": 2.82963711420695,
    "math_algebra_openai_human_written_examples": 1.6094850818316142,
    "math_algebra_rewrite_groundtruth_in_own_words": 2.6398582061131797
}