{
    "plan_bench_replaning_step_by_step": 2.919713032245636,
    "plan_bench_replaning_claude": 2.705059540271759,
    "plan_bench_replaning_gpt4_style_in_context_examples": 3.274334442615509,
    "plan_bench_replaning_gpt4": 4.797177493572235,
    "plan_bench_replaning_mini_gpt4": 3.1693335294723513,
    "plan_bench_replaning_groundtruth": 5.616930031776429,
    "plan_bench_replaning_openai_human_written_examples": 3.4306318283081056,
    "plan_bench_replaning_rewrite_groundtruth_in_own_words": 3.4132541179656983
}