{
    "mbpp_step_by_step": 3.31320461332798,
    "mbpp_claude": 6.648155137300491,
    "mbpp_gpt4_style_in_context_examples": 5.421955223679543,
    "mbpp_gpt4": 7.771156665086746,
    "mbpp_mini_gpt4": 7.663808094263077,
    "mbpp_groundtruth": 21.274570192694664,
    "mbpp_openai_human_written_examples": 4.02519492149353,
    "mbpp_rewrite_groundtruth_in_own_words": 12.774603595733643
}