{
    "math_algebra_step_by_step": 1.4232288241386413,
    "math_algebra_claude": 1.6025324702262878,
    "math_algebra_gpt4_style_in_context_examples": 1.8406016945838928,
    "math_algebra_gpt4": 1.3361613869667053,
    "math_algebra_mini_gpt4": 1.3116533041000367,
    "math_algebra_groundtruth": 2.948056173324585,
    "math_algebra_openai_human_written_examples": 1.6478200197219848,
    "math_algebra_rewrite_groundtruth_in_own_words": 2.3690754055976866
}