{
    "plan_bench_replaning_step_by_step": 2.7543987083435058,
    "plan_bench_replaning_claude": 2.7128072035312654,
    "plan_bench_replaning_gpt4_style_in_context_examples": 3.0933969378471375,
    "plan_bench_replaning_gpt4": 3.092216240167618,
    "plan_bench_replaning_mini_gpt4": 3.028043636083603,
    "plan_bench_replaning_groundtruth": 10.493734707832337,
    "plan_bench_replaning_openai_human_written_examples": 3.6886788523197174,
    "plan_bench_replaning_rewrite_groundtruth_in_own_words": 3.7748417532444
}