{
    "winogrande_step_by_step": 4.065169229507446,
    "winogrande_claude": 3.647506470680237,
    "winogrande_gpt4_style_in_context_examples": 4.195747108459472,
    "winogrande_gpt4": 4.709527366161346,
    "winogrande_mini_gpt4": 4.075605850219727,
    "winogrande_groundtruth": 6.266748924255371,
    "winogrande_openai_human_written_examples": 3.949492688179016
}