{
    "plan_bench_execution_step_by_step": 2.1860065817832948,
    "plan_bench_execution_claude": 2.591872215270996,
    "plan_bench_execution_gpt4_style_in_context_examples": 2.3595928072929384,
    "plan_bench_execution_gpt4": 2.1671565175056458,
    "plan_bench_execution_mini_gpt4": 3.7756611347198485,
    "plan_bench_execution_groundtruth": 12.419104361534119,
    "plan_bench_execution_openai_human_written_examples": 3.363594174385071,
    "plan_bench_execution_rewrite_groundtruth_in_own_words": 3.5205809593200685
}