{
    "plan_bench_generalization_step_by_step": 1.6307656049728394,
    "plan_bench_generalization_claude": 1.8656137108802795,
    "plan_bench_generalization_gpt4_style_in_context_examples": 1.4628369768460592,
    "plan_bench_generalization_gpt4": 1.8453668713569642,
    "plan_bench_generalization_mini_gpt4": 1.8994536876678467,
    "plan_bench_generalization_groundtruth": 2.4024487574895224,
    "plan_bench_generalization_openai_human_written_examples": 2.1678077856699627,
    "plan_bench_generalization_rewrite_groundtruth_in_own_words": 2.1147186358769736
}