{
    "plan_bench_verification_step_by_step": 1.5125118613243103,
    "plan_bench_verification_claude": 1.7244132121404012,
    "plan_bench_verification_gpt4_style_in_context_examples": 1.5264474312464396,
    "plan_bench_verification_gpt4": 1.660041582584381,
    "plan_bench_verification_mini_gpt4": 2.4003149390220644,
    "plan_bench_verification_groundtruth": 3.908187262217204,
    "plan_bench_verification_openai_human_written_examples": 1.9375967820485434,
    "plan_bench_verification_rewrite_groundtruth_in_own_words": 2.83150429725647
}