{
    "arc_challenge_step_by_step": 3.433536422252655,
    "arc_challenge_claude": 3.0941890478134155,
    "arc_challenge_gpt4_style_in_context_examples": 3.2895862817764283,
    "arc_challenge_gpt4": 3.6930670022964476,
    "arc_challenge_mini_gpt4": 3.4684186816215514,
    "arc_challenge_groundtruth": 66835.37357788086,
    "arc_challenge_openai_human_written_examples": 3.9618013381958006
}