{
    "mmlu_moral_scenarios_step_by_step": 3.309414196014404,
    "mmlu_moral_scenarios_claude": 2.6735590934753417,
    "mmlu_moral_scenarios_gpt4_style_in_context_examples": 3.318740391731262,
    "mmlu_moral_scenarios_gpt4": 3.5729784250259398,
    "mmlu_moral_scenarios_mini_gpt4": 3.35499427318573,
    "mmlu_moral_scenarios_groundtruth": 81.32705669403076,
    "mmlu_moral_scenarios_openai_human_written_examples": 4.697816872596741
}