{
    "mmlu_moral_scenarios_step_by_step": 3.9467679595947267,
    "mmlu_moral_scenarios_claude": 2.9695400190353394,
    "mmlu_moral_scenarios_gpt4_style_in_context_examples": 3.092551097869873,
    "mmlu_moral_scenarios_gpt4": 4.06768566608429,
    "mmlu_moral_scenarios_mini_gpt4": 3.663932194709778,
    "mmlu_moral_scenarios_groundtruth": 45.16474180936813,
    "mmlu_moral_scenarios_openai_human_written_examples": 5.020194368362427
}