{
    "plan_bench_optimality_step_by_step": 2.046852889060974,
    "plan_bench_optimality_claude": 2.2363953506946563,
    "plan_bench_optimality_gpt4_style_in_context_examples": 1.9056898164749145,
    "plan_bench_optimality_gpt4": 2.2432563483715056,
    "plan_bench_optimality_mini_gpt4": 2.3635052073001863,
    "plan_bench_optimality_groundtruth": 17.74729723215103,
    "plan_bench_optimality_openai_human_written_examples": 2.7459102368354795,
    "plan_bench_optimality_rewrite_groundtruth_in_own_words": 3.1572997152805327
}