{
    "hellaswag_step_by_step": 4.77185537815094,
    "hellaswag_claude": 4.077087235450745,
    "hellaswag_gpt4_style_in_context_examples": 3.5281776428222655,
    "hellaswag_gpt4": 5.125555944442749,
    "hellaswag_mini_gpt4": 5.747101434071859,
    "hellaswag_groundtruth": 373.62011871337893,
    "hellaswag_openai_human_written_examples": 5.2521246115366615
}