{
    "mbpp_step_by_step": 2.400901806354523,
    "mbpp_claude": 2.8075129826863607,
    "mbpp_gpt4_style_in_context_examples": 2.6381884932518007,
    "mbpp_gpt4": 2.924450961748759,
    "mbpp_mini_gpt4": 3.501042954126994,
    "mbpp_groundtruth": 6.467001382509867,
    "mbpp_openai_human_written_examples": 2.689939860502879,
    "mbpp_rewrite_groundtruth_in_own_words": 3.8254466454188027
}