{
    "api_bank_step_by_step": 3.683313322067261,
    "api_bank_claude": 3.2010719895362856,
    "api_bank_gpt4_style_in_context_examples": 4.7015163660049435,
    "api_bank_gpt4": 4.317372059822082,
    "api_bank_mini_gpt4": 4.6438346862792965,
    "api_bank_groundtruth": 15.789430034160613,
    "api_bank_openai_human_written_examples": 3.98892023563385
}