{
    "plan_bench_generation_step_by_step": 2.2462995409965516,
    "plan_bench_generation_claude": 2.017772181034088,
    "plan_bench_generation_gpt4_style_in_context_examples": 2.1716384172439573,
    "plan_bench_generation_gpt4": 2.4385069704055784,
    "plan_bench_generation_mini_gpt4": 2.792683656215668,
    "plan_bench_generation_groundtruth": 3.7959303045272828,
    "plan_bench_generation_openai_human_written_examples": 2.6529584240913393,
    "plan_bench_generation_rewrite_groundtruth_in_own_words": 2.5127661561965944
}