{
    "mmlu_pro_law_step_by_step": 5.184785866737366,
    "mmlu_pro_law_claude": 3.1895317316055296,
    "mmlu_pro_law_gpt4_style_in_context_examples": 4.638871788978577,
    "mmlu_pro_law_gpt4": 5.910463404655457,
    "mmlu_pro_law_mini_gpt4": 4.448521423339844,
    "mmlu_pro_law_groundtruth": 60.432270240783694,
    "mmlu_pro_law_openai_human_written_examples": 5.363750743865967
}