{
    "plan_bench_verification_step_by_step": 1.5781130731105804,
    "plan_bench_verification_claude": 1.8581654047966003,
    "plan_bench_verification_gpt4_style_in_context_examples": 1.4618315052986146,
    "plan_bench_verification_gpt4": 1.6727892112731935,
    "plan_bench_verification_mini_gpt4": 2.2421056056022644,
    "plan_bench_verification_groundtruth": 4.121632246971131,
    "plan_bench_verification_openai_human_written_examples": 1.940081776380539,
    "plan_bench_verification_rewrite_groundtruth_in_own_words": 2.7282984042167664
}