{
    "plan_bench_replaning_step_by_step": 3.271534430980682,
    "plan_bench_replaning_claude": 2.6379279851913453,
    "plan_bench_replaning_gpt4_style_in_context_examples": 3.001065671443939,
    "plan_bench_replaning_gpt4": 3.0786227226257323,
    "plan_bench_replaning_mini_gpt4": 2.6589993238449097,
    "plan_bench_replaning_groundtruth": 8.286691272258759,
    "plan_bench_replaning_openai_human_written_examples": 3.5111682176589967,
    "plan_bench_replaning_rewrite_groundtruth_in_own_words": 4.6679305076599125
}