{
    "arc_challenge_step_by_step": 3.6521772742271423,
    "arc_challenge_claude": 3.151382441520691,
    "arc_challenge_gpt4_style_in_context_examples": 3.2795322358608248,
    "arc_challenge_gpt4": 3.6961792731285095,
    "arc_challenge_mini_gpt4": 3.540008487701416,
    "arc_challenge_groundtruth": 69169.02737426758,
    "arc_challenge_openai_human_written_examples": 3.9058766889572145
}