{
    "mbpp_step_by_step": 2.399153265953064,
    "mbpp_claude": 2.958599100112915,
    "mbpp_gpt4_style_in_context_examples": 2.7509226608276367,
    "mbpp_gpt4": 3.16918643951416,
    "mbpp_mini_gpt4": 3.4472402131557462,
    "mbpp_groundtruth": 6.2024006593227385,
    "mbpp_openai_human_written_examples": 2.51633948802948,
    "mbpp_rewrite_groundtruth_in_own_words": 3.6382853150367738
}