{
    "plan_bench_generalization_step_by_step": 1.7401179313659667,
    "plan_bench_generalization_claude": 1.9705608367919922,
    "plan_bench_generalization_gpt4_style_in_context_examples": 1.7676854252815246,
    "plan_bench_generalization_gpt4": 2.0466843008995057,
    "plan_bench_generalization_mini_gpt4": 2.3631085753440857,
    "plan_bench_generalization_groundtruth": 1.6439481973648071,
    "plan_bench_generalization_openai_human_written_examples": 2.451690399646759,
    "plan_bench_generalization_rewrite_groundtruth_in_own_words": 2.323282337188721
}