{
    "api_bank_step_by_step": 3.392299938201904,
    "api_bank_claude": 3.8089898824691772,
    "api_bank_gpt4_style_in_context_examples": 5.130348372459411,
    "api_bank_gpt4": 4.4523309707641605,
    "api_bank_mini_gpt4": 4.9595091342926025,
    "api_bank_groundtruth": 9.199167633056641,
    "api_bank_openai_human_written_examples": 4.152385568618774
}