{
    "math_algebra_step_by_step": 1.8350663781166077,
    "math_algebra_claude": 2.177995193004608,
    "math_algebra_gpt4_style_in_context_examples": 2.976764941215515,
    "math_algebra_gpt4": 1.826559579372406,
    "math_algebra_mini_gpt4": 1.741195297241211,
    "math_algebra_groundtruth": 7.29246346950531,
    "math_algebra_openai_human_written_examples": 2.092942011356354,
    "math_algebra_rewrite_groundtruth_in_own_words": 2.99940664768219
}