{
    "plan_bench_generation_step_by_step": 2.248711407184601,
    "plan_bench_generation_claude": 2.1288466334342955,
    "plan_bench_generation_gpt4_style_in_context_examples": 2.335889482498169,
    "plan_bench_generation_gpt4": 2.3297375440597534,
    "plan_bench_generation_mini_gpt4": 2.5273837089538573,
    "plan_bench_generation_groundtruth": 17.498660683631897,
    "plan_bench_generation_openai_human_written_examples": 3.044730544090271,
    "plan_bench_generation_rewrite_groundtruth_in_own_words": 2.8752902269363405
}