{
    "winogrande_step_by_step": 3.927861142158508,
    "winogrande_claude": 3.4103833198547364,
    "winogrande_gpt4_style_in_context_examples": 3.8996532440185545,
    "winogrande_gpt4": 4.5752349376678465,
    "winogrande_mini_gpt4": 4.091895842552185,
    "winogrande_groundtruth": 6.171871721744537,
    "winogrande_openai_human_written_examples": 4.079155540466308
}