{
    "mmlu_pro_law_step_by_step": 5.021026182174682,
    "mmlu_pro_law_claude": 3.4106500148773193,
    "mmlu_pro_law_gpt4_style_in_context_examples": 5.086085247993469,
    "mmlu_pro_law_gpt4": 5.503673362731933,
    "mmlu_pro_law_mini_gpt4": 4.8263368844985965,
    "mmlu_pro_law_groundtruth": 452.98771637678146,
    "mmlu_pro_law_openai_human_written_examples": 8.611937379837036
}