{
    "squad_step_by_step": 4.048332489728928,
    "squad_claude": 2.929997583627701,
    "squad_gpt4_style_in_context_examples": 3.7445856320858,
    "squad_gpt4": 5.936811106204987,
    "squad_mini_gpt4": 5.135168235301972,
    "squad_groundtruth": 37.64325554966926,
    "squad_openai_human_written_examples": 4.090865280628204
}