{
    "plan_bench_optimality_step_by_step": 2.007825767993927,
    "plan_bench_optimality_claude": 2.270097053050995,
    "plan_bench_optimality_gpt4_style_in_context_examples": 1.8340248107910155,
    "plan_bench_optimality_gpt4": 2.263276290893555,
    "plan_bench_optimality_mini_gpt4": 2.2355009436607363,
    "plan_bench_optimality_groundtruth": 10.322817993164062,
    "plan_bench_optimality_openai_human_written_examples": 2.6674086689949035,
    "plan_bench_optimality_rewrite_groundtruth_in_own_words": 2.497275948524475
}