{
    "mmlu_step_by_step": 4.252088332176209,
    "mmlu_claude": 2.920089602470398,
    "mmlu_gpt4_style_in_context_examples": 4.178667402267456,
    "mmlu_gpt4": 5.041244339942932,
    "mmlu_mini_gpt4": 4.011543273925781,
    "mmlu_groundtruth": 96.62961804866791,
    "mmlu_openai_human_written_examples": 4.977805328369141
}