{
    "api_bank_step_by_step": 3.3458945751190186,
    "api_bank_claude": 2.964362370967865,
    "api_bank_gpt4_style_in_context_examples": 4.43873827457428,
    "api_bank_gpt4": 4.235691952705383,
    "api_bank_mini_gpt4": 4.047218227386475,
    "api_bank_groundtruth": 8.941674613952637,
    "api_bank_openai_human_written_examples": 3.774267864227295
}