{
    "plan_bench_reuse_step_by_step": 2.329155910015106,
    "plan_bench_reuse_claude": 2.3750613888104755,
    "plan_bench_reuse_gpt4_style_in_context_examples": 2.1559726436932882,
    "plan_bench_reuse_gpt4": 2.554206605752309,
    "plan_bench_reuse_mini_gpt4": 3.1998892704645794,
    "plan_bench_reuse_groundtruth": 6.805241763591766,
    "plan_bench_reuse_openai_human_written_examples": 3.398154290517171,
    "plan_bench_reuse_rewrite_groundtruth_in_own_words": 3.790493818124135
}