{
    "plan_bench_verification_step_by_step": 1.6545295715332031,
    "plan_bench_verification_claude": 1.7929074120521546,
    "plan_bench_verification_gpt4_style_in_context_examples": 1.5884710896015166,
    "plan_bench_verification_gpt4": 1.7590415167808533,
    "plan_bench_verification_mini_gpt4": 2.5470768964290618,
    "plan_bench_verification_groundtruth": 39.55493600130081,
    "plan_bench_verification_openai_human_written_examples": 2.1833786392211914,
    "plan_bench_verification_rewrite_groundtruth_in_own_words": 2.95941375374794
}