{
    "plan_bench_generalization_step_by_step": 1.5597909251848856,
    "plan_bench_generalization_claude": 1.8775625268618266,
    "plan_bench_generalization_gpt4_style_in_context_examples": 1.4713172594706216,
    "plan_bench_generalization_gpt4": 1.8693140904108683,
    "plan_bench_generalization_mini_gpt4": 2.1110822757085166,
    "plan_bench_generalization_groundtruth": 2.341498517990112,
    "plan_bench_generalization_openai_human_written_examples": 2.0773960908253986,
    "plan_bench_generalization_rewrite_groundtruth_in_own_words": 2.1607196648915608
}