{
    "plan_bench_reuse_step_by_step": 2.1826092481613157,
    "plan_bench_reuse_claude": 2.5033258044719697,
    "plan_bench_reuse_gpt4_style_in_context_examples": 2.202497432231903,
    "plan_bench_reuse_gpt4": 2.5738097155094146,
    "plan_bench_reuse_mini_gpt4": 2.9369887256622316,
    "plan_bench_reuse_groundtruth": 3.450556800365448,
    "plan_bench_reuse_openai_human_written_examples": 2.8940741872787474,
    "plan_bench_reuse_rewrite_groundtruth_in_own_words": 3.3375171196460722
}