{
    "mmlu_pro_law_step_by_step": 4.885929434299469,
    "mmlu_pro_law_claude": 3.4733002161979676,
    "mmlu_pro_law_gpt4_style_in_context_examples": 5.06668595790863,
    "mmlu_pro_law_gpt4": 5.087236366271973,
    "mmlu_pro_law_mini_gpt4": 4.561494250297546,
    "mmlu_pro_law_groundtruth": 36.309974098205565,
    "mmlu_pro_law_openai_human_written_examples": 5.4979834604263305
}