{
    "plan_bench_verification_step_by_step": 1.5846651005744934,
    "plan_bench_verification_claude": 1.7815339028835298,
    "plan_bench_verification_gpt4_style_in_context_examples": 1.5232370042800902,
    "plan_bench_verification_gpt4": 1.6936114084720613,
    "plan_bench_verification_mini_gpt4": 2.389624841213226,
    "plan_bench_verification_groundtruth": 4.548294637203217,
    "plan_bench_verification_openai_human_written_examples": 1.9698920929431916,
    "plan_bench_verification_rewrite_groundtruth_in_own_words": 2.682304538488388
}