{
    "plan_bench_verification_step_by_step": 1.5637928837537765,
    "plan_bench_verification_claude": 1.8365813195705414,
    "plan_bench_verification_gpt4_style_in_context_examples": 1.499174889922142,
    "plan_bench_verification_gpt4": 1.6503502076864243,
    "plan_bench_verification_mini_gpt4": 2.3250622391700744,
    "plan_bench_verification_groundtruth": 3.8645928037166595,
    "plan_bench_verification_openai_human_written_examples": 1.9589197158813476,
    "plan_bench_verification_rewrite_groundtruth_in_own_words": 2.733169888854027
}