{
    "plan_bench_execution_step_by_step": 1.727242122888565,
    "plan_bench_execution_claude": 1.8330573451519012,
    "plan_bench_execution_gpt4_style_in_context_examples": 2.120780485868454,
    "plan_bench_execution_gpt4": 1.8694691944122315,
    "plan_bench_execution_mini_gpt4": 2.773692455291748,
    "plan_bench_execution_groundtruth": 1.8393633377552032,
    "plan_bench_execution_openai_human_written_examples": 2.2395742106437684,
    "plan_bench_execution_rewrite_groundtruth_in_own_words": 2.518520573377609
}