{
    "squad_step_by_step": 3.6713406157493593,
    "squad_claude": 2.7769755125045776,
    "squad_gpt4_style_in_context_examples": 3.4234557509422303,
    "squad_gpt4": 5.567573165893554,
    "squad_mini_gpt4": 4.5456647872924805,
    "squad_groundtruth": 18.44740961790085,
    "squad_openai_human_written_examples": 3.7557900238037107
}