{
    "hellaswag_step_by_step": 4.664446506500244,
    "hellaswag_claude": 4.22316490650177,
    "hellaswag_gpt4_style_in_context_examples": 3.5953480124473574,
    "hellaswag_gpt4": 5.4506691503524785,
    "hellaswag_mini_gpt4": 5.6222767782211305,
    "hellaswag_groundtruth": 315.03938720703127,
    "hellaswag_openai_human_written_examples": 4.973145067691803
}