{
    "plan_bench_reuse_step_by_step": 2.2826346278190615,
    "plan_bench_reuse_claude": 2.3395370507240294,
    "plan_bench_reuse_gpt4_style_in_context_examples": 2.108809676170349,
    "plan_bench_reuse_gpt4": 2.701728138923645,
    "plan_bench_reuse_mini_gpt4": 3.027478015422821,
    "plan_bench_reuse_groundtruth": 10.83734058856964,
    "plan_bench_reuse_openai_human_written_examples": 3.167302725315094,
    "plan_bench_reuse_rewrite_groundtruth_in_own_words": 3.4396456408500673
}