{
    "mbpp_step_by_step": 2.4641945266723635,
    "mbpp_claude": 2.903027696609497,
    "mbpp_gpt4_style_in_context_examples": 2.7191413688659667,
    "mbpp_gpt4": 3.140095524787903,
    "mbpp_mini_gpt4": 3.4678713297843933,
    "mbpp_groundtruth": 8.148284540176391,
    "mbpp_openai_human_written_examples": 2.859484221935272,
    "mbpp_rewrite_groundtruth_in_own_words": 4.689162001609803
}