{
    "ecqa_step_by_step": 4.163807215690613,
    "ecqa_claude": 3.6080580711364747,
    "ecqa_gpt4_style_in_context_examples": 4.308663268089294,
    "ecqa_gpt4": 5.108204922676086,
    "ecqa_mini_gpt4": 5.125030031204224,
    "ecqa_groundtruth": 29.829651565551757,
    "ecqa_openai_human_written_examples": 5.125593476295471,
    "ecqa_rewrite_groundtruth_in_own_words": 8.133372297286988
}