{
    "arc_challenge_step_by_step": 3.4425353050231933,
    "arc_challenge_claude": 3.212064278125763,
    "arc_challenge_gpt4_style_in_context_examples": 3.4897774616877237,
    "arc_challenge_gpt4": 3.5970502932866415,
    "arc_challenge_mini_gpt4": 3.636749792098999,
    "arc_challenge_groundtruth": 73133.23531799317,
    "arc_challenge_openai_human_written_examples": 4.125764473279317
}