{
    "winogrande_step_by_step": 4.841316728591919,
    "winogrande_claude": 3.856182553768158,
    "winogrande_gpt4_style_in_context_examples": 4.664921108484268,
    "winogrande_gpt4": 6.450614023208618,
    "winogrande_mini_gpt4": 5.3785150110721585,
    "winogrande_groundtruth": 16.21902889430523,
    "winogrande_openai_human_written_examples": 5.623053361177444
}