{
    "api_bank_step_by_step": 3.648100426197052,
    "api_bank_claude": 3.3860248017311094,
    "api_bank_gpt4_style_in_context_examples": 4.31094033241272,
    "api_bank_gpt4": 4.29767009973526
}