{
    "plan_bench_generalization_step_by_step": 1.607199923992157,
    "plan_bench_generalization_claude": 1.9094685077667237,
    "plan_bench_generalization_gpt4_style_in_context_examples": 1.4181665170192719,
    "plan_bench_generalization_gpt4": 1.8931897020339965,
    "plan_bench_generalization_mini_gpt4": 1.9304210770130157,
    "plan_bench_generalization_groundtruth": 2.481652363538742,
    "plan_bench_generalization_openai_human_written_examples": 2.2502084320783613,
    "plan_bench_generalization_rewrite_groundtruth_in_own_words": 2.1459543842077253
}