{
    "plan_bench_generalization_step_by_step": 1.6320022535324097,
    "plan_bench_generalization_claude": 1.9677681267261504
}