{
    "piqa_step_by_step": 3.3226520681381224,
    "piqa_claude": 3.200658085346222,
    "piqa_gpt4_style_in_context_examples": 3.6785808658599852,
    "piqa_gpt4": 4.325447359085083,
    "piqa_mini_gpt4": 3.3137213706970217,
    "piqa_groundtruth": 506451.3703149414,
    "piqa_openai_human_written_examples": 4.193161654472351
}