{
    "hellaswag_step_by_step": 3.7899343192577364,
    "hellaswag_claude": 2.8620423340797423,
    "hellaswag_gpt4_style_in_context_examples": 2.8113884222507477,
    "hellaswag_gpt4": 4.242202914953232,
    "hellaswag_mini_gpt4": 3.953256092071533,
    "hellaswag_groundtruth": 2560752.555078125,
    "hellaswag_openai_human_written_examples": 3.964646012187004
}