{
    "gsm8k_step_by_step": 1.5195000886917114,
    "gsm8k_claude": 1.7423351883888245,
    "gsm8k_gpt4_style_in_context_examples": 1.5967805981636047,
    "gsm8k_gpt4": 1.6413760662078858,
    "gsm8k_mini_gpt4": 1.62911514043808,
    "gsm8k_groundtruth": 2.131596767902374,
    "gsm8k_openai_human_written_examples": 1.713678812980652,
    "gsm8k_rewrite_groundtruth_in_own_words": 3.1935508251190186
}