{
    "ecqa_step_by_step": 4.179343140125274,
    "ecqa_claude": 3.7464234972000123,
    "ecqa_gpt4_style_in_context_examples": 4.415209574699402,
    "ecqa_gpt4": 4.824225342273712
}