{
    "plan_bench_verification_step_by_step": 1.5972178900241851,
    "plan_bench_verification_claude": 1.777217009862264,
    "plan_bench_verification_gpt4_style_in_context_examples": 1.5503351656595865,
    "plan_bench_verification_gpt4": 1.7071505630016326,
    "plan_bench_verification_mini_gpt4": 2.428805443843206,
    "plan_bench_verification_groundtruth": 15.367557008266449,
    "plan_bench_verification_openai_human_written_examples": 2.1406485227743786,
    "plan_bench_verification_rewrite_groundtruth_in_own_words": 2.9391949379444124
}