{
    "hellaswag_step_by_step": 4.666082553863525,
    "hellaswag_claude": 4.127294812202454,
    "hellaswag_gpt4_style_in_context_examples": 3.469600353240967,
    "hellaswag_gpt4": 5.3886575031280515,
    "hellaswag_mini_gpt4": 5.3697573804855345,
    "hellaswag_groundtruth": 225.35773681640626,
    "hellaswag_openai_human_written_examples": 4.951319289207459
}