{
    "plan_bench_replaning_step_by_step": 2.484198546409607,
    "plan_bench_replaning_claude": 2.338612650632858,
    "plan_bench_replaning_gpt4_style_in_context_examples": 2.7274219489097593,
    "plan_bench_replaning_gpt4": 2.8306918156147005,
    "plan_bench_replaning_mini_gpt4": 2.6618293142318725,
    "plan_bench_replaning_groundtruth": 247.63537294387817,
    "plan_bench_replaning_openai_human_written_examples": 3.3544687807559965,
    "plan_bench_replaning_rewrite_groundtruth_in_own_words": 3.3394001793861388
}