{
    "ecqa_step_by_step": 3.282197313308716,
    "ecqa_claude": 3.0589348316192626,
    "ecqa_gpt4_style_in_context_examples": 3.4332010197639464,
    "ecqa_gpt4": 3.6136511397361755,
    "ecqa_mini_gpt4": 3.6142162442207337,
    "ecqa_groundtruth": 17.920311493873598,
    "ecqa_openai_human_written_examples": 3.517107439041138,
    "ecqa_rewrite_groundtruth_in_own_words": 5.584349467754364
}