{
    "winogrande_step_by_step": 3.6001378138860067,
    "winogrande_claude": 3.0142971674601235,
    "winogrande_gpt4_style_in_context_examples": 3.456289259592692,
    "winogrande_gpt4": 3.8732632954915363,
    "winogrande_mini_gpt4": 3.393072787920634,
    "winogrande_groundtruth": 3.8720231731732686,
    "winogrande_openai_human_written_examples": 3.4171233654022215
}