{
    "plan_bench_execution_step_by_step": 1.8197025179862976,
    "plan_bench_execution_claude": 1.760407817363739,
    "plan_bench_execution_gpt4_style_in_context_examples": 2.581159770488739,
    "plan_bench_execution_gpt4": 2.070242154598236,
    "plan_bench_execution_mini_gpt4": 2.57190477848053,
    "plan_bench_execution_groundtruth": 1.5729342341423034,
    "plan_bench_execution_openai_human_written_examples": 2.5086697578430175,
    "plan_bench_execution_rewrite_groundtruth_in_own_words": 2.577654540538788
}