{
    "mbpp_step_by_step": 3.1359321594238283,
    "mbpp_claude": 7.388676726818085,
    "mbpp_gpt4_style_in_context_examples": 8.015320301055908,
    "mbpp_gpt4": 6.36855251789093,
    "mbpp_mini_gpt4": 7.757634997367859,
    "mbpp_groundtruth": 62.57513031959534,
    "mbpp_openai_human_written_examples": 4.844176387786865,
    "mbpp_rewrite_groundtruth_in_own_words": 17.751763343811035
}