{
    "mmlu_moral_scenarios_step_by_step": 3.712015733718872,
    "mmlu_moral_scenarios_claude": 2.8347474670410158,
    "mmlu_moral_scenarios_gpt4_style_in_context_examples": 3.1895065450668336,
    "mmlu_moral_scenarios_gpt4": 4.126025748252869,
    "mmlu_moral_scenarios_mini_gpt4": 3.785221929550171,
    "mmlu_moral_scenarios_groundtruth": 146.37041418790818,
    "mmlu_moral_scenarios_openai_human_written_examples": 5.026222267150879
}