{
    "mmlu_pro_law_step_by_step": 4.795092077255249,
    "mmlu_pro_law_claude": 3.3280339431762695,
    "mmlu_pro_law_gpt4_style_in_context_examples": 5.136962065696716,
    "mmlu_pro_law_gpt4": 5.345091791152954,
    "mmlu_pro_law_mini_gpt4": 4.393490319252014,
    "mmlu_pro_law_groundtruth": 377.7267848420143,
    "mmlu_pro_law_openai_human_written_examples": 6.895733318328857
}