{
    "plan_bench_execution_step_by_step": 2.284596931934357,
    "plan_bench_execution_claude": 2.467025899887085,
    "plan_bench_execution_gpt4_style_in_context_examples": 2.3230483770370483,
    "plan_bench_execution_gpt4": 2.3395644664764403,
    "plan_bench_execution_mini_gpt4": 3.406804394721985,
    "plan_bench_execution_groundtruth": 15.730326557159424,
    "plan_bench_execution_openai_human_written_examples": 3.909870910644531,
    "plan_bench_execution_rewrite_groundtruth_in_own_words": 3.4441003084182737
}