{
    "arc_challenge_step_by_step": 2.908682143688202,
    "arc_challenge_claude": 2.57598593711853,
    "arc_challenge_gpt4_style_in_context_examples": 2.449656751155853,
    "arc_challenge_gpt4": 2.935968635082245,
    "arc_challenge_mini_gpt4": 2.769551386833191,
    "arc_challenge_groundtruth": 5135963.954587403,
    "arc_challenge_openai_human_written_examples": 2.9468179655075075
}