{
    "squad_step_by_step": 2.952547295888265,
    "squad_claude": 2.1506196657816568,
    "squad_gpt4_style_in_context_examples": 2.532608485221863,
    "squad_gpt4": 3.4900367776552836,
    "squad_mini_gpt4": 2.849656025568644,
    "squad_groundtruth": 1.8655054926872254,
    "squad_openai_human_written_examples": 2.033674736817678
}