{
    "math_geometry_step_by_step": 1.8424995136260987,
    "math_geometry_claude": 1.988364602327347,
    "math_geometry_gpt4_style_in_context_examples": 3.1482718777656555,
    "math_geometry_gpt4": 1.9946623373031616,
    "math_geometry_mini_gpt4": 1.7809851217269896,
    "math_geometry_groundtruth": 2.76377711892128,
    "math_geometry_openai_human_written_examples": 3.2298234474658964,
    "math_geometry_rewrite_groundtruth_in_own_words": 2.3900283873081207
}