{
    "plan_bench_verification_step_by_step": 1.6089221394062043,
    "plan_bench_verification_claude": 1.7792243719100953,
    "plan_bench_verification_gpt4_style_in_context_examples": 1.5697327888011932,
    "plan_bench_verification_gpt4": 1.6610614657402039,
    "plan_bench_verification_mini_gpt4": 2.4828562474250795,
    "plan_bench_verification_groundtruth": 35.59855233669281,
    "plan_bench_verification_openai_human_written_examples": 2.117612327337265,
    "plan_bench_verification_rewrite_groundtruth_in_own_words": 2.9488857269287108
}