{
    "plan_bench_verification_step_by_step": 1.588157057762146,
    "plan_bench_verification_claude": 1.7915425181388855,
    "plan_bench_verification_gpt4_style_in_context_examples": 1.5305233955383302,
    "plan_bench_verification_gpt4": 1.627434742450714,
    "plan_bench_verification_mini_gpt4": 2.4586618304252625,
    "plan_bench_verification_groundtruth": 19.498592376708984,
    "plan_bench_verification_openai_human_written_examples": 2.135615038871765,
    "plan_bench_verification_rewrite_groundtruth_in_own_words": 3.5148990154266357
}