{
    "plan_bench_replaning_step_by_step": 3.0084921391805013,
    "plan_bench_replaning_claude": 3.319413877328237,
    "plan_bench_replaning_gpt4_style_in_context_examples": 3.5063966755072276,
    "plan_bench_replaning_gpt4": 3.9109203032652538,
    "plan_bench_replaning_mini_gpt4": 3.42839706659317,
    "plan_bench_replaning_groundtruth": 776.5842038106919,
    "plan_bench_replaning_openai_human_written_examples": 4.326772130330403,
    "plan_bench_replaning_rewrite_groundtruth_in_own_words": 4.822733990748723
}