{
    "plan_bench_generation_step_by_step": 2.259680676460266,
    "plan_bench_generation_claude": 2.1542126893997193,
    "plan_bench_generation_gpt4_style_in_context_examples": 2.363541078567505,
    "plan_bench_generation_gpt4": 2.3417616367340086,
    "plan_bench_generation_mini_gpt4": 2.5415260076522825,
    "plan_bench_generation_groundtruth": 19.539314484596254,
    "plan_bench_generation_openai_human_written_examples": 3.0623226165771484,
    "plan_bench_generation_rewrite_groundtruth_in_own_words": 2.913849186897278
}