{
    "arc_challenge_step_by_step": 3.598743603626887,
    "arc_challenge_claude": 3.2603235288461048,
    "arc_challenge_gpt4_style_in_context_examples": 3.375345329840978,
    "arc_challenge_gpt4": 3.805804544687271,
    "arc_challenge_mini_gpt4": 3.690053368806839,
    "arc_challenge_groundtruth": 92880.60109268189,
    "arc_challenge_openai_human_written_examples": 4.040669193665186
}