{
    "plan_bench_execution_step_by_step": 2.3823935556411744,
    "plan_bench_execution_claude": 2.484825905561447,
    "plan_bench_execution_gpt4_style_in_context_examples": 2.540816729068756,
    "plan_bench_execution_gpt4": 2.5478431248664855,
    "plan_bench_execution_mini_gpt4": 3.647690726518631,
    "plan_bench_execution_groundtruth": 12.670578093528748,
    "plan_bench_execution_openai_human_written_examples": 3.4373063135147093,
    "plan_bench_execution_rewrite_groundtruth_in_own_words": 3.614662582874298
}