{
    "plan_bench_generation_step_by_step": 2.022111741701762,
    "plan_bench_generation_claude": 1.8572369813919067,
    "plan_bench_generation_gpt4_style_in_context_examples": 2.102895128726959,
    "plan_bench_generation_gpt4": 2.1621968587239584,
    "plan_bench_generation_mini_gpt4": 2.3082940101623537,
    "plan_bench_generation_groundtruth": 6.060021722316742,
    "plan_bench_generation_openai_human_written_examples": 2.58373076915741,
    "plan_bench_generation_rewrite_groundtruth_in_own_words": 2.150811556975047
}