{
    "math_geometry_step_by_step": 2.470838515758514,
    "math_geometry_claude": 2.5287077689170836,
    "math_geometry_gpt4_style_in_context_examples": 3.365594310760498,
    "math_geometry_gpt4": 2.5793956899642945,
    "math_geometry_mini_gpt4": 2.255032913684845,
    "math_geometry_groundtruth": 4.97912947177887,
    "math_geometry_openai_human_written_examples": 5.327895903587342,
    "math_geometry_rewrite_groundtruth_in_own_words": 3.1797876501083375
}