{
    "math_algebra_step_by_step": 1.8589270432790121,
    "math_algebra_claude": 2.217693269252777,
    "math_algebra_gpt4_style_in_context_examples": 170.15126064618428,
    "math_algebra_gpt4": 3.0368568539619445,
    "math_algebra_mini_gpt4": 1.8800703167915345,
    "math_algebra_groundtruth": 5.680754470825195,
    "math_algebra_openai_human_written_examples": 2.22312566836675,
    "math_algebra_rewrite_groundtruth_in_own_words": 3.36398241519928
}