{
    "api_bank_step_by_step": 3.6142234945297242,
    "api_bank_claude": 3.3269312882423403,
    "api_bank_gpt4_style_in_context_examples": 4.660152254104614,
    "api_bank_gpt4": 4.40875568151474,
    "api_bank_mini_gpt4": 4.547740979194641,
    "api_bank_groundtruth": 9.350931583642959,
    "api_bank_openai_human_written_examples": 4.452564053535461
}