{
    "plan_bench_optimality_step_by_step": 2.222621297836304,
    "plan_bench_optimality_claude": 2.0402719736099244,
    "plan_bench_optimality_gpt4_style_in_context_examples": 1.864198625087738,
    "plan_bench_optimality_gpt4": 2.558290410041809,
    "plan_bench_optimality_mini_gpt4": 2.3270124077796934,
    "plan_bench_optimality_groundtruth": 3.7087030172348023,
    "plan_bench_optimality_openai_human_written_examples": 2.7641902446746824,
    "plan_bench_optimality_rewrite_groundtruth_in_own_words": 2.877097153663635
}