{
    "plan_bench_generalization_step_by_step": 1.7436245560646058,
    "plan_bench_generalization_claude": 2.028406354188919,
    "plan_bench_generalization_gpt4_style_in_context_examples": 1.6284225940704347,
    "plan_bench_generalization_gpt4": 1.9725706326961516,
    "plan_bench_generalization_mini_gpt4": 2.1861202025413515,
    "plan_bench_generalization_groundtruth": 1.8799588525295257,
    "plan_bench_generalization_openai_human_written_examples": 2.4002880203723906,
    "plan_bench_generalization_rewrite_groundtruth_in_own_words": 2.358271509408951
}