{
    "plan_bench_generalization_step_by_step": 1.594746310710907,
    "plan_bench_generalization_claude": 1.8439663934707642,
    "plan_bench_generalization_gpt4_style_in_context_examples": 1.4514772129058837,
    "plan_bench_generalization_gpt4": 2.013867242336273,
    "plan_bench_generalization_mini_gpt4": 2.051334753036499,
    "plan_bench_generalization_groundtruth": 2.6811600279808045,
    "plan_bench_generalization_openai_human_written_examples": 2.151026875972748,
    "plan_bench_generalization_rewrite_groundtruth_in_own_words": 2.166896345615387
}