{
    "plan_bench_generation_step_by_step": 2.286901434659958,
    "plan_bench_generation_claude": 2.055266634225845,
    "plan_bench_generation_gpt4_style_in_context_examples": 2.3087121403217314,
    "plan_bench_generation_gpt4": 2.550406230688095,
    "plan_bench_generation_mini_gpt4": 2.7602931582927703,
    "plan_bench_generation_groundtruth": 5.149409415721894,
    "plan_bench_generation_openai_human_written_examples": 2.634375033378601,
    "plan_bench_generation_rewrite_groundtruth_in_own_words": 2.6032860589027407
}