{
    "math_algebra_step_by_step": 1.813461673259735,
    "math_algebra_claude": 2.1348023533821108,
    "math_algebra_gpt4_style_in_context_examples": 2.696777045726776,
    "math_algebra_gpt4": 1.7915828824043274,
    "math_algebra_mini_gpt4": 1.713336980342865,
    "math_algebra_groundtruth": 7.594156575202942,
    "math_algebra_openai_human_written_examples": 1.9548928499221803,
    "math_algebra_rewrite_groundtruth_in_own_words": 2.819863533973694
}