{
    "plan_bench_execution_step_by_step": 1.9829306205113728,
    "plan_bench_execution_claude": 1.8232406576474507,
    "plan_bench_execution_gpt4_style_in_context_examples": 2.5999505440394084,
    "plan_bench_execution_gpt4": 2.1486383438110352,
    "plan_bench_execution_mini_gpt4": 2.713109298547109,
    "plan_bench_execution_groundtruth": 1.6948500394821167,
    "plan_bench_execution_openai_human_written_examples": 2.222061844666799,
    "plan_bench_execution_rewrite_groundtruth_in_own_words": 2.8256232301394144
}