{
    "plan_bench_execution_step_by_step": 1.7906684521834055,
    "plan_bench_execution_claude": 1.839076817035675,
    "plan_bench_execution_gpt4_style_in_context_examples": 2.2477488418420157,
    "plan_bench_execution_gpt4": 1.9201727334658305,
    "plan_bench_execution_mini_gpt4": 2.7755530269940696,
    "plan_bench_execution_groundtruth": 1.8250148316224417,
    "plan_bench_execution_openai_human_written_examples": 2.2484399863084157,
    "plan_bench_execution_rewrite_groundtruth_in_own_words": 2.5894053101539614
}