{
    "mbpp_step_by_step": 1.9604963501294455,
    "mbpp_claude": 2.1490800261497496,
    "mbpp_gpt4_style_in_context_examples": 2.5486156821250914,
    "mbpp_gpt4": 2.217890679836273,
    "mbpp_mini_gpt4": 2.6468934138615925,
    "mbpp_groundtruth": 10.027721083164215,
    "mbpp_openai_human_written_examples": 2.5950448989868162,
    "mbpp_rewrite_groundtruth_in_own_words": 4.140408150355021
}