{
    "drop_step_by_step": 2.917621877193451,
    "drop_claude": 2.6414527773857115,
    "drop_gpt4_style_in_context_examples": 2.567577407360077,
    "drop_gpt4": 2.487356925010681,
    "drop_mini_gpt4": 2.3446731758117676,
    "drop_groundtruth": 251.02419588565826,
    "drop_openai_human_written_examples": 2.5078911423683166
}