{
    "plan_bench_verification_step_by_step": 1.5471859192848205,
    "plan_bench_verification_claude": 1.8110430788993837,
    "plan_bench_verification_gpt4_style_in_context_examples": 1.4495014977455138,
    "plan_bench_verification_gpt4": 1.5658482789993287,
    "plan_bench_verification_mini_gpt4": 2.313632724285126,
    "plan_bench_verification_groundtruth": 3.964486880302429,
    "plan_bench_verification_openai_human_written_examples": 1.9619857740402222,
    "plan_bench_verification_rewrite_groundtruth_in_own_words": 2.869959788322449
}