{
    "plan_bench_execution_step_by_step": 1.735077222585678,
    "plan_bench_execution_claude": 1.9411609303951263,
    "plan_bench_execution_gpt4_style_in_context_examples": 2.2011166501045225,
    "plan_bench_execution_gpt4": 1.8599726700782775,
    "plan_bench_execution_mini_gpt4": 2.8237604773044587,
    "plan_bench_execution_groundtruth": 1.9268375980854033,
    "plan_bench_execution_openai_human_written_examples": 2.2580808806419372,
    "plan_bench_execution_rewrite_groundtruth_in_own_words": 2.584108819961548
}