{
    "winogrande_step_by_step": 4.8681944513320925,
    "winogrande_claude": 4.338432016372681
}