{
    "plan_bench_generalization_step_by_step": 1.5583477020263672,
    "plan_bench_generalization_claude": 1.9335194826126099,
    "plan_bench_generalization_gpt4_style_in_context_examples": 1.5020369291305542,
    "plan_bench_generalization_gpt4": 2.050575387477875,
    "plan_bench_generalization_mini_gpt4": 2.3407550692558288,
    "plan_bench_generalization_groundtruth": 2.4472774028778077,
    "plan_bench_generalization_openai_human_written_examples": 2.157115840911865,
    "plan_bench_generalization_rewrite_groundtruth_in_own_words": 2.040592300891876
}