{
    "boolq_step_by_step": 3.6452000379562377,
    "boolq_claude": 3.017352509498596,
    "boolq_gpt4_style_in_context_examples": 3.733553338050842,
    "boolq_gpt4": 4.047211527824402,
    "boolq_mini_gpt4": 3.4813166856765747,
    "boolq_groundtruth": 10.836043977737427,
    "boolq_openai_human_written_examples": 2.3891218185424803
}