{
    "api_bank_step_by_step": 3.6889332056045534,
    "api_bank_claude": 3.8123838901519775,
    "api_bank_gpt4_style_in_context_examples": 4.470197033882141,
    "api_bank_gpt4": 4.514419436454773,
    "api_bank_mini_gpt4": 4.654917049407959,
    "api_bank_groundtruth": 3.6638432502746583,
    "api_bank_openai_human_written_examples": 3.607430863380432
}