{
    "plan_bench_reuse_step_by_step": 1.969310817718506,
    "plan_bench_reuse_claude": 2.136094487905502
}