{
    "plan_bench_verification_step_by_step": 1.5821570801734923,
    "plan_bench_verification_claude": 1.6776100945472718,
    "plan_bench_verification_gpt4_style_in_context_examples": 1.469221019744873,
    "plan_bench_verification_gpt4": 1.5622154116630553,
    "plan_bench_verification_mini_gpt4": 2.279493432044983,
    "plan_bench_verification_groundtruth": 4.621397619247436,
    "plan_bench_verification_openai_human_written_examples": 2.02802668094635,
    "plan_bench_verification_rewrite_groundtruth_in_own_words": 2.9379339241981506
}