{
    "math_algebra_step_by_step": 1.4027607321739197,
    "math_algebra_claude": 1.677109694480896,
    "math_algebra_gpt4_style_in_context_examples": 1.656945824623108,
    "math_algebra_gpt4": 1.4900505423545838,
    "math_algebra_mini_gpt4": 1.4049688816070556,
    "math_algebra_groundtruth": 2.754825258255005,
    "math_algebra_openai_human_written_examples": 1.5272048473358155,
    "math_algebra_rewrite_groundtruth_in_own_words": 2.2143895864486693
}