{
    "ecqa_step_by_step": 4.186357686519623,
    "ecqa_claude": 3.791367723941803,
    "ecqa_gpt4_style_in_context_examples": 4.461146779060364,
    "ecqa_gpt4": 4.845010850429535,
    "ecqa_mini_gpt4": 4.778847088813782,
    "ecqa_groundtruth": 11.331360907554627,
    "ecqa_openai_human_written_examples": 4.771309947967529,
    "ecqa_rewrite_groundtruth_in_own_words": 6.121720077991486
}