{
    "plan_bench_generalization_step_by_step": 1.703103768825531,
    "plan_bench_generalization_claude": 2.1469655799865723,
    "plan_bench_generalization_gpt4_style_in_context_examples": 1.56907888174057,
    "plan_bench_generalization_gpt4": 2.196679208278656,
    "plan_bench_generalization_mini_gpt4": 2.370813136100769,
    "plan_bench_generalization_groundtruth": 13.478239579200745,
    "plan_bench_generalization_openai_human_written_examples": 2.414507086277008,
    "plan_bench_generalization_rewrite_groundtruth_in_own_words": 2.6744864916801454
}