{
    "plan_bench_generalization_step_by_step": 1.6616812992095946,
    "plan_bench_generalization_claude": 2.096723265647888,
    "plan_bench_generalization_gpt4_style_in_context_examples": 1.5592901515960693,
    "plan_bench_generalization_gpt4": 1.951733705997467,
    "plan_bench_generalization_mini_gpt4": 2.0466512989997865,
    "plan_bench_generalization_groundtruth": 1.8671546506881713,
    "plan_bench_generalization_openai_human_written_examples": 2.469729561805725,
    "plan_bench_generalization_rewrite_groundtruth_in_own_words": 2.446960117816925
}