{
    "winogrande_step_by_step": 3.5164857308069863,
    "winogrande_claude": 3.014523020585378,
    "winogrande_gpt4_style_in_context_examples": 3.30191197792689,
    "winogrande_gpt4": 4.0932166337966915,
    "winogrande_mini_gpt4": 3.3023674754301706,
    "winogrande_groundtruth": 33.62783356666565,
    "winogrande_openai_human_written_examples": 3.3752183508872986
}