{
    "squad_step_by_step": 3.3250303375720978,
    "squad_claude": 2.7156281316280366,
    "squad_gpt4_style_in_context_examples": 3.1787338614463807,
    "squad_gpt4": 5.380284476280212,
    "squad_mini_gpt4": 3.6966017091274264
}