{
    "plan_bench_generalization_step_by_step": 1.700884711742401,
    "plan_bench_generalization_claude": 2.0361679673194883,
    "plan_bench_generalization_gpt4_style_in_context_examples": 1.603271210193634,
    "plan_bench_generalization_gpt4": 1.9562122464179992,
    "plan_bench_generalization_mini_gpt4": 2.017403542995453,
    "plan_bench_generalization_groundtruth": 1.6276096105575562,
    "plan_bench_generalization_openai_human_written_examples": 1.987611424922943,
    "plan_bench_generalization_rewrite_groundtruth_in_own_words": 2.5347222089767456
}