{
    "winogrande_step_by_step": 4.300405899683635,
    "winogrande_claude": 3.6388634999593097,
    "winogrande_gpt4_style_in_context_examples": 3.9678229808807375,
    "winogrande_gpt4": 4.388982931772868,
    "winogrande_mini_gpt4": 4.128644736607869,
    "winogrande_groundtruth": 5.877767451604208,
    "winogrande_openai_human_written_examples": 3.83582185904185
}