{
    "piqa_step_by_step": 3.808835506439209,
    "piqa_claude": 3.6109398126602175,
    "piqa_gpt4_style_in_context_examples": 4.449728322029114,
    "piqa_gpt4": 4.436420941352845,
    "piqa_mini_gpt4": 3.998787784576416,
    "piqa_groundtruth": 157.62407455444335,
    "piqa_openai_human_written_examples": 4.902564740180969
}