{
    "squad_step_by_step": 3.9519133734703065,
    "squad_claude": 2.8302132368087767,
    "squad_gpt4_style_in_context_examples": 3.786386692523956,
    "squad_gpt4": 6.2135053682327275,
    "squad_mini_gpt4": 5.259530267715454,
    "squad_groundtruth": 37.04175624370575,
    "squad_openai_human_written_examples": 4.393716280460358
}