{
    "gsm8k_step_by_step": 1.5257657647132874,
    "gsm8k_claude": 1.6321221470832825,
    "gsm8k_gpt4_style_in_context_examples": 1.5789374589920044,
    "gsm8k_gpt4": 1.5766544938087463,
    "gsm8k_mini_gpt4": 1.5639686822891234,
    "gsm8k_groundtruth": 2.2907647609710695,
    "gsm8k_openai_human_written_examples": 1.6500165820121766,
    "gsm8k_rewrite_groundtruth_in_own_words": 3.2111347675323487
}