{
    "mmlu_moral_scenarios_step_by_step": 3.6858068227767946,
    "mmlu_moral_scenarios_claude": 2.931452775001526,
    "mmlu_moral_scenarios_gpt4_style_in_context_examples": 2.9883607625961304,
    "mmlu_moral_scenarios_gpt4": 4.5392577886581424,
    "mmlu_moral_scenarios_mini_gpt4": 3.354753851890564,
    "mmlu_moral_scenarios_groundtruth": 48.89833519458771,
    "mmlu_moral_scenarios_openai_human_written_examples": 4.187944769859314
}