{
    "plan_bench_optimality_step_by_step": 1.9224303404490153,
    "plan_bench_optimality_claude": 2.059259816010793,
    "plan_bench_optimality_gpt4_style_in_context_examples": 1.6985417207082112,
    "plan_bench_optimality_gpt4": 2.082813576857249,
    "plan_bench_optimality_mini_gpt4": 2.21841139793396,
    "plan_bench_optimality_groundtruth": 3.8572073578834534,
    "plan_bench_optimality_openai_human_written_examples": 2.550966759522756,
    "plan_bench_optimality_rewrite_groundtruth_in_own_words": 2.423472074667613
}