{
    "mmlu_step_by_step": 3.9001348352432252,
    "mmlu_claude": 2.9920353078842163,
    "mmlu_gpt4_style_in_context_examples": 3.7467699813842774,
    "mmlu_gpt4": 4.443901462554932,
    "mmlu_mini_gpt4": 3.575007038116455,
    "mmlu_groundtruth": 339.5765782928467,
    "mmlu_openai_human_written_examples": 4.409583277702332
}