{
    "gsm8k_step_by_step": 1.9202724820375443,
    "gsm8k_claude": 1.9055109059810638,
    "gsm8k_gpt4_style_in_context_examples": 1.940193247795105,
    "gsm8k_gpt4": 1.9257683700323105,
    "gsm8k_mini_gpt4": 1.9734859323501588,
    "gsm8k_groundtruth": 3.311912562251091,
    "gsm8k_openai_human_written_examples": 1.9906851541996002,
    "gsm8k_rewrite_groundtruth_in_own_words": 3.5979252862930298
}