{
    "hellaswag_step_by_step": 4.014343023300171,
    "hellaswag_claude": 2.748028111457825,
    "hellaswag_gpt4_style_in_context_examples": 2.659689927101135,
    "hellaswag_gpt4": 3.8512682199478148,
    "hellaswag_mini_gpt4": 4.278263998031616,
    "hellaswag_groundtruth": 1245117.00390625,
    "hellaswag_openai_human_written_examples": 3.5072656631469727
}