{
    "squad_step_by_step": 2.503527510166168,
    "squad_claude": 2.1218142068386077,
    "squad_gpt4_style_in_context_examples": 2.4207672095298767,
    "squad_gpt4": 3.339302352666855
}