{
    "mmlu_step_by_step": 4.354593944549561,
    "mmlu_claude": 3.2148321151733397,
    "mmlu_gpt4_style_in_context_examples": 4.771807312965393,
    "mmlu_gpt4": 4.934548004468282,
    "mmlu_mini_gpt4": 4.595546078681946,
    "mmlu_groundtruth": 25.97225914001465,
    "mmlu_openai_human_written_examples": 5.220800987879435
}