{
    "winogrande_step_by_step": 4.755871776739756,
    "winogrande_claude": 3.843117908636729,
    "winogrande_gpt4_style_in_context_examples": 4.676195681492487,
    "winogrande_gpt4": 6.599389630953471,
    "winogrande_mini_gpt4": 5.381642745733261,
    "winogrande_groundtruth": 25.467452835639317,
    "winogrande_openai_human_written_examples": 5.553624960581462
}