{
    "mmlu_step_by_step": 4.768264198303223,
    "mmlu_claude": 3.410684747695923,
    "mmlu_gpt4_style_in_context_examples": 4.678301453590393,
    "mmlu_gpt4": 5.220883173942566,
    "mmlu_mini_gpt4": 4.4943750286102295,
    "mmlu_groundtruth": 22.278444156646728,
    "mmlu_openai_human_written_examples": 5.105900964736938
}