{
    "boolq_step_by_step": 3.454049368699392,
    "boolq_claude": 2.506384778022766,
    "boolq_gpt4_style_in_context_examples": 2.9083933512369793,
    "boolq_gpt4": 3.038270620505015,
    "boolq_mini_gpt4": 3.3742464661598204,
    "boolq_groundtruth": 20.438611960411073,
    "boolq_openai_human_written_examples": 2.550477381547292
}