{
    "plan_bench_reuse_step_by_step": 2.3457714597384136,
    "plan_bench_reuse_claude": 2.9048953930536907,
    "plan_bench_reuse_gpt4_style_in_context_examples": 2.360256787141164,
    "plan_bench_reuse_gpt4": 2.6064023693402607,
    "plan_bench_reuse_mini_gpt4": 3.3841864347457884,
    "plan_bench_reuse_groundtruth": 64.74297418594361,
    "plan_bench_reuse_openai_human_written_examples": 3.37344974676768,
    "plan_bench_reuse_rewrite_groundtruth_in_own_words": 3.799118999640147
}