{
    "plan_bench_generalization_step_by_step": 1.7673642468452453,
    "plan_bench_generalization_claude": 2.049576462904612,
    "plan_bench_generalization_gpt4_style_in_context_examples": 1.6210101274649302,
    "plan_bench_generalization_gpt4": 2.0418538240591686,
    "plan_bench_generalization_mini_gpt4": 2.1379387064774833,
    "plan_bench_generalization_groundtruth": 1.6890045762062074,
    "plan_bench_generalization_openai_human_written_examples": 2.4816179970900216,
    "plan_bench_generalization_rewrite_groundtruth_in_own_words": 2.277551585435867
}