{
    "mmlu_moral_scenarios_step_by_step": 3.344520346323649,
    "mmlu_moral_scenarios_claude": 2.9398524284362795,
    "mmlu_moral_scenarios_gpt4_style_in_context_examples": 3.334983309110006,
    "mmlu_moral_scenarios_gpt4": 3.477995498975118,
    "mmlu_moral_scenarios_mini_gpt4": 3.188516076405843,
    "mmlu_moral_scenarios_groundtruth": 124.3754382610321,
    "mmlu_moral_scenarios_openai_human_written_examples": 4.230415519078573
}