{
    "mmlu_moral_scenarios_step_by_step": 3.908288350105286,
    "mmlu_moral_scenarios_claude": 2.9492110508680343,
    "mmlu_moral_scenarios_gpt4_style_in_context_examples": 3.251083197593689,
    "mmlu_moral_scenarios_gpt4": 4.313765057325363,
    "mmlu_moral_scenarios_mini_gpt4": 3.940263025760651,
    "mmlu_moral_scenarios_groundtruth": 8466.357963104248,
    "mmlu_moral_scenarios_openai_human_written_examples": 5.2082855200767515
}