{
    "mmlu_moral_scenarios_step_by_step": 3.6814064439137777,
    "mmlu_moral_scenarios_claude": 3.212527139981588,
    "mmlu_moral_scenarios_gpt4_style_in_context_examples": 3.8513855727513633,
    "mmlu_moral_scenarios_gpt4": 3.7808444261550904,
    "mmlu_moral_scenarios_mini_gpt4": 3.8657528003056845,
    "mmlu_moral_scenarios_groundtruth": 24.49979592005412,
    "mmlu_moral_scenarios_openai_human_written_examples": 4.003692071437836
}