{
    "plan_bench_execution_step_by_step": 2.308074290752411,
    "plan_bench_execution_claude": 2.492624683380127,
    "plan_bench_execution_gpt4_style_in_context_examples": 2.4487990021705626,
    "plan_bench_execution_gpt4": 2.486873254776001,
    "plan_bench_execution_mini_gpt4": 3.5798631572723387,
    "plan_bench_execution_groundtruth": 11.929220519065858,
    "plan_bench_execution_openai_human_written_examples": 3.491222211122513,
    "plan_bench_execution_rewrite_groundtruth_in_own_words": 3.5895011615753174
}