{
    "drop_step_by_step": 3.506147265434265,
    "drop_claude": 2.7033740043640138,
    "drop_gpt4_style_in_context_examples": 3.1171159744262695,
    "drop_gpt4": 3.6745274305343627,
    "drop_mini_gpt4": 3.3056811809539797,
    "drop_groundtruth": 44.1775417804718,
    "drop_openai_human_written_examples": 3.0944572925567626
}