{
    "plan_bench_verification_step_by_step": 1.5854269301891326,
    "plan_bench_verification_claude": 1.7886226511001586,
    "plan_bench_verification_gpt4_style_in_context_examples": 1.5444319224357606,
    "plan_bench_verification_gpt4": 1.6398915886878966,
    "plan_bench_verification_mini_gpt4": 2.4257605493068697,
    "plan_bench_verification_groundtruth": 3.7691223335266115,
    "plan_bench_verification_openai_human_written_examples": 1.982400996685028,
    "plan_bench_verification_rewrite_groundtruth_in_own_words": 2.7655773150920866
}