{
    "plan_bench_replaning_step_by_step": 2.821814124584198,
    "plan_bench_replaning_claude": 2.649698076248169,
    "plan_bench_replaning_gpt4_style_in_context_examples": 3.324748041629791,
    "plan_bench_replaning_gpt4": 3.4616847920417784,
    "plan_bench_replaning_mini_gpt4": 2.9983366680145265,
    "plan_bench_replaning_groundtruth": 6.584340753555298,
    "plan_bench_replaning_openai_human_written_examples": 3.6851129698753358,
    "plan_bench_replaning_rewrite_groundtruth_in_own_words": 4.031222608089447
}