{
    "math_algebra_step_by_step": 1.824362050294876,
    "math_algebra_claude": 2.109603155851364
}