{
    "squad_step_by_step": 3.3206489956378937,
    "squad_claude": 2.6385842108726503,
    "squad_gpt4_style_in_context_examples": 3.3344525372982026,
    "squad_gpt4": 5.006302908658982,
    "squad_mini_gpt4": 4.193155930638313,
    "squad_groundtruth": 31.62894131720066,
    "squad_openai_human_written_examples": 3.107216454744339
}