{
    "gsm8k_step_by_step": 1.5695098559061686,
    "gsm8k_claude": 1.7777821660041808,
    "gsm8k_gpt4_style_in_context_examples": 1.692825166384379,
    "gsm8k_gpt4": 1.6118977586428325,
    "gsm8k_mini_gpt4": 1.6464095036188762,
    "gsm8k_groundtruth": 2.1045283834139505,
    "gsm8k_openai_human_written_examples": 1.7840198596318564,
    "gsm8k_rewrite_groundtruth_in_own_words": 2.8558860739072163
}