{
    "api_bank_step_by_step": 3.5965848398208617,
    "api_bank_claude": 3.412772579193115,
    "api_bank_gpt4_style_in_context_examples": 4.537419254779816,
    "api_bank_gpt4": 4.22584297657013,
    "api_bank_mini_gpt4": 4.562669546604156,
    "api_bank_groundtruth": 5.883344964981079,
    "api_bank_openai_human_written_examples": 4.616480278968811
}