{
    "gsm8k_step_by_step": 2.047052587270737,
    "gsm8k_claude": 2.1192344200611113,
    "gsm8k_gpt4_style_in_context_examples": 2.469120634794235,
    "gsm8k_gpt4": 2.628875390291214,
    "gsm8k_mini_gpt4": 2.1374237275123598,
    "gsm8k_groundtruth": 4.241187605857849,
    "gsm8k_openai_human_written_examples": 2.349684133529663,
    "gsm8k_rewrite_groundtruth_in_own_words": 4.053292734622955
}