{
    "mbpp_step_by_step": 3.523192722797394,
    "mbpp_claude": 6.157744650840759,
    "mbpp_gpt4_style_in_context_examples": 4.90372483253479,
    "mbpp_gpt4": 8.428242375850678,
    "mbpp_mini_gpt4": 10.964694693088532,
    "mbpp_groundtruth": 18.2821564912796,
    "mbpp_openai_human_written_examples": 4.02469162940979,
    "mbpp_rewrite_groundtruth_in_own_words": 11.197871792316437
}