{
    "mbpp_step_by_step": 2.009192931652069,
    "mbpp_claude": 2.369380247592926,
    "mbpp_gpt4_style_in_context_examples": 2.547459530830383,
    "mbpp_gpt4": 2.1970092415809632,
    "mbpp_mini_gpt4": 2.5903401017189025,
    "mbpp_groundtruth": 8.001372742652894,
    "mbpp_openai_human_written_examples": 2.6407343626022337,
    "mbpp_rewrite_groundtruth_in_own_words": 3.3941760897636413
}