{
    "hellaswag_step_by_step": 3.597903315226237,
    "hellaswag_claude": 2.7496097723642987,
    "hellaswag_gpt4_style_in_context_examples": 2.7674214402834574,
    "hellaswag_gpt4": 4.741558861732483,
    "hellaswag_mini_gpt4": 3.9467572768529258,
    "hellaswag_groundtruth": 795278.0275716146,
    "hellaswag_openai_human_written_examples": 4.180747818946839
}