{
    "plan_bench_execution_step_by_step": 2.343545202414195,
    "plan_bench_execution_claude": 2.3406320810317993,
    "plan_bench_execution_gpt4_style_in_context_examples": 2.5239800890286763,
    "plan_bench_execution_gpt4": 2.4679150303204853,
    "plan_bench_execution_mini_gpt4": 3.4339921553929647,
    "plan_bench_execution_groundtruth": 14.156674925486247,
    "plan_bench_execution_openai_human_written_examples": 3.399548816680908,
    "plan_bench_execution_rewrite_groundtruth_in_own_words": 3.616551327705383
}