{
    "hellaswag_step_by_step": 4.78898503780365,
    "hellaswag_claude": 3.9241159915924073,
    "hellaswag_gpt4_style_in_context_examples": 3.374423122406006,
    "hellaswag_gpt4": 4.9753237009048465,
    "hellaswag_mini_gpt4": 5.944287872314453,
    "hellaswag_groundtruth": 277.81283416748045,
    "hellaswag_openai_human_written_examples": 4.793261933326721
}