{
    "ecqa_step_by_step": 4.135837562878927,
    "ecqa_claude": 3.972210963567098,
    "ecqa_gpt4_style_in_context_examples": 4.82738200823466,
    "ecqa_gpt4": 4.733551422754924,
    "ecqa_mini_gpt4": 4.834751613934835,
    "ecqa_groundtruth": 12.93864582379659,
    "ecqa_openai_human_written_examples": 4.407287828127543,
    "ecqa_rewrite_groundtruth_in_own_words": 6.531433908144633
}