{
    "drop_step_by_step": 3.6245070060094196,
    "drop_claude": 2.9931801398595175,
    "drop_gpt4_style_in_context_examples": 3.301676062742869,
    "drop_gpt4": 4.158314375082652,
    "drop_mini_gpt4": 4.4933653195699055,
    "drop_groundtruth": 112.14843271970749,
    "drop_openai_human_written_examples": 3.2160557309786477
}