{
    "plan_bench_generalization_step_by_step": 1.9053791797161101,
    "plan_bench_generalization_claude": 2.3054826962947845,
    "plan_bench_generalization_gpt4_style_in_context_examples": 1.7784682977199555,
    "plan_bench_generalization_gpt4": 2.333559875488281,
    "plan_bench_generalization_mini_gpt4": 2.485416578054428,
    "plan_bench_generalization_groundtruth": 10.958517587184906,
    "plan_bench_generalization_openai_human_written_examples": 2.6659907746315,
    "plan_bench_generalization_rewrite_groundtruth_in_own_words": 2.7611175894737245
}