{
    "boolq_step_by_step": 3.6512544465065004,
    "boolq_claude": 2.8424461245536805,
    "boolq_gpt4_style_in_context_examples": 3.3544698643684385,
    "boolq_gpt4": 3.955437467098236,
    "boolq_mini_gpt4": 4.105881905555725,
    "boolq_groundtruth": 9.22011625289917,
    "boolq_openai_human_written_examples": 2.8733996081352235
}