{
    "math_algebra_step_by_step": 1.3684357023239135,
    "math_algebra_claude": 1.6894069910049438
}