{
    "plan_bench_execution_step_by_step": 1.8388163805007935,
    "plan_bench_execution_claude": 1.9223678469657899,
    "plan_bench_execution_gpt4_style_in_context_examples": 2.6516506671905518,
    "plan_bench_execution_gpt4": 2.126715886592865,
    "plan_bench_execution_mini_gpt4": 2.5994227170944213,
    "plan_bench_execution_groundtruth": 1.8350433111190796,
    "plan_bench_execution_openai_human_written_examples": 2.575192379951477,
    "plan_bench_execution_rewrite_groundtruth_in_own_words": 2.6621697306632996
}