{
    "mbpp_step_by_step": 2.123002212047577,
    "mbpp_claude": 1.8835007333755494,
    "mbpp_gpt4_style_in_context_examples": 2.2227248096466066,
    "mbpp_gpt4": 2.3501480054855346,
    "mbpp_mini_gpt4": 3.3707489252090452,
    "mbpp_groundtruth": 8.213676974773406,
    "mbpp_openai_human_written_examples": 2.545247826576233,
    "mbpp_rewrite_groundtruth_in_own_words": 3.487853243350983
}