{
    "drop_step_by_step": 2.4559651201963426,
    "drop_claude": 2.0110851907730103,
    "drop_gpt4_style_in_context_examples": 2.411255113482475,
    "drop_gpt4": 2.3647309505939482,
    "drop_mini_gpt4": 2.3287088119983674,
    "drop_groundtruth": 15.833705028295517,
    "drop_openai_human_written_examples": 2.068833892941475
}