{
    "mmlu_step_by_step": 4.623475017547608,
    "mmlu_claude": 3.2873712182044983,
    "mmlu_gpt4_style_in_context_examples": 4.500600819587707,
    "mmlu_gpt4": 4.326671559810638,
    "mmlu_mini_gpt4": 4.239507341384888,
    "mmlu_groundtruth": 32.77876461029053,
    "mmlu_openai_human_written_examples": 4.623095164299011
}