{
    "math_geometry_step_by_step": 2.5064301753044127,
    "math_geometry_claude": 2.6258471536636354,
    "math_geometry_gpt4_style_in_context_examples": 4.003877854347229,
    "math_geometry_gpt4": 2.580883712768555,
    "math_geometry_mini_gpt4": 2.3050882244110107,
    "math_geometry_groundtruth": 6.236346526145935,
    "math_geometry_openai_human_written_examples": 4.524138958454132,
    "math_geometry_rewrite_groundtruth_in_own_words": 3.211506381034851
}