{
    "plan_bench_execution_step_by_step": 1.7258556389808655,
    "plan_bench_execution_claude": 1.9647104036808014,
    "plan_bench_execution_gpt4_style_in_context_examples": 2.2030841481685637,
    "plan_bench_execution_gpt4": 1.8518268716335298,
    "plan_bench_execution_mini_gpt4": 2.8611763858795167,
    "plan_bench_execution_groundtruth": 2.051111534833908,
    "plan_bench_execution_openai_human_written_examples": 2.273922789096832,
    "plan_bench_execution_rewrite_groundtruth_in_own_words": 2.6201284635066986
}