{
    "math_geometry_step_by_step": 2.297706389427185,
    "math_geometry_claude": 2.4407466053962708,
    "math_geometry_gpt4_style_in_context_examples": 3.57611620426178,
    "math_geometry_gpt4": 2.368316090106964,
    "math_geometry_mini_gpt4": 2.181731379032135,
    "math_geometry_groundtruth": 2.8529740810394286,
    "math_geometry_openai_human_written_examples": 5.681512641906738,
    "math_geometry_rewrite_groundtruth_in_own_words": 2.528295373916626
}