{
    "plan_bench_generalization_step_by_step": 1.7273492884635926,
    "plan_bench_generalization_claude": 2.1996017575263975,
    "plan_bench_generalization_gpt4_style_in_context_examples": 1.5440332674980164,
    "plan_bench_generalization_gpt4": 2.0050135374069216,
    "plan_bench_generalization_mini_gpt4": 2.308053547143936,
    "plan_bench_generalization_groundtruth": 13.024821672439575
}