{
    "piqa_step_by_step": 3.35961305141449,
    "piqa_claude": 3.1569038105010985,
    "piqa_gpt4_style_in_context_examples": 4.006576871871948,
    "piqa_gpt4": 4.367693343162537,
    "piqa_mini_gpt4": 3.3806888961791994,
    "piqa_groundtruth": 532645.9803393554,
    "piqa_openai_human_written_examples": 4.420344200134277
}