{
    "mmlu_pro_law_step_by_step": 4.785235075950623,
    "mmlu_pro_law_claude": 3.321575379371643,
    "mmlu_pro_law_gpt4_style_in_context_examples": 5.093994836807251,
    "mmlu_pro_law_gpt4": 5.3476836347579955,
    "mmlu_pro_law_mini_gpt4": 4.405614671707153,
    "mmlu_pro_law_groundtruth": 365.21922375679014,
    "mmlu_pro_law_openai_human_written_examples": 6.831994218826294
}