{
    "plan_bench_optimality_step_by_step": 2.091371142466863,
    "plan_bench_optimality_claude": 2.088786035378774,
    "plan_bench_optimality_gpt4_style_in_context_examples": 1.855353858868281,
    "plan_bench_optimality_gpt4": 2.236060847043991,
    "plan_bench_optimality_mini_gpt4": 2.307394690910975,
    "plan_bench_optimality_groundtruth": 4.248367906411489,
    "plan_bench_optimality_openai_human_written_examples": 2.816170262893041,
    "plan_bench_optimality_rewrite_groundtruth_in_own_words": 2.7235532065232593
}