{
    "plan_bench_reuse_step_by_step": 2.252141853173574,
    "plan_bench_reuse_claude": 2.3375861843427024,
    "plan_bench_reuse_gpt4_style_in_context_examples": 2.092900574207306,
    "plan_bench_reuse_gpt4": 2.5615023493766786,
    "plan_bench_reuse_mini_gpt4": 3.05114338795344,
    "plan_bench_reuse_groundtruth": 3.6099573572476706,
    "plan_bench_reuse_openai_human_written_examples": 2.798417051633199,
    "plan_bench_reuse_rewrite_groundtruth_in_own_words": 3.28282253742218
}