{
    "mmlu_pro_law_step_by_step": 4.554251968860626,
    "mmlu_pro_law_claude": 3.212346701622009,
    "mmlu_pro_law_gpt4_style_in_context_examples": 4.829016984701156,
    "mmlu_pro_law_gpt4": 5.299341596364975,
    "mmlu_pro_law_mini_gpt4": 4.440733215808868
}