{
    "api_bank_step_by_step": 3.3206290721893312,
    "api_bank_claude": 3.040683913230896,
    "api_bank_gpt4_style_in_context_examples": 4.356104707717895,
    "api_bank_gpt4": 4.230116081237793,
    "api_bank_mini_gpt4": 4.083478498458862,
    "api_bank_groundtruth": 10.648383522033692,
    "api_bank_openai_human_written_examples": 3.756517028808594
}