{
    "plan_bench_reuse_step_by_step": 2.3088428556919096,
    "plan_bench_reuse_claude": 2.4008297395706175,
    "plan_bench_reuse_gpt4_style_in_context_examples": 2.129188905954361,
    "plan_bench_reuse_gpt4": 2.628198994398117,
    "plan_bench_reuse_mini_gpt4": 3.1276541030406952,
    "plan_bench_reuse_groundtruth": 9.703541100025177,
    "plan_bench_reuse_openai_human_written_examples": 3.325155609846115,
    "plan_bench_reuse_rewrite_groundtruth_in_own_words": 3.5440009105205537
}