{
    "plan_bench_verification_step_by_step": 1.6223662185668946,
    "plan_bench_verification_claude": 1.7938668656349182,
    "plan_bench_verification_gpt4_style_in_context_examples": 1.6566330981254578,
    "plan_bench_verification_gpt4": 1.7184237051010132,
    "plan_bench_verification_mini_gpt4": 2.5250378751754763,
    "plan_bench_verification_groundtruth": 3.7564004373550417,
    "plan_bench_verification_openai_human_written_examples": 2.0069536781311035,
    "plan_bench_verification_rewrite_groundtruth_in_own_words": 2.665787110328674
}