{
    "ecqa_step_by_step": 4.114644250869751,
    "ecqa_claude": 3.955988907814026,
    "ecqa_gpt4_style_in_context_examples": 4.745505976676941,
    "ecqa_gpt4": 4.73505765914917,
    "ecqa_mini_gpt4": 4.814880542755127,
    "ecqa_groundtruth": 13.224370708465576,
    "ecqa_openai_human_written_examples": 4.415102090835571,
    "ecqa_rewrite_groundtruth_in_own_words": 6.047923445701599
}