{
    "gsm8k_step_by_step": 1.9631837344169616,
    "gsm8k_claude": 2.1607857489585878,
    "gsm8k_gpt4_style_in_context_examples": 2.254829647541046,
    "gsm8k_gpt4": 2.148667492866516,
    "gsm8k_mini_gpt4": 2.222106740474701,
    "gsm8k_groundtruth": 4.070973315238953,
    "gsm8k_openai_human_written_examples": 2.685244047641754,
    "gsm8k_rewrite_groundtruth_in_own_words": 4.870672073364258
}