{
    "squad_step_by_step": 2.499566376209259,
    "squad_claude": 2.077433963616689,
    "squad_gpt4_style_in_context_examples": 2.535590966542562,
    "squad_gpt4": 3.519037469228109,
    "squad_mini_gpt4": 2.790908193588257,
    "squad_groundtruth": 7.05565109650294,
    "squad_openai_human_written_examples": 1.9983364979426066
}