{
    "boolq_step_by_step": 3.446788365840912,
    "boolq_claude": 2.5160597121715544,
    "boolq_gpt4_style_in_context_examples": 2.8277473139762876,
    "boolq_gpt4": 3.4059073972702025,
    "boolq_mini_gpt4": 3.1808101546764376,
    "boolq_groundtruth": 164.48423413276672,
    "boolq_openai_human_written_examples": 2.480946981906891
}