{
    "plan_bench_generation_step_by_step": 2.2570048809051513,
    "plan_bench_generation_claude": 1.8977100849151611,
    "plan_bench_generation_gpt4_style_in_context_examples": 2.307192659378052,
    "plan_bench_generation_gpt4": 2.4947059869766237,
    "plan_bench_generation_mini_gpt4": 2.4615800619125365,
    "plan_bench_generation_groundtruth": 3.2639831066131593,
    "plan_bench_generation_openai_human_written_examples": 3.2884354114532472,
    "plan_bench_generation_rewrite_groundtruth_in_own_words": 2.265132462978363
}