{
    "plan_bench_reuse_step_by_step": 2.1492244386672974,
    "plan_bench_reuse_claude": 2.383878924846649,
    "plan_bench_reuse_gpt4_style_in_context_examples": 2.1446080911159515,
    "plan_bench_reuse_gpt4": 2.5284194457530975,
    "plan_bench_reuse_mini_gpt4": 2.9038598310947417,
    "plan_bench_reuse_groundtruth": 2.3917337000370025,
    "plan_bench_reuse_openai_human_written_examples": 2.8529204511642456,
    "plan_bench_reuse_rewrite_groundtruth_in_own_words": 3.30052792429924
}