{
    "plan_bench_execution_step_by_step": 1.725868545770645,
    "plan_bench_execution_claude": 1.9227158391475678,
    "plan_bench_execution_gpt4_style_in_context_examples": 2.194446634054184,
    "plan_bench_execution_gpt4": 1.8562370979785918,
    "plan_bench_execution_mini_gpt4": 2.811249977350235,
    "plan_bench_execution_groundtruth": 1.9009922158718109,
    "plan_bench_execution_openai_human_written_examples": 2.2326701641082765,
    "plan_bench_execution_rewrite_groundtruth_in_own_words": 2.5679713559150694
}