{
    "plan_bench_reuse_step_by_step": 2.230018444856008,
    "plan_bench_reuse_claude": 2.2956276694933573,
    "plan_bench_reuse_gpt4_style_in_context_examples": 2.067997137705485,
    "plan_bench_reuse_gpt4": 2.546877471605937,
    "plan_bench_reuse_mini_gpt4": 3.026906700929006,
    "plan_bench_reuse_groundtruth": 2.3995739380518595,
    "plan_bench_reuse_openai_human_written_examples": 2.7423582514127096,
    "plan_bench_reuse_rewrite_groundtruth_in_own_words": 3.214823281764984
}