{
    "mmlu_pro_law_step_by_step": 4.329841184616089,
    "mmlu_pro_law_claude": 3.005048632621765,
    "mmlu_pro_law_gpt4_style_in_context_examples": 4.099982690811157,
    "mmlu_pro_law_gpt4": 5.206134676933289,
    "mmlu_pro_law_mini_gpt4": 3.9500195264816282,
    "mmlu_pro_law_groundtruth": 889.084506225586,
    "mmlu_pro_law_openai_human_written_examples": 4.655012249946594
}