{
    "squad_step_by_step": 3.5619900465011596,
    "squad_claude": 2.671533270676931,
    "squad_gpt4_style_in_context_examples": 3.4902018388112386,
    "squad_gpt4": 4.611295592784882,
    "squad_mini_gpt4": 4.029098693529765,
    "squad_groundtruth": 15.06811982790629,
    "squad_openai_human_written_examples": 2.657437527179718
}