{
    "ecqa_step_by_step": 4.02179000377655,
    "ecqa_claude": 3.685144805908203,
    "ecqa_gpt4_style_in_context_examples": 4.113966417312622,
    "ecqa_gpt4": 6.364738035202026,
    "ecqa_mini_gpt4": 5.465206432342529,
    "ecqa_groundtruth": 43.09587001800537,
    "ecqa_openai_human_written_examples": 4.9383831262588505,
    "ecqa_rewrite_groundtruth_in_own_words": 8.62078013420105
}