{
    "plan_bench_reuse_step_by_step": 2.206316924095154,
    "plan_bench_reuse_claude": 2.522367505232493,
    "plan_bench_reuse_gpt4_style_in_context_examples": 2.1155096650123597,
    "plan_bench_reuse_gpt4": 2.476829453309377,
    "plan_bench_reuse_mini_gpt4": 3.107606569925944,
    "plan_bench_reuse_groundtruth": 6.734983408451081,
    "plan_bench_reuse_openai_human_written_examples": 3.3484539866447447,
    "plan_bench_reuse_rewrite_groundtruth_in_own_words": 3.3690877159436545
}