{
    "mmlu_step_by_step": 4.809574437141419,
    "mmlu_claude": 3.458707721233368
}