{
    "plan_bench_optimality_step_by_step": 2.1075037443637847,
    "plan_bench_optimality_claude": 2.071199219226837,
    "plan_bench_optimality_gpt4_style_in_context_examples": 1.8753458487987518,
    "plan_bench_optimality_gpt4": 2.2230870628356936,
    "plan_bench_optimality_mini_gpt4": 2.287952127456665,
    "plan_bench_optimality_groundtruth": 12.572668681144714,
    "plan_bench_optimality_openai_human_written_examples": 2.7427184426784517,
    "plan_bench_optimality_rewrite_groundtruth_in_own_words": 2.778176319599152
}