{
    "hellaswag_step_by_step": 4.843979330062866,
    "hellaswag_claude": 3.9664901375770567,
    "hellaswag_gpt4_style_in_context_examples": 3.7773829603195193,
    "hellaswag_gpt4": 6.481037063598633,
    "hellaswag_mini_gpt4": 6.4030496430397035,
    "hellaswag_groundtruth": 48237668.67216797,
    "hellaswag_openai_human_written_examples": 6.229560263156891
}