{
    "plan_bench_optimality_step_by_step": 1.8174150443077088,
    "plan_bench_optimality_claude": 1.9487505793571471,
    "plan_bench_optimality_gpt4_style_in_context_examples": 1.653062219619751,
    "plan_bench_optimality_gpt4": 2.0254973196983337,
    "plan_bench_optimality_mini_gpt4": 2.0370978212356565,
    "plan_bench_optimality_groundtruth": 3.505751941204071,
    "plan_bench_optimality_openai_human_written_examples": 2.4326183152198793,
    "plan_bench_optimality_rewrite_groundtruth_in_own_words": 2.360709569454193
}