{
    "plan_bench_generalization_step_by_step": 1.7771497356891632,
    "plan_bench_generalization_claude": 1.8880894434452058,
    "plan_bench_generalization_gpt4_style_in_context_examples": 1.5764283907413483,
    "plan_bench_generalization_gpt4": 2.0842256438732147,
    "plan_bench_generalization_mini_gpt4": 2.077871947288513,
    "plan_bench_generalization_groundtruth": 1.6529120469093324,
    "plan_bench_generalization_openai_human_written_examples": 2.310828092098236,
    "plan_bench_generalization_rewrite_groundtruth_in_own_words": 2.1987012898921967
}