{
    "plan_bench_optimality_step_by_step": 1.8945685887336732,
    "plan_bench_optimality_claude": 2.009880216121674,
    "plan_bench_optimality_gpt4_style_in_context_examples": 1.6581457138061524,
    "plan_bench_optimality_gpt4": 2.021890172958374,
    "plan_bench_optimality_mini_gpt4": 2.0703687477111816,
    "plan_bench_optimality_groundtruth": 6.5930625700950625,
    "plan_bench_optimality_openai_human_written_examples": 2.4606756472587588,
    "plan_bench_optimality_rewrite_groundtruth_in_own_words": 2.480269331932068
}