{
    "agieval_step_by_step": 4.040000224113465,
    "agieval_claude": 2.7706350922584533,
    "agieval_gpt4_style_in_context_examples": 3.9445544719696044,
    "agieval_gpt4": 4.890222406387329,
    "agieval_mini_gpt4": 3.3614741802215575,
    "agieval_groundtruth": 21787788.1875,
    "agieval_openai_human_written_examples": 5.363630294799805
}