{
    "mmlu_pro_law_step_by_step": 4.299314069747925,
    "mmlu_pro_law_claude": 3.2277628898620607,
    "mmlu_pro_law_gpt4_style_in_context_examples": 5.184721191724141,
    "mmlu_pro_law_gpt4": 5.310866125424703,
    "mmlu_pro_law_mini_gpt4": 3.9501967668533324,
    "mmlu_pro_law_groundtruth": 518.6437729477882,
    "mmlu_pro_law_openai_human_written_examples": 6.126805146535237
}