{
    "plan_bench_optimality_step_by_step": 2.3680543732643127,
    "plan_bench_optimality_claude": 2.7936781704425813,
    "plan_bench_optimality_gpt4_style_in_context_examples": 2.288933697938919,
    "plan_bench_optimality_gpt4": 2.622677434682846,
    "plan_bench_optimality_mini_gpt4": 2.741737344264984,
    "plan_bench_optimality_groundtruth": 14.422943120002747,
    "plan_bench_optimality_openai_human_written_examples": 3.380010392665863,
    "plan_bench_optimality_rewrite_groundtruth_in_own_words": 3.4011386644840242
}