{
    "math_algebra_step_by_step": 1.419216509660085,
    "math_algebra_claude": 1.7371940811475117,
    "math_algebra_gpt4_style_in_context_examples": 16.536316072940828,
    "math_algebra_gpt4": 2.5815040429433185,
    "math_algebra_mini_gpt4": 1.4210009932518006,
    "math_algebra_groundtruth": 3.222185464700063,
    "math_algebra_openai_human_written_examples": 1.7786070148150126,
    "math_algebra_rewrite_groundtruth_in_own_words": 2.5325856169064838
}