{
    "plan_bench_replaning_step_by_step": 2.664321275949478,
    "plan_bench_replaning_claude": 2.4413599026203157,
    "plan_bench_replaning_gpt4_style_in_context_examples": 3.148863469362259,
    "plan_bench_replaning_gpt4": 3.2087701046466828,
    "plan_bench_replaning_mini_gpt4": 2.9178124034404753,
    "plan_bench_replaning_groundtruth": 5.213538179397583,
    "plan_bench_replaning_openai_human_written_examples": 3.2846715557575226,
    "plan_bench_replaning_rewrite_groundtruth_in_own_words": 3.713921650648117
}