{
    "piqa_step_by_step": 4.085582983493805,
    "piqa_claude": 3.704313976764679,
    "piqa_gpt4_style_in_context_examples": 4.821147661209107,
    "piqa_gpt4": 5.083613002300263,
    "piqa_mini_gpt4": 4.213952453136444,
    "piqa_groundtruth": 135.81317588806152,
    "piqa_openai_human_written_examples": 4.7036773753166194
}