{
    "plan_bench_reuse_step_by_step": 2.2554433425267537,
    "plan_bench_reuse_claude": 2.623517974217733,
    "plan_bench_reuse_gpt4_style_in_context_examples": 2.1489866773287454,
    "plan_bench_reuse_gpt4": 2.5597006996472675,
    "plan_bench_reuse_mini_gpt4": 3.1494305610656737,
    "plan_bench_reuse_groundtruth": 22.289025564988453,
    "plan_bench_reuse_openai_human_written_examples": 3.531685304641724,
    "plan_bench_reuse_rewrite_groundtruth_in_own_words": 3.6390405734380087
}