{
    "plan_bench_reuse_step_by_step": 2.3884838354587554,
    "plan_bench_reuse_claude": 2.837350678443909
}