{
    "winogrande_step_by_step": 4.933023290634155,
    "winogrande_claude": 3.6583358001708985,
    "winogrande_gpt4_style_in_context_examples": 4.445557737350464,
    "winogrande_gpt4": 6.740047426223755,
    "winogrande_mini_gpt4": 5.279657793045044,
    "winogrande_groundtruth": 12.1339852643013,
    "winogrande_openai_human_written_examples": 5.532821707725525
}