{
    "arc_challenge_step_by_step": 3.2888484716415407,
    "arc_challenge_claude": 3.161736285686493,
    "arc_challenge_gpt4_style_in_context_examples": 3.2527127067248025,
    "arc_challenge_gpt4": 3.6739164352416993,
    "arc_challenge_mini_gpt4": 3.528449308872223,
    "arc_challenge_groundtruth": 81843.31806640625,
    "arc_challenge_openai_human_written_examples": 3.724912186463674
}