{
    "mbpp_step_by_step": 2.0143322110176087,
    "mbpp_claude": 2.0134508752822877,
    "mbpp_gpt4_style_in_context_examples": 2.008438892364502,
    "mbpp_gpt4": 2.6031664991378785,
    "mbpp_mini_gpt4": 3.2491367793083192,
    "mbpp_groundtruth": 7.702627069950104,
    "mbpp_openai_human_written_examples": 2.5366231846809386,
    "mbpp_rewrite_groundtruth_in_own_words": 3.770721957683563
}