{
    "drop_step_by_step": 2.1607003879547118,
    "drop_claude": 1.7680122137069703,
    "drop_gpt4_style_in_context_examples": 2.0024906873703,
    "drop_gpt4": 1.9297993779182434,
    "drop_mini_gpt4": 1.769126944541931,
    "drop_groundtruth": 6.713369607925415,
    "drop_openai_human_written_examples": 1.7456530809402466
}