{
    "api_bank_step_by_step": 3.305107616583506,
    "api_bank_claude": 3.3428363013267517,
    "api_bank_gpt4_style_in_context_examples": 4.129039098421733,
    "api_bank_gpt4": 3.9254528200626373,
    "api_bank_mini_gpt4": 4.180738737583161,
    "api_bank_groundtruth": 11.761891731421153,
    "api_bank_openai_human_written_examples": 3.865132606426875
}