{
    "gsm8k_step_by_step": 1.930930248896281,
    "gsm8k_claude": 2.0916293422381083,
    "gsm8k_gpt4_style_in_context_examples": 1.9635494192441305,
    "gsm8k_gpt4": 1.9884423613548279,
    "gsm8k_mini_gpt4": 2.109110915660858,
    "gsm8k_groundtruth": 3.9581672469774882,
    "gsm8k_openai_human_written_examples": 2.2873462120691936,
    "gsm8k_rewrite_groundtruth_in_own_words": 4.399551868438721
}