{
    "plan_bench_reuse_step_by_step": 2.2448705077171325,
    "plan_bench_reuse_claude": 2.572863459587097,
    "plan_bench_reuse_gpt4_style_in_context_examples": 2.2157955884933473,
    "plan_bench_reuse_gpt4": 2.6634397149085998,
    "plan_bench_reuse_mini_gpt4": 3.542251229286194,
    "plan_bench_reuse_groundtruth": 19.940853548049926,
    "plan_bench_reuse_openai_human_written_examples": 2.963790202140808,
    "plan_bench_reuse_rewrite_groundtruth_in_own_words": 3.700953984260559
}