{
    "arc_challenge_step_by_step": 3.6584025168418886,
    "arc_challenge_claude": 3.204562797546387,
    "arc_challenge_gpt4_style_in_context_examples": 3.233888590335846,
    "arc_challenge_gpt4": 3.7302975964546206,
    "arc_challenge_mini_gpt4": 3.722811155319214,
    "arc_challenge_groundtruth": 85332.296640625,
    "arc_challenge_openai_human_written_examples": 3.9763546442985533
}