{
    "plan_bench_generation_step_by_step": 2.1513612548510235,
    "plan_bench_generation_claude": 2.1753373026847838,
    "plan_bench_generation_gpt4_style_in_context_examples": 2.215833834807078,
    "plan_bench_generation_gpt4": 2.1591484904289246,
    "plan_bench_generation_mini_gpt4": 2.5466228167215985,
    "plan_bench_generation_groundtruth": 100.48417488733928,
    "plan_bench_generation_openai_human_written_examples": 2.577945800622304,
    "plan_bench_generation_rewrite_groundtruth_in_own_words": 3.3758429567019146
}