{
    "math_algebra_step_by_step": 1.36595059633255,
    "math_algebra_claude": 1.6685906767845153,
    "math_algebra_gpt4_style_in_context_examples": 2.0942824721336364,
    "math_algebra_gpt4": 1.3232504844665527,
    "math_algebra_mini_gpt4": 1.298162043094635,
    "math_algebra_groundtruth": 3.283433735370636,
    "math_algebra_openai_human_written_examples": 1.449698305130005,
    "math_algebra_rewrite_groundtruth_in_own_words": 2.1847588419914246
}