{
    "plan_bench_replaning_step_by_step": 2.8689965923627216,
    "plan_bench_replaning_claude": 2.8120157361030578,
    "plan_bench_replaning_gpt4_style_in_context_examples": 3.1172382990519205,
    "plan_bench_replaning_gpt4": 6.906709257761637,
    "plan_bench_replaning_mini_gpt4": 2.910116179784139,
    "plan_bench_replaning_groundtruth": 2696.3303649902346,
    "plan_bench_replaning_openai_human_written_examples": 3.800827225049337,
    "plan_bench_replaning_rewrite_groundtruth_in_own_words": 4.240307688713074
}