{
    "plan_bench_verification_step_by_step": 1.506267249584198,
    "plan_bench_verification_claude": 1.6853873968124389,
    "plan_bench_verification_gpt4_style_in_context_examples": 1.3881953597068786,
    "plan_bench_verification_gpt4": 1.49481999874115,
    "plan_bench_verification_mini_gpt4": 2.0167141795158385,
    "plan_bench_verification_groundtruth": 7.014971733093262,
    "plan_bench_verification_openai_human_written_examples": 1.7848362803459168,
    "plan_bench_verification_rewrite_groundtruth_in_own_words": 2.4214791536331175
}