{
    "gsm8k_step_by_step": 1.9894384157657623,
    "gsm8k_claude": 2.0996117758750916,
    "gsm8k_gpt4_style_in_context_examples": 2.405825984477997,
    "gsm8k_gpt4": 2.5679390013217924,
    "gsm8k_mini_gpt4": 2.0707244229316712,
    "gsm8k_groundtruth": 4.088710654973983,
    "gsm8k_openai_human_written_examples": 2.2782977843284606,
    "gsm8k_rewrite_groundtruth_in_own_words": 3.8073508620262144
}