{
    "plan_bench_execution_step_by_step": 1.8618220680952071,
    "plan_bench_execution_claude": 1.9068910783529283,
    "plan_bench_execution_gpt4_style_in_context_examples": 2.3187529790401458,
    "plan_bench_execution_gpt4": 2.010736065506935,
    "plan_bench_execution_mini_gpt4": 2.7539531844854355,
    "plan_bench_execution_groundtruth": 1.849360111951828,
    "plan_bench_execution_openai_human_written_examples": 2.310537984967232,
    "plan_bench_execution_rewrite_groundtruth_in_own_words": 2.64885886490345
}