{
    "plan_bench_generalization_step_by_step": 1.7704572081565857,
    "plan_bench_generalization_claude": 2.2674650073051454,
    "plan_bench_generalization_gpt4_style_in_context_examples": 1.600834414958954,
    "plan_bench_generalization_gpt4": 2.0309295201301576,
    "plan_bench_generalization_mini_gpt4": 2.1315272068977356,
    "plan_bench_generalization_groundtruth": 1.8198553013801575,
    "plan_bench_generalization_openai_human_written_examples": 2.660699636936188,
    "plan_bench_generalization_rewrite_groundtruth_in_own_words": 2.368139078617096
}