{
    "piqa_step_by_step": 4.169508657455444,
    "piqa_claude": 3.776475019454956,
    "piqa_gpt4_style_in_context_examples": 4.911029380559921,
    "piqa_gpt4": 5.052988533973694,
    "piqa_mini_gpt4": 4.203115562200546,
    "piqa_groundtruth": 160.5172741317749,
    "piqa_openai_human_written_examples": 4.935543923377991
}