{
    "gsm8k_step_by_step": 1.590108207464218,
    "gsm8k_claude": 1.7466724991798401
}