{
    "drop_step_by_step": 2.8817383368810017,
    "drop_claude": 2.6790740569432576,
    "drop_gpt4_style_in_context_examples": 2.976210645834605,
    "drop_gpt4": 3.012815984090169,
    "drop_mini_gpt4": 3.671119523048401,
    "drop_groundtruth": 15.942081006368001,
    "drop_openai_human_written_examples": 2.3926567872365316
}