{
    "plan_bench_verification_step_by_step": 1.5009980356693269,
    "plan_bench_verification_claude": 1.6886654281616211,
    "plan_bench_verification_gpt4_style_in_context_examples": 1.415493379831314,
    "plan_bench_verification_gpt4": 1.5486259543895722,
    "plan_bench_verification_mini_gpt4": 2.1757763707637787,
    "plan_bench_verification_groundtruth": 6.609493300914765,
    "plan_bench_verification_openai_human_written_examples": 1.8126672744750976,
    "plan_bench_verification_rewrite_groundtruth_in_own_words": 2.5193322956562043
}