{
    "ecqa_step_by_step": 3.982330560684204,
    "ecqa_claude": 3.850416970252991,
    "ecqa_gpt4_style_in_context_examples": 4.544333338737488,
    "ecqa_gpt4": 4.243384981155396,
    "ecqa_mini_gpt4": 4.650272464752197,
    "ecqa_groundtruth": 12.585969638824462,
    "ecqa_openai_human_written_examples": 5.115198922157288,
    "ecqa_rewrite_groundtruth_in_own_words": 5.615831804275513
}