{
    "gsm8k_step_by_step": 2.020864304304123,
    "gsm8k_claude": 2.210255844593048,
    "gsm8k_gpt4_style_in_context_examples": 2.279566761255264,
    "gsm8k_gpt4": 2.098656952381134,
    "gsm8k_mini_gpt4": 2.137826747894287,
    "gsm8k_groundtruth": 4.347421947717667,
    "gsm8k_openai_human_written_examples": 2.6698048543930053,
    "gsm8k_rewrite_groundtruth_in_own_words": 4.738814034461975
}