{
    "plan_bench_optimality_step_by_step": 1.83274085521698,
    "plan_bench_optimality_claude": 2.0081552863121033,
    "plan_bench_optimality_gpt4_style_in_context_examples": 1.661795711517334,
    "plan_bench_optimality_gpt4": 2.0598678549130756,
    "plan_bench_optimality_mini_gpt4": 1.9741327524185182,
    "plan_bench_optimality_groundtruth": 4.285334316889445,
    "plan_bench_optimality_openai_human_written_examples": 2.477003578344981,
    "plan_bench_optimality_rewrite_groundtruth_in_own_words": 2.4585936069488525
}