{
    "squad_step_by_step": 5.220939970016479,
    "squad_claude": 3.1413482427597046,
    "squad_gpt4_style_in_context_examples": 3.6619582414627074,
    "squad_gpt4": 6.397367417812347,
    "squad_mini_gpt4": 4.3788171172142025,
    "squad_groundtruth": 200.7030641913414,
    "squad_openai_human_written_examples": 3.556573450565338
}