{
    "plan_bench_verification_step_by_step": 1.5818199223279954,
    "plan_bench_verification_claude": 1.7562985402345657,
    "plan_bench_verification_gpt4_style_in_context_examples": 1.5146738481521607,
    "plan_bench_verification_gpt4": 1.650133240222931,
    "plan_bench_verification_mini_gpt4": 2.306349321603775,
    "plan_bench_verification_groundtruth": 4.096287457942963,
    "plan_bench_verification_openai_human_written_examples": 1.9438425767421723,
    "plan_bench_verification_rewrite_groundtruth_in_own_words": 2.7265669190883637
}