{
    "arc_challenge_step_by_step": 3.6017487931251524,
    "arc_challenge_claude": 2.9666540491580964,
    "arc_challenge_gpt4_style_in_context_examples": 3.2255412685871123,
    "arc_challenge_gpt4": 4.06918676217397,
    "arc_challenge_mini_gpt4": 3.522019474506378,
    "arc_challenge_groundtruth": 60880339.10016573,
    "arc_challenge_openai_human_written_examples": 4.235810224215189
}