{
    "mmlu_pro_law_step_by_step": 4.241523752212524,
    "mmlu_pro_law_claude": 3.0674179887771604,
    "mmlu_pro_law_gpt4_style_in_context_examples": 4.623781132698059,
    "mmlu_pro_law_gpt4": 5.434706282615662,
    "mmlu_pro_law_mini_gpt4": 4.289399919509887,
    "mmlu_pro_law_groundtruth": 331.4022100543976,
    "mmlu_pro_law_openai_human_written_examples": 5.633285055160522
}