{
    "plan_bench_replaning_step_by_step": 2.3412262638409933,
    "plan_bench_replaning_claude": 2.55583997964859,
    "plan_bench_replaning_gpt4_style_in_context_examples": 3.163149897257487,
    "plan_bench_replaning_gpt4": 2.930481994152069,
    "plan_bench_replaning_mini_gpt4": 2.7899234453837076,
    "plan_bench_replaning_groundtruth": 384.4790655573209,
    "plan_bench_replaning_openai_human_written_examples": 3.5099775513013203,
    "plan_bench_replaning_rewrite_groundtruth_in_own_words": 3.7139589905738832
}