{
    "plan_bench_optimality_step_by_step": 2.0632962691783905,
    "plan_bench_optimality_claude": 2.0707595956325533,
    "plan_bench_optimality_gpt4_style_in_context_examples": 1.8694962203502654,
    "plan_bench_optimality_gpt4": 2.1969183790683746,
    "plan_bench_optimality_mini_gpt4": 2.2832185614109037,
    "plan_bench_optimality_groundtruth": 4.033972994089127,
    "plan_bench_optimality_openai_human_written_examples": 2.8009134411811827,
    "plan_bench_optimality_rewrite_groundtruth_in_own_words": 2.6570104432106016
}