{
    "piqa_step_by_step": 4.170097303390503,
    "piqa_claude": 3.6824541330337524,
    "piqa_gpt4_style_in_context_examples": 5.176142978668213,
    "piqa_gpt4": 5.490396738052368,
    "piqa_mini_gpt4": 4.054033279418945,
    "piqa_groundtruth": 116.82171325683593,
    "piqa_openai_human_written_examples": 4.991274833679199
}