{
    "plan_bench_verification_step_by_step": 1.5721741199493409,
    "plan_bench_verification_claude": 1.9353530287742615,
    "plan_bench_verification_gpt4_style_in_context_examples": 1.5174665331840516,
    "plan_bench_verification_gpt4": 1.6216921091079712,
    "plan_bench_verification_mini_gpt4": 2.3001864433288572,
    "plan_bench_verification_groundtruth": 4.236707282066345,
    "plan_bench_verification_openai_human_written_examples": 1.9857358455657959,
    "plan_bench_verification_rewrite_groundtruth_in_own_words": 2.663973128795624
}