{
    "math_algebra_step_by_step": 1.903854739665985,
    "math_algebra_claude": 1.985736576716105,
    "math_algebra_gpt4_style_in_context_examples": 7.183516772588094,
    "math_algebra_gpt4": 3.3775964260101317,
    "math_algebra_mini_gpt4": 1.872050674756368,
    "math_algebra_groundtruth": 2.5470537344614663,
    "math_algebra_openai_human_written_examples": 2.133742543061574,
    "math_algebra_rewrite_groundtruth_in_own_words": 2.738271872202555
}