{
    "mmlu_moral_scenarios_step_by_step": 3.7344617366790773,
    "mmlu_moral_scenarios_claude": 3.170352578163147,
    "mmlu_moral_scenarios_gpt4_style_in_context_examples": 3.4968854904174806,
    "mmlu_moral_scenarios_gpt4": 3.36766459941864,
    "mmlu_moral_scenarios_mini_gpt4": 3.3321604490280152,
    "mmlu_moral_scenarios_groundtruth": 608.9872009277344,
    "mmlu_moral_scenarios_openai_human_written_examples": 4.557304000854492
}