{
    "mmlu_step_by_step": 3.500426912307739,
    "mmlu_claude": 3.092099738121033,
    "mmlu_gpt4_style_in_context_examples": 3.4607677936553953,
    "mmlu_gpt4": 4.37858350276947,
    "mmlu_mini_gpt4": 3.2948731184005737,
    "mmlu_groundtruth": 152.37521934509277,
    "mmlu_openai_human_written_examples": 4.837170481681824
}