{
    "plan_bench_generation_step_by_step": 2.2260707998275757,
    "plan_bench_generation_claude": 2.1952598202228546,
    "plan_bench_generation_gpt4_style_in_context_examples": 2.338066152334213,
    "plan_bench_generation_gpt4": 2.3869520843029024,
    "plan_bench_generation_mini_gpt4": 2.8155390095710753,
    "plan_bench_generation_groundtruth": 16.322768456935883,
    "plan_bench_generation_openai_human_written_examples": 2.725047912597656,
    "plan_bench_generation_rewrite_groundtruth_in_own_words": 2.912807412147522
}