{
    "gsm8k_step_by_step": 1.6145782113075255,
    "gsm8k_claude": 1.7454235235850015,
    "gsm8k_gpt4_style_in_context_examples": 1.666770827770233,
    "gsm8k_gpt4": 1.5736459573109944,
    "gsm8k_mini_gpt4": 1.5717686931292216,
    "gsm8k_groundtruth": 2.228256869316101,
    "gsm8k_openai_human_written_examples": 1.92524098555247,
    "gsm8k_rewrite_groundtruth_in_own_words": 3.0813639402389525
}