{
    "math_algebra_step_by_step": 2.0184269833564756,
    "math_algebra_claude": 2.016990292072296,
    "math_algebra_gpt4_style_in_context_examples": 3.4315698385238647,
    "math_algebra_gpt4": 1.9088957738876342,
    "math_algebra_mini_gpt4": 1.9176993680000305,
    "math_algebra_groundtruth": 2.6201178884506224,
    "math_algebra_openai_human_written_examples": 2.0601384043693542,
    "math_algebra_rewrite_groundtruth_in_own_words": 2.718097746372223
}