{
    "mmlu_step_by_step": 4.386417237917582,
    "mmlu_claude": 3.239042353630066,
    "mmlu_gpt4_style_in_context_examples": 4.819911487897238,
    "mmlu_gpt4": 4.932605401674906,
    "mmlu_mini_gpt4": 4.622068627675374,
    "mmlu_groundtruth": 45.08317724863688,
    "mmlu_openai_human_written_examples": 5.251508529980978
}