{
    "drop_step_by_step": 2.7901564240455627,
    "drop_claude": 1.9638496518135071,
    "drop_gpt4_style_in_context_examples": 2.4485979318618774,
    "drop_gpt4": 2.28871465921402,
    "drop_mini_gpt4": 2.2124254941940307,
    "drop_groundtruth": 10.818441987037659,
    "drop_openai_human_written_examples": 2.1498762130737306
}