{
    "plan_bench_replaning_step_by_step": 3.275575077533722,
    "plan_bench_replaning_claude": 2.6270368933677672,
    "plan_bench_replaning_gpt4_style_in_context_examples": 3.000095045566559,
    "plan_bench_replaning_gpt4": 3.0738969683647155,
    "plan_bench_replaning_mini_gpt4": 2.6450703978538512,
    "plan_bench_replaning_groundtruth": 8.471860420703887,
    "plan_bench_replaning_openai_human_written_examples": 3.503227782249451,
    "plan_bench_replaning_rewrite_groundtruth_in_own_words": 4.618481111526489
}