{
    "drop_step_by_step": 2.6817536910374957,
    "drop_claude": 2.863575104872386,
    "drop_gpt4_style_in_context_examples": 2.5781601508458456,
    "drop_gpt4": 2.708210456371307,
    "drop_mini_gpt4": 2.4430892427762347,
    "drop_groundtruth": 164.153522002697,
    "drop_openai_human_written_examples": 2.5752893169720967
}