{
    "plan_bench_reuse_step_by_step": 2.352145702838898,
    "plan_bench_reuse_claude": 2.485625506639481,
    "plan_bench_reuse_gpt4_style_in_context_examples": 2.1501433384418487,
    "plan_bench_reuse_gpt4": 2.6638794791698457,
    "plan_bench_reuse_mini_gpt4": 3.1998555517196654,
    "plan_bench_reuse_groundtruth": 11.34221801519394,
    "plan_bench_reuse_openai_human_written_examples": 3.4355082547664644,
    "plan_bench_reuse_rewrite_groundtruth_in_own_words": 3.7303056585788728
}