{
    "squad_step_by_step": 3.2523186665773394,
    "squad_claude": 2.5522361463308334,
    "squad_gpt4_style_in_context_examples": 3.309212085008621,
    "squad_gpt4": 4.277143983840943,
    "squad_mini_gpt4": 3.7501279842853545,
    "squad_groundtruth": 10.49979720711708,
    "squad_openai_human_written_examples": 2.6340171545743942
}