{
    "plan_bench_generation_step_by_step": 2.0513434588909147,
    "plan_bench_generation_claude": 1.9287807834148407,
    "plan_bench_generation_gpt4_style_in_context_examples": 2.083932514190674,
    "plan_bench_generation_gpt4": 2.1964971685409544,
    "plan_bench_generation_mini_gpt4": 2.420292284488678,
    "plan_bench_generation_groundtruth": 5.512912230491638,
    "plan_bench_generation_openai_human_written_examples": 2.5254680466651918,
    "plan_bench_generation_rewrite_groundtruth_in_own_words": 2.315958412885666
}