{
    "plan_bench_generalization_step_by_step": 1.7260841059684753,
    "plan_bench_generalization_claude": 2.013794355392456,
    "plan_bench_generalization_gpt4_style_in_context_examples": 1.5271932148933411,
    "plan_bench_generalization_gpt4": 1.9326119709014893,
    "plan_bench_generalization_mini_gpt4": 2.0164089608192444,
    "plan_bench_generalization_groundtruth": 1.6335592532157899,
    "plan_bench_generalization_openai_human_written_examples": 2.543491954803467,
    "plan_bench_generalization_rewrite_groundtruth_in_own_words": 2.3495078754425047
}