{
    "boolq_step_by_step": 3.9341198897361753,
    "boolq_claude": 2.930976781845093,
    "boolq_gpt4_style_in_context_examples": 3.7783267283439637,
    "boolq_gpt4": 4.651873152256012,
    "boolq_mini_gpt4": 4.894923210144043,
    "boolq_groundtruth": 7.342545268535614,
    "boolq_openai_human_written_examples": 3.5021684408187865
}