{
    "plan_bench_execution_step_by_step": 1.7639097201824188,
    "plan_bench_execution_claude": 1.9321577966213226,
    "plan_bench_execution_gpt4_style_in_context_examples": 2.162136652469635,
    "plan_bench_execution_gpt4": 1.908532165288925,
    "plan_bench_execution_mini_gpt4": 2.824184967279434,
    "plan_bench_execution_groundtruth": 2.0466900098323824,
    "plan_bench_execution_openai_human_written_examples": 2.3136790835857393,
    "plan_bench_execution_rewrite_groundtruth_in_own_words": 2.6103526186943053
}