{
    "plan_bench_optimality_step_by_step": 2.4337089459101358,
    "plan_bench_optimality_claude": 2.9545972108840943,
    "plan_bench_optimality_gpt4_style_in_context_examples": 2.251422961552938,
    "plan_bench_optimality_gpt4": 2.709185024102529,
    "plan_bench_optimality_mini_gpt4": 2.7170862476030986,
    "plan_bench_optimality_groundtruth": 18.843283939361573,
    "plan_bench_optimality_openai_human_written_examples": 3.3811107079188027,
    "plan_bench_optimality_rewrite_groundtruth_in_own_words": 3.3141291538874307
}