{
    "plan_bench_replaning_step_by_step": 2.962803020477295,
    "plan_bench_replaning_claude": 2.607428824901581,
    "plan_bench_replaning_gpt4_style_in_context_examples": 2.9989283967018125,
    "plan_bench_replaning_gpt4": 3.1715709948539734,
    "plan_bench_replaning_mini_gpt4": 3.0685398769378662,
    "plan_bench_replaning_groundtruth": 15.591502165794372,
    "plan_bench_replaning_openai_human_written_examples": 3.947440295219421,
    "plan_bench_replaning_rewrite_groundtruth_in_own_words": 4.050325949192047
}