{
    "plan_bench_generalization_step_by_step": 1.676816213130951,
    "plan_bench_generalization_claude": 1.881201159954071,
    "plan_bench_generalization_gpt4_style_in_context_examples": 1.6363248229026794,
    "plan_bench_generalization_gpt4": 2.186112308502197,
    "plan_bench_generalization_mini_gpt4": 2.2853561282157897,
    "plan_bench_generalization_groundtruth": 1.5611199140548706,
    "plan_bench_generalization_openai_human_written_examples": 2.2549182772636414,
    "plan_bench_generalization_rewrite_groundtruth_in_own_words": 1.9706138014793395
}