{
    "plan_bench_optimality_step_by_step": 2.0597723507881165,
    "plan_bench_optimality_claude": 2.0624255764484407,
    "plan_bench_optimality_gpt4_style_in_context_examples": 1.8671394455432893,
    "plan_bench_optimality_gpt4": 2.19002388715744,
    "plan_bench_optimality_mini_gpt4": 2.276779762506485,
    "plan_bench_optimality_groundtruth": 4.1382939958572384,
    "plan_bench_optimality_openai_human_written_examples": 2.7941850662231444,
    "plan_bench_optimality_rewrite_groundtruth_in_own_words": 2.663614908456802
}