{
    "winogrande_step_by_step": 4.0594496885935465,
    "winogrande_claude": 3.3661240577697753,
    "winogrande_gpt4_style_in_context_examples": 4.063676238059998,
    "winogrande_gpt4": 4.172375098864237,
    "winogrande_mini_gpt4": 4.01166201432546,
    "winogrande_groundtruth": 6.230627727508545,
    "winogrande_openai_human_written_examples": 3.611581222216288
}