{
    "math_algebra_step_by_step": 1.8219700813293458,
    "math_algebra_claude": 2.0372597575187683,
    "math_algebra_gpt4_style_in_context_examples": 2.0402931451797484,
    "math_algebra_gpt4": 1.9973653316497804,
    "math_algebra_mini_gpt4": 1.837246835231781,
    "math_algebra_groundtruth": 4.59197553396225,
    "math_algebra_openai_human_written_examples": 2.0218530178070067,
    "math_algebra_rewrite_groundtruth_in_own_words": 2.7293065547943116
}