{
    "squad_step_by_step": 4.05203607082367,
    "squad_claude": 2.6919339656829835,
    "squad_gpt4_style_in_context_examples": 3.3142605781555177,
    "squad_gpt4": 4.193688440322876,
    "squad_mini_gpt4": 4.406454396247864,
    "squad_groundtruth": 10.96989438533783,
    "squad_openai_human_written_examples": 2.557456707954407
}