{
    "plan_bench_generation_step_by_step": 2.174703632593155,
    "plan_bench_generation_claude": 2.197578341960907,
    "plan_bench_generation_gpt4_style_in_context_examples": 2.2258256137371064,
    "plan_bench_generation_gpt4": 2.3512441408634186,
    "plan_bench_generation_mini_gpt4": 2.65363186955452,
    "plan_bench_generation_groundtruth": 67.28796537399292,
    "plan_bench_generation_openai_human_written_examples": 2.690451431274414,
    "plan_bench_generation_rewrite_groundtruth_in_own_words": 2.9786957406997683
}