{
    "math_algebra_step_by_step": 1.953944194316864,
    "math_algebra_claude": 1.9903090286254883,
    "math_algebra_gpt4_style_in_context_examples": 5.13640073299408,
    "math_algebra_gpt4": 2.972531049251556,
    "math_algebra_mini_gpt4": 1.914706552028656,
    "math_algebra_groundtruth": 2.544598248004913,
    "math_algebra_openai_human_written_examples": 2.08405681848526,
    "math_algebra_rewrite_groundtruth_in_own_words": 2.708629710674286
}