{
    "api_bank_step_by_step": 3.3017149066925047,
    "api_bank_claude": 3.469000554084778,
    "api_bank_gpt4_style_in_context_examples": 4.31601851940155,
    "api_bank_gpt4": 3.819375376701355,
    "api_bank_mini_gpt4": 4.573182811737061,
    "api_bank_groundtruth": 11.139862298965454,
    "api_bank_openai_human_written_examples": 3.8903836107254026
}