{
    "plan_bench_generalization_step_by_step": 1.6914515733718871,
    "plan_bench_generalization_claude": 2.0090093851089477,
    "plan_bench_generalization_gpt4_style_in_context_examples": 1.7056658506393432,
    "plan_bench_generalization_gpt4": 2.2808131098747255,
    "plan_bench_generalization_mini_gpt4": 2.37293016910553,
    "plan_bench_generalization_groundtruth": 1.596538257598877,
    "plan_bench_generalization_openai_human_written_examples": 2.372621703147888,
    "plan_bench_generalization_rewrite_groundtruth_in_own_words": 2.0972489595413206
}