{
    "mmlu_pro_law_step_by_step": 4.905127472877503,
    "mmlu_pro_law_claude": 3.505014433860779,
    "mmlu_pro_law_gpt4_style_in_context_examples": 5.101886334419251,
    "mmlu_pro_law_gpt4": 4.945784316062928,
    "mmlu_pro_law_mini_gpt4": 4.670987296104431,
    "mmlu_pro_law_groundtruth": 55.63981586456299,
    "mmlu_pro_law_openai_human_written_examples": 5.646007986068725
}