{
    "plan_bench_verification_step_by_step": 1.675577049255371,
    "plan_bench_verification_claude": 1.8654749631881713,
    "plan_bench_verification_gpt4_style_in_context_examples": 1.6963927745819092,
    "plan_bench_verification_gpt4": 1.7797451519966125,
    "plan_bench_verification_mini_gpt4": 2.7466139340400697,
    "plan_bench_verification_groundtruth": 24.725276222229002,
    "plan_bench_verification_openai_human_written_examples": 2.307860915660858,
    "plan_bench_verification_rewrite_groundtruth_in_own_words": 2.98161342382431
}