{
    "mmlu_pro_law_step_by_step": 4.309817997614543,
    "mmlu_pro_law_claude": 3.2324055274327597,
    "mmlu_pro_law_gpt4_style_in_context_examples": 5.215997934341431,
    "mmlu_pro_law_gpt4": 5.348452472686768,
    "mmlu_pro_law_mini_gpt4": 3.929151765505473,
    "mmlu_pro_law_groundtruth": 634.0669135570527,
    "mmlu_pro_law_openai_human_written_examples": 6.159713784853618
}