{
    "plan_bench_verification_step_by_step": 1.4796771430969238,
    "plan_bench_verification_claude": 1.6679197239875794,
    "plan_bench_verification_gpt4_style_in_context_examples": 1.3550862169265747,
    "plan_bench_verification_gpt4": 1.4926240158081054,
    "plan_bench_verification_mini_gpt4": 2.103119547367096,
    "plan_bench_verification_groundtruth": 10.29572416305542,
    "plan_bench_verification_openai_human_written_examples": 1.79880469083786,
    "plan_bench_verification_rewrite_groundtruth_in_own_words": 2.6112276482582093
}