{
    "math_algebra_step_by_step": 1.4323809742927551,
    "math_algebra_claude": 1.6026309370994567,
    "math_algebra_gpt4_style_in_context_examples": 1.8534605383872986,
    "math_algebra_gpt4": 1.3410186886787414,
    "math_algebra_mini_gpt4": 1.3336613297462463,
    "math_algebra_groundtruth": 2.9285323858261108,
    "math_algebra_openai_human_written_examples": 1.6718700170516967,
    "math_algebra_rewrite_groundtruth_in_own_words": 2.4153522133827208
}