{
    "math_geometry_step_by_step": 2.4531057834625245,
    "math_geometry_claude": 2.5564182138442995,
    "math_geometry_gpt4_style_in_context_examples": 4.5650035405158995,
    "math_geometry_gpt4": 2.7466708827018738,
    "math_geometry_mini_gpt4": 2.3902292370796205,
    "math_geometry_groundtruth": 2.990767500400543,
    "math_geometry_openai_human_written_examples": 4.682075824737549,
    "math_geometry_rewrite_groundtruth_in_own_words": 3.066494519710541
}