{
    "drop_step_by_step": 1.9953270363807678,
    "drop_claude": 1.6397071766853333,
    "drop_gpt4_style_in_context_examples": 1.8933773016929627,
    "drop_gpt4": 1.7691375851631164,
    "drop_mini_gpt4": 1.671434118747711,
    "drop_groundtruth": 7.6715107035636905,
    "drop_openai_human_written_examples": 1.7427710008621216
}