{
    "plan_bench_generation_step_by_step": 2.2540484619140626,
    "plan_bench_generation_claude": 1.9848569774627685,
    "plan_bench_generation_gpt4_style_in_context_examples": 2.142538802623749,
    "plan_bench_generation_gpt4": 2.3860128211975096,
    "plan_bench_generation_mini_gpt4": 2.742292983531952,
    "plan_bench_generation_groundtruth": 3.5597839069366457,
    "plan_bench_generation_openai_human_written_examples": 2.619393780231476,
    "plan_bench_generation_rewrite_groundtruth_in_own_words": 2.4327883434295656
}