{
    "math_geometry_step_by_step": 2.549695416291555,
    "math_geometry_claude": 2.555390512943268,
    "math_geometry_gpt4_style_in_context_examples": 3.44601833820343,
    "math_geometry_gpt4": 2.7610330462455748,
    "math_geometry_mini_gpt4": 2.2230236172676086,
    "math_geometry_groundtruth": 4.953216604391733,
    "math_geometry_openai_human_written_examples": 4.722841250896454,
    "math_geometry_rewrite_groundtruth_in_own_words": 3.3688564260800677
}