{
    "gsm8k_step_by_step": 1.5696992039680482,
    "gsm8k_claude": 1.8304542183876038,
    "gsm8k_gpt4_style_in_context_examples": 1.7134529948234558,
    "gsm8k_gpt4": 1.6701754570007323,
    "gsm8k_mini_gpt4": 1.7207295179367066,
    "gsm8k_groundtruth": 2.3780943632125853,
    "gsm8k_openai_human_written_examples": 1.875405740737915,
    "gsm8k_rewrite_groundtruth_in_own_words": 3.024097180366516
}