{
    "hellaswag_step_by_step": 4.587629135449728,
    "hellaswag_claude": 3.8784094572067263,
    "hellaswag_gpt4_style_in_context_examples": 3.8774980465571085,
    "hellaswag_gpt4": 7.50434996287028,
    "hellaswag_mini_gpt4": 6.51986350218455,
    "hellaswag_groundtruth": 104103802.309375,
    "hellaswag_openai_human_written_examples": 6.728949054082235
}