{
    "squad_step_by_step": 4.052982926368713,
    "squad_claude": 2.8209224462509157,
    "squad_gpt4_style_in_context_examples": 3.7322121620178224,
    "squad_gpt4": 5.625986909866333,
    "squad_mini_gpt4": 3.9599664926528932,
    "squad_groundtruth": 14.56219756603241,
    "squad_openai_human_written_examples": 2.942802882194519
}