{
    "plan_bench_generalization_step_by_step": 1.7936203757921854,
    "plan_bench_generalization_claude": 1.9410060405731202,
    "plan_bench_generalization_gpt4_style_in_context_examples": 1.6023318648338318,
    "plan_bench_generalization_gpt4": 2.4237173636754354,
    "plan_bench_generalization_mini_gpt4": 2.1662067572275796,
    "plan_bench_generalization_groundtruth": 1.9243042747179666,
    "plan_bench_generalization_openai_human_written_examples": 2.2929792324701945,
    "plan_bench_generalization_rewrite_groundtruth_in_own_words": 2.3520477016766868
}