{
    "plan_bench_reuse_step_by_step": 2.3056509335835775,
    "plan_bench_reuse_claude": 2.43023183743159,
    "plan_bench_reuse_gpt4_style_in_context_examples": 2.1536357466379803,
    "plan_bench_reuse_gpt4": 2.629333427349726,
    "plan_bench_reuse_mini_gpt4": 3.0542715164025624,
    "plan_bench_reuse_groundtruth": 9.094450777371724,
    "plan_bench_reuse_openai_human_written_examples": 3.3033525025844575,
    "plan_bench_reuse_rewrite_groundtruth_in_own_words": 3.6693300839265186
}