{
    "arc_challenge_step_by_step": 3.4883692979812624,
    "arc_challenge_claude": 3.412505578994751,
    "arc_challenge_gpt4_style_in_context_examples": 3.748942255973816,
    "arc_challenge_gpt4": 3.7265260934829714,
    "arc_challenge_mini_gpt4": 3.981013035774231,
    "arc_challenge_groundtruth": 75342.4244140625,
    "arc_challenge_openai_human_written_examples": 4.574805903434753
}