{
    "plan_bench_execution_step_by_step": 2.3228641867637636,
    "plan_bench_execution_claude": 2.5236191713809966,
    "plan_bench_execution_gpt4_style_in_context_examples": 2.4648981142044066,
    "plan_bench_execution_gpt4": 2.518034908771515,
    "plan_bench_execution_mini_gpt4": 3.6103680300712586,
    "plan_bench_execution_groundtruth": 12.002053229808807,
    "plan_bench_execution_openai_human_written_examples": 3.523552998304367,
    "plan_bench_execution_rewrite_groundtruth_in_own_words": 3.67743922829628
}