{
    "math_geometry_step_by_step": 2.7156538367271423,
    "math_geometry_claude": 2.4790330648422243,
    "math_geometry_gpt4_style_in_context_examples": 3.580741560459137,
    "math_geometry_gpt4": 2.657883906364441,
    "math_geometry_mini_gpt4": 2.217465174198151,
    "math_geometry_groundtruth": 4.6345516562461855,
    "math_geometry_openai_human_written_examples": 4.046510756015778,
    "math_geometry_rewrite_groundtruth_in_own_words": 3.533720278739929
}