{
    "squad_step_by_step": 2.9833636713027953,
    "squad_claude": 2.4218896579742433,
    "squad_gpt4_style_in_context_examples": 3.093737803697586,
    "squad_gpt4": 3.9923650646209716,
    "squad_mini_gpt4": 3.428277153968811,
    "squad_groundtruth": 6.889332444667816,
    "squad_openai_human_written_examples": 2.435028836727142
}