{
    "mbpp_step_by_step": 1.9622927069664002,
    "mbpp_claude": 1.9269762027263642,
    "mbpp_gpt4_style_in_context_examples": 2.026114671230316,
    "mbpp_gpt4": 2.111171064376831
}