{
    "plan_bench_generation_step_by_step": 2.2186534786224366,
    "plan_bench_generation_claude": 2.185285086631775,
    "plan_bench_generation_gpt4_style_in_context_examples": 2.4191829323768617,
    "plan_bench_generation_gpt4": 2.307248070240021,
    "plan_bench_generation_mini_gpt4": 2.8012956166267395,
    "plan_bench_generation_groundtruth": 18.67422691345215,
    "plan_bench_generation_openai_human_written_examples": 2.7974440741539,
    "plan_bench_generation_rewrite_groundtruth_in_own_words": 2.959615345001221
}