{
    "math_geometry_step_by_step": 2.4387737596035004,
    "math_geometry_claude": 2.628921368122101,
    "math_geometry_gpt4_style_in_context_examples": 3.837946437597275,
    "math_geometry_gpt4": 2.574311909675598,
    "math_geometry_mini_gpt4": 2.338084946076075,
    "math_geometry_groundtruth": 5.337485274473826,
    "math_geometry_openai_human_written_examples": 4.426303729613622,
    "math_geometry_rewrite_groundtruth_in_own_words": 3.3234079492092135
}