{
    "plan_bench_replaning_step_by_step": 2.6662058353424074,
    "plan_bench_replaning_claude": 2.7815114577611286,
    "plan_bench_replaning_gpt4_style_in_context_examples": 3.138459050655365,
    "plan_bench_replaning_gpt4": 3.4704463919003805,
    "plan_bench_replaning_mini_gpt4": 3.000493367513021,
    "plan_bench_replaning_groundtruth": 62.55936148564021,
    "plan_bench_replaning_openai_human_written_examples": 3.9064509073893228,
    "plan_bench_replaning_rewrite_groundtruth_in_own_words": 3.9474470535914103
}