{
    "plan_bench_optimality_step_by_step": 2.0310055295626324,
    "plan_bench_optimality_claude": 2.075208377838135,
    "plan_bench_optimality_gpt4_style_in_context_examples": 1.8018253246943157,
    "plan_bench_optimality_gpt4": 2.148783091704051,
    "plan_bench_optimality_mini_gpt4": 2.3382904728253684,
    "plan_bench_optimality_groundtruth": 3.195122543970744,
    "plan_bench_optimality_openai_human_written_examples": 2.654255783557892,
    "plan_bench_optimality_rewrite_groundtruth_in_own_words": 2.4763439416885378
}