{
    "plan_bench_generalization_step_by_step": 1.6232719818751018,
    "plan_bench_generalization_claude": 1.8603177785873413,
    "plan_bench_generalization_gpt4_style_in_context_examples": 1.4538474321365356,
    "plan_bench_generalization_gpt4": 1.8338846206665038,
    "plan_bench_generalization_mini_gpt4": 1.8929750442504882,
    "plan_bench_generalization_groundtruth": 2.582439351081848,
    "plan_bench_generalization_openai_human_written_examples": 2.1433520913124084,
    "plan_bench_generalization_rewrite_groundtruth_in_own_words": 2.1121682127316794
}