{
    "plan_bench_generation_step_by_step": 2.118515145778656,
    "plan_bench_generation_claude": 2.029613983631134,
    "plan_bench_generation_gpt4_style_in_context_examples": 2.4325167298316956,
    "plan_bench_generation_gpt4": 2.5384654998779297,
    "plan_bench_generation_mini_gpt4": 2.660396468639374,
    "plan_bench_generation_groundtruth": 3.225546991825104,
    "plan_bench_generation_openai_human_written_examples": 2.6307477593421935,
    "plan_bench_generation_rewrite_groundtruth_in_own_words": 2.311788010597229
}