{
    "mmlu_step_by_step": 4.7104252576828,
    "mmlu_claude": 3.4823436307907105,
    "mmlu_gpt4_style_in_context_examples": 4.636132209300995,
    "mmlu_gpt4": 4.895019237995148,
    "mmlu_mini_gpt4": 4.4744830989837645,
    "mmlu_groundtruth": 26.31844882965088,
    "mmlu_openai_human_written_examples": 5.192223672866821
}