{
    "boolq_step_by_step": 3.5112224197387696,
    "boolq_claude": 2.8915091514587403,
    "boolq_gpt4_style_in_context_examples": 3.204948627948761,
    "boolq_gpt4": 3.660718560218811,
    "boolq_mini_gpt4": 3.863412892818451,
    "boolq_groundtruth": 11.555995535850524
}