{
    "gsm8k_step_by_step": 1.9228555198510489,
    "gsm8k_claude": 1.9168232715129851,
    "gsm8k_gpt4_style_in_context_examples": 2.140987312793732,
    "gsm8k_gpt4": 2.4913258171081543,
    "gsm8k_mini_gpt4": 2.00246475537618,
    "gsm8k_groundtruth": 3.382585505247116,
    "gsm8k_openai_human_written_examples": 2.0361614473660787,
    "gsm8k_rewrite_groundtruth_in_own_words": 3.567097271680832
}