{
    "hellaswag_step_by_step": 4.707085165977478,
    "hellaswag_claude": 4.037398734092712,
    "hellaswag_gpt4_style_in_context_examples": 3.6189790296554567,
    "hellaswag_gpt4": 5.133388605117798,
    "hellaswag_mini_gpt4": 5.554171347618103,
    "hellaswag_groundtruth": 282.9632467651367,
    "hellaswag_openai_human_written_examples": 5.402717742919922
}