{
    "gsm8k_step_by_step": 1.9185238933563233,
    "gsm8k_claude": 1.903385192155838,
    "gsm8k_gpt4_style_in_context_examples": 1.9234081399440766,
    "gsm8k_gpt4": 1.9408560645580293,
    "gsm8k_mini_gpt4": 1.9558634769916534,
    "gsm8k_groundtruth": 3.497474179267883,
    "gsm8k_openai_human_written_examples": 1.9363432717323303,
    "gsm8k_rewrite_groundtruth_in_own_words": 3.6191979384422304
}