{
    "plan_bench_optimality_step_by_step": 1.9069729542732239,
    "plan_bench_optimality_claude": 2.176328399181366,
    "plan_bench_optimality_gpt4_style_in_context_examples": 1.7411553025245667,
    "plan_bench_optimality_gpt4": 2.15688805103302,
    "plan_bench_optimality_mini_gpt4": 2.1894945383071898,
    "plan_bench_optimality_groundtruth": 90.38327514648438,
    "plan_bench_optimality_openai_human_written_examples": 2.692725911140442,
    "plan_bench_optimality_rewrite_groundtruth_in_own_words": 2.968091835975647
}