{
    "plan_bench_optimality_step_by_step": 1.8103499853610991,
    "plan_bench_optimality_claude": 1.9521855211257935
}