{
    "mbpp_step_by_step": 3.467287611961365,
    "mbpp_claude": 32.53515340089798,
    "mbpp_gpt4_style_in_context_examples": 16.069324123859406,
    "mbpp_gpt4": 16.974026107788085,
    "mbpp_mini_gpt4": 8.690758788585663,
    "mbpp_groundtruth": 51.095776200294495,
    "mbpp_openai_human_written_examples": 4.51990110874176,
    "mbpp_rewrite_groundtruth_in_own_words": 21.834703397750854
}