{
    "plan_bench_verification_step_by_step": 1.6199607491493224,
    "plan_bench_verification_claude": 1.8134967923164367,
    "plan_bench_verification_gpt4_style_in_context_examples": 1.5677016377449036,
    "plan_bench_verification_gpt4": 1.6469547390937804,
    "plan_bench_verification_mini_gpt4": 2.2131017088890075,
    "plan_bench_verification_groundtruth": 23.68119592666626,
    "plan_bench_verification_openai_human_written_examples": 2.237798547744751,
    "plan_bench_verification_rewrite_groundtruth_in_own_words": 2.8972232818603514
}