{
    "plan_bench_reuse_step_by_step": 2.2598625516891477,
    "plan_bench_reuse_claude": 2.505098592042923,
    "plan_bench_reuse_gpt4_style_in_context_examples": 2.1500573492050172,
    "plan_bench_reuse_gpt4": 2.7443318939208985,
    "plan_bench_reuse_mini_gpt4": 3.03764985203743
}