{
    "plan_bench_execution_step_by_step": 1.792439385652542,
    "plan_bench_execution_claude": 2.0287256133556366
}