{
    "plan_bench_execution_step_by_step": 1.862998867034912,
    "plan_bench_execution_claude": 2.1122632066408795,
    "plan_bench_execution_gpt4_style_in_context_examples": 2.1552970965703326,
    "plan_bench_execution_gpt4": 1.9173751632372538,
    "plan_bench_execution_mini_gpt4": 2.682645277182261,
    "plan_bench_execution_groundtruth": 5.62980223496755,
    "plan_bench_execution_openai_human_written_examples": 2.548861519495646,
    "plan_bench_execution_rewrite_groundtruth_in_own_words": 2.643049693107605
}