{
    "squad_step_by_step": 2.629524567127228,
    "squad_claude": 2.1429107093811037,
    "squad_gpt4_style_in_context_examples": 2.597032754421234,
    "squad_gpt4": 3.761127951145172,
    "squad_mini_gpt4": 2.9151220679283143,
    "squad_groundtruth": 20.578229277133943,
    "squad_openai_human_written_examples": 2.223073718547821
}