{
    "plan_bench_verification_step_by_step": 1.4705778360366821,
    "plan_bench_verification_claude": 1.6338995933532714,
    "plan_bench_verification_gpt4_style_in_context_examples": 1.3500317096710206,
    "plan_bench_verification_gpt4": 1.4642903327941894,
    "plan_bench_verification_mini_gpt4": 2.102809715270996,
    "plan_bench_verification_groundtruth": 6.628663492202759,
    "plan_bench_verification_openai_human_written_examples": 1.7915027141571045,
    "plan_bench_verification_rewrite_groundtruth_in_own_words": 2.8379212379455567
}