{
    "gsm8k_step_by_step": 1.5202651222546895,
    "gsm8k_claude": 1.7196941693623862,
    "gsm8k_gpt4_style_in_context_examples": 1.607543404897054,
    "gsm8k_gpt4": 1.6000175476074219,
    "gsm8k_mini_gpt4": 1.6084519187609354,
    "gsm8k_groundtruth": 2.1660460432370505,
    "gsm8k_openai_human_written_examples": 1.7305563608805339,
    "gsm8k_rewrite_groundtruth_in_own_words": 3.1266512751579283
}