{
    "winogrande_step_by_step": 3.4227475786209105,
    "winogrande_claude": 3.1553312957286836,
    "winogrande_gpt4_style_in_context_examples": 3.323873960971832,
    "winogrande_gpt4": 3.970216190814972,
    "winogrande_mini_gpt4": 3.425504777431488,
    "winogrande_groundtruth": 12.148393694162369,
    "winogrande_openai_human_written_examples": 3.5199019598960875
}