{
    "mmlu_pro_law_step_by_step": 3.8259274446964264,
    "mmlu_pro_law_claude": 2.968503315448761,
    "mmlu_pro_law_gpt4_style_in_context_examples": 4.11486602306366,
    "mmlu_pro_law_gpt4": 4.334200139045715,
    "mmlu_pro_law_mini_gpt4": 3.5059590518474577,
    "mmlu_pro_law_groundtruth": 1224.798989830017,
    "mmlu_pro_law_openai_human_written_examples": 4.4493639481067655
}