{
    "ecqa_step_by_step": 4.321530563831329,
    "ecqa_claude": 3.9325409269332887,
    "ecqa_gpt4_style_in_context_examples": 4.585957171916962,
    "ecqa_gpt4": 4.845574865341186,
    "ecqa_mini_gpt4": 4.922930254936218,
    "ecqa_groundtruth": 11.54645740032196,
    "ecqa_openai_human_written_examples": 4.426196794509888,
    "ecqa_rewrite_groundtruth_in_own_words": 6.381749181747437
}