{
    "hellaswag_step_by_step": 4.840658197402954,
    "hellaswag_claude": 4.0283260679245,
    "hellaswag_gpt4_style_in_context_examples": 3.8598994827270507,
    "hellaswag_gpt4": 6.389324769973755,
    "hellaswag_mini_gpt4": 6.4459347867965695,
    "hellaswag_groundtruth": 31339786.7303125,
    "hellaswag_openai_human_written_examples": 6.190688562393189
}