{
    "hellaswag_step_by_step": 4.917473835945129,
    "hellaswag_claude": 4.107592740058899,
    "hellaswag_gpt4_style_in_context_examples": 3.604285182952881,
    "hellaswag_gpt4": 6.5749481534957885,
    "hellaswag_mini_gpt4": 5.81160747051239,
    "hellaswag_groundtruth": 67863145.8509375,
    "hellaswag_openai_human_written_examples": 5.576822662353516
}