{
    "boolq_step_by_step": 3.820662915110588,
    "boolq_claude": 2.9163317692279818,
    "boolq_gpt4_style_in_context_examples": 3.834439306259155,
    "boolq_gpt4": 4.610681680440902,
    "boolq_mini_gpt4": 4.571939153075218,
    "boolq_groundtruth": 6.2302840864658355,
    "boolq_openai_human_written_examples": 3.295051215291023
}