{
    "gsm8k_step_by_step": 1.5843344831466675,
    "gsm8k_claude": 1.748332965373993,
    "gsm8k_gpt4_style_in_context_examples": 1.675204155445099,
    "gsm8k_gpt4": 1.6122856509685517,
    "gsm8k_mini_gpt4": 1.623358464241028,
    "gsm8k_groundtruth": 2.1743785095214845,
    "gsm8k_openai_human_written_examples": 1.8073057270050048,
    "gsm8k_rewrite_groundtruth_in_own_words": 2.9925833630561827
}