{
    "drop_step_by_step": 2.8449397559960685,
    "drop_claude": 2.39890723268191,
    "drop_gpt4_style_in_context_examples": 2.662746301094691,
    "drop_gpt4": 2.594891795317332,
    "drop_mini_gpt4": 2.8454138024648032,
    "drop_groundtruth": 22.258859151999157,
    "drop_openai_human_written_examples": 2.272255696058273
}