{
    "plan_bench_replaning_step_by_step": 2.5281991481781008,
    "plan_bench_replaning_claude": 2.790448458989461,
    "plan_bench_replaning_gpt4_style_in_context_examples": 3.4013653715451557,
    "plan_bench_replaning_gpt4": 3.2157166878382366,
    "plan_bench_replaning_mini_gpt4": 3.1524872342745462,
    "plan_bench_replaning_groundtruth": 27.5658785144488,
    "plan_bench_replaning_openai_human_written_examples": 4.127159146467845,
    "plan_bench_replaning_rewrite_groundtruth_in_own_words": 4.3176865696907045
}