{
    "plan_bench_execution_step_by_step": 1.9501062369346618,
    "plan_bench_execution_claude": 1.8442161667346955,
    "plan_bench_execution_gpt4_style_in_context_examples": 2.479236353635788,
    "plan_bench_execution_gpt4": 2.100812927484512,
    "plan_bench_execution_mini_gpt4": 2.770885294675827,
    "plan_bench_execution_groundtruth": 1.8654941177368165,
    "plan_bench_execution_openai_human_written_examples": 2.3345032131671903,
    "plan_bench_execution_rewrite_groundtruth_in_own_words": 2.7322711992263793
}