{
    "boolq_step_by_step": 4.262098770141602,
    "boolq_claude": 2.943364952802658,
    "boolq_gpt4_style_in_context_examples": 3.947537877559662,
    "boolq_gpt4": 4.469476273059845,
    "boolq_mini_gpt4": 4.748042862415314,
    "boolq_groundtruth": 7.2329258120059965,
    "boolq_openai_human_written_examples": 3.3628926157951353
}