{
    "math_algebra_step_by_step": 1.9017770449320475,
    "math_algebra_claude": 1.9638898968696594,
    "math_algebra_gpt4_style_in_context_examples": 6.7948623140652975,
    "math_algebra_gpt4": 3.364679245154063,
    "math_algebra_mini_gpt4": 1.8636764446894327,
    "math_algebra_groundtruth": 2.5400386770566303,
    "math_algebra_openai_human_written_examples": 2.126973044872284,
    "math_algebra_rewrite_groundtruth_in_own_words": 2.7191163261731464
}