{
    "plan_bench_optimality_step_by_step": 2.125983464717865,
    "plan_bench_optimality_claude": 2.0022435784339905,
    "plan_bench_optimality_gpt4_style_in_context_examples": 1.7939741134643554,
    "plan_bench_optimality_gpt4": 2.1717889380455015,
    "plan_bench_optimality_mini_gpt4": 2.2084248566627505,
    "plan_bench_optimality_groundtruth": 3.5491432452201845,
    "plan_bench_optimality_openai_human_written_examples": 2.6779362511634828,
    "plan_bench_optimality_rewrite_groundtruth_in_own_words": 2.5286503648757934
}