{
    "plan_bench_reuse_step_by_step": 2.014993506669998,
    "plan_bench_reuse_claude": 2.0530835044384004,
    "plan_bench_reuse_gpt4_style_in_context_examples": 1.9096417343616485,
    "plan_bench_reuse_gpt4": 2.1797166895866393,
    "plan_bench_reuse_mini_gpt4": 2.52704061627388,
    "plan_bench_reuse_groundtruth": 5.262402098178864,
    "plan_bench_reuse_openai_human_written_examples": 2.5848282313346864,
    "plan_bench_reuse_rewrite_groundtruth_in_own_words": 2.784175934791565
}