{
    "plan_bench_generation_step_by_step": 2.1542980790138246,
    "plan_bench_generation_claude": 2.1382946801185607,
    "plan_bench_generation_gpt4_style_in_context_examples": 2.23282608628273,
    "plan_bench_generation_gpt4": 2.3270668065547944,
    "plan_bench_generation_mini_gpt4": 2.593506121635437,
    "plan_bench_generation_groundtruth": 78.52091763019561,
    "plan_bench_generation_openai_human_written_examples": 2.691186724901199,
    "plan_bench_generation_rewrite_groundtruth_in_own_words": 3.2108675134181976
}