{
    "math_geometry_step_by_step": 1.8402332186698913,
    "math_geometry_claude": 1.8920249938964844,
    "math_geometry_gpt4_style_in_context_examples": 2.2602095365524293,
    "math_geometry_gpt4": 2.4233201503753663,
    "math_geometry_mini_gpt4": 1.6805724263191224,
    "math_geometry_groundtruth": 2.537071406841278,
    "math_geometry_openai_human_written_examples": 2.611190390586853,
    "math_geometry_rewrite_groundtruth_in_own_words": 2.7737804412841798
}