{
    "ecqa_step_by_step": 4.120673234462738,
    "ecqa_claude": 3.8699516582489015,
    "ecqa_gpt4_style_in_context_examples": 4.714031677246094,
    "ecqa_gpt4": 4.638635900020599,
    "ecqa_mini_gpt4": 4.85636426448822,
    "ecqa_groundtruth": 11.732240753173828,
    "ecqa_openai_human_written_examples": 4.361995520591736,
    "ecqa_rewrite_groundtruth_in_own_words": 6.13257425069809
}