{
    "agieval_step_by_step": 4.267564821243286,
    "agieval_claude": 2.9685920898119607,
    "agieval_gpt4_style_in_context_examples": 4.163276802698771,
    "agieval_gpt4": 4.880902206897735,
    "agieval_mini_gpt4": 3.9868729841709136,
    "agieval_groundtruth": 36184854.34942708,
    "agieval_openai_human_written_examples": 4.387280091842015
}