{
    "plan_bench_generalization_step_by_step": 1.7864283215999603,
    "plan_bench_generalization_claude": 2.045619044303894,
    "plan_bench_generalization_gpt4_style_in_context_examples": 1.6278004014492036,
    "plan_bench_generalization_gpt4": 2.006060601472855,
    "plan_bench_generalization_mini_gpt4": 2.182207924127579,
    "plan_bench_generalization_groundtruth": 1.6710883259773255,
    "plan_bench_generalization_openai_human_written_examples": 2.433149825334549,
    "plan_bench_generalization_rewrite_groundtruth_in_own_words": 2.3132329070568085
}