{
    "plan_bench_generalization_step_by_step": 1.7190777462720872,
    "plan_bench_generalization_claude": 2.046764270067215,
    "plan_bench_generalization_gpt4_style_in_context_examples": 1.6271048897504807,
    "plan_bench_generalization_gpt4": 2.0567951732873917,
    "plan_bench_generalization_mini_gpt4": 2.1382456403970718,
    "plan_bench_generalization_groundtruth": 1.8806199580430984,
    "plan_bench_generalization_openai_human_written_examples": 2.4241358029842375,
    "plan_bench_generalization_rewrite_groundtruth_in_own_words": 2.3461640894412996
}