{
    "mmlu_step_by_step": 3.6708027283350626,
    "mmlu_claude": 2.8945993820826215,
    "mmlu_gpt4_style_in_context_examples": 3.8896382808685304,
    "mmlu_gpt4": 4.2502819458643595,
    "mmlu_mini_gpt4": 3.9110993146896362,
    "mmlu_groundtruth": 231.85053628285726,
    "mmlu_openai_human_written_examples": 4.388964716593424
}