{
    "plan_bench_replaning_step_by_step": 2.6445066964626314,
    "plan_bench_replaning_claude": 2.4937382459640505,
    "plan_bench_replaning_gpt4_style_in_context_examples": 3.178999818563461,
    "plan_bench_replaning_gpt4": 3.2533368146419526,
    "plan_bench_replaning_mini_gpt4": 2.9575349926948546,
    "plan_bench_replaning_groundtruth": 6.173339371681213,
    "plan_bench_replaning_openai_human_written_examples": 3.2982925832271577
}