{
    "plan_bench_replaning_step_by_step": 2.876289782524109,
    "plan_bench_replaning_claude": 2.581227190494537,
    "plan_bench_replaning_gpt4_style_in_context_examples": 2.9739783430099487,
    "plan_bench_replaning_gpt4": 3.157221221923828,
    "plan_bench_replaning_mini_gpt4": 3.032499735355377,
    "plan_bench_replaning_groundtruth": 14.563879995346069,
    "plan_bench_replaning_openai_human_written_examples": 3.9029377579689024,
    "plan_bench_replaning_rewrite_groundtruth_in_own_words": 4.007495164871216
}