{
    "drop_step_by_step": 3.415801532268524,
    "drop_claude": 2.8247456049919126,
    "drop_gpt4_style_in_context_examples": 3.2607533621788023,
    "drop_gpt4": 4.037733299732208,
    "drop_mini_gpt4": 4.098933980464936,
    "drop_groundtruth": 99.97279890060425,
    "drop_openai_human_written_examples": 3.218512194156647
}