{
    "squad_step_by_step": 4.054716229438782,
    "squad_claude": 2.8473655343055726,
    "squad_gpt4_style_in_context_examples": 3.86642529964447,
    "squad_gpt4": 5.743976807594299,
    "squad_mini_gpt4": 4.049615573883057,
    "squad_groundtruth": 9.223617959022523,
    "squad_openai_human_written_examples": 2.9658403635025024
}