{
    "drop_step_by_step": 2.498502473036448,
    "drop_claude": 2.3892791628837586,
    "drop_gpt4_style_in_context_examples": 2.405653150876363,
    "drop_gpt4": 2.3396158695220945,
    "drop_mini_gpt4": 2.252972487608592,
    "drop_groundtruth": 23.532208474477134,
    "drop_openai_human_written_examples": 2.061944365501404
}