{
    "mmlu_pro_law_step_by_step": 4.5259511232376095,
    "mmlu_pro_law_claude": 3.222404942512512,
    "mmlu_pro_law_gpt4_style_in_context_examples": 4.7065211772918705,
    "mmlu_pro_law_gpt4": 4.828807237148285,
    "mmlu_pro_law_mini_gpt4": 4.377777996063233,
    "mmlu_pro_law_groundtruth": 54.443244285583496,
    "mmlu_pro_law_openai_human_written_examples": 4.7302580118179325
}