{
    "gsm8k_step_by_step": 1.56022390127182,
    "gsm8k_claude": 1.6802691102027894,
    "gsm8k_gpt4_style_in_context_examples": 1.6555428743362426,
    "gsm8k_gpt4": 1.6313340544700623,
    "gsm8k_mini_gpt4": 1.6023327469825746,
    "gsm8k_groundtruth": 2.321582221984863,
    "gsm8k_openai_human_written_examples": 1.6993749499320985,
    "gsm8k_rewrite_groundtruth_in_own_words": 3.2541565895080566
}