{
    "plan_bench_replaning_step_by_step": 2.909338092803955,
    "plan_bench_replaning_claude": 2.7609702229499815,
    "plan_bench_replaning_gpt4_style_in_context_examples": 3.3153202652931215,
    "plan_bench_replaning_gpt4": 4.947791647911072,
    "plan_bench_replaning_mini_gpt4": 3.2472172021865844,
    "plan_bench_replaning_groundtruth": 8.365565395355224,
    "plan_bench_replaning_openai_human_written_examples": 3.4955058336257934,
    "plan_bench_replaning_rewrite_groundtruth_in_own_words": 3.488485240936279
}