{
    "plan_bench_execution_step_by_step": 1.9574663082758585,
    "plan_bench_execution_claude": 2.0251375357309978,
    "plan_bench_execution_gpt4_style_in_context_examples": 2.236675051848094,
    "plan_bench_execution_gpt4": 2.0850501934687298,
    "plan_bench_execution_mini_gpt4": 2.6628921826680503,
    "plan_bench_execution_groundtruth": 6.345830011367798,
    "plan_bench_execution_openai_human_written_examples": 2.44776691198349,
    "plan_bench_execution_rewrite_groundtruth_in_own_words": 2.853173545996348
}