{
    "plan_bench_optimality_step_by_step": 2.3816416426499685,
    "plan_bench_optimality_claude": 2.800295077164968,
    "plan_bench_optimality_gpt4_style_in_context_examples": 2.2419249184926353,
    "plan_bench_optimality_gpt4": 2.6426569684346517,
    "plan_bench_optimality_mini_gpt4": 2.744150637388229,
    "plan_bench_optimality_groundtruth": 16.70726456085841,
    "plan_bench_optimality_openai_human_written_examples": 3.351515014966329,
    "plan_bench_optimality_rewrite_groundtruth_in_own_words": 3.3977018864949544
}