{
    "plan_bench_optimality_step_by_step": 2.2411772561073304,
    "plan_bench_optimality_claude": 2.310900127887726,
    "plan_bench_optimality_gpt4_style_in_context_examples": 1.927413444519043,
    "plan_bench_optimality_gpt4": 2.348140182495117,
    "plan_bench_optimality_mini_gpt4": 2.485465989112854,
    "plan_bench_optimality_groundtruth": 212.673968334198,
    "plan_bench_optimality_openai_human_written_examples": 3.0181226992607115,
    "plan_bench_optimality_rewrite_groundtruth_in_own_words": 3.197677161693573
}