{
    "drop_step_by_step": 2.4179245233535767,
    "drop_claude": 2.272231249809265,
    "drop_gpt4_style_in_context_examples": 2.4224631547927857,
    "drop_gpt4": 2.229034712314606,
    "drop_mini_gpt4": 2.1830317258834837,
    "drop_groundtruth": 36.145842385292056,
    "drop_openai_human_written_examples": 2.0457739281654357
}