{
    "plan_bench_generalization_step_by_step": 1.7786024967829386,
    "plan_bench_generalization_claude": 1.9468239227930704,
    "plan_bench_generalization_gpt4_style_in_context_examples": 1.6360968073209128,
    "plan_bench_generalization_gpt4": 2.3488701939582826,
    "plan_bench_generalization_mini_gpt4": 2.1486186901728312,
    "plan_bench_generalization_groundtruth": 1.7131351351737976,
    "plan_bench_generalization_openai_human_written_examples": 2.387320319811503,
    "plan_bench_generalization_rewrite_groundtruth_in_own_words": 2.327703030904134
}