{
    "winogrande_step_by_step": 3.7331041574478148,
    "winogrande_claude": 3.2073733806610107,
    "winogrande_gpt4_style_in_context_examples": 3.6510907888412474,
    "winogrande_gpt4": 4.331542205810547,
    "winogrande_mini_gpt4": 3.875150465965271,
    "winogrande_groundtruth": 15.253030848503112,
    "winogrande_openai_human_written_examples": 3.764244031906128
}