{
    "winogrande_step_by_step": 3.742461609840393,
    "winogrande_claude": 3.0066763162612915,
    "winogrande_gpt4_style_in_context_examples": 3.5568886756896974,
    "winogrande_gpt4": 4.357546186447143,
    "winogrande_mini_gpt4": 3.3706703186035156,
    "winogrande_groundtruth": 21.87681269645691,
    "winogrande_openai_human_written_examples": 3.6377811431884766
}