{
    "ecqa_step_by_step": 4.525287938117981,
    "ecqa_claude": 3.8381752252578734,
    "ecqa_gpt4_style_in_context_examples": 4.946126651763916,
    "ecqa_gpt4": 5.014277029037475,
    "ecqa_mini_gpt4": 5.028468894958496,
    "ecqa_groundtruth": 12.34018816947937,
    "ecqa_openai_human_written_examples": 4.143369221687317,
    "ecqa_rewrite_groundtruth_in_own_words": 6.037053966522217
}