{
    "math_algebra_step_by_step": 1.4378243386745453,
    "math_algebra_claude": 1.7188809299468994,
    "math_algebra_gpt4_style_in_context_examples": 6.191154119968414,
    "math_algebra_gpt4": 1.8392397058010101,
    "math_algebra_mini_gpt4": 1.4031630277633667,
    "math_algebra_groundtruth": 2.942601969242096,
    "math_algebra_openai_human_written_examples": 1.5775218868255616,
    "math_algebra_rewrite_groundtruth_in_own_words": 2.3917737007141113
}