{
    "winogrande_step_by_step": 5.024152708053589,
    "winogrande_claude": 4.017089366912842,
    "winogrande_gpt4_style_in_context_examples": 5.060760545730591,
    "winogrande_gpt4": 6.681181812286377,
    "winogrande_mini_gpt4": 5.716599225997925,
    "winogrande_groundtruth": 3.289459562301636,
    "winogrande_openai_human_written_examples": 5.90649151802063
}