{
    "drop_step_by_step": 2.5420801877975463,
    "drop_claude": 2.378603239854177,
    "drop_gpt4_style_in_context_examples": 2.5386409123738605,
    "drop_gpt4": 2.844042956829071,
    "drop_mini_gpt4": 2.9363654891649884,
    "drop_groundtruth": 25.55571884314219,
    "drop_openai_human_written_examples": 2.3486783623695375
}