{
    "plan_bench_generation_step_by_step": 2.159601135253906,
    "plan_bench_generation_claude": 2.1889147186279296,
    "plan_bench_generation_gpt4_style_in_context_examples": 2.1395215249061583,
    "plan_bench_generation_gpt4": 2.3956301617622375,
    "plan_bench_generation_mini_gpt4": 2.677466254234314,
    "plan_bench_generation_groundtruth": 64.22776443481445,
    "plan_bench_generation_openai_human_written_examples": 2.647520065307617,
    "plan_bench_generation_rewrite_groundtruth_in_own_words": 3.0621570110321046
}