{
    "plan_bench_replaning_step_by_step": 3.297961437702179,
    "plan_bench_replaning_claude": 2.8613922357559205,
    "plan_bench_replaning_gpt4_style_in_context_examples": 3.0478444933891295,
    "plan_bench_replaning_gpt4": 3.154866659641266,
    "plan_bench_replaning_mini_gpt4": 2.754681706428528,
    "plan_bench_replaning_groundtruth": 16.646238803863525,
    "plan_bench_replaning_openai_human_written_examples": 3.632973003387451,
    "plan_bench_replaning_rewrite_groundtruth_in_own_words": 5.023618555068969
}