{
    "plan_bench_optimality_step_by_step": 2.2641565124193828,
    "plan_bench_optimality_claude": 2.4328826387723286,
    "plan_bench_optimality_gpt4_style_in_context_examples": 2.127042583624522,
    "plan_bench_optimality_gpt4": 2.4060102264086405,
    "plan_bench_optimality_mini_gpt4": 2.4914276679356893,
    "plan_bench_optimality_groundtruth": 3.622503383954366,
    "plan_bench_optimality_openai_human_written_examples": 2.9488830010096234,
    "plan_bench_optimality_rewrite_groundtruth_in_own_words": 2.9892106850941977
}