{
    "piqa_step_by_step": 3.401479120850563,
    "piqa_claude": 3.178116673231125,
    "piqa_gpt4_style_in_context_examples": 3.81063269674778,
    "piqa_gpt4": 4.324925376772881,
    "piqa_mini_gpt4": 3.2833173906803133,
    "piqa_groundtruth": 1322224.230779419,
    "piqa_openai_human_written_examples": 4.143624805212021
}