{
    "plan_bench_generation_step_by_step": 2.242547117471695,
    "plan_bench_generation_claude": 1.9741118454933166,
    "plan_bench_generation_gpt4_style_in_context_examples": 2.3423556542396544,
    "plan_bench_generation_gpt4": 2.434413204193115,
    "plan_bench_generation_mini_gpt4": 2.676312392950058,
    "plan_bench_generation_groundtruth": 3.7754429745674134,
    "plan_bench_generation_openai_human_written_examples": 2.7774544072151186,
    "plan_bench_generation_rewrite_groundtruth_in_own_words": 2.3519276916980743
}