{
    "math_geometry_step_by_step": 2.3863596908251443,
    "math_geometry_claude": 2.393583949804306,
    "math_geometry_gpt4_style_in_context_examples": 3.9614287010828653,
    "math_geometry_gpt4": 2.5091572507222493,
    "math_geometry_mini_gpt4": 2.3028443666299183,
    "math_geometry_groundtruth": 2.9046932291984557,
    "math_geometry_openai_human_written_examples": 4.473142144282659,
    "math_geometry_rewrite_groundtruth_in_own_words": 2.814710271755854
}