{
    "math_geometry_step_by_step": 2.47866205573082,
    "math_geometry_claude": 2.6746506518125535,
    "math_geometry_gpt4_style_in_context_examples": 3.9612737077474596,
    "math_geometry_gpt4": 2.63807052731514,
    "math_geometry_mini_gpt4": 2.335468591451645,
    "math_geometry_groundtruth": 5.399920980334282,
    "math_geometry_openai_human_written_examples": 4.699913808703423,
    "math_geometry_rewrite_groundtruth_in_own_words": 3.4406045454740526
}