{
    "plan_bench_generation_step_by_step": 2.1035777914524076,
    "plan_bench_generation_claude": 2.0263843643665314,
    "plan_bench_generation_gpt4_style_in_context_examples": 2.162686369419098,
    "plan_bench_generation_gpt4": 2.251229531764984,
    "plan_bench_generation_mini_gpt4": 2.525053312778473,
    "plan_bench_generation_groundtruth": 5.137865728139877,
    "plan_bench_generation_openai_human_written_examples": 2.5622891569137574,
    "plan_bench_generation_rewrite_groundtruth_in_own_words": 2.3366552734375
}