{
    "api_bank_step_by_step": 3.53754515171051,
    "api_bank_claude": 3.3387709784507753,
    "api_bank_gpt4_style_in_context_examples": 4.939392828941346,
    "api_bank_gpt4": 4.279697194099426,
    "api_bank_mini_gpt4": 5.291180219650268,
    "api_bank_groundtruth": 14.730407946109771,
    "api_bank_openai_human_written_examples": 4.57078179359436
}