{
    "mmlu_step_by_step": 4.57076940536499,
    "mmlu_claude": 2.9569679737091064,
    "mmlu_gpt4_style_in_context_examples": 3.8114840745925904,
    "mmlu_gpt4": 4.550110101699829,
    "mmlu_mini_gpt4": 4.040222835540772,
    "mmlu_groundtruth": 104.42129735946655,
    "mmlu_openai_human_written_examples": 4.941873264312744
}