{
    "plan_bench_verification_step_by_step": 1.6146135067939758,
    "plan_bench_verification_claude": 1.8582457280158997,
    "plan_bench_verification_gpt4_style_in_context_examples": 1.6446939301490784,
    "plan_bench_verification_gpt4": 1.7221967315673827,
    "plan_bench_verification_mini_gpt4": 2.5339190554618836,
    "plan_bench_verification_groundtruth": 3.958202767372131,
    "plan_bench_verification_openai_human_written_examples": 2.0209149742126464,
    "plan_bench_verification_rewrite_groundtruth_in_own_words": 2.7004702138900756
}