{
    "agieval_step_by_step": 3.489891619682312,
    "agieval_claude": 2.740278000831604,
    "agieval_gpt4_style_in_context_examples": 3.388565697669983,
    "agieval_gpt4": 3.909923071861267,
    "agieval_mini_gpt4": 3.4032304239273072,
    "agieval_groundtruth": 11261349.813444825,
    "agieval_openai_human_written_examples": 3.7218271350860594
}