{
    "drop_step_by_step": 3.2851401567459106,
    "drop_claude": 3.0313650369644165,
    "drop_gpt4_style_in_context_examples": 3.2330135345458983,
    "drop_gpt4": 3.8518083333969115,
    "drop_mini_gpt4": 4.029269504547119,
    "drop_groundtruth": 17.968189859390257,
    "drop_openai_human_written_examples": 2.5618680238723757
}