{
    "hellaswag_step_by_step": 4.919514513015747,
    "hellaswag_claude": 3.8816868543624876,
    "hellaswag_gpt4_style_in_context_examples": 3.645682454109192,
    "hellaswag_gpt4": 4.955861973762512,
    "hellaswag_mini_gpt4": 5.411933636665344,
    "hellaswag_groundtruth": 230.021533203125,
    "hellaswag_openai_human_written_examples": 5.8973372220993046
}