{
    "piqa_step_by_step": 3.352013282775879,
    "piqa_claude": 3.0918271744251253,
    "piqa_gpt4_style_in_context_examples": 3.905067365169525,
    "piqa_gpt4": 4.368206522464752,
    "piqa_mini_gpt4": 3.4531968903541563,
    "piqa_groundtruth": 365370.4980134583,
    "piqa_openai_human_written_examples": 4.5625253474712375
}