{
    "plan_bench_optimality_step_by_step": 1.9115941564242045,
    "plan_bench_optimality_claude": 2.2226649125417075,
    "plan_bench_optimality_gpt4_style_in_context_examples": 1.734845479329427,
    "plan_bench_optimality_gpt4": 2.1636537949244183,
    "plan_bench_optimality_mini_gpt4": 2.109425151348114,
    "plan_bench_optimality_groundtruth": 84.30234637260438,
    "plan_bench_optimality_openai_human_written_examples": 2.680378035704295,
    "plan_bench_optimality_rewrite_groundtruth_in_own_words": 2.972446064154307
}