{
    "hellaswag_step_by_step": 4.764249012470246,
    "hellaswag_claude": 4.090650770664215,
    "hellaswag_gpt4_style_in_context_examples": 3.8102467918395995,
    "hellaswag_gpt4": 6.974896569252014,
    "hellaswag_mini_gpt4": 6.4097655844688415,
    "hellaswag_groundtruth": 70996800.99710937,
    "hellaswag_openai_human_written_examples": 5.641019701957703
}