{
    "gsm8k_step_by_step": 1.9076359748840332,
    "gsm8k_claude": 1.9882353377342223,
    "gsm8k_gpt4_style_in_context_examples": 2.1175152969360354,
    "gsm8k_gpt4": 2.013645439147949,
    "gsm8k_mini_gpt4": 2.0770221281051637,
    "gsm8k_groundtruth": 3.328859796524048,
    "gsm8k_openai_human_written_examples": 2.145154449939728,
    "gsm8k_rewrite_groundtruth_in_own_words": 4.021405549049377
}