{
    "arc_challenge_step_by_step": 2.7704195261001585,
    "arc_challenge_claude": 2.770101809501648,
    "arc_challenge_gpt4_style_in_context_examples": 2.613669204711914,
    "arc_challenge_gpt4": 2.7303582072257995,
    "arc_challenge_mini_gpt4": 2.7499360918998716,
    "arc_challenge_groundtruth": 2825579.81796875,
    "arc_challenge_openai_human_written_examples": 3.456086039543152
}