{
    "arc_challenge_step_by_step": 3.484729754924774,
    "arc_challenge_claude": 2.886141185760498,
    "arc_challenge_gpt4_style_in_context_examples": 3.1549449336528776,
    "arc_challenge_gpt4": 3.8240156078338625,
    "arc_challenge_mini_gpt4": 3.404815623760223,
    "arc_challenge_groundtruth": 69409517.08047402,
    "arc_challenge_openai_human_written_examples": 4.19754612326622
}