{
    "plan_bench_generalization_step_by_step": 1.7631156826019287,
    "plan_bench_generalization_claude": 1.9909710526466369,
    "plan_bench_generalization_gpt4_style_in_context_examples": 1.6449963414669038,
    "plan_bench_generalization_gpt4": 2.143952145576477,
    "plan_bench_generalization_mini_gpt4": 2.173203756809235,
    "plan_bench_generalization_groundtruth": 1.8828346991539002,
    "plan_bench_generalization_openai_human_written_examples": 2.3180637335777283,
    "plan_bench_generalization_rewrite_groundtruth_in_own_words": 2.329558961391449
}