{
    "math_algebra_step_by_step": 1.4344207004706064,
    "math_algebra_claude": 1.7302583722273508,
    "math_algebra_gpt4_style_in_context_examples": 4.154743042389552,
    "math_algebra_gpt4": 1.5881112178166708,
    "math_algebra_mini_gpt4": 1.4132555143038432,
    "math_algebra_groundtruth": 3.004241043329239,
    "math_algebra_openai_human_written_examples": 1.5941699282328288,
    "math_algebra_rewrite_groundtruth_in_own_words": 2.396561167240143
}