{
    "plan_bench_generation_step_by_step": 2.2590671133995057,
    "plan_bench_generation_claude": 2.0525061047077178,
    "plan_bench_generation_gpt4_style_in_context_examples": 2.3729326796531676,
    "plan_bench_generation_gpt4": 2.4660077297687533,
    "plan_bench_generation_mini_gpt4": 2.752927644252777,
    "plan_bench_generation_groundtruth": 8.06458087682724,
    "plan_bench_generation_openai_human_written_examples": 2.8407668232917787,
    "plan_bench_generation_rewrite_groundtruth_in_own_words": 2.5867483830451965
}