{
    "piqa_step_by_step": 3.344636960029602,
    "piqa_claude": 3.0198315393924715,
    "piqa_gpt4_style_in_context_examples": 3.86486043214798,
    "piqa_gpt4": 4.267023866176605,
    "piqa_mini_gpt4": 3.387596426010132,
    "piqa_groundtruth": 175602.33428222657,
    "piqa_openai_human_written_examples": 4.469545735120773
}