{
    "math_algebra_step_by_step": 1.4941589999198914,
    "math_algebra_claude": 1.7804436540603639,
    "math_algebra_gpt4_style_in_context_examples": 2.9220047545433045,
    "math_algebra_gpt4": 1.4163032126426698,
    "math_algebra_mini_gpt4": 1.4126023483276366,
    "math_algebra_groundtruth": 3.241811456680298,
    "math_algebra_openai_human_written_examples": 1.6056236147880554,
    "math_algebra_rewrite_groundtruth_in_own_words": 2.378821713924408
}