{
    "math_geometry_step_by_step": 1.7931629180908204,
    "math_geometry_claude": 1.9453070330619813,
    "math_geometry_gpt4_style_in_context_examples": 2.844840830564499,
    "math_geometry_gpt4": 1.8329339337348938,
    "math_geometry_mini_gpt4": 1.788197535276413,
    "math_geometry_groundtruth": 2.7904344713687896,
    "math_geometry_openai_human_written_examples": 3.157118225097656,
    "math_geometry_rewrite_groundtruth_in_own_words": 2.411967766284943
}