{
    "squad_step_by_step": 3.0683396756649017,
    "squad_claude": 2.4248711490631103,
    "squad_gpt4_style_in_context_examples": 3.107287199497223,
    "squad_gpt4": 3.9907925975322724,
    "squad_mini_gpt4": 3.428990435600281,
    "squad_groundtruth": 7.081479659080506,
    "squad_openai_human_written_examples": 2.4347690510749818
}