{
    "plan_bench_generalization_step_by_step": 1.6333968083063761,
    "plan_bench_generalization_claude": 1.9987282315889994,
    "plan_bench_generalization_gpt4_style_in_context_examples": 1.7016261219978333,
    "plan_bench_generalization_gpt4": 2.0319108645121258,
    "plan_bench_generalization_mini_gpt4": 2.250267680486043,
    "plan_bench_generalization_groundtruth": 1.9007970650990804,
    "plan_bench_generalization_openai_human_written_examples": 2.2050093094507854,
    "plan_bench_generalization_rewrite_groundtruth_in_own_words": 2.3650063912073773
}