{
    "math_algebra_step_by_step": 1.422256847222646,
    "math_algebra_claude": 1.7524914820988973,
    "math_algebra_gpt4_style_in_context_examples": 15.144445983568827,
    "math_algebra_gpt4": 2.5985353430112204,
    "math_algebra_mini_gpt4": 1.4234037001927693,
    "math_algebra_groundtruth": 3.164375074704488,
    "math_algebra_openai_human_written_examples": 1.7015616337458292,
    "math_algebra_rewrite_groundtruth_in_own_words": 2.427592933177948
}