{
    "api_bank_step_by_step": 3.753806836605072,
    "api_bank_claude": 3.531319605112076,
    "api_bank_gpt4_style_in_context_examples": 4.327711012363434,
    "api_bank_gpt4": 4.299290072917938,
    "api_bank_mini_gpt4": 4.528601820468903,
    "api_bank_groundtruth": 3.860482107400894,
    "api_bank_openai_human_written_examples": 3.976930043697357
}