{
    "plan_bench_optimality_step_by_step": 1.7226948142051697,
    "plan_bench_optimality_claude": 1.9733654975891113,
    "plan_bench_optimality_gpt4_style_in_context_examples": 1.6777073740959167,
    "plan_bench_optimality_gpt4": 1.9228869080543518,
    "plan_bench_optimality_mini_gpt4": 1.9387723207473755,
    "plan_bench_optimality_groundtruth": 3.8927434921264648,
    "plan_bench_optimality_openai_human_written_examples": 2.586320865154266,
    "plan_bench_optimality_rewrite_groundtruth_in_own_words": 2.3043915271759032
}