{
    "plan_bench_generalization_step_by_step": 1.836288865407308,
    "plan_bench_generalization_claude": 2.3908908287684123,
    "plan_bench_generalization_gpt4_style_in_context_examples": 1.854862423737844,
    "plan_bench_generalization_gpt4": 2.313328222433726,
    "plan_bench_generalization_mini_gpt4": 2.7196648995081585,
    "plan_bench_generalization_groundtruth": 10.675339857737223,
    "plan_bench_generalization_openai_human_written_examples": 2.5579282641410828,
    "plan_bench_generalization_rewrite_groundtruth_in_own_words": 2.8402716914812722
}