{
    "mbpp_step_by_step": 1.7182199954986572,
    "mbpp_claude": 1.788038444519043,
    "mbpp_gpt4_style_in_context_examples": 2.264107036590576,
    "mbpp_gpt4": 2.1062334060668944,
    "mbpp_mini_gpt4": 2.4629560470581056,
    "mbpp_groundtruth": 10.143980515003204,
    "mbpp_openai_human_written_examples": 2.4748395800590517,
    "mbpp_rewrite_groundtruth_in_own_words": 4.429812228679657
}