{
    "plan_bench_verification_step_by_step": 1.622925579547882,
    "plan_bench_verification_claude": 1.798706786632538,
    "plan_bench_verification_gpt4_style_in_context_examples": 1.5851551401615143,
    "plan_bench_verification_gpt4": 1.6801468586921693,
    "plan_bench_verification_mini_gpt4": 2.5048691749572756,
    "plan_bench_verification_groundtruth": 11.698521158695222,
    "plan_bench_verification_openai_human_written_examples": 2.1866911852359774,
    "plan_bench_verification_rewrite_groundtruth_in_own_words": 3.0208036637306215
}