{
    "plan_bench_generalization_step_by_step": 1.641064445177714,
    "plan_bench_generalization_claude": 1.9291789690653482,
    "plan_bench_generalization_gpt4_style_in_context_examples": 1.465233314037323,
    "plan_bench_generalization_gpt4": 1.8609848936398825,
    "plan_bench_generalization_mini_gpt4": 1.9420568068822226,
    "plan_bench_generalization_groundtruth": 2.473542074362437,
    "plan_bench_generalization_openai_human_written_examples": 2.173459581534068,
    "plan_bench_generalization_rewrite_groundtruth_in_own_words": 2.1765943924585978
}