{
    "mbpp_step_by_step": 3.4379424262046814,
    "mbpp_claude": 14.3673450922966,
    "mbpp_gpt4_style_in_context_examples": 8.019387519359588,
    "mbpp_gpt4": 9.160552072525025,
    "mbpp_mini_gpt4": 8.368479261398315,
    "mbpp_groundtruth": 42.042230701446535,
    "mbpp_openai_human_written_examples": 4.5318502426147464,
    "mbpp_rewrite_groundtruth_in_own_words": 19.13901257276535
}