{
    "mmlu_moral_scenarios_step_by_step": 3.82991997162501,
    "mmlu_moral_scenarios_claude": 2.890598183075587,
    "mmlu_moral_scenarios_gpt4_style_in_context_examples": 3.2017981433868408,
    "mmlu_moral_scenarios_gpt4": 4.193865734736125,
    "mmlu_moral_scenarios_mini_gpt4": 3.85872594833374,
    "mmlu_moral_scenarios_groundtruth": 96.99264198144277,
    "mmlu_moral_scenarios_openai_human_written_examples": 5.175439841747284
}