{
    "plan_bench_generation_step_by_step": 2.28609867811203,
    "plan_bench_generation_claude": 2.2353711581230162,
    "plan_bench_generation_gpt4_style_in_context_examples": 2.187694737911224,
    "plan_bench_generation_gpt4": 2.428654127120972,
    "plan_bench_generation_mini_gpt4": 2.8106073212623595,
    "plan_bench_generation_groundtruth": 16.164250793457033,
    "plan_bench_generation_openai_human_written_examples": 2.687333526611328,
    "plan_bench_generation_rewrite_groundtruth_in_own_words": 2.9931484341621397
}