{
    "gsm8k_step_by_step": 1.9300554579496383,
    "gsm8k_claude": 1.9457562762498855,
    "gsm8k_gpt4_style_in_context_examples": 1.9330839377641678,
    "gsm8k_gpt4": 1.9393877875804901,
    "gsm8k_mini_gpt4": 1.9752809858322145,
    "gsm8k_groundtruth": 3.424962885379791,
    "gsm8k_openai_human_written_examples": 1.9835286384820938,
    "gsm8k_rewrite_groundtruth_in_own_words": 3.6694284188747406
}