{
    "plan_bench_generation_step_by_step": 2.1534789562225343,
    "plan_bench_generation_claude": 2.1601994156837465,
    "plan_bench_generation_gpt4_style_in_context_examples": 2.3083926749229433,
    "plan_bench_generation_gpt4": 2.2770678210258484,
    "plan_bench_generation_mini_gpt4": 2.5620268177986145,
    "plan_bench_generation_groundtruth": 137.3247928905487,
    "plan_bench_generation_openai_human_written_examples": 2.7715901279449464,
    "plan_bench_generation_rewrite_groundtruth_in_own_words": 3.353836295604706
}