{
    "plan_bench_generation_step_by_step": 2.163082226117452,
    "plan_bench_generation_claude": 2.0875709136327107,
    "plan_bench_generation_gpt4_style_in_context_examples": 2.1737525622049967,
    "plan_bench_generation_gpt4": 2.479629671573639,
    "plan_bench_generation_mini_gpt4": 2.750183324019114,
    "plan_bench_generation_groundtruth": 2.4775604208310447,
    "plan_bench_generation_openai_human_written_examples": 2.651868724822998,
    "plan_bench_generation_rewrite_groundtruth_in_own_words": 2.2228325446446737
}