{
    "math_algebra_step_by_step": 1.9316651451587676,
    "math_algebra_claude": 1.942474318742752,
    "math_algebra_gpt4_style_in_context_examples": 3.641081365942955,
    "math_algebra_gpt4": 2.2071974116563795,
    "math_algebra_mini_gpt4": 1.8921107798814774,
    "math_algebra_groundtruth": 2.5147305303812026,
    "math_algebra_openai_human_written_examples": 2.056284676194191,
    "math_algebra_rewrite_groundtruth_in_own_words": 2.6781480729579927
}