{
    "plan_bench_generation_step_by_step": 2.2320247093836465,
    "plan_bench_generation_claude": 2.2360669136047364,
    "plan_bench_generation_gpt4_style_in_context_examples": 2.3560605525970457,
    "plan_bench_generation_gpt4": 2.2353739619255064,
    "plan_bench_generation_mini_gpt4": 2.7676308155059814,
    "plan_bench_generation_groundtruth": 21.924582982063292,
    "plan_bench_generation_openai_human_written_examples": 2.634831937154134,
    "plan_bench_generation_rewrite_groundtruth_in_own_words": 3.1970393935839336
}