{
    "api_bank_step_by_step": 3.5835784709453584,
    "api_bank_claude": 3.383498454093933,
    "api_bank_gpt4_style_in_context_examples": 4.4013449001312255,
    "api_bank_gpt4": 4.300038330554962,
    "api_bank_mini_gpt4": 4.618137732744217,
    "api_bank_groundtruth": 7.06400419831276,
    "api_bank_openai_human_written_examples": 4.452177618741989
}