{
    "mmlu_moral_scenarios_step_by_step": 3.924532985687256,
    "mmlu_moral_scenarios_claude": 2.7584242463111877,
    "mmlu_moral_scenarios_gpt4_style_in_context_examples": 3.36400990486145,
    "mmlu_moral_scenarios_gpt4": 4.601611471176147,
    "mmlu_moral_scenarios_mini_gpt4": 4.116418790817261,
    "mmlu_moral_scenarios_groundtruth": 5086.828912353516,
    "mmlu_moral_scenarios_openai_human_written_examples": 5.483350324630737
}