{
    "winogrande_step_by_step": 4.485181674957276,
    "winogrande_claude": 3.955268292427063,
    "winogrande_gpt4_style_in_context_examples": 4.221101493835449,
    "winogrande_gpt4": 6.138006763458252,
    "winogrande_mini_gpt4": 5.4554224920272825,
    "winogrande_groundtruth": 18.400339331626892,
    "winogrande_openai_human_written_examples": 5.73461413860321
}