{
    "plan_bench_generation_step_by_step": 2.2685050439834593,
    "plan_bench_generation_claude": 1.9663023948669434,
    "plan_bench_generation_gpt4_style_in_context_examples": 2.301757559776306,
    "plan_bench_generation_gpt4": 2.527004315853119,
    "plan_bench_generation_mini_gpt4": 2.7314947390556337,
    "plan_bench_generation_groundtruth": 13.19283088684082,
    "plan_bench_generation_openai_human_written_examples": 2.7397622585296633,
    "plan_bench_generation_rewrite_groundtruth_in_own_words": 2.4735488057136537
}