{
    "plan_bench_generalization_step_by_step": 1.7949472844600678,
    "plan_bench_generalization_claude": 2.058985528945923,
    "plan_bench_generalization_gpt4_style_in_context_examples": 1.637074271440506,
    "plan_bench_generalization_gpt4": 2.0203095960617063,
    "plan_bench_generalization_mini_gpt4": 2.199890260696411,
    "plan_bench_generalization_groundtruth": 1.7507203781604768,
    "plan_bench_generalization_openai_human_written_examples": 2.448276377916336,
    "plan_bench_generalization_rewrite_groundtruth_in_own_words": 2.3411719465255736
}