{
    "plan_bench_optimality_step_by_step": 1.7348823547363281,
    "plan_bench_optimality_claude": 1.958462405204773,
    "plan_bench_optimality_gpt4_style_in_context_examples": 1.6801381587982178,
    "plan_bench_optimality_gpt4": 1.9262322425842284,
    "plan_bench_optimality_mini_gpt4": 1.9290494799613953,
    "plan_bench_optimality_groundtruth": 4.582576489448547,
    "plan_bench_optimality_openai_human_written_examples": 2.5722585201263426,
    "plan_bench_optimality_rewrite_groundtruth_in_own_words": 2.3181944847106934
}