{
    "plan_bench_replaning_step_by_step": 2.622027430534363,
    "plan_bench_replaning_claude": 2.7476301765441895,
    "plan_bench_replaning_gpt4_style_in_context_examples": 3.080396192073822,
    "plan_bench_replaning_gpt4": 3.1993863558769227,
    "plan_bench_replaning_mini_gpt4": 3.023292977809906,
    "plan_bench_replaning_groundtruth": 20.69455544948578,
    "plan_bench_replaning_openai_human_written_examples": 3.7237406611442565,
    "plan_bench_replaning_rewrite_groundtruth_in_own_words": 3.8703999948501586
}