{
    "plan_bench_generalization_step_by_step": 1.764273464679718,
    "plan_bench_generalization_claude": 1.9484958267211914,
    "plan_bench_generalization_gpt4_style_in_context_examples": 1.645448751449585,
    "plan_bench_generalization_gpt4": 2.1920243191719053,
    "plan_bench_generalization_mini_gpt4": 2.1776754236221314,
    "plan_bench_generalization_groundtruth": 1.6300733757019044,
    "plan_bench_generalization_openai_human_written_examples": 2.3635141539573667,
    "plan_bench_generalization_rewrite_groundtruth_in_own_words": 2.275948920249939
}