{
    "arc_challenge_step_by_step": 3.253578143119812,
    "arc_challenge_claude": 2.900915288925171,
    "arc_challenge_gpt4_style_in_context_examples": 3.1467000031471253,
    "arc_challenge_gpt4": 3.7782434356212615,
    "arc_challenge_mini_gpt4": 3.431816215515137,
    "arc_challenge_groundtruth": 42519817.37286516,
    "arc_challenge_openai_human_written_examples": 4.155007516145706
}