{
    "mmlu_pro_law_step_by_step": 4.545932183265686,
    "mmlu_pro_law_claude": 3.209239249229431,
    "mmlu_pro_law_gpt4_style_in_context_examples": 5.009400343894958,
    "mmlu_pro_law_gpt4": 5.506068458557129,
    "mmlu_pro_law_mini_gpt4": 4.361284651756287,
    "mmlu_pro_law_groundtruth": 374.68863661050796,
    "mmlu_pro_law_openai_human_written_examples": 6.095474214553833
}