{
    "drop_step_by_step": 2.511043493747711,
    "drop_claude": 2.112107789516449,
    "drop_gpt4_style_in_context_examples": 2.4999053931236266,
    "drop_gpt4": 2.7401195979118347,
    "drop_mini_gpt4": 2.894913489818573,
    "drop_groundtruth": 25.368018605709075,
    "drop_openai_human_written_examples": 2.207720637321472
}