{
    "winogrande_step_by_step": 4.8681944513320925,
    "winogrande_claude": 4.338432016372681,
    "winogrande_gpt4_style_in_context_examples": 5.263374254703522
}