{
    "plan_bench_replaning_step_by_step": 2.4510400712490084,
    "plan_bench_replaning_claude": 2.297153949737549,
    "plan_bench_replaning_gpt4_style_in_context_examples": 2.856868127584457,
    "plan_bench_replaning_gpt4": 2.990181519985199,
    "plan_bench_replaning_mini_gpt4": 2.6278036928176878,
    "plan_bench_replaning_groundtruth": 349.26125445127485,
    "plan_bench_replaning_openai_human_written_examples": 3.2433634293079376,
    "plan_bench_replaning_rewrite_groundtruth_in_own_words": 3.502490141391754
}