{
    "mbpp_step_by_step": {
        "perplexity": 1.851970128218333,
        "IDF_score": 0.762,
        "log_propability": -79.7,
        "skywork_reward_score": 7.995963541666667,
        "CAR_score": 2.88
    },
    "mbpp_claude": {
        "perplexity": 1.8872985204060873,
        "IDF_score": 0.504,
        "log_propability": -22.5,
        "skywork_reward_score": 15.132291666666667,
        "CAR_score": 5.75
    },
    "mbpp_gpt4_style_in_context_examples": {
        "perplexity": 2.0879812955856325,
        "IDF_score": 0.59,
        "log_propability": -28.1,
        "skywork_reward_score": 12.294010416666667,
        "CAR_score": 4.24
    },
    "mbpp_gpt4": {
        "perplexity": 2.022907316684723,
        "IDF_score": 0.565,
        "log_propability": -24.8,
        "skywork_reward_score": 13.695963541666666,
        "CAR_score": 4.86
    },
    "mbpp_mini_gpt4": {
        "perplexity": 2.2324183265368145,
        "IDF_score": 0.692,
        "log_propability": -36.6,
        "skywork_reward_score": 12.084635416666666,
        "CAR_score": 3.82
    },
    "mbpp_groundtruth": {
        "perplexity": 5.777733155091604,
        "IDF_score": 1.02,
        "log_propability": -60.9,
        "skywork_reward_score": 8.199153645833333,
        "CAR_score": 1.57
    },
    "mbpp_openai_human_written_examples": {
        "perplexity": 2.4705264806747436,
        "IDF_score": 0.959,
        "log_propability": -130.0,
        "skywork_reward_score": 4.731827799479166,
        "CAR_score": 1.3
    },
    "mbpp_rewrite_groundtruth_in_own_words": {
        "perplexity": 2.911376865704854,
        "IDF_score": 0.781,
        "log_propability": -40.8,
        "skywork_reward_score": 8.73515625,
        "CAR_score": 2.37
    }
}