{
    "mmlu_moral_scenarios_step_by_step": 3.7972367143630983,
    "mmlu_moral_scenarios_claude": 3.416640253067017,
    "mmlu_moral_scenarios_gpt4_style_in_context_examples": 3.7924464559555053,
    "mmlu_moral_scenarios_gpt4": 3.7678781032562254,
    "mmlu_moral_scenarios_mini_gpt4": 3.6893310070037844,
    "mmlu_moral_scenarios_groundtruth": 75.72480587005616,
    "mmlu_moral_scenarios_openai_human_written_examples": 3.877279815673828
}