{
    "ecqa_step_by_step": 4.287602297465006,
    "ecqa_claude": 3.868974057833354,
    "ecqa_gpt4_style_in_context_examples": 4.738838124275207,
    "ecqa_gpt4": 4.805788008371989,
    "ecqa_mini_gpt4": 5.106610194842021,
    "ecqa_groundtruth": 10.613242514928181,
    "ecqa_openai_human_written_examples": 4.473444978396098,
    "ecqa_rewrite_groundtruth_in_own_words": 6.601029300689698
}