{
    "mmlu_pro_law_step_by_step": 4.67993658542633,
    "mmlu_pro_law_claude": 3.261200294494629,
    "mmlu_pro_law_gpt4_style_in_context_examples": 5.066695311069489,
    "mmlu_pro_law_gpt4": 5.483899042606354,
    "mmlu_pro_law_mini_gpt4": 4.415317244529724,
    "mmlu_pro_law_groundtruth": 368.8504352045059,
    "mmlu_pro_law_openai_human_written_examples": 6.533634543418884
}