{
    "plan_bench_verification_step_by_step": 1.5176670948664348,
    "plan_bench_verification_claude": 1.7382338166236877,
    "plan_bench_verification_gpt4_style_in_context_examples": 1.5256223519643148,
    "plan_bench_verification_gpt4": 1.6607341448465982,
    "plan_bench_verification_mini_gpt4": 2.362505618731181,
    "plan_bench_verification_groundtruth": 3.988352409998576,
    "plan_bench_verification_openai_human_written_examples": 1.9291708985964457,
    "plan_bench_verification_rewrite_groundtruth_in_own_words": 2.8200227419535318
}