{
    "arc_challenge_step_by_step": 3.3304356217384337,
    "arc_challenge_claude": 3.071049392223358,
    "arc_challenge_gpt4_style_in_context_examples": 3.280830144882202,
    "arc_challenge_gpt4": 3.648432803153992,
    "arc_challenge_mini_gpt4": 3.4479440450668335,
    "arc_challenge_groundtruth": 88693.00087280273,
    "arc_challenge_openai_human_written_examples": 3.880500888824463
}