{
    "mmlu_moral_scenarios_step_by_step": 4.22093939781189,
    "mmlu_moral_scenarios_claude": 3.095920133590698,
    "mmlu_moral_scenarios_gpt4_style_in_context_examples": 3.2652761936187744,
    "mmlu_moral_scenarios_gpt4": 3.915816831588745,
    "mmlu_moral_scenarios_mini_gpt4": 4.134566307067871,
    "mmlu_moral_scenarios_groundtruth": 168.99120757579803,
    "mmlu_moral_scenarios_openai_human_written_examples": 4.97185447216034
}