{
    "drop_step_by_step": 4.07177574634552,
    "drop_claude": 3.459065818786621,
    "drop_gpt4_style_in_context_examples": 3.49550256729126,
    "drop_gpt4": 5.659590578079223,
    "drop_mini_gpt4": 4.641204595565796,
    "drop_groundtruth": 292.1081498980522,
    "drop_openai_human_written_examples": 3.435338008403778
}