{
    "agieval_step_by_step": 3.2030451615651447,
    "agieval_claude": 2.449399296442668,
    "agieval_gpt4_style_in_context_examples": 3.159410568078359,
    "agieval_gpt4": 3.550554704666138,
    "agieval_mini_gpt4": 3.0059980233510335,
    "agieval_groundtruth": 2534010.9334065756,
    "agieval_openai_human_written_examples": 3.7462585528691608
}