{
    "plan_bench_optimality_step_by_step": 2.015928335189819,
    "plan_bench_optimality_claude": 2.0867537903785705,
    "plan_bench_optimality_gpt4_style_in_context_examples": 1.8003684282302856,
    "plan_bench_optimality_gpt4": 2.1797812175750733,
    "plan_bench_optimality_mini_gpt4": 2.283347680568695,
    "plan_bench_optimality_groundtruth": 3.3660498523712157,
    "plan_bench_optimality_openai_human_written_examples": 2.7562750482559206,
    "plan_bench_optimality_rewrite_groundtruth_in_own_words": 2.6368583154678347
}