{
    "plan_bench_execution_step_by_step": 1.847420597076416,
    "plan_bench_execution_claude": 1.9115578293800355,
    "plan_bench_execution_gpt4_style_in_context_examples": 2.662221574783325,
    "plan_bench_execution_gpt4": 2.1278985857963564,
    "plan_bench_execution_mini_gpt4": 2.5850911855697634,
    "plan_bench_execution_groundtruth": 1.7479468941688538,
    "plan_bench_execution_openai_human_written_examples": 2.5556031465530396,
    "plan_bench_execution_rewrite_groundtruth_in_own_words": 2.6799356579780578
}