{
    "hellaswag_step_by_step": 3.583976626396179,
    "hellaswag_claude": 2.83308207988739,
    "hellaswag_gpt4_style_in_context_examples": 2.782030534744263,
    "hellaswag_gpt4": 4.193899798393249,
    "hellaswag_mini_gpt4": 3.6673393726348875,
    "hellaswag_groundtruth": 1741659.5375,
    "hellaswag_openai_human_written_examples": 3.690878415107727
}