{
    "drop_step_by_step": 2.9665195775032043,
    "drop_claude": 1.8716190314292909,
    "drop_gpt4_style_in_context_examples": 2.2528762102127073,
    "drop_gpt4": 2.2032372653484344
}