{
    "boolq_step_by_step": 3.5685254923502603,
    "boolq_claude": 2.884656196832657,
    "boolq_gpt4_style_in_context_examples": 3.338345233599345,
    "boolq_gpt4": 3.8169941635926565,
    "boolq_mini_gpt4": 3.945230754216512,
    "boolq_groundtruth": 12.281756219863892,
    "boolq_openai_human_written_examples": 2.803958023786545
}