{
    "mmlu_pro_law_step_by_step": 4.044668374061584,
    "mmlu_pro_law_claude": 2.9864607429504395,
    "mmlu_pro_law_gpt4_style_in_context_examples": 4.23570442199707,
    "mmlu_pro_law_gpt4": 4.627486605644226,
    "mmlu_pro_law_mini_gpt4": 3.656151475906372,
    "mmlu_pro_law_groundtruth": 1096.5913690948487,
    "mmlu_pro_law_openai_human_written_examples": 4.9267644023895265
}