{
    "plan_bench_reuse_step_by_step": 2.1389777421951295,
    "plan_bench_reuse_claude": 2.19584059715271,
    "plan_bench_reuse_gpt4_style_in_context_examples": 2.0084484696388243,
    "plan_bench_reuse_gpt4": 2.4525248289108275,
    "plan_bench_reuse_mini_gpt4": 3.230135130882263,
    "plan_bench_reuse_groundtruth": 3.5409106016159058,
    "plan_bench_reuse_openai_human_written_examples": 2.657107985019684,
    "plan_bench_reuse_rewrite_groundtruth_in_own_words": 3.584867787361145
}