{
    "api_bank_step_by_step": 3.40341374874115,
    "api_bank_claude": 3.317103898525238,
    "api_bank_gpt4_style_in_context_examples": 4.3833764553070065,
    "api_bank_gpt4": 4.2296631813049315,
    "api_bank_mini_gpt4": 5.031659460067749,
    "api_bank_groundtruth": 8.754177534580231,
    "api_bank_openai_human_written_examples": 4.4779942512512205
}