{
    "drop_step_by_step": 2.288497021198273,
    "drop_claude": 1.8666112172603606,
    "drop_gpt4_style_in_context_examples": 2.195127696990967,
    "drop_gpt4": 2.258448555469513,
    "drop_mini_gpt4": 2.314167853593826,
    "drop_groundtruth": 16.5515303003788,
    "drop_openai_human_written_examples": 1.9839530622959136
}