{
    "plan_bench_generation_step_by_step": 2.1855438590049743,
    "plan_bench_generation_claude": 1.9083256721496582,
    "plan_bench_generation_gpt4_style_in_context_examples": 2.4856931447982786,
    "plan_bench_generation_gpt4": 2.6953124046325683,
    "plan_bench_generation_mini_gpt4": 2.5843247771263123,
    "plan_bench_generation_groundtruth": 5.316792106628418,
    "plan_bench_generation_openai_human_written_examples": 2.738053488731384,
    "plan_bench_generation_rewrite_groundtruth_in_own_words": 2.4630210280418394
}