{
    "agieval_step_by_step": 3.846928358078003,
    "agieval_claude": 2.790008270740509,
    "agieval_gpt4_style_in_context_examples": 4.30108757019043,
    "agieval_gpt4": 4.746420049667359,
    "agieval_mini_gpt4": 3.623625707626343,
    "agieval_groundtruth": 75036.4609375,
    "agieval_openai_human_written_examples": 6.05646276473999
}