{
    "arc_challenge_step_by_step": 3.5589370775222777,
    "arc_challenge_claude": 2.9710990476608274,
    "arc_challenge_gpt4_style_in_context_examples": 3.2568501484394075,
    "arc_challenge_gpt4": 3.9411642968654634,
    "arc_challenge_mini_gpt4": 3.624367878437042,
    "arc_challenge_groundtruth": 76020712.84981933,
    "arc_challenge_openai_human_written_examples": 4.41230832695961
}