{
    "0_50": 76.51682304859162,
    "0_10": 71.1137822151184,
    "10_20": 88.59540466070175,
    "20_30": 96.62961804866791,
    "0_30": 85.44626830816269,
    "30_60": 73.44483957290649,
    "60_90": 80.46878807147344,
    "50_100": 78.50788178920746,
    "100_150": 109.31993378400803,
    "0_100": 77.51235241889954,
    "100_200": 86.36887272119522,
    "200_300": 74.26756253123284
}