{
    "winogrande_step_by_step": 4.116611576080322,
    "winogrande_claude": 3.503607602119446,
    "winogrande_gpt4_style_in_context_examples": 3.8987910890579225,
    "winogrande_gpt4": 4.314078989028931,
    "winogrande_mini_gpt4": 3.8719954824447633,
    "winogrande_groundtruth": 5.821048803329468,
    "winogrande_openai_human_written_examples": 3.6506388425827025
}