{
    "plan_bench_reuse_step_by_step": 2.2372573256492614,
    "plan_bench_reuse_claude": 2.5164539098739622,
    "plan_bench_reuse_gpt4_style_in_context_examples": 1.9996258616447449,
    "plan_bench_reuse_gpt4": 2.6051355600357056,
    "plan_bench_reuse_mini_gpt4": 3.3065099716186523,
    "plan_bench_reuse_groundtruth": 179.9796464920044,
    "plan_bench_reuse_openai_human_written_examples": 2.7870388984680177,
    "plan_bench_reuse_rewrite_groundtruth_in_own_words": 3.7002609968185425
}