{
    "plan_bench_verification_step_by_step": 1.7392702221870422,
    "plan_bench_verification_claude": 1.9855409145355225,
    "plan_bench_verification_gpt4_style_in_context_examples": 1.7978684186935425,
    "plan_bench_verification_gpt4": 1.7455453395843505,
    "plan_bench_verification_mini_gpt4": 2.437339746952057,
    "plan_bench_verification_groundtruth": 17.001921343803406,
    "plan_bench_verification_openai_human_written_examples": 1.939659547805786,
    "plan_bench_verification_rewrite_groundtruth_in_own_words": 2.3821284890174867
}