{
    "drop_step_by_step": 2.6289220678806307,
    "drop_claude": 2.3693308138847353,
    "drop_gpt4_style_in_context_examples": 2.5499531280994416,
    "drop_gpt4": 2.5249674415588377,
    "drop_mini_gpt4": 2.749044861793518,
    "drop_groundtruth": 15.722038083076477,
    "drop_openai_human_written_examples": 2.1421622335910797
}