{
    "plan_bench_verification_step_by_step": 1.6016308307647704,
    "plan_bench_verification_claude": 1.7328238439559938,
    "plan_bench_verification_gpt4_style_in_context_examples": 1.4958724474906921,
    "plan_bench_verification_gpt4": 1.5994421005249024,
    "plan_bench_verification_mini_gpt4": 2.360597906112671,
    "plan_bench_verification_groundtruth": 27.06428394317627,
    "plan_bench_verification_openai_human_written_examples": 2.045892553329468,
    "plan_bench_verification_rewrite_groundtruth_in_own_words": 3.1016596031188963
}