{
    "plan_bench_generalization_step_by_step": 1.7478382086753845,
    "plan_bench_generalization_claude": 2.042116278409958,
    "plan_bench_generalization_gpt4_style_in_context_examples": 1.631196163892746,
    "plan_bench_generalization_gpt4": 1.9791834211349488,
    "plan_bench_generalization_mini_gpt4": 2.191908792257309,
    "plan_bench_generalization_groundtruth": 1.8530647730827332,
    "plan_bench_generalization_openai_human_written_examples": 2.4074638628959657,
    "plan_bench_generalization_rewrite_groundtruth_in_own_words": 2.3588126611709597
}