{
    "hellaswag_step_by_step": 4.935787799358368,
    "hellaswag_claude": 4.052847445011139,
    "hellaswag_gpt4_style_in_context_examples": 3.586790678501129,
    "hellaswag_gpt4": 6.545027930736541,
    "hellaswag_mini_gpt4": 5.959391105175018,
    "hellaswag_groundtruth": 54525338.24527832,
    "hellaswag_openai_human_written_examples": 6.315345516204834
}