{
    "drop_step_by_step": 2.8305222062269846,
    "drop_claude": 2.375921741724014,
    "drop_gpt4_style_in_context_examples": 2.596352903842926,
    "drop_gpt4": 2.587631698846817,
    "drop_mini_gpt4": 2.8513675010204316,
    "drop_groundtruth": 20.021082265377046,
    "drop_openai_human_written_examples": 2.241701816320419
}