{
    "drop_step_by_step": 2.7577308495839437,
    "drop_claude": 2.161375133196513,
    "drop_gpt4_style_in_context_examples": 2.5764240781466166,
    "drop_gpt4": 2.7331176082293194,
    "drop_mini_gpt4": 3.1779616912206015,
    "drop_groundtruth": 21.958175404866537,
    "drop_openai_human_written_examples": 2.295195996761322
}