{
    "mmlu_pro_law_step_by_step": 4.626939511299133,
    "mmlu_pro_law_claude": 3.28230299949646,
    "mmlu_pro_law_gpt4_style_in_context_examples": 4.571104574203491,
    "mmlu_pro_law_gpt4": 5.620002317428589,
    "mmlu_pro_law_mini_gpt4": 4.338674330711365,
    "mmlu_pro_law_groundtruth": 246.05371854305267,
    "mmlu_pro_law_openai_human_written_examples": 6.051631808280945
}