{
    "mmlu_step_by_step": 4.458188853263855,
    "mmlu_claude": 3.260583734512329,
    "mmlu_gpt4_style_in_context_examples": 4.680962872505188,
    "mmlu_gpt4": 4.854346451759338,
    "mmlu_mini_gpt4": 4.541584310531616,
    "mmlu_groundtruth": 45.84877849578857,
    "mmlu_openai_human_written_examples": 5.243648157119751
}