{
    "gsm8k_step_by_step": 1.5287657833099366,
    "gsm8k_claude": 1.7253202128410339,
    "gsm8k_gpt4_style_in_context_examples": 1.6469112181663512,
    "gsm8k_gpt4": 1.6142987990379334,
    "gsm8k_mini_gpt4": 1.6182781720161439,
    "gsm8k_groundtruth": 2.119606230258942,
    "gsm8k_openai_human_written_examples": 1.7182225251197816,
    "gsm8k_rewrite_groundtruth_in_own_words": 3.0487930464744566
}