{
    "mmlu_pro_law_step_by_step": 4.238800128300984,
    "mmlu_pro_law_claude": 3.182544549306234,
    "mmlu_pro_law_gpt4_style_in_context_examples": 5.166631142298381,
    "mmlu_pro_law_gpt4": 5.21744704246521,
    "mmlu_pro_law_mini_gpt4": 3.8615329027175904,
    "mmlu_pro_law_groundtruth": 309.308097743988,
    "mmlu_pro_law_openai_human_written_examples": 5.945619209607442
}