{
    "plan_bench_reuse_step_by_step": 2.0432341575622557,
    "plan_bench_reuse_claude": 2.1478918194770813,
    "plan_bench_reuse_gpt4_style_in_context_examples": 2.047857570648193,
    "plan_bench_reuse_gpt4": 2.3630438685417174,
    "plan_bench_reuse_mini_gpt4": 3.177918577194214,
    "plan_bench_reuse_groundtruth": 2.2029629588127135,
    "plan_bench_reuse_openai_human_written_examples": 2.546782124042511,
    "plan_bench_reuse_rewrite_groundtruth_in_own_words": 3.2390188932418824
}