{
    "winogrande_step_by_step": 4.574629783630371,
    "winogrande_claude": 4.186132478713989,
    "winogrande_gpt4_style_in_context_examples": 5.2259989976882935,
    "winogrande_gpt4": 7.081022882461548,
    "winogrande_mini_gpt4": 7.21760139465332,
    "winogrande_groundtruth": 24.28395550251007,
    "winogrande_openai_human_written_examples": 5.699181342124939
}