{
    "plan_bench_optimality_step_by_step": 2.0982248628139497,
    "plan_bench_optimality_claude": 2.0810387861728668,
    "plan_bench_optimality_gpt4_style_in_context_examples": 1.8620718455314635,
    "plan_bench_optimality_gpt4": 2.223832663297653,
    "plan_bench_optimality_mini_gpt4": 2.304230179786682,
    "plan_bench_optimality_groundtruth": 11.824266659021378,
    "plan_bench_optimality_openai_human_written_examples": 2.782209370136261,
    "plan_bench_optimality_rewrite_groundtruth_in_own_words": 2.8257274520397186
}