{
    "mmlu_moral_scenarios_step_by_step": 3.6998788022994997,
    "mmlu_moral_scenarios_claude": 3.288310856819153,
    "mmlu_moral_scenarios_gpt4_style_in_context_examples": 3.868092918395996,
    "mmlu_moral_scenarios_gpt4": 3.767474694252014,
    "mmlu_moral_scenarios_mini_gpt4": 4.011630945205688,
    "mmlu_moral_scenarios_groundtruth": 22.01911018371582,
    "mmlu_moral_scenarios_openai_human_written_examples": 4.28036431312561
}