{
    "plan_bench_replaning_step_by_step": 2.7096813440322878,
    "plan_bench_replaning_claude": 2.5781620329618455,
    "plan_bench_replaning_gpt4_style_in_context_examples": 3.088218126296997,
    "plan_bench_replaning_gpt4": 3.1448300564289093,
    "plan_bench_replaning_mini_gpt4": 2.939764600992203,
    "plan_bench_replaning_groundtruth": 5.303120831251144,
    "plan_bench_replaning_openai_human_written_examples": 3.5778420931100845,
    "plan_bench_replaning_rewrite_groundtruth_in_own_words": 3.663429983854294
}