{
    "plan_bench_generation_step_by_step": 2.048051765561104,
    "plan_bench_generation_claude": 1.9350111210346221,
    "plan_bench_generation_gpt4_style_in_context_examples": 2.019080730676651,
    "plan_bench_generation_gpt4": 2.2003085827827453,
    "plan_bench_generation_mini_gpt4": 2.4140454936027527,
    "plan_bench_generation_groundtruth": 4.062249906659126,
    "plan_bench_generation_openai_human_written_examples": 2.4091738080978393,
    "plan_bench_generation_rewrite_groundtruth_in_own_words": 2.2603111177682877
}