{
    "drop_step_by_step": 2.5816670060157776,
    "drop_claude": 2.093515257835388,
    "drop_gpt4_style_in_context_examples": 2.496878092288971,
    "drop_gpt4": 2.7477595257759093,
    "drop_mini_gpt4": 2.9569015884399414,
    "drop_groundtruth": 25.431549897193907,
    "drop_openai_human_written_examples": 2.225135123729706
}