{
    "math_algebra_step_by_step": 1.3534527480602265,
    "math_algebra_claude": 1.6753708636760711,
    "math_algebra_gpt4_style_in_context_examples": 3.155828894376755,
    "math_algebra_gpt4": 1.4141535985469817,
    "math_algebra_mini_gpt4": 1.3814646542072295,
    "math_algebra_groundtruth": 2.891009757518768,
    "math_algebra_openai_human_written_examples": 1.5259776735305786,
    "math_algebra_rewrite_groundtruth_in_own_words": 2.4005175721645355
}