{
    "math_algebra_step_by_step": 2.0043124039967855,
    "math_algebra_claude": 2.0582007209459943,
    "math_algebra_gpt4_style_in_context_examples": 3.437822918097178,
    "math_algebra_gpt4": 2.2431808988253277,
    "math_algebra_mini_gpt4": 2.0410520593325296,
    "math_algebra_groundtruth": 2.639357336362203,
    "math_algebra_openai_human_written_examples": 2.085061808427175,
    "math_algebra_rewrite_groundtruth_in_own_words": 3.1727784077326455
}