{
    "mbpp_step_by_step": 3.228775486946106,
    "mbpp_claude": 5.05544664144516,
    "mbpp_gpt4_style_in_context_examples": 4.291438167095184,
    "mbpp_gpt4": 7.1264362406730655,
    "mbpp_mini_gpt4": 8.137055803537368,
    "mbpp_groundtruth": 14.897177749872208,
    "mbpp_openai_human_written_examples": 3.96440003991127,
    "mbpp_rewrite_groundtruth_in_own_words": 9.944869056940078
}