{
    "mmlu_moral_scenarios_step_by_step": 3.6466520547866823,
    "mmlu_moral_scenarios_claude": 2.8669708728790284,
    "mmlu_moral_scenarios_gpt4_style_in_context_examples": 2.983637261390686,
    "mmlu_moral_scenarios_gpt4": 4.47667806148529,
    "mmlu_moral_scenarios_mini_gpt4": 3.4460943937301636,
    "mmlu_moral_scenarios_groundtruth": 75.91650540828705,
    "mmlu_moral_scenarios_openai_human_written_examples": 4.209972929954529
}