{
    "mmlu_step_by_step": 4.268345370292663,
    "mmlu_claude": 2.968556451797485,
    "mmlu_gpt4_style_in_context_examples": 4.205282382965088,
    "mmlu_gpt4": 4.918633961677552,
    "mmlu_mini_gpt4": 4.314386179447174,
    "mmlu_groundtruth": 124.64149658083916,
    "mmlu_openai_human_written_examples": 4.8385804486274715
}