{
    "agieval_step_by_step": 4.238884483575821,
    "agieval_claude": 2.9457178962230683,
    "agieval_gpt4_style_in_context_examples": 4.337446990013123,
    "agieval_gpt4": 5.245069849491119
}