{
    "math_algebra_step_by_step": 1.5034451285998027,
    "math_algebra_claude": 1.771261199315389,
    "math_algebra_gpt4_style_in_context_examples": 2.9159526586532594,
    "math_algebra_gpt4": 1.6830389181772867,
    "math_algebra_mini_gpt4": 1.4639364719390868,
    "math_algebra_groundtruth": 2.8518349647521974,
    "math_algebra_openai_human_written_examples": 1.5340936024983725,
    "math_algebra_rewrite_groundtruth_in_own_words": 2.5381916840871175
}