{
    "drop_step_by_step": 2.820099425315857,
    "drop_claude": 2.6990665038426718,
    "drop_gpt4_style_in_context_examples": 3.0417364875475568,
    "drop_gpt4": 3.036059073607127,
    "drop_mini_gpt4": 3.690462573369344,
    "drop_groundtruth": 17.70107084910075,
    "drop_openai_human_written_examples": 2.4167043407758078
}