{
    "math_geometry_step_by_step": 2.4128199577331544,
    "math_geometry_claude": 2.5386981844902037,
    "math_geometry_gpt4_style_in_context_examples": 3.2326476017634076,
    "math_geometry_gpt4": 2.3926252245903017,
    "math_geometry_mini_gpt4": 2.3282119234402976,
    "math_geometry_groundtruth": 5.218949882189433,
    "math_geometry_openai_human_written_examples": 5.190513757864634,
    "math_geometry_rewrite_groundtruth_in_own_words": 3.0147258758544924
}