{
    "mmlu_pro_law_step_by_step": 4.0631613492965695,
    "mmlu_pro_law_claude": 3.0485411643981934
}