{
    "mmlu_moral_scenarios_step_by_step": 3.1922685956954955,
    "mmlu_moral_scenarios_claude": 2.8805630707740786,
    "mmlu_moral_scenarios_gpt4_style_in_context_examples": 3.2098673009872436,
    "mmlu_moral_scenarios_gpt4": 3.4634788370132448,
    "mmlu_moral_scenarios_mini_gpt4": 3.0733509063720703,
    "mmlu_moral_scenarios_groundtruth": 98.82083000183106,
    "mmlu_moral_scenarios_openai_human_written_examples": 4.099246883392334
}