{
    "gsm8k_step_by_step": 1.8142500281333924,
    "gsm8k_claude": 1.9928679585456848,
    "gsm8k_gpt4_style_in_context_examples": 1.8639825940132142,
    "gsm8k_gpt4": 1.9843329787254333,
    "gsm8k_mini_gpt4": 2.010659122467041,
    "gsm8k_groundtruth": 3.121313714981079,
    "gsm8k_openai_human_written_examples": 1.8754574060440063,
    "gsm8k_rewrite_groundtruth_in_own_words": 3.927526903152466
}