{
    "math_geometry_step_by_step": 1.7931840407848358,
    "math_geometry_claude": 1.947766500711441
}