{
    "api_bank_step_by_step": 3.6131879091262817,
    "api_bank_claude": 3.868061828613281,
    "api_bank_gpt4_style_in_context_examples": 4.508271193504333,
    "api_bank_gpt4": 4.600252151489258,
    "api_bank_mini_gpt4": 4.526552224159241,
    "api_bank_groundtruth": 4.1368320226669315,
    "api_bank_openai_human_written_examples": 3.5482846975326536
}