{
    "plan_bench_execution_step_by_step": 2.1780656468868256,
    "plan_bench_execution_claude": 2.5703469479084013,
    "plan_bench_execution_gpt4_style_in_context_examples": 2.334408681988716,
    "plan_bench_execution_gpt4": 2.355697078704834,
    "plan_bench_execution_mini_gpt4": 3.680766906738281,
    "plan_bench_execution_groundtruth": 11.272940801382065,
    "plan_bench_execution_openai_human_written_examples": 3.3852863949537277,
    "plan_bench_execution_rewrite_groundtruth_in_own_words": 3.606815932393074
}