{
    "mmlu_pro_law_step_by_step": 4.125492445627848,
    "mmlu_pro_law_claude": 2.907941468556722,
    "mmlu_pro_law_gpt4_style_in_context_examples": 4.140107274055481,
    "mmlu_pro_law_gpt4": 4.202144837379455,
    "mmlu_pro_law_mini_gpt4": 3.5902172962824506,
    "mmlu_pro_law_groundtruth": 1001.1777950286865,
    "mmlu_pro_law_openai_human_written_examples": 4.664097714424133
}