{
    "plan_bench_generation_step_by_step": 2.1919770777225493,
    "plan_bench_generation_claude": 2.2288807636499404,
    "plan_bench_generation_gpt4_style_in_context_examples": 2.1733743280172346,
    "plan_bench_generation_gpt4": 2.405360709428787,
    "plan_bench_generation_mini_gpt4": 2.656606785058975,
    "plan_bench_generation_groundtruth": 65.60341876983642,
    "plan_bench_generation_openai_human_written_examples": 2.6619621294736864,
    "plan_bench_generation_rewrite_groundtruth_in_own_words": 3.193545113801956
}