{
    "plan_bench_generalization_step_by_step": 1.7517411386966706,
    "plan_bench_generalization_claude": 2.113963007926941,
    "plan_bench_generalization_gpt4_style_in_context_examples": 1.6159590196609497,
    "plan_bench_generalization_gpt4": 2.0090738236904144,
    "plan_bench_generalization_mini_gpt4": 2.1041083323955534,
    "plan_bench_generalization_groundtruth": 1.7146365582942962,
    "plan_bench_generalization_openai_human_written_examples": 2.6762095415592193,
    "plan_bench_generalization_rewrite_groundtruth_in_own_words": 2.3209090459346773
}