{
    "gsm8k_step_by_step": 1.5125138902664184,
    "gsm8k_claude": 1.727898623943329,
    "gsm8k_gpt4_style_in_context_examples": 1.6838733077049255,
    "gsm8k_gpt4": 1.580335524082184,
    "gsm8k_mini_gpt4": 1.5424277138710023,
    "gsm8k_groundtruth": 2.2842137813568115,
    "gsm8k_openai_human_written_examples": 1.7044352197647095,
    "gsm8k_rewrite_groundtruth_in_own_words": 3.0806228852272035
}