{
    "drop_step_by_step": 3.422503124475479,
    "drop_claude": 2.5691569554805755,
    "drop_gpt4_style_in_context_examples": 2.988856247663498,
    "drop_gpt4": 3.5349709463119505,
    "drop_mini_gpt4": 3.6090598213672638,
    "drop_groundtruth": 61.378598033189775,
    "drop_openai_human_written_examples": 3.027070471048355
}