{
    "drop_step_by_step": 2.6187111103534697,
    "drop_claude": 2.3607785642147063,
    "drop_gpt4_style_in_context_examples": 2.5434227097034454,
    "drop_gpt4": 2.5086162555217744,
    "drop_mini_gpt4": 2.724574511051178,
    "drop_groundtruth": 15.784818754196166,
    "drop_openai_human_written_examples": 2.1335652589797975
}