{
    "plan_bench_reuse_step_by_step": 2.004978561401367,
    "plan_bench_reuse_claude": 2.0474597096443174,
    "plan_bench_reuse_gpt4_style_in_context_examples": 1.8086877425511678,
    "plan_bench_reuse_gpt4": 2.326842459042867,
    "plan_bench_reuse_mini_gpt4": 2.6189533750216167,
    "plan_bench_reuse_groundtruth": 4.164374121030172,
    "plan_bench_reuse_openai_human_written_examples": 2.4454994916915895,
    "plan_bench_reuse_rewrite_groundtruth_in_own_words": 2.846717937787374
}