{
    "plan_bench_generation_step_by_step": 2.229517451922099,
    "plan_bench_generation_claude": 1.9768187165260316,
    "plan_bench_generation_gpt4_style_in_context_examples": 2.2633941094080607,
    "plan_bench_generation_gpt4": 2.593490254878998,
    "plan_bench_generation_mini_gpt4": 2.7667297681172687,
    "plan_bench_generation_groundtruth": 5.425597135225932,
    "plan_bench_generation_openai_human_written_examples": 2.7994512796401976,
    "plan_bench_generation_rewrite_groundtruth_in_own_words": 2.3053364356358848
}