{
    "math_algebra_step_by_step": 1.7895510232448577,
    "math_algebra_claude": 1.882394540309906,
    "math_algebra_gpt4_style_in_context_examples": 3.6744785273075102,
    "math_algebra_gpt4": 1.8628478336334229,
    "math_algebra_mini_gpt4": 1.8554624223709106,
    "math_algebra_groundtruth": 2.491900587081909,
    "math_algebra_openai_human_written_examples": 1.9784718811511994,
    "math_algebra_rewrite_groundtruth_in_own_words": 2.721699367761612
}