{
    "boolq_step_by_step": 3.60181909263134,
    "boolq_claude": 2.8828403788805006,
    "boolq_gpt4_style_in_context_examples": 3.4514515030384065,
    "boolq_gpt4": 3.884788019657135,
    "boolq_mini_gpt4": 3.9623012387752534,
    "boolq_groundtruth": 12.026527590751648,
    "boolq_openai_human_written_examples": 2.8476041930913927
}