{
    "plan_bench_replaning_step_by_step": 2.501869710286458,
    "plan_bench_replaning_claude": 2.924981915950775,
    "plan_bench_replaning_gpt4_style_in_context_examples": 3.4652136087417604,
    "plan_bench_replaning_gpt4": 3.1555689573287964,
    "plan_bench_replaning_mini_gpt4": 3.0582127292950947,
    "plan_bench_replaning_groundtruth": 3532.4852600097656,
    "plan_bench_replaning_openai_human_written_examples": 3.8722700834274293,
    "plan_bench_replaning_rewrite_groundtruth_in_own_words": 4.311470806598663
}