{
    "math_geometry_step_by_step": 1.8206648707389832,
    "math_geometry_claude": 1.8661676049232483,
    "math_geometry_gpt4_style_in_context_examples": 2.37175346215566,
    "math_geometry_gpt4": 1.7895601193110149,
    "math_geometry_mini_gpt4": 1.739603594938914,
    "math_geometry_groundtruth": 2.821736506621043,
    "math_geometry_openai_human_written_examples": 4.393928050994873,
    "math_geometry_rewrite_groundtruth_in_own_words": 2.1832449873288473
}