{
    "plan_bench_generalization_step_by_step": 1.674202831586202,
    "plan_bench_generalization_claude": 2.025150998433431,
    "plan_bench_generalization_gpt4_style_in_context_examples": 1.7128450711568197,
    "plan_bench_generalization_gpt4": 2.048828335603078,
    "plan_bench_generalization_mini_gpt4": 2.280661964416504,
    "plan_bench_generalization_groundtruth": 1.8972348014513651,
    "plan_bench_generalization_openai_human_written_examples": 2.2223241289456683,
    "plan_bench_generalization_rewrite_groundtruth_in_own_words": 2.394697876771291
}