{
    "squad_step_by_step": 2.4886489582061766,
    "squad_claude": 1.893291597366333,
    "squad_gpt4_style_in_context_examples": 2.35211804151535,
    "squad_gpt4": 2.9801161241531373,
    "squad_mini_gpt4": 2.3646710109710694,
    "squad_groundtruth": 317.76208611011504,
    "squad_openai_human_written_examples": 1.9265774583816528
}