{
    "math_algebra_step_by_step": 1.476529905796051,
    "math_algebra_claude": 1.7462192392349243,
    "math_algebra_gpt4_style_in_context_examples": 6.011455731391907,
    "math_algebra_gpt4": 2.29577800989151,
    "math_algebra_mini_gpt4": 1.4582312560081483,
    "math_algebra_groundtruth": 3.007138025760651,
    "math_algebra_openai_human_written_examples": 1.66173100233078,
    "math_algebra_rewrite_groundtruth_in_own_words": 2.4263725447654725
}