{
    "mbpp_step_by_step": 2.453524076938629,
    "mbpp_claude": 2.955283196767171,
    "mbpp_gpt4_style_in_context_examples": 2.8820716659228007,
    "mbpp_gpt4": 3.331236255168915,
    "mbpp_mini_gpt4": 3.39340128103892,
    "mbpp_groundtruth": 9.206081795692445,
    "mbpp_openai_human_written_examples": 2.9043043732643126,
    "mbpp_rewrite_groundtruth_in_own_words": 5.260601222515106
}