{
    "plan_bench_execution_step_by_step": 2.036163969039917,
    "plan_bench_execution_claude": 2.611922228336334,
    "plan_bench_execution_gpt4_style_in_context_examples": 2.212244782447815,
    "plan_bench_execution_gpt4": 2.1844721984863282,
    "plan_bench_execution_mini_gpt4": 3.8061815309524536,
    "plan_bench_execution_groundtruth": 9.383921670913697,
    "plan_bench_execution_openai_human_written_examples": 3.2006642913818357,
    "plan_bench_execution_rewrite_groundtruth_in_own_words": 3.4200240206718444
}