{
    "plan_bench_verification_step_by_step": 1.5515395593643189,
    "plan_bench_verification_claude": 1.7533393096923828,
    "plan_bench_verification_gpt4_style_in_context_examples": 1.4446483445167542,
    "plan_bench_verification_gpt4": 1.5668974995613099,
    "plan_bench_verification_mini_gpt4": 2.3119565773010256,
    "plan_bench_verification_groundtruth": 3.8716518115997314,
    "plan_bench_verification_openai_human_written_examples": 1.942966012954712,
    "plan_bench_verification_rewrite_groundtruth_in_own_words": 2.8665210151672365
}