{
    "plan_bench_generation_step_by_step": 2.03130099773407,
    "plan_bench_generation_claude": 1.8903183698654176,
    "plan_bench_generation_gpt4_style_in_context_examples": 2.098828371365865,
    "plan_bench_generation_gpt4": 2.177308730284373,
    "plan_bench_generation_mini_gpt4": 2.326353589693705,
    "plan_bench_generation_groundtruth": 4.381874982515971,
    "plan_bench_generation_openai_human_written_examples": 2.613887925942739,
    "plan_bench_generation_rewrite_groundtruth_in_own_words": 2.166389612356822
}