{
    "api_bank_step_by_step": 3.2530125776926675,
    "api_bank_claude": 3.365648627281189,
    "api_bank_gpt4_style_in_context_examples": 4.312538599967956,
    "api_bank_gpt4": 3.7787626584370932,
    "api_bank_mini_gpt4": 4.641613888740539,
    "api_bank_groundtruth": 9.342492286364237,
    "api_bank_openai_human_written_examples": 3.8212613264719644
}