{
    "ecqa_step_by_step": 4.471726720333099,
    "ecqa_claude": 3.7906317818164825,
    "ecqa_gpt4_style_in_context_examples": 4.261524085998535,
    "ecqa_gpt4": 5.7573973345756535,
    "ecqa_mini_gpt4": 5.3456801152229305,
    "ecqa_groundtruth": 34.8453652882576,
    "ecqa_openai_human_written_examples": 5.192501041889191,
    "ecqa_rewrite_groundtruth_in_own_words": 8.94157829761505
}