{
    "plan_bench_verification_step_by_step": 1.5403412262598672,
    "plan_bench_verification_claude": 1.7276708602905273,
    "plan_bench_verification_gpt4_style_in_context_examples": 1.5436679085095724,
    "plan_bench_verification_gpt4": 1.6817946791648866,
    "plan_bench_verification_mini_gpt4": 2.4973310112953184,
    "plan_bench_verification_groundtruth": 11.12428166071574,
    "plan_bench_verification_openai_human_written_examples": 2.1911585688591004,
    "plan_bench_verification_rewrite_groundtruth_in_own_words": 3.0801754633585614
}