{
    "gsm8k_step_by_step": 1.9430437636375428,
    "gsm8k_claude": 2.075820444822311,
    "gsm8k_gpt4_style_in_context_examples": 2.060661128759384,
    "gsm8k_gpt4": 2.0123324680328367,
    "gsm8k_mini_gpt4": 1.9664790225028992,
    "gsm8k_groundtruth": 4.6251515686512,
    "gsm8k_openai_human_written_examples": 2.187803350687027,
    "gsm8k_rewrite_groundtruth_in_own_words": 3.9489105248451235
}