{
    "mbpp_step_by_step": 2.824051284790039,
    "mbpp_claude": 6.335821998119354,
    "mbpp_gpt4_style_in_context_examples": 6.633958053588867,
    "mbpp_gpt4": 7.28120481967926,
    "mbpp_mini_gpt4": 7.621023082733155,
    "mbpp_groundtruth": 51.353539323806764,
    "mbpp_openai_human_written_examples": 4.460543489456176,
    "mbpp_rewrite_groundtruth_in_own_words": 21.565602588653565
}