{
    "mmlu_step_by_step": 4.810312287807465,
    "mmlu_claude": 3.4195977628231047,
    "mmlu_gpt4_style_in_context_examples": 4.555564293861389,
    "mmlu_gpt4": 4.596494914293289,
    "mmlu_mini_gpt4": 4.247121720314026,
    "mmlu_groundtruth": 29.211653089523317,
    "mmlu_openai_human_written_examples": 4.866532220840454
}