{
    "plan_bench_execution_step_by_step": 1.8516080061594644,
    "plan_bench_execution_claude": 2.0529465953509014,
    "plan_bench_execution_gpt4_style_in_context_examples": 2.155356526374817,
    "plan_bench_execution_gpt4": 1.920625869433085,
    "plan_bench_execution_mini_gpt4": 2.678949499130249,
    "plan_bench_execution_groundtruth": 4.675024803479513,
    "plan_bench_execution_openai_human_written_examples": 2.517841374874115,
    "plan_bench_execution_rewrite_groundtruth_in_own_words": 2.6009316364924113
}