{
    "hellaswag_step_by_step": 4.042984986305237,
    "hellaswag_claude": 2.744198179244995,
    "hellaswag_gpt4_style_in_context_examples": 2.639597702026367,
    "hellaswag_gpt4": 3.926788592338562,
    "hellaswag_mini_gpt4": 4.394139289855957,
    "hellaswag_groundtruth": 3073690.03046875,
    "hellaswag_openai_human_written_examples": 3.6158468961715697
}