{
    "ecqa_step_by_step": 3.331065101623535,
    "ecqa_claude": 3.031172490119934,
    "ecqa_gpt4_style_in_context_examples": 3.405507454872131,
    "ecqa_gpt4": 3.7439945524930955,
    "ecqa_mini_gpt4": 3.585519089102745,
    "ecqa_groundtruth": 17.205183860063553,
    "ecqa_openai_human_written_examples": 3.562264620065689,
    "ecqa_rewrite_groundtruth_in_own_words": 5.792410675287247
}