{
    "squad_step_by_step": 3.8271420657634736,
    "squad_claude": 2.844843398332596,
    "squad_gpt4_style_in_context_examples": 3.4783148860931394,
    "squad_gpt4": 5.430625505447388,
    "squad_mini_gpt4": 4.528639246225357,
    "squad_groundtruth": 42.44155176520348,
    "squad_openai_human_written_examples": 3.4207463347911835
}