{
    "plan_bench_verification_step_by_step": 1.6094525671005249,
    "plan_bench_verification_claude": 1.7822595942020416,
    "plan_bench_verification_gpt4_style_in_context_examples": 1.5762618219852447,
    "plan_bench_verification_gpt4": 1.7315853750705719
}