{
    "plan_bench_generalization_step_by_step": 1.5712523698806762,
    "plan_bench_generalization_claude": 1.986666977405548,
    "plan_bench_generalization_gpt4_style_in_context_examples": 1.5299702644348145,
    "plan_bench_generalization_gpt4": 1.8349119067192077,
    "plan_bench_generalization_mini_gpt4": 2.2774281740188598,
    "plan_bench_generalization_groundtruth": 2.289706528186798,
    "plan_bench_generalization_openai_human_written_examples": 2.216294324398041,
    "plan_bench_generalization_rewrite_groundtruth_in_own_words": 2.242658293247223
}