{
    "math_algebra_step_by_step": 1.467413199543953,
    "math_algebra_claude": 1.7506840628385545,
    "math_algebra_gpt4_style_in_context_examples": 4.639982038736344,
    "math_algebra_gpt4": 1.671423518061638,
    "math_algebra_mini_gpt4": 1.4228776752948762,
    "math_algebra_groundtruth": 3.0649085098505022,
    "math_algebra_openai_human_written_examples": 1.622718296647072,
    "math_algebra_rewrite_groundtruth_in_own_words": 2.389933210015297
}