{
    "plan_bench_generalization_step_by_step": 1.7275680029392242,
    "plan_bench_generalization_claude": 2.056181791226069,
    "plan_bench_generalization_gpt4_style_in_context_examples": 1.6352599596977233,
    "plan_bench_generalization_gpt4": 2.0318797083695728,
    "plan_bench_generalization_mini_gpt4": 2.1685921263694765,
    "plan_bench_generalization_groundtruth": 1.8835319928328196,
    "plan_bench_generalization_openai_human_written_examples": 2.4351453769207,
    "plan_bench_generalization_rewrite_groundtruth_in_own_words": 2.369764122962952
}