{
    "plan_bench_generalization_step_by_step": 1.6671082377433777,
    "plan_bench_generalization_claude": 2.113441243171692,
    "plan_bench_generalization_gpt4_style_in_context_examples": 1.5622581839561462,
    "plan_bench_generalization_gpt4": 1.9565148305892945,
    "plan_bench_generalization_mini_gpt4": 2.0486185503005983,
    "plan_bench_generalization_groundtruth": 1.8785402870178223,
    "plan_bench_generalization_openai_human_written_examples": 2.4800238013267517,
    "plan_bench_generalization_rewrite_groundtruth_in_own_words": 2.4562707495689393
}