{
    "math_geometry_step_by_step": 2.3524962147076924,
    "math_geometry_claude": 2.2615405519803367,
    "math_geometry_gpt4_style_in_context_examples": 3.1551612496376036,
    "math_geometry_gpt4": 2.302039158344269,
    "math_geometry_mini_gpt4": 2.2900353908538817,
    "math_geometry_groundtruth": 2.783868118127187,
    "math_geometry_openai_human_written_examples": 5.700949887434642,
    "math_geometry_rewrite_groundtruth_in_own_words": 2.632522928714752
}