{
    "plan_bench_execution_step_by_step": 2.1802632490793865,
    "plan_bench_execution_claude": 2.3838751872380572,
    "plan_bench_execution_gpt4_style_in_context_examples": 2.384173746903737,
    "plan_bench_execution_gpt4": 2.265024960041046,
    "plan_bench_execution_mini_gpt4": 3.4490072965621947,
    "plan_bench_execution_groundtruth": 13.852942395210267,
    "plan_bench_execution_openai_human_written_examples": 3.525288399060567,
    "plan_bench_execution_rewrite_groundtruth_in_own_words": 3.33999080657959
}