{
    "boolq_step_by_step": 3.607753352324168,
    "boolq_claude": 2.8630028486251833,
    "boolq_gpt4_style_in_context_examples": 3.4115519324938455,
    "boolq_gpt4": 3.6709598779678343,
    "boolq_mini_gpt4": 3.9745957612991334,
    "boolq_groundtruth": 11.761273717880249,
    "boolq_openai_human_written_examples": 2.876252015431722
}