{
    "winogrande_step_by_step": 4.941224694252014,
    "winogrande_claude": 3.9466395378112793,
    "winogrande_gpt4_style_in_context_examples": 5.045787882804871,
    "winogrande_gpt4": 6.835907220840454,
    "winogrande_mini_gpt4": 5.867308592796325,
    "winogrande_groundtruth": 3.2364035129547117,
    "winogrande_openai_human_written_examples": 5.991306614875794
}