{
    "mmlu_step_by_step": 4.681369385719299,
    "mmlu_claude": 3.3600008344650267,
    "mmlu_gpt4_style_in_context_examples": 4.564509530067443,
    "mmlu_gpt4": 4.433969614505767,
    "mmlu_mini_gpt4": 4.308740637302399,
    "mmlu_groundtruth": 21.792722396850586,
    "mmlu_openai_human_written_examples": 4.674708414077759
}