{
    "squad_step_by_step": 3.5640664207935333,
    "squad_claude": 2.748454970121384,
    "squad_gpt4_style_in_context_examples": 3.071864242553711,
    "squad_gpt4": 5.290150935649872,
    "squad_mini_gpt4": 3.7709567236900328,
    "squad_groundtruth": 15.467695063352584,
    "squad_openai_human_written_examples": 3.2161080181598662
}