{
    "mbpp_step_by_step": 2.381193870306015,
    "mbpp_claude": 2.9622945153713225,
    "mbpp_gpt4_style_in_context_examples": 2.736678614616394,
    "mbpp_gpt4": 3.1736329901218414,
    "mbpp_mini_gpt4": 3.481979936361313
}