{
    "plan_bench_replaning_step_by_step": 2.431603705883026,
    "plan_bench_replaning_claude": 2.394935500621796,
    "plan_bench_replaning_gpt4_style_in_context_examples": 2.876331853866577,
    "plan_bench_replaning_gpt4": 2.719922864437103,
    "plan_bench_replaning_mini_gpt4": 2.8105847358703615,
    "plan_bench_replaning_groundtruth": 639.8206266641616,
    "plan_bench_replaning_openai_human_written_examples": 3.4761229395866393,
    "plan_bench_replaning_rewrite_groundtruth_in_own_words": 3.418066692352295
}