{
    "plan_bench_optimality_step_by_step": 2.0069244265556336,
    "plan_bench_optimality_claude": 2.2933017730712892,
    "plan_bench_optimality_gpt4_style_in_context_examples": 1.8279066205024719,
    "plan_bench_optimality_gpt4": 2.2958323121070863,
    "plan_bench_optimality_mini_gpt4": 2.2759388208389284,
    "plan_bench_optimality_groundtruth": 13.657100546360017,
    "plan_bench_optimality_openai_human_written_examples": 2.7294262766838076,
    "plan_bench_optimality_rewrite_groundtruth_in_own_words": 2.625772225856781
}