{
    "plan_bench_generalization_step_by_step": 1.7250854277610779,
    "plan_bench_generalization_claude": 2.0486246234178545,
    "plan_bench_generalization_gpt4_style_in_context_examples": 1.6286824494600296,
    "plan_bench_generalization_gpt4": 2.0607811176776885,
    "plan_bench_generalization_mini_gpt4": 2.1382443290948867,
    "plan_bench_generalization_groundtruth": 1.9191413724422455,
    "plan_bench_generalization_openai_human_written_examples": 2.4256070095300672,
    "plan_bench_generalization_rewrite_groundtruth_in_own_words": 2.3518787467479707
}