{
    "mmlu_pro_law_step_by_step": 4.976059074401856,
    "mmlu_pro_law_claude": 3.5707022285461427,
    "mmlu_pro_law_gpt4_style_in_context_examples": 5.207353110313416,
    "mmlu_pro_law_gpt4": 5.053737096786499,
    "mmlu_pro_law_mini_gpt4": 4.73674126625061,
    "mmlu_pro_law_groundtruth": 38.08830194473266,
    "mmlu_pro_law_openai_human_written_examples": 5.81980028629303
}