{
    "plan_bench_replaning_step_by_step": 2.7287802696228027,
    "plan_bench_replaning_claude": 2.560332952737808,
    "plan_bench_replaning_gpt4_style_in_context_examples": 2.99563805103302,
    "plan_bench_replaning_gpt4": 3.0203711831569673,
    "plan_bench_replaning_mini_gpt4": 2.9390315091609955,
    "plan_bench_replaning_groundtruth": 4.338681379556656,
    "plan_bench_replaning_openai_human_written_examples": 3.5685179328918455,
    "plan_bench_replaning_rewrite_groundtruth_in_own_words": 3.5722020840644837
}