{
    "plan_bench_execution_step_by_step": 2.100281572341919,
    "plan_bench_execution_claude": 2.2733474254608153,
    "plan_bench_execution_gpt4_style_in_context_examples": 2.5036424517631533,
    "plan_bench_execution_gpt4": 2.3427335381507874,
    "plan_bench_execution_mini_gpt4": 3.3945050716400145,
    "plan_bench_execution_groundtruth": 10.192285227775574,
    "plan_bench_execution_openai_human_written_examples": 3.4671783685684203,
    "plan_bench_execution_rewrite_groundtruth_in_own_words": 3.250298357009888
}