{
    "plan_bench_generation_step_by_step": 2.041128205060959,
    "plan_bench_generation_claude": 1.9320737087726594,
    "plan_bench_generation_gpt4_style_in_context_examples": 2.0497381854057313,
    "plan_bench_generation_gpt4": 2.1695555782318117,
    "plan_bench_generation_mini_gpt4": 2.436413186788559,
    "plan_bench_generation_groundtruth": 4.212619208097458,
    "plan_bench_generation_openai_human_written_examples": 2.4893926119804384,
    "plan_bench_generation_rewrite_groundtruth_in_own_words": 2.228297493457794
}