{
    "ecqa_step_by_step": 4.475943341255188,
    "ecqa_claude": 3.7576656842231753,
    "ecqa_gpt4_style_in_context_examples": 4.253159670829773,
    "ecqa_gpt4": 5.728790555000305,
    "ecqa_mini_gpt4": 5.2990051364898685,
    "ecqa_groundtruth": 36.01953370571137,
    "ecqa_openai_human_written_examples": 5.159083404541016,
    "ecqa_rewrite_groundtruth_in_own_words": 9.172478728294372
}