{
    "plan_bench_generalization_step_by_step": 1.799140248298645,
    "plan_bench_generalization_claude": 1.9983906149864197,
    "plan_bench_generalization_gpt4_style_in_context_examples": 1.6108034682273864,
    "plan_bench_generalization_gpt4": 2.072922258377075,
    "plan_bench_generalization_mini_gpt4": 2.1395354962348936,
    "plan_bench_generalization_groundtruth": 1.823813145160675,
    "plan_bench_generalization_openai_human_written_examples": 2.3442991304397585,
    "plan_bench_generalization_rewrite_groundtruth_in_own_words": 2.313418354988098
}