{
    "mmlu_step_by_step": 3.6642407321929933,
    "mmlu_claude": 2.8821410846710207,
    "mmlu_gpt4_style_in_context_examples": 3.72516254901886,
    "mmlu_gpt4": 4.125419731140137,
    "mmlu_mini_gpt4": 3.7033881664276125,
    "mmlu_groundtruth": 1622.5333821105958,
    "mmlu_openai_human_written_examples": 4.277488923072815
}