{
    "ecqa_step_by_step": 4.2412191271781925,
    "ecqa_claude": 3.573850038051605,
    "ecqa_gpt4_style_in_context_examples": 4.121869509220123
}