{
    "plan_bench_reuse_step_by_step": 2.1283516597747805,
    "plan_bench_reuse_claude": 2.393965458869934,
    "plan_bench_reuse_gpt4_style_in_context_examples": 2.152600656747818
}