{
    "math_geometry_step_by_step": 1.8831525111198426,
    "math_geometry_claude": 2.0276382994651794,
    "math_geometry_gpt4_style_in_context_examples": 3.278778727054596,
    "math_geometry_gpt4": 2.0901706552505495,
    "math_geometry_mini_gpt4": 1.805407500267029,
    "math_geometry_groundtruth": 2.845871753692627,
    "math_geometry_openai_human_written_examples": 3.4667005491256715,
    "math_geometry_rewrite_groundtruth_in_own_words": 2.4806975317001343
}