{
    "api_bank_step_by_step": 3.5096014165878295,
    "api_bank_claude": 3.3582322549819947,
    "api_bank_gpt4_style_in_context_examples": 4.980614190101623,
    "api_bank_gpt4": 4.283587250709534,
    "api_bank_mini_gpt4": 5.25172990322113,
    "api_bank_groundtruth": 18.53799028635025,
    "api_bank_openai_human_written_examples": 4.502201642990112
}