{
    "plan_bench_generation_step_by_step": 2.069651257991791,
    "plan_bench_generation_claude": 2.176123833656311,
    "plan_bench_generation_gpt4_style_in_context_examples": 2.3462236881256104,
    "plan_bench_generation_gpt4": 2.6406886100769045,
    "plan_bench_generation_mini_gpt4": 2.5321802735328673,
    "plan_bench_generation_groundtruth": 53.363214778900144,
    "plan_bench_generation_openai_human_written_examples": 2.6009867668151854,
    "plan_bench_generation_rewrite_groundtruth_in_own_words": 3.236872935295105
}