{
    "plan_bench_reuse_step_by_step": 2.2994084203243257,
    "plan_bench_reuse_claude": 2.5648156321048736,
    "plan_bench_reuse_gpt4_style_in_context_examples": 2.1845434319972994,
    "plan_bench_reuse_gpt4": 2.8078583896160128,
    "plan_bench_reuse_mini_gpt4": 3.0651087629795075,
    "plan_bench_reuse_groundtruth": 17.07121887207031,
    "plan_bench_reuse_openai_human_written_examples": 3.458311063051224,
    "plan_bench_reuse_rewrite_groundtruth_in_own_words": 4.068819246292114
}