{
    "plan_bench_verification_step_by_step": 1.5778324643770854,
    "plan_bench_verification_claude": 1.7685068686803183,
    "plan_bench_verification_gpt4_style_in_context_examples": 1.514626399676005,
    "plan_bench_verification_gpt4": 1.5814212679862976,
    "plan_bench_verification_mini_gpt4": 2.2043596506118774,
    "plan_bench_verification_groundtruth": 6.277338115374247,
    "plan_bench_verification_openai_human_written_examples": 1.8294242898623148,
    "plan_bench_verification_rewrite_groundtruth_in_own_words": 2.5418513298034666
}