{
    "plan_bench_verification_step_by_step": 1.5809403324127198,
    "plan_bench_verification_claude": 1.824492976665497,
    "plan_bench_verification_gpt4_style_in_context_examples": 1.5531219637393952,
    "plan_bench_verification_gpt4": 1.6395586216449738,
    "plan_bench_verification_mini_gpt4": 2.409479387998581,
    "plan_bench_verification_groundtruth": 4.040850645303726,
    "plan_bench_verification_openai_human_written_examples": 1.984210958480835,
    "plan_bench_verification_rewrite_groundtruth_in_own_words": 2.7912784707546234
}