{
    "plan_bench_reuse_step_by_step": 2.0812323013941447,
    "plan_bench_reuse_claude": 2.068047821521759,
    "plan_bench_reuse_gpt4_style_in_context_examples": 1.8729148705800374,
    "plan_bench_reuse_gpt4": 2.251790630817413,
    "plan_bench_reuse_mini_gpt4": 2.722214953104655,
    "plan_bench_reuse_groundtruth": 4.691600708166758,
    "plan_bench_reuse_openai_human_written_examples": 2.662919457753499,
    "plan_bench_reuse_rewrite_groundtruth_in_own_words": 3.0847191055615744
}