{
    "plan_bench_execution_step_by_step": 1.9511785546938578,
    "plan_bench_execution_claude": 1.8626192251841227,
    "plan_bench_execution_gpt4_style_in_context_examples": 2.381325813134511,
    "plan_bench_execution_gpt4": 2.109663021564484,
    "plan_bench_execution_mini_gpt4": 2.9405193885167438,
    "plan_bench_execution_groundtruth": 1.8463408788045248,
    "plan_bench_execution_openai_human_written_examples": 2.3744080424308778,
    "plan_bench_execution_rewrite_groundtruth_in_own_words": 2.722429112593333
}