{
    "plan_bench_generation_step_by_step": 2.0392381978034972,
    "plan_bench_generation_claude": 1.9164445996284485,
    "plan_bench_generation_gpt4_style_in_context_examples": 2.138635494709015,
    "plan_bench_generation_gpt4": 2.1271501541137696,
    "plan_bench_generation_mini_gpt4": 2.389079885482788,
    "plan_bench_generation_groundtruth": 5.844665999412537,
    "plan_bench_generation_openai_human_written_examples": 2.5683557748794557,
    "plan_bench_generation_rewrite_groundtruth_in_own_words": 2.3105377173423767
}