{
    "piqa_step_by_step": 4.252369236946106,
    "piqa_claude": 3.400740885734558,
    "piqa_gpt4_style_in_context_examples": 5.85166301727295,
    "piqa_gpt4": 6.699026465415955,
    "piqa_mini_gpt4": 4.097300434112549,
    "piqa_groundtruth": 2846523.63828125,
    "piqa_openai_human_written_examples": 6.181522107124328
}