{
    "winogrande_step_by_step": 3.5708920431137083,
    "winogrande_claude": 3.0119731092453,
    "winogrande_gpt4_style_in_context_examples": 3.3183145117759705,
    "winogrande_gpt4": 4.066913831233978,
    "winogrande_mini_gpt4": 3.333393566608429,
    "winogrande_groundtruth": 25.348797359466552,
    "winogrande_openai_human_written_examples": 3.3241276371479036
}