{
    "plan_bench_generation_step_by_step": 2.2080239415168763,
    "plan_bench_generation_claude": 1.9211827516555786,
    "plan_bench_generation_gpt4_style_in_context_examples": 2.4983832597732545,
    "plan_bench_generation_gpt4": 2.7048452854156495,
    "plan_bench_generation_mini_gpt4": 2.6177405834198,
    "plan_bench_generation_groundtruth": 10.117172527313233,
    "plan_bench_generation_openai_human_written_examples": 2.7569557070732116,
    "plan_bench_generation_rewrite_groundtruth_in_own_words": 2.5086315274238586
}