{
    "arc_challenge_step_by_step": 3.434989833831787,
    "arc_challenge_claude": 2.8394599318504334,
    "arc_challenge_gpt4_style_in_context_examples": 3.1148761034011843,
    "arc_challenge_gpt4": 4.200167036056518,
    "arc_challenge_mini_gpt4": 3.292801284790039,
    "arc_challenge_groundtruth": 84726499.75,
    "arc_challenge_openai_human_written_examples": 3.77737443447113
}