{
    "winogrande_step_by_step": 4.101381754875183,
    "winogrande_claude": 3.5753332138061524,
    "winogrande_gpt4_style_in_context_examples": 4.478903436660767,
    "winogrande_gpt4": 4.887921643257141,
    "winogrande_mini_gpt4": 4.632297134399414,
    "winogrande_groundtruth": 6.328983497619629,
    "winogrande_openai_human_written_examples": 3.7725242376327515
}