{
    "winogrande_step_by_step": 3.569378662109375,
    "winogrande_claude": 2.937397620677948,
    "winogrande_gpt4_style_in_context_examples": 3.162683439254761,
    "winogrande_gpt4": 3.8875219011306763,
    "winogrande_mini_gpt4": 3.1283898425102232,
    "winogrande_groundtruth": 10.928188543319703,
    "winogrande_openai_human_written_examples": 3.131919808387756
}