{
    "plan_bench_reuse_step_by_step": 2.52982177734375,
    "plan_bench_reuse_claude": 2.603346586227417,
    "plan_bench_reuse_gpt4_style_in_context_examples": 2.087970721721649,
    "plan_bench_reuse_gpt4": 2.5383294224739075,
    "plan_bench_reuse_mini_gpt4": 3.2298088550567625,
    "plan_bench_reuse_groundtruth": 6.37254524230957,
    "plan_bench_reuse_openai_human_written_examples": 3.5289161443710326,
    "plan_bench_reuse_rewrite_groundtruth_in_own_words": 3.5197011470794677
}