{
    "ecqa_step_by_step": 3.5255867981910707,
    "ecqa_claude": 3.0462899088859556,
    "ecqa_gpt4_style_in_context_examples": 3.3649413657188414,
    "ecqa_gpt4": 3.8626816058158875,
    "ecqa_mini_gpt4": 3.5878669214248657,
    "ecqa_groundtruth": 15.666344811916352,
    "ecqa_openai_human_written_examples": 3.633375918865204,
    "ecqa_rewrite_groundtruth_in_own_words": 6.08124151468277
}