{
    "plan_bench_execution_step_by_step": 1.9326511788368226,
    "plan_bench_execution_claude": 2.0372397923469543,
    "plan_bench_execution_gpt4_style_in_context_examples": 2.164018543958664,
    "plan_bench_execution_gpt4": 2.025946626663208,
    "plan_bench_execution_mini_gpt4": 2.7269779884815217,
    "plan_bench_execution_groundtruth": 5.221664054393768,
    "plan_bench_execution_openai_human_written_examples": 2.437486492395401,
    "plan_bench_execution_rewrite_groundtruth_in_own_words": 2.7370419657230376
}