{
    "squad_step_by_step": 3.0837608695030214,
    "squad_claude": 2.490148675441742,
    "squad_gpt4_style_in_context_examples": 3.2192803223927817,
    "squad_gpt4": 4.3241892258326216,
    "squad_mini_gpt4": 3.5466670672098797,
    "squad_groundtruth": 6.3453509171803795,
    "squad_openai_human_written_examples": 2.4473736604054768
}