{
    "plan_bench_optimality_step_by_step": 2.41835120121638,
    "plan_bench_optimality_claude": 2.9316571950912476,
    "plan_bench_optimality_gpt4_style_in_context_examples": 2.240434098243713,
    "plan_bench_optimality_gpt4": 2.6918805956840517,
    "plan_bench_optimality_mini_gpt4": 2.6965743978818257,
    "plan_bench_optimality_groundtruth": 19.458750375111897,
    "plan_bench_optimality_openai_human_written_examples": 3.3644925594329833,
    "plan_bench_optimality_rewrite_groundtruth_in_own_words": 3.2926700870196024
}