{
    "math_algebra_step_by_step": 1.824362050294876,
    "math_algebra_claude": 2.109603155851364,
    "math_algebra_gpt4_style_in_context_examples": 3.722507578134537,
    "math_algebra_gpt4": 1.86951962351799,
    "math_algebra_mini_gpt4": 1.8459048759937287
}