{
    "math_algebra_step_by_step": 1.8828655886650085,
    "math_algebra_claude": 1.9136973249912261,
    "math_algebra_gpt4_style_in_context_examples": 3.9632554280757906,
    "math_algebra_gpt4": 2.393674511909485,
    "math_algebra_mini_gpt4": 1.8622060894966126,
    "math_algebra_groundtruth": 2.4992739367485046,
    "math_algebra_openai_human_written_examples": 1.9963428425788878,
    "math_algebra_rewrite_groundtruth_in_own_words": 2.6901432514190673
}