{
    "mmlu_pro_law_step_by_step": 3.8334689474105836,
    "mmlu_pro_law_claude": 3.0048147320747374,
    "mmlu_pro_law_gpt4_style_in_context_examples": 4.150613994598388,
    "mmlu_pro_law_gpt4": 4.408151316642761,
    "mmlu_pro_law_mini_gpt4": 3.551135219335556,
    "mmlu_pro_law_groundtruth": 1291.4145887756347,
    "mmlu_pro_law_openai_human_written_examples": 4.516598129272461
}