{
    "arc_challenge_step_by_step": 2.842075381278992,
    "arc_challenge_claude": 2.764090029001236
}