{
    "mbpp_step_by_step": 2.349140155315399,
    "mbpp_claude": 2.7609030961990357,
    "mbpp_gpt4_style_in_context_examples": 2.6758800506591798,
    "mbpp_gpt4": 2.8407283067703246,
    "mbpp_mini_gpt4": 2.6472166061401365,
    "mbpp_groundtruth": 7.203386580944061,
    "mbpp_openai_human_written_examples": 2.854186165332794,
    "mbpp_rewrite_groundtruth_in_own_words": 4.12534806728363
}