{
    "math_geometry_step_by_step": 1.786649444103241,
    "math_geometry_claude": 1.9342687737941742
}