{
    "squad_step_by_step": 3.4144620656967164,
    "squad_claude": 2.625161862373352,
    "squad_gpt4_style_in_context_examples": 3.268663692474365,
    "squad_gpt4": 3.6924558162689207,
    "squad_mini_gpt4": 3.9230434894561768,
    "squad_groundtruth": 10.25098259449005,
    "squad_openai_human_written_examples": 2.609402656555176
}