{
    "winogrande_step_by_step": 4.907169244289398,
    "winogrande_claude": 3.7575639390945437,
    "winogrande_gpt4_style_in_context_examples": 4.742094426155091,
    "winogrande_gpt4": 6.370754477977752,
    "winogrande_mini_gpt4": 5.497817566394806,
    "winogrande_groundtruth": 17.056838281154633,
    "winogrande_openai_human_written_examples": 5.580245566368103
}