{
    "ecqa_step_by_step": 4.313611540794373,
    "ecqa_claude": 3.7721615850925447,
    "ecqa_gpt4_style_in_context_examples": 4.248488748073578,
    "ecqa_gpt4": 5.77361303806305,
    "ecqa_mini_gpt4": 5.299068832397461,
    "ecqa_groundtruth": 35.18324291467667,
    "ecqa_openai_human_written_examples": 5.173659152984619,
    "ecqa_rewrite_groundtruth_in_own_words": 9.043855152130128
}