{
    "plan_bench_generalization_step_by_step": 1.7847198450565338,
    "plan_bench_generalization_claude": 1.9359831035137176,
    "plan_bench_generalization_gpt4_style_in_context_examples": 1.5883931398391724,
    "plan_bench_generalization_gpt4": 2.107021834850311,
    "plan_bench_generalization_mini_gpt4": 2.108007113933563,
    "plan_bench_generalization_groundtruth": 1.6049106240272522,
    "plan_bench_generalization_openai_human_written_examples": 2.354185256958008,
    "plan_bench_generalization_rewrite_groundtruth_in_own_words": 2.2326266026496886
}