{
    "hellaswag_step_by_step": 4.709446105957031,
    "hellaswag_claude": 4.099004020690918,
    "hellaswag_gpt4_style_in_context_examples": 3.5915017676353456,
    "hellaswag_gpt4": 5.223603127002716,
    "hellaswag_mini_gpt4": 5.6747377753257755,
    "hellaswag_groundtruth": 339.6188166809082,
    "hellaswag_openai_human_written_examples": 5.55821221113205
}