{
    "plan_bench_generation_step_by_step": 2.1911576557159425,
    "plan_bench_generation_claude": 2.0654709053039553,
    "plan_bench_generation_gpt4_style_in_context_examples": 2.117715675830841,
    "plan_bench_generation_gpt4": 2.3070440316200256,
    "plan_bench_generation_mini_gpt4": 2.671981163024902,
    "plan_bench_generation_groundtruth": 2.546529188156128,
    "plan_bench_generation_openai_human_written_examples": 2.5709847831726074,
    "plan_bench_generation_rewrite_groundtruth_in_own_words": 2.2912521815299987
}