{
    "mbpp_step_by_step": 2.3726629865169526,
    "mbpp_claude": 2.8236639952659606,
    "mbpp_gpt4_style_in_context_examples": 2.7443141782283784,
    "mbpp_gpt4": 3.226999332904816,
    "mbpp_mini_gpt4": 3.429393583536148,
    "mbpp_groundtruth": 7.250706106424332,
    "mbpp_openai_human_written_examples": 2.7432237708568574,
    "mbpp_rewrite_groundtruth_in_own_words": 4.195339570045471
}