{
    "mmlu_moral_scenarios_step_by_step": 3.769461929798126,
    "mmlu_moral_scenarios_claude": 3.3120306181907653,
    "mmlu_moral_scenarios_gpt4_style_in_context_examples": 3.929164810180664,
    "mmlu_moral_scenarios_gpt4": 3.9381381273269653,
    "mmlu_moral_scenarios_mini_gpt4": 3.8642307329177856,
    "mmlu_moral_scenarios_groundtruth": 22.940548763275146,
    "mmlu_moral_scenarios_openai_human_written_examples": 4.207647459506989
}