{
    "plan_bench_optimality_step_by_step": 1.8473415064811707,
    "plan_bench_optimality_claude": 1.9893429970741272,
    "plan_bench_optimality_gpt4_style_in_context_examples": 1.6877523839473725,
    "plan_bench_optimality_gpt4": 1.9957445228099824,
    "plan_bench_optimality_mini_gpt4": 2.069232784509659,
    "plan_bench_optimality_groundtruth": 4.598279347419739,
    "plan_bench_optimality_openai_human_written_examples": 2.466464385986328,
    "plan_bench_optimality_rewrite_groundtruth_in_own_words": 2.5815563559532166
}