{
    "mmlu_pro_law_step_by_step": 4.584008398056031,
    "mmlu_pro_law_claude": 3.282927918434143,
    "mmlu_pro_law_gpt4_style_in_context_examples": 4.781072878837586,
    "mmlu_pro_law_gpt4": 4.87833277463913,
    "mmlu_pro_law_mini_gpt4": 4.447562184333801,
    "mmlu_pro_law_groundtruth": 74.05092914581299,
    "mmlu_pro_law_openai_human_written_examples": 4.799390978813172
}