{
    "agieval_step_by_step": 4.2908279478549955,
    "agieval_claude": 3.206831886768341
}