{
    "plan_bench_replaning_step_by_step": 2.465428735613823,
    "plan_bench_replaning_claude": 2.2528547120094298,
    "plan_bench_replaning_gpt4_style_in_context_examples": 2.7752696406841277,
    "plan_bench_replaning_gpt4": 2.91327168405056,
    "plan_bench_replaning_mini_gpt4": 2.6525176495313643,
    "plan_bench_replaning_groundtruth": 319.8609761315584,
    "plan_bench_replaning_openai_human_written_examples": 3.2920556247234343,
    "plan_bench_replaning_rewrite_groundtruth_in_own_words": 3.379873933196068
}