{
    "plan_bench_generalization_step_by_step": 1.7436679208278656,
    "plan_bench_generalization_claude": 2.0564112865924837,
    "plan_bench_generalization_gpt4_style_in_context_examples": 1.636880829334259,
    "plan_bench_generalization_gpt4": 2.0212104642391204,
    "plan_bench_generalization_mini_gpt4": 2.190584989786148,
    "plan_bench_generalization_groundtruth": 1.7011482477188111,
    "plan_bench_generalization_openai_human_written_examples": 2.4466346597671507
}