{
    "plan_bench_execution_step_by_step": 1.8622188647588094,
    "plan_bench_execution_claude": 2.0853763302167256,
    "plan_bench_execution_gpt4_style_in_context_examples": 2.165267586708069,
    "plan_bench_execution_gpt4": 1.917708663145701,
    "plan_bench_execution_mini_gpt4": 2.68738583723704,
    "plan_bench_execution_groundtruth": 5.204658468564351,
    "plan_bench_execution_openai_human_written_examples": 2.5551109433174135,
    "plan_bench_execution_rewrite_groundtruth_in_own_words": 2.6163211981455485
}