{
    "mbpp_step_by_step": 1.9666230976581573,
    "mbpp_claude": 1.9057281041145324
}