{
    "plan_bench_generation_step_by_step": 2.251417569319407,
    "plan_bench_generation_claude": 1.8752801855405172,
    "plan_bench_generation_gpt4_style_in_context_examples": 2.433363342285156,
    "plan_bench_generation_gpt4": 2.446766408284505,
    "plan_bench_generation_mini_gpt4": 2.6163349747657776,
    "plan_bench_generation_groundtruth": 10.49068467617035,
    "plan_bench_generation_openai_human_written_examples": 2.980786331494649,
    "plan_bench_generation_rewrite_groundtruth_in_own_words": 2.436161581675212
}