{
    "plan_bench_reuse_step_by_step": 2.4125848066806794,
    "plan_bench_reuse_claude": 2.4934210288524628,
    "plan_bench_reuse_gpt4_style_in_context_examples": 2.2330730819702147,
    "plan_bench_reuse_gpt4": 2.6451632130146026,
    "plan_bench_reuse_mini_gpt4": 3.079571535587311,
    "plan_bench_reuse_groundtruth": 8.729474040269851,
    "plan_bench_reuse_openai_human_written_examples": 3.550978788137436,
    "plan_bench_reuse_rewrite_groundtruth_in_own_words": 3.792827298641205
}