{
    "math_algebra_step_by_step": 1.8245777368545533,
    "math_algebra_claude": 1.854561710357666,
    "math_algebra_gpt4_style_in_context_examples": 1.9343544840812683,
    "math_algebra_gpt4": 1.890355920791626,
    "math_algebra_mini_gpt4": 1.8662707924842834,
    "math_algebra_groundtruth": 2.304902172088623,
    "math_algebra_openai_human_written_examples": 1.8645705580711365,
    "math_algebra_rewrite_groundtruth_in_own_words": 2.4875861525535585
}