{
    "winogrande_step_by_step": 3.95215190410614,
    "winogrande_claude": 3.5072743320465087,
    "winogrande_gpt4_style_in_context_examples": 3.7031756258010864,
    "winogrande_gpt4": 4.353874998092651,
    "winogrande_mini_gpt4": 4.171298003196716,
    "winogrande_groundtruth": 5.579133801460266,
    "winogrande_openai_human_written_examples": 3.8836898803710938
}