{
    "winogrande_step_by_step": 4.935999011993408,
    "winogrande_claude": 4.02204577922821,
    "winogrande_gpt4_style_in_context_examples": 4.996411156654358,
    "winogrande_gpt4": 6.731882810592651,
    "winogrande_mini_gpt4": 5.810801672935486,
    "winogrande_groundtruth": 1.3316672444343567,
    "winogrande_openai_human_written_examples": 5.871732306480408
}