{
    "mmlu_pro_law_step_by_step": 5.203764470418294,
    "mmlu_pro_law_claude": 3.5648284117380777,
    "mmlu_pro_law_gpt4_style_in_context_examples": 5.224540456136068,
    "mmlu_pro_law_gpt4": 5.169728461901347,
    "mmlu_pro_law_mini_gpt4": 4.9499472856521605,
    "mmlu_pro_law_groundtruth": 35.382595094045,
    "mmlu_pro_law_openai_human_written_examples": 6.152402663230896
}