{
    "math_algebra_step_by_step": 2.0223934483528136,
    "math_algebra_claude": 2.1906610178947448,
    "math_algebra_gpt4_style_in_context_examples": 18.048414913415908,
    "math_algebra_gpt4": 2.041409286260605,
    "math_algebra_mini_gpt4": 1.9287582159042358,
    "math_algebra_groundtruth": 6.636914551258087,
    "math_algebra_openai_human_written_examples": 2.211714780330658,
    "math_algebra_rewrite_groundtruth_in_own_words": 3.09913733959198
}