{
    "math_geometry_step_by_step": 2.4442780661582946,
    "math_geometry_claude": 2.5274784421920775,
    "math_geometry_gpt4_style_in_context_examples": 4.455094833374023,
    "math_geometry_gpt4": 2.7278562426567077,
    "math_geometry_mini_gpt4": 2.3786450624465942,
    "math_geometry_groundtruth": 2.9564611458778383,
    "math_geometry_openai_human_written_examples": 4.556212286949158,
    "math_geometry_rewrite_groundtruth_in_own_words": 2.916869442462921
}