{
    "plan_bench_optimality_step_by_step": 2.0023235380649567,
    "plan_bench_optimality_claude": 2.0280439388751983,
    "plan_bench_optimality_gpt4_style_in_context_examples": 1.7967271840572356,
    "plan_bench_optimality_gpt4": 2.1718226432800294,
    "plan_bench_optimality_mini_gpt4": 2.229270955324173,
    "plan_bench_optimality_groundtruth": 3.272118195295334,
    "plan_bench_optimality_openai_human_written_examples": 2.6146017968654633,
    "plan_bench_optimality_rewrite_groundtruth_in_own_words": 2.5484057986736297
}