{
    "plan_bench_generalization_step_by_step": 1.723502070903778,
    "plan_bench_generalization_claude": 2.005765402317047,
    "plan_bench_generalization_gpt4_style_in_context_examples": 1.5270217967033386,
    "plan_bench_generalization_gpt4": 1.9216568231582642,
    "plan_bench_generalization_mini_gpt4": 2.010012295246124,
    "plan_bench_generalization_groundtruth": 1.5842485046386718,
    "plan_bench_generalization_openai_human_written_examples": 2.527300088405609,
    "plan_bench_generalization_rewrite_groundtruth_in_own_words": 2.3459443855285644
}