{
    "mbpp_step_by_step": 3.415968179702759,
    "mbpp_claude": 15.300429499149322,
    "mbpp_gpt4_style_in_context_examples": 10.3237797220548,
    "mbpp_gpt4": 10.39872704744339,
    "mbpp_mini_gpt4": 7.920992879072825,
    "mbpp_groundtruth": 52.491845321655276,
    "mbpp_openai_human_written_examples": 4.580190189679464,
    "mbpp_rewrite_groundtruth_in_own_words": 25.035428154468537
}