{
    "plan_bench_execution_step_by_step": 1.8375239849090577,
    "plan_bench_execution_claude": 1.9813043117523192,
    "plan_bench_execution_gpt4_style_in_context_examples": 2.3232914924621584,
    "plan_bench_execution_gpt4": 1.9127692461013794,
    "plan_bench_execution_mini_gpt4": 2.7218384027481077,
    "plan_bench_execution_groundtruth": 1.9565318465232848,
    "plan_bench_execution_openai_human_written_examples": 2.3040284633636476,
    "plan_bench_execution_rewrite_groundtruth_in_own_words": 2.8358306884765625
}