{
    "plan_bench_execution_step_by_step": 1.8107381224632264,
    "plan_bench_execution_claude": 2.214508318901062,
    "plan_bench_execution_gpt4_style_in_context_examples": 2.0583239078521727,
    "plan_bench_execution_gpt4": 1.790678369998932,
    "plan_bench_execution_mini_gpt4": 2.7739538073539736,
    "plan_bench_execution_groundtruth": 6.4555912733078005,
    "plan_bench_execution_openai_human_written_examples": 2.41642005443573,
    "plan_bench_execution_rewrite_groundtruth_in_own_words": 2.799876034259796
}