{
    "plan_bench_generalization_step_by_step": 1.5392222642898559,
    "plan_bench_generalization_claude": 1.8619725108146667,
    "plan_bench_generalization_gpt4_style_in_context_examples": 1.4617902040481567,
    "plan_bench_generalization_gpt4": 2.008460783958435,
    "plan_bench_generalization_mini_gpt4": 2.337745714187622,
    "plan_bench_generalization_groundtruth": 2.1816730976104735,
    "plan_bench_generalization_openai_human_written_examples": 2.106670010089874,
    "plan_bench_generalization_rewrite_groundtruth_in_own_words": 1.9359081149101258
}