{
    "plan_bench_optimality_step_by_step": 1.848447504043579,
    "plan_bench_optimality_claude": 1.94452152967453,
    "plan_bench_optimality_gpt4_style_in_context_examples": 1.6367241501808167,
    "plan_bench_optimality_gpt4": 2.005429023504257,
    "plan_bench_optimality_mini_gpt4": 2.0282772719860076,
    "plan_bench_optimality_groundtruth": 4.22522163271904,
    "plan_bench_optimality_openai_human_written_examples": 2.4358986246585848,
    "plan_bench_optimality_rewrite_groundtruth_in_own_words": 2.414554866552353
}