{
    "ecqa_step_by_step": 3.9352288246154785,
    "ecqa_claude": 3.758538913726807,
    "ecqa_gpt4_style_in_context_examples": 4.462450885772705,
    "ecqa_gpt4": 4.210264015197754,
    "ecqa_mini_gpt4": 4.604201889038086,
    "ecqa_groundtruth": 11.770808267593384,
    "ecqa_openai_human_written_examples": 4.923982763290406,
    "ecqa_rewrite_groundtruth_in_own_words": 5.587126231193542
}