{
    "gsm8k_step_by_step": 1.6499982929229737,
    "gsm8k_claude": 1.8023915934562682,
    "gsm8k_gpt4_style_in_context_examples": 1.7252590012550355,
    "gsm8k_gpt4": 1.6240682578086854,
    "gsm8k_mini_gpt4": 1.6472649216651916,
    "gsm8k_groundtruth": 2.2205134773254396,
    "gsm8k_openai_human_written_examples": 1.9373065495491029,
    "gsm8k_rewrite_groundtruth_in_own_words": 3.0291400742530823
}