{
    "plan_bench_execution_step_by_step": 2.3571338852246604,
    "plan_bench_execution_claude": 2.449917797247569,
    "plan_bench_execution_gpt4_style_in_context_examples": 2.554667107264201,
    "plan_bench_execution_gpt4": 2.5580798029899596,
    "plan_bench_execution_mini_gpt4": 3.5506834228833517,
    "plan_bench_execution_groundtruth": 12.349657281239827,
    "plan_bench_execution_openai_human_written_examples": 3.490853953361511,
    "plan_bench_execution_rewrite_groundtruth_in_own_words": 3.711783488591512
}