{
    "plan_bench_execution_step_by_step": 1.9925902009010314,
    "plan_bench_execution_claude": 2.0997811007499694,
    "plan_bench_execution_gpt4_style_in_context_examples": 2.1396450638771056,
    "plan_bench_execution_gpt4": 2.0672547912597654,
    "plan_bench_execution_mini_gpt4": 2.8063148498535155,
    "plan_bench_execution_groundtruth": 6.776384229660034,
    "plan_bench_execution_openai_human_written_examples": 2.4671535205841066,
    "plan_bench_execution_rewrite_groundtruth_in_own_words": 2.8515428566932677
}