{
    "plan_bench_reuse_step_by_step": 2.2544067764282225,
    "plan_bench_reuse_claude": 2.3089549708366395,
    "plan_bench_reuse_gpt4_style_in_context_examples": 2.07927325963974,
    "plan_bench_reuse_gpt4": 2.656378917694092,
    "plan_bench_reuse_mini_gpt4": 3.026823561191559,
    "plan_bench_reuse_groundtruth": 6.740308656692505,
    "plan_bench_reuse_openai_human_written_examples": 3.113114392757416,
    "plan_bench_reuse_rewrite_groundtruth_in_own_words": 3.411068503856659
}