{
    "hellaswag_step_by_step": 3.792252540588379,
    "hellaswag_claude": 2.834306058883667,
    "hellaswag_gpt4_style_in_context_examples": 2.7923569965362547,
    "hellaswag_gpt4": 4.213443813323974,
    "hellaswag_mini_gpt4": 4.028787651062012,
    "hellaswag_groundtruth": 3184122.4420703123,
    "hellaswag_openai_human_written_examples": 4.139328327178955
}