{
    "plan_bench_generalization_step_by_step": 1.6681305090586345,
    "plan_bench_generalization_claude": 2.0279079914093017,
    "plan_bench_generalization_gpt4_style_in_context_examples": 1.707316279411316,
    "plan_bench_generalization_gpt4": 2.032935070991516,
    "plan_bench_generalization_mini_gpt4": 2.2778285264968874,
    "plan_bench_generalization_groundtruth": 1.8175139864285788,
    "plan_bench_generalization_openai_human_written_examples": 2.2186530073483786,
    "plan_bench_generalization_rewrite_groundtruth_in_own_words": 2.3958082159360248
}