{
    "plan_bench_execution_step_by_step": 2.1655778312683105,
    "plan_bench_execution_claude": 2.1522656261920927,
    "plan_bench_execution_gpt4_style_in_context_examples": 2.3426023387908934,
    "plan_bench_execution_gpt4": 2.2740119898319247,
    "plan_bench_execution_mini_gpt4": 3.2820332038402555,
    "plan_bench_execution_groundtruth": 6.040685929059983,
    "plan_bench_execution_openai_human_written_examples": 3.019925136566162,
    "plan_bench_execution_rewrite_groundtruth_in_own_words": 3.227049252986908
}