{
    "mbpp_step_by_step": 2.386183440685272,
    "mbpp_claude": 2.8705585996309915,
    "mbpp_gpt4_style_in_context_examples": 2.6983373602231344,
    "mbpp_gpt4": 2.9984697024027507,
    "mbpp_mini_gpt4": 3.558025888601939,
    "mbpp_groundtruth": 6.607235550880432,
    "mbpp_openai_human_written_examples": 2.702586750189463,
    "mbpp_rewrite_groundtruth_in_own_words": 3.892195514837901
}