{
    "plan_bench_replaning_step_by_step": 2.4502285468578338,
    "plan_bench_replaning_claude": 2.2900814700126646,
    "plan_bench_replaning_gpt4_style_in_context_examples": 2.8604544806480408,
    "plan_bench_replaning_gpt4": 3.0037390184402466,
    "plan_bench_replaning_mini_gpt4": 2.644848585128784,
    "plan_bench_replaning_groundtruth": 376.9126900720596,
    "plan_bench_replaning_openai_human_written_examples": 3.2593007457256316,
    "plan_bench_replaning_rewrite_groundtruth_in_own_words": 3.4816964769363405
}