{
    "plan_bench_generalization_step_by_step": 1.6223705160617827,
    "plan_bench_generalization_claude": 1.9589367560545603,
    "plan_bench_generalization_gpt4_style_in_context_examples": 1.4458585604031882,
    "plan_bench_generalization_gpt4": 1.8958646150430043,
    "plan_bench_generalization_mini_gpt4": 1.989561553398768,
    "plan_bench_generalization_groundtruth": 2.5009230327606202,
    "plan_bench_generalization_openai_human_written_examples": 2.280654615958532,
    "plan_bench_generalization_rewrite_groundtruth_in_own_words": 2.195614974896113
}