{
    "plan_bench_verification_step_by_step": 1.62835387468338,
    "plan_bench_verification_claude": 1.7910670518875123,
    "plan_bench_verification_gpt4_style_in_context_examples": 1.505942506790161,
    "plan_bench_verification_gpt4": 1.6379088902473449,
    "plan_bench_verification_mini_gpt4": 2.2934342050552368,
    "plan_bench_verification_groundtruth": 26.230968437194825,
    "plan_bench_verification_openai_human_written_examples": 2.0632663273811342,
    "plan_bench_verification_rewrite_groundtruth_in_own_words": 3.0651893496513365
}