{
    "piqa_step_by_step": 4.250575232505798,
    "piqa_claude": 3.579428791999817,
    "piqa_gpt4_style_in_context_examples": 5.027972602844239,
    "piqa_gpt4": 4.978882503509522,
    "piqa_mini_gpt4": 4.2157609224319454,
    "piqa_groundtruth": 127.0401008605957,
    "piqa_openai_human_written_examples": 5.159813284873962
}