{
    "mbpp_step_by_step": 2.013444793224335,
    "mbpp_claude": 2.1343720237414043,
    "mbpp_gpt4_style_in_context_examples": 2.234939209620158,
    "mbpp_gpt4": 3.1796715021133424,
    "mbpp_mini_gpt4": 3.504641882578532,
    "mbpp_groundtruth": 7.759101359049479,
    "mbpp_openai_human_written_examples": 2.518556535243988,
    "mbpp_rewrite_groundtruth_in_own_words": 4.182113774617513
}