{
    "plan_bench_optimality_step_by_step": 1.9454431811968484,
    "plan_bench_optimality_claude": 2.1373390237490337,
    "plan_bench_optimality_gpt4_style_in_context_examples": 1.706921680768331,
    "plan_bench_optimality_gpt4": 2.1040514508883157,
    "plan_bench_optimality_mini_gpt4": 2.2815287868181864,
    "plan_bench_optimality_groundtruth": 73.25888740221659,
    "plan_bench_optimality_openai_human_written_examples": 2.6722821911176045,
    "plan_bench_optimality_rewrite_groundtruth_in_own_words": 2.849619964758555
}