{
    "mmlu_pro_law_step_by_step": 4.037214274406433,
    "mmlu_pro_law_claude": 2.966563034057617,
    "mmlu_pro_law_gpt4_style_in_context_examples": 4.188419313430786,
    "mmlu_pro_law_gpt4": 4.568975930213928,
    "mmlu_pro_law_mini_gpt4": 3.573628168106079,
    "mmlu_pro_law_groundtruth": 939.4072840881348,
    "mmlu_pro_law_openai_human_written_examples": 4.7196593713760375
}