{
    "ecqa_step_by_step": 4.1339250087738035,
    "ecqa_claude": 3.9754454692204795,
    "ecqa_gpt4_style_in_context_examples": 4.809949239095052,
    "ecqa_gpt4": 4.7095468203226725,
    "ecqa_mini_gpt4": 4.813078633944193,
    "ecqa_groundtruth": 13.022563378016153,
    "ecqa_openai_human_written_examples": 4.39460928440094,
    "ecqa_rewrite_groundtruth_in_own_words": 6.555888287226359
}