{
    "plan_bench_generalization_step_by_step": 1.5759270548820496,
    "plan_bench_generalization_claude": 1.871103286743164,
    "plan_bench_generalization_gpt4_style_in_context_examples": 1.4521179914474487,
    "plan_bench_generalization_gpt4": 1.8209537148475647,
    "plan_bench_generalization_mini_gpt4": 1.822178566455841,
    "plan_bench_generalization_groundtruth": 2.340231645107269,
    "plan_bench_generalization_openai_human_written_examples": 1.953337562084198,
    "plan_bench_generalization_rewrite_groundtruth_in_own_words": 2.402861738204956
}