{
    "drop_step_by_step": 3.2543051087856294,
    "drop_claude": 2.620063681602478,
    "drop_gpt4_style_in_context_examples": 2.778419303894043,
    "drop_gpt4": 3.216658961772919,
    "drop_mini_gpt4": 3.0428107261657713,
    "drop_groundtruth": 253.065402739048,
    "drop_openai_human_written_examples": 2.6971628868579867
}