{
    "plan_bench_execution_step_by_step": 1.8882188487052918,
    "plan_bench_execution_claude": 1.8080165243148805,
    "plan_bench_execution_gpt4_style_in_context_examples": 2.497036135196686,
    "plan_bench_execution_gpt4": 2.0543791794776918,
    "plan_bench_execution_mini_gpt4": 2.714432101249695,
    "plan_bench_execution_groundtruth": 1.6962749648094178,
    "plan_bench_execution_openai_human_written_examples": 2.3465976524353027,
    "plan_bench_execution_rewrite_groundtruth_in_own_words": 2.655709512233734
}