{
    "math_algebra_step_by_step": 1.8578757739067078,
    "math_algebra_claude": 2.110865795612335,
    "math_algebra_gpt4_style_in_context_examples": 2.7919368743896484,
    "math_algebra_gpt4": 1.8271497988700867,
    "math_algebra_mini_gpt4": 1.8200166034698486,
    "math_algebra_groundtruth": 5.88691987991333,
    "math_algebra_openai_human_written_examples": 1.958937602043152,
    "math_algebra_rewrite_groundtruth_in_own_words": 3.2428979325294494
}