{
    "boolq_step_by_step": 4.190223550796508,
    "boolq_claude": 3.060661721229553,
    "boolq_gpt4_style_in_context_examples": 3.996890425682068,
    "boolq_gpt4": 4.7353870391845705,
    "boolq_mini_gpt4": 4.568051886558533,
    "boolq_groundtruth": 11.618942546844483,
    "boolq_openai_human_written_examples": 3.1250393867492674
}