{
    "plan_bench_optimality_step_by_step": 2.415245802998543,
    "plan_bench_optimality_claude": 2.859387629032135,
    "plan_bench_optimality_gpt4_style_in_context_examples": 2.257208263874054,
    "plan_bench_optimality_gpt4": 2.688798054456711,
    "plan_bench_optimality_mini_gpt4": 2.7845027446746826,
    "plan_bench_optimality_groundtruth": 16.857428580522537,
    "plan_bench_optimality_openai_human_written_examples": 3.3863168746232986,
    "plan_bench_optimality_rewrite_groundtruth_in_own_words": 3.4486545860767364
}