{
    "mmlu_step_by_step": 4.676796102523804,
    "mmlu_claude": 3.425923466682434,
    "mmlu_gpt4_style_in_context_examples": 4.331058168411255,
    "mmlu_gpt4": 4.744539737701416,
    "mmlu_mini_gpt4": 4.374859428405761,
    "mmlu_groundtruth": 16.678890323638917,
    "mmlu_openai_human_written_examples": 5.3040941715240475
}