{
    "math_geometry_step_by_step": 1.8008737325668336,
    "math_geometry_claude": 1.9033390283584595,
    "math_geometry_gpt4_style_in_context_examples": 2.5868114709854124,
    "math_geometry_gpt4": 1.8408238291740417,
    "math_geometry_mini_gpt4": 1.7224394798278808,
    "math_geometry_groundtruth": 2.503918933868408,
    "math_geometry_openai_human_written_examples": 4.17611311674118,
    "math_geometry_rewrite_groundtruth_in_own_words": 2.0858603715896606
}