{
    "mmlu_moral_scenarios_step_by_step": 3.308877635002136,
    "mmlu_moral_scenarios_claude": 2.9214814174175263,
    "mmlu_moral_scenarios_gpt4_style_in_context_examples": 3.2225829267501833,
    "mmlu_moral_scenarios_gpt4": 3.421168520450592,
    "mmlu_moral_scenarios_mini_gpt4": 3.0649804282188415,
    "mmlu_moral_scenarios_groundtruth": 97.18058278083801,
    "mmlu_moral_scenarios_openai_human_written_examples": 4.148118228912353
}