{
    "plan_bench_generalization_step_by_step": 1.793753470182419,
    "plan_bench_generalization_claude": 2.004971977472305,
    "plan_bench_generalization_gpt4_style_in_context_examples": 1.641877249479294,
    "plan_bench_generalization_gpt4": 2.1489308881759643,
    "plan_bench_generalization_mini_gpt4": 2.172364363670349,
    "plan_bench_generalization_groundtruth": 1.67239994764328,
    "plan_bench_generalization_openai_human_written_examples": 2.3981034314632415,
    "plan_bench_generalization_rewrite_groundtruth_in_own_words": 2.2859074521064757
}