{
    "boolq_step_by_step": 3.5752919805049896,
    "boolq_claude": 2.8392760479450225,
    "boolq_gpt4_style_in_context_examples": 3.3652230763435362,
    "boolq_gpt4": 3.771311559677124,
    "boolq_mini_gpt4": 3.942901284694672,
    "boolq_groundtruth": 11.45915943622589,
    "boolq_openai_human_written_examples": 2.8370562517642974
}