{
    "hellaswag_step_by_step": 4.7659184217453,
    "hellaswag_claude": 3.7920650959014894,
    "hellaswag_gpt4_style_in_context_examples": 3.7053436994552613,
    "hellaswag_gpt4": 6.5018599271774296,
    "hellaswag_mini_gpt4": 5.624835014343262,
    "hellaswag_groundtruth": 30599038.65,
    "hellaswag_openai_human_written_examples": 6.584326696395874
}