{
    "plan_bench_replaning_step_by_step": 2.805217707157135,
    "plan_bench_replaning_claude": 2.748433518409729,
    "plan_bench_replaning_gpt4_style_in_context_examples": 3.443734419345856,
    "plan_bench_replaning_gpt4": 2.9524864196777343,
    "plan_bench_replaning_mini_gpt4": 3.1472066402435304,
    "plan_bench_replaning_groundtruth": 41.34463901519776,
    "plan_bench_replaning_openai_human_written_examples": 3.88244948387146,
    "plan_bench_replaning_rewrite_groundtruth_in_own_words": 4.033647775650024
}