{
    "plan_bench_execution_step_by_step": 1.7136442637443543,
    "plan_bench_execution_claude": 2.08093865275383,
    "plan_bench_execution_gpt4_style_in_context_examples": 1.9329566657543182,
    "plan_bench_execution_gpt4": 1.7631798839569093,
    "plan_bench_execution_mini_gpt4": 2.7782211804389956,
    "plan_bench_execution_groundtruth": 4.635686640739441,
    "plan_bench_execution_openai_human_written_examples": 2.3316420209407807,
    "plan_bench_execution_rewrite_groundtruth_in_own_words": 2.5787261867523195
}