{
    "arc_challenge_step_by_step": 3.527676276365916,
    "arc_challenge_claude": 3.2047978083292645,
    "arc_challenge_gpt4_style_in_context_examples": 3.104549853006999,
    "arc_challenge_gpt4": 3.4590797424316406,
    "arc_challenge_mini_gpt4": 3.6093637466430666,
    "arc_challenge_groundtruth": 82090.99016927084,
    "arc_challenge_openai_human_written_examples": 3.804755957921346
}