{
    "mmlu_pro_law_step_by_step": 4.342108917236328,
    "mmlu_pro_law_claude": 3.1427417357762653,
    "mmlu_pro_law_gpt4_style_in_context_examples": 4.396701232592265,
    "mmlu_pro_law_gpt4": 4.6167312383651735,
    "mmlu_pro_law_mini_gpt4": 3.9237685998280845,
    "mmlu_pro_law_groundtruth": 681.187031809489,
    "mmlu_pro_law_openai_human_written_examples": 5.564409120877584
}