{
    "plan_bench_verification_step_by_step": 1.6743265708287558,
    "plan_bench_verification_claude": 1.8828685442606607,
    "plan_bench_verification_gpt4_style_in_context_examples": 1.6767094612121582,
    "plan_bench_verification_gpt4": 1.6882168451944988,
    "plan_bench_verification_mini_gpt4": 2.465833830833435,
    "plan_bench_verification_groundtruth": 3.6430150747299193,
    "plan_bench_verification_openai_human_written_examples": 2.0114933133125303,
    "plan_bench_verification_rewrite_groundtruth_in_own_words": 2.7645975311597186
}