{
    "math_geometry_step_by_step": 2.4086012999216715,
    "math_geometry_claude": 2.536664394537608,
    "math_geometry_gpt4_style_in_context_examples": 3.222740185260773,
    "math_geometry_gpt4": 2.3864339510599772,
    "math_geometry_mini_gpt4": 2.3237176577250165,
    "math_geometry_groundtruth": 5.239600336551666,
    "math_geometry_openai_human_written_examples": 5.188145013650258,
    "math_geometry_rewrite_groundtruth_in_own_words": 3.022263785203298
}