{
    "mmlu_step_by_step": 4.659480714797974,
    "mmlu_claude": 3.4113269090652465,
    "mmlu_gpt4_style_in_context_examples": 4.3202139139175415,
    "mmlu_gpt4": 4.7295637130737305,
    "mmlu_mini_gpt4": 4.375108432769776,
    "mmlu_groundtruth": 17.11692190170288,
    "mmlu_openai_human_written_examples": 5.269481468200683
}