{
    "plan_bench_generation_step_by_step": 2.244365565776825,
    "plan_bench_generation_claude": 2.227403860092163,
    "plan_bench_generation_gpt4_style_in_context_examples": 2.2527386784553527,
    "plan_bench_generation_gpt4": 2.475878357887268,
    "plan_bench_generation_mini_gpt4": 2.83470849275589,
    "plan_bench_generation_groundtruth": 16.778503317832946,
    "plan_bench_generation_openai_human_written_examples": 2.6582853770256043,
    "plan_bench_generation_rewrite_groundtruth_in_own_words": 2.8918799710273744
}