{
    "mmlu_step_by_step": 4.217258462905884,
    "mmlu_claude": 3.1399079537391663,
    "mmlu_gpt4_style_in_context_examples": 4.253503153324127,
    "mmlu_gpt4": 4.947512097358704,
    "mmlu_mini_gpt4": 4.166102390289307
}