{
    "arc_challenge_step_by_step": 2.8604030446211497,
    "arc_challenge_claude": 2.6733930857976276,
    "arc_challenge_gpt4_style_in_context_examples": 2.600814791123072,
    "arc_challenge_gpt4": 3.0716897865136463,
    "arc_challenge_mini_gpt4": 2.753666353225708,
    "arc_challenge_groundtruth": 24799279.67190811,
    "arc_challenge_openai_human_written_examples": 3.141168734629949
}