{
    "mmlu_pro_law_step_by_step": 3.88253733754158,
    "mmlu_pro_law_claude": 2.9905440270900727,
    "mmlu_pro_law_gpt4_style_in_context_examples": 4.168046556711197,
    "mmlu_pro_law_gpt4": 4.418644788265229,
    "mmlu_pro_law_mini_gpt4": 3.57855721950531,
    "mmlu_pro_law_groundtruth": 646.8802969741821,
    "mmlu_pro_law_openai_human_written_examples": 4.546662540435791
}