{
    "agieval_step_by_step": 4.2417165350914,
    "agieval_claude": 2.926979784965515,
    "agieval_gpt4_style_in_context_examples": 4.313042854070663,
    "agieval_gpt4": 5.251885497570038,
    "agieval_mini_gpt4": 4.074772348403931
}