{
    "piqa_step_by_step": 4.108321928977967,
    "piqa_claude": 3.7672315359115602,
    "piqa_gpt4_style_in_context_examples": 5.044452047348022,
    "piqa_gpt4": 5.373388512929281,
    "piqa_mini_gpt4": 4.246454707781473,
    "piqa_groundtruth": 170.53980814615886,
    "piqa_openai_human_written_examples": 4.831271783510844
}