{
    "winogrande_step_by_step": 4.426530156135559,
    "winogrande_claude": 3.9224433135986327,
    "winogrande_gpt4_style_in_context_examples": 4.064681825637817,
    "winogrande_gpt4": 6.22375638961792,
    "winogrande_mini_gpt4": 5.481795568466186,
    "winogrande_groundtruth": 33.10433170795441,
    "winogrande_openai_human_written_examples": 5.530851078033447
}