{
    "plan_bench_reuse_step_by_step": 2.43282949924469,
    "plan_bench_reuse_claude": 2.4625051856040954,
    "plan_bench_reuse_gpt4_style_in_context_examples": 2.054351270198822,
    "plan_bench_reuse_gpt4": 2.5097962737083437,
    "plan_bench_reuse_mini_gpt4": 3.2298917531967164,
    "plan_bench_reuse_groundtruth": 5.937244307994843,
    "plan_bench_reuse_openai_human_written_examples": 3.2798046350479124,
    "plan_bench_reuse_rewrite_groundtruth_in_own_words": 3.423897087574005
}