{
    "agieval_step_by_step": 3.1862948179244994,
    "agieval_claude": 2.4352248231569926,
    "agieval_gpt4_style_in_context_examples": 3.1401148716608684,
    "agieval_gpt4": 3.4950496196746825,
    "agieval_mini_gpt4": 2.9780226071675617,
    "agieval_groundtruth": 2705810.2145996094,
    "agieval_openai_human_written_examples": 3.723422650496165
}