{
    "mmlu_step_by_step": 3.8282543659210204,
    "mmlu_claude": 3.098131561279297,
    "mmlu_gpt4_style_in_context_examples": 4.034875655174256,
    "mmlu_gpt4": 5.160454416275025,
    "mmlu_mini_gpt4": 4.262772870063782,
    "mmlu_groundtruth": 231.13386172056198,
    "mmlu_openai_human_written_examples": 5.244965958595276
}