{
    "mmlu_pro_law_step_by_step": 4.813940987586975,
    "mmlu_pro_law_claude": 3.3131613397598265,
    "mmlu_pro_law_gpt4_style_in_context_examples": 5.123990278244019,
    "mmlu_pro_law_gpt4": 5.461729626655579,
    "mmlu_pro_law_mini_gpt4": 4.469349837303161,
    "mmlu_pro_law_groundtruth": 363.01223379850387,
    "mmlu_pro_law_openai_human_written_examples": 6.971794872283936
}