{
    "plan_bench_optimality_step_by_step": 2.1440999269485475,
    "plan_bench_optimality_claude": 1.9842000524202983,
    "plan_bench_optimality_gpt4_style_in_context_examples": 1.8856143951416016,
    "plan_bench_optimality_gpt4": 2.127692381540934,
    "plan_bench_optimality_mini_gpt4": 2.235316566626231,
    "plan_bench_optimality_groundtruth": 11.934051565329234,
    "plan_bench_optimality_openai_human_written_examples": 2.7306875189145408,
    "plan_bench_optimality_rewrite_groundtruth_in_own_words": 2.7134660363197325
}