{
    "mbpp_step_by_step": 3.4332822346687317,
    "mbpp_claude": 5.729194127321243,
    "mbpp_gpt4_style_in_context_examples": 4.5837515091896055,
    "mbpp_gpt4": 6.874296504259109,
    "mbpp_mini_gpt4": 8.440342388153077,
    "mbpp_groundtruth": 19.068270530700683,
    "mbpp_openai_human_written_examples": 3.879839335680008,
    "mbpp_rewrite_groundtruth_in_own_words": 9.788215420246125
}