{
    "squad_step_by_step": 3.3190149843692778,
    "squad_claude": 2.6566569924354555,
    "squad_gpt4_style_in_context_examples": 3.389773621559143,
    "squad_gpt4": 4.468226770162582,
    "squad_mini_gpt4": 3.864958815574646,
    "squad_groundtruth": 8.788228106498718,
    "squad_openai_human_written_examples": 2.679539656639099
}