{
    "plan_bench_execution_step_by_step": 1.9388223171234131,
    "plan_bench_execution_claude": 2.355718455314636
}