{
    "plan_bench_replaning_step_by_step": 2.5948570728302003,
    "plan_bench_replaning_claude": 2.3437992930412292,
    "plan_bench_replaning_gpt4_style_in_context_examples": 3.1535622596740724,
    "plan_bench_replaning_gpt4": 2.750092339515686,
    "plan_bench_replaning_mini_gpt4": 2.9141034841537476,
    "plan_bench_replaning_groundtruth": 6.73107396364212,
    "plan_bench_replaning_openai_human_written_examples": 3.5854092240333557,
    "plan_bench_replaning_rewrite_groundtruth_in_own_words": 3.679945230484009
}