{
    "hellaswag_step_by_step": 4.586432852745056,
    "hellaswag_claude": 4.147045655250549,
    "hellaswag_gpt4_style_in_context_examples": 3.498467411994934,
    "hellaswag_gpt4": 5.4659826278686525,
    "hellaswag_mini_gpt4": 5.4309851264953615,
    "hellaswag_groundtruth": 244.3028012084961,
    "hellaswag_openai_human_written_examples": 5.016410584449768
}