{
    "agieval_step_by_step": 4.06650353272756,
    "agieval_claude": 2.9576709191004436,
    "agieval_gpt4_style_in_context_examples": 3.907822839419047,
    "agieval_gpt4": 4.338346862792969,
    "agieval_mini_gpt4": 3.908909217516581,
    "agieval_groundtruth": 15826249.80625,
    "agieval_openai_human_written_examples": 4.244061231613159
}