{
    "gsm8k_step_by_step": 2.0395020973682403,
    "gsm8k_claude": 2.1167509043216706,
    "gsm8k_gpt4_style_in_context_examples": 2.4846122336387633,
    "gsm8k_gpt4": 2.6132466793060303,
    "gsm8k_mini_gpt4": 2.1187113642692568,
    "gsm8k_groundtruth": 4.2939454317092896,
    "gsm8k_openai_human_written_examples": 2.3410964584350586,
    "gsm8k_rewrite_groundtruth_in_own_words": 4.050815937519073
}