{
    "piqa_step_by_step": 4.193260463476181,
    "piqa_claude": 3.8387358129024505,
    "piqa_gpt4_style_in_context_examples": 4.949455782175064,
    "piqa_gpt4": 5.1388529980182645,
    "piqa_mini_gpt4": 4.300267218351364,
    "piqa_groundtruth": 145.30377235412598,
    "piqa_openai_human_written_examples": 5.00447204709053
}