{
    "plan_bench_optimality_step_by_step": 2.0015684294700624,
    "plan_bench_optimality_claude": 2.1161789894104004,
    "plan_bench_optimality_gpt4_style_in_context_examples": 1.8506074857711792,
    "plan_bench_optimality_gpt4": 2.2105741024017336,
    "plan_bench_optimality_mini_gpt4": 2.2700066685676576,
    "plan_bench_optimality_groundtruth": 3.0351314306259156,
    "plan_bench_optimality_openai_human_written_examples": 2.625418338775635,
    "plan_bench_optimality_rewrite_groundtruth_in_own_words": 2.5652248573303225
}