{
    "api_bank_step_by_step": 3.4756359974543254,
    "api_bank_claude": 3.2839033047358197,
    "api_bank_gpt4_style_in_context_examples": 4.692446128527323,
    "api_bank_gpt4": 4.171556711196899,
    "api_bank_mini_gpt4": 5.180427304903666,
    "api_bank_groundtruth": 7.699583121140798,
    "api_bank_openai_human_written_examples": 4.557164748509725
}