{
    "boolq_step_by_step": 3.124196004867554,
    "boolq_claude": 3.2157007455825806,
    "boolq_gpt4_style_in_context_examples": 3.7251819133758546,
    "boolq_gpt4": 4.274132561683655,
    "boolq_mini_gpt4": 4.330358290672303,
    "boolq_groundtruth": 9.934872913360596,
    "boolq_openai_human_written_examples": 3.1243664503097532
}