{
    "plan_bench_generation_step_by_step": 2.161576771736145,
    "plan_bench_generation_claude": 2.2211522499720258,
    "plan_bench_generation_gpt4_style_in_context_examples": 2.2667502919832865,
    "plan_bench_generation_gpt4": 2.2013065059979757,
    "plan_bench_generation_mini_gpt4": 2.558558527628581,
    "plan_bench_generation_groundtruth": 106.03574150403341,
    "plan_bench_generation_openai_human_written_examples": 2.603782296180725,
    "plan_bench_generation_rewrite_groundtruth_in_own_words": 3.54893354177475
}