{
    "plan_bench_generalization_step_by_step": 1.6597329020500182,
    "plan_bench_generalization_claude": 1.9938669681549073,
    "plan_bench_generalization_gpt4_style_in_context_examples": 1.6290472030639649,
    "plan_bench_generalization_gpt4": 1.967193365097046,
    "plan_bench_generalization_mini_gpt4": 2.0377103805541994,
    "plan_bench_generalization_groundtruth": 1.801855444908142,
    "plan_bench_generalization_openai_human_written_examples": 2.023596405982971,
    "plan_bench_generalization_rewrite_groundtruth_in_own_words": 2.618175184726715
}