{
    "plan_bench_generalization_step_by_step": 1.7406781236330668,
    "plan_bench_generalization_claude": 1.8784368276596068,
    "plan_bench_generalization_gpt4_style_in_context_examples": 1.5577898343404135,
    "plan_bench_generalization_gpt4": 1.9713181058565776,
    "plan_bench_generalization_mini_gpt4": 2.0339986125628156,
    "plan_bench_generalization_groundtruth": 1.6792536775271099,
    "plan_bench_generalization_openai_human_written_examples": 2.3354211409886676,
    "plan_bench_generalization_rewrite_groundtruth_in_own_words": 2.1908219337463377
}