{
    "plan_bench_execution_step_by_step": 2.2118917147318524,
    "plan_bench_execution_claude": 2.561149565378825,
    "plan_bench_execution_gpt4_style_in_context_examples": 2.3938297311464947,
    "plan_bench_execution_gpt4": 2.3098367134730022,
    "plan_bench_execution_mini_gpt4": 3.540089313189189,
    "plan_bench_execution_groundtruth": 11.202593342463176,
    "plan_bench_execution_openai_human_written_examples": 3.6802542368570963,
    "plan_bench_execution_rewrite_groundtruth_in_own_words": 3.4382474621136985
}