{
    "plan_bench_generation_step_by_step": 2.2424325299263,
    "plan_bench_generation_claude": 1.9883651745319366,
    "plan_bench_generation_gpt4_style_in_context_examples": 2.272000811100006,
    "plan_bench_generation_gpt4": 2.3641737949848176,
    "plan_bench_generation_mini_gpt4": 2.661134762763977,
    "plan_bench_generation_groundtruth": 2.9733564484119417,
    "plan_bench_generation_openai_human_written_examples": 2.7013338685035704,
    "plan_bench_generation_rewrite_groundtruth_in_own_words": 2.2194622027873994
}