{
    "hellaswag_step_by_step": 4.631259713172913,
    "hellaswag_claude": 4.003941340446472,
    "hellaswag_gpt4_style_in_context_examples": 3.6074749660491943,
    "hellaswag_gpt4": 5.097504549026489,
    "hellaswag_mini_gpt4": 5.506110758781433,
    "hellaswag_groundtruth": 224.0157633972168,
    "hellaswag_openai_human_written_examples": 5.306713447570801
}