{
    "math_geometry_step_by_step": 2.691076362133026,
    "math_geometry_claude": 2.269316220283508,
    "math_geometry_gpt4_style_in_context_examples": 3.73666912317276,
    "math_geometry_gpt4": 2.6185181498527528,
    "math_geometry_mini_gpt4": 2.203084945678711,
    "math_geometry_groundtruth": 2.9339408755302427,
    "math_geometry_openai_human_written_examples": 3.726674497127533,
    "math_geometry_rewrite_groundtruth_in_own_words": 3.1368146657943727
}