{
    "plan_bench_replaning_step_by_step": 2.9351590764522553,
    "plan_bench_replaning_claude": 2.889105679988861,
    "plan_bench_replaning_gpt4_style_in_context_examples": 3.238687162399292,
    "plan_bench_replaning_gpt4": 3.412083703279495,
    "plan_bench_replaning_mini_gpt4": 3.196954663991928,
    "plan_bench_replaning_groundtruth": 245.8349931371212,
    "plan_bench_replaning_openai_human_written_examples": 3.973237090110779,
    "plan_bench_replaning_rewrite_groundtruth_in_own_words": 4.170588655471802
}