{
    "mbpp_step_by_step": 3.3776582622528077,
    "mbpp_claude": 7.465997991561889,
    "mbpp_gpt4_style_in_context_examples": 6.225450086593628,
    "mbpp_gpt4": 8.030025519132614,
    "mbpp_mini_gpt4": 6.677936846017838,
    "mbpp_groundtruth": 25.70956942796707,
    "mbpp_openai_human_written_examples": 4.092207667827606,
    "mbpp_rewrite_groundtruth_in_own_words": 14.446361711025238
}