{
    "plan_bench_reuse_step_by_step": 2.018702278137207,
    "plan_bench_reuse_claude": 2.074044808149338,
    "plan_bench_reuse_gpt4_style_in_context_examples": 1.8680909937620163,
    "plan_bench_reuse_gpt4": 2.2150684356689454,
    "plan_bench_reuse_mini_gpt4": 2.6117132568359374,
    "plan_bench_reuse_groundtruth": 4.6584944838285445,
    "plan_bench_reuse_openai_human_written_examples": 2.582865145802498,
    "plan_bench_reuse_rewrite_groundtruth_in_own_words": 2.855624538064003
}