{
    "ecqa_step_by_step": 4.203113794326782,
    "ecqa_claude": 3.8263937711715696,
    "ecqa_gpt4_style_in_context_examples": 4.295028344790141,
    "ecqa_gpt4": 5.347342689832051,
    "ecqa_mini_gpt4": 5.546301412582397,
    "ecqa_groundtruth": 42.2823247273763,
    "ecqa_openai_human_written_examples": 5.145500230789184,
    "ecqa_rewrite_groundtruth_in_own_words": 8.880147393544515
}