{
    "plan_bench_optimality_step_by_step": 2.0453010535240175,
    "plan_bench_optimality_claude": 2.150269048213959,
    "plan_bench_optimality_gpt4_style_in_context_examples": 1.8152404475212096,
    "plan_bench_optimality_gpt4": 2.2214232730865477,
    "plan_bench_optimality_mini_gpt4": 2.355721175670624,
    "plan_bench_optimality_groundtruth": 3.3156480479240416,
    "plan_bench_optimality_openai_human_written_examples": 2.8823876714706422,
    "plan_bench_optimality_rewrite_groundtruth_in_own_words": 2.7175442004203796
}