{
    "gsm8k_step_by_step": 2.0264115651448567,
    "gsm8k_claude": 2.1231202284495034,
    "gsm8k_gpt4_style_in_context_examples": 2.016097374757131,
    "gsm8k_gpt4": 1.9607802987098695,
    "gsm8k_mini_gpt4": 1.942785414059957,
    "gsm8k_groundtruth": 4.4688314000765486,
    "gsm8k_openai_human_written_examples": 2.367795387903849,
    "gsm8k_rewrite_groundtruth_in_own_words": 4.311727937062582
}