{
    "math_algebra_step_by_step": 1.384633984565735,
    "math_algebra_claude": 1.6635113883018493,
    "math_algebra_gpt4_style_in_context_examples": 2.414413318634033,
    "math_algebra_gpt4": 1.376487877368927,
    "math_algebra_mini_gpt4": 1.3507370972633361,
    "math_algebra_groundtruth": 2.86556832075119,
    "math_algebra_openai_human_written_examples": 1.4852886986732483,
    "math_algebra_rewrite_groundtruth_in_own_words": 2.3319459128379822
}