{
    "boolq_step_by_step": 4.191010141372681,
    "boolq_claude": 2.8446324825286866,
    "boolq_gpt4_style_in_context_examples": 4.278896856307983,
    "boolq_gpt4": 5.4838967561721805,
    "boolq_mini_gpt4": 3.653124523162842,
    "boolq_groundtruth": 1.0435868144035338,
    "boolq_openai_human_written_examples": 2.5376192331314087
}