{
    "plan_bench_optimality_step_by_step": 1.8589437818527221,
    "plan_bench_optimality_claude": 1.9553424191474915,
    "plan_bench_optimality_gpt4_style_in_context_examples": 1.633206959962845,
    "plan_bench_optimality_gpt4": 2.017905840873718,
    "plan_bench_optimality_mini_gpt4": 2.051214437484741,
    "plan_bench_optimality_groundtruth": 3.2614365899562836,
    "plan_bench_optimality_openai_human_written_examples": 2.4605805611610414,
    "plan_bench_optimality_rewrite_groundtruth_in_own_words": 2.414476728439331
}