{
    "agieval_step_by_step": 3.9133888165156048,
    "agieval_claude": 2.976337027549744,
    "agieval_gpt4_style_in_context_examples": 4.171501994132996,
    "agieval_gpt4": 4.380500769615173,
    "agieval_mini_gpt4": 3.8400522311528524,
    "agieval_groundtruth": 63338.60576171875,
    "agieval_openai_human_written_examples": 4.648661382993063
}