{
    "ecqa_step_by_step": 4.247909067869187,
    "ecqa_claude": 3.9463099420070646,
    "ecqa_gpt4_style_in_context_examples": 4.657954114675522,
    "ecqa_gpt4": 4.744483802318573,
    "ecqa_mini_gpt4": 4.900582520961762,
    "ecqa_groundtruth": 11.480666601657868,
    "ecqa_openai_human_written_examples": 4.405109889507294,
    "ecqa_rewrite_groundtruth_in_own_words": 6.226729710102081
}