{
    "gsm8k_step_by_step": 1.5716297992070516,
    "gsm8k_claude": 1.7325868666172028,
    "gsm8k_gpt4_style_in_context_examples": 1.8280320727825166,
    "gsm8k_gpt4": 2.117002218166987,
    "gsm8k_mini_gpt4": 1.6261796605587007,
    "gsm8k_groundtruth": 2.2185409530003866,
    "gsm8k_openai_human_written_examples": 1.7977430458863577,
    "gsm8k_rewrite_groundtruth_in_own_words": 2.9535153822104134
}