{
    "plan_bench_verification_step_by_step": 1.5016563546657562,
    "plan_bench_verification_claude": 1.7532849609851837,
    "plan_bench_verification_gpt4_style_in_context_examples": 1.3668497622013092,
    "plan_bench_verification_gpt4": 1.609710375070572,
    "plan_bench_verification_mini_gpt4": 2.0080363368988037,
    "plan_bench_verification_groundtruth": 11.489851837158204,
    "plan_bench_verification_openai_human_written_examples": 1.843882271051407,
    "plan_bench_verification_rewrite_groundtruth_in_own_words": 2.535164567232132
}