{
    "plan_bench_generation_step_by_step": 2.1734784960746767,
    "plan_bench_generation_claude": 2.0867830872535706,
    "plan_bench_generation_gpt4_style_in_context_examples": 2.1604331731796265,
    "plan_bench_generation_gpt4": 2.359214997291565,
    "plan_bench_generation_mini_gpt4": 2.3736427187919618,
    "plan_bench_generation_groundtruth": 73.34088430404663,
    "plan_bench_generation_openai_human_written_examples": 3.0679088115692137,
    "plan_bench_generation_rewrite_groundtruth_in_own_words": 3.4312021732330322
}