{
    "plan_bench_execution_step_by_step": 1.8983584904670716,
    "plan_bench_execution_claude": 1.8538308691978456,
    "plan_bench_execution_gpt4_style_in_context_examples": 2.521787259578705,
    "plan_bench_execution_gpt4": 2.0813251876831056,
    "plan_bench_execution_mini_gpt4": 2.748439836502075,
    "plan_bench_execution_groundtruth": 1.9474117851257324,
    "plan_bench_execution_openai_human_written_examples": 2.410731382369995,
    "plan_bench_execution_rewrite_groundtruth_in_own_words": 2.703950815200806
}