{
    "math_algebra_step_by_step": 1.3877995967864991,
    "math_algebra_claude": 1.6977043509483338,
    "math_algebra_gpt4_style_in_context_examples": 2.099930262565613,
    "math_algebra_gpt4": 1.3471743226051331,
    "math_algebra_mini_gpt4": 1.3203871130943299,
    "math_algebra_groundtruth": 3.2965958952903747,
    "math_algebra_openai_human_written_examples": 1.564543652534485,
    "math_algebra_rewrite_groundtruth_in_own_words": 2.3105807065963746
}