{
    "plan_bench_reuse_step_by_step": 2.3367260456085206,
    "plan_bench_reuse_claude": 2.373236870765686,
    "plan_bench_reuse_gpt4_style_in_context_examples": 2.3555099248886107,
    "plan_bench_reuse_gpt4": 2.678962993621826,
    "plan_bench_reuse_mini_gpt4": 2.9497496843338014,
    "plan_bench_reuse_groundtruth": 2.3314377069473267,
    "plan_bench_reuse_openai_human_written_examples": 3.497421932220459,
    "plan_bench_reuse_rewrite_groundtruth_in_own_words": 3.7987011671066284
}