{
    "gsm8k_step_by_step": 2.063666522502899,
    "gsm8k_claude": 2.113774526119232,
    "gsm8k_gpt4_style_in_context_examples": 2.0650328358014423,
    "gsm8k_gpt4": 2.0281549294789634,
    "gsm8k_mini_gpt4": 2.0052220940589907,
    "gsm8k_groundtruth": 4.786564822991689,
    "gsm8k_openai_human_written_examples": 2.4347830692927044,
    "gsm8k_rewrite_groundtruth_in_own_words": 4.593579888343811
}