{
    "plan_bench_optimality_step_by_step": 1.9480651497840882,
    "plan_bench_optimality_claude": 2.0102583885192873,
    "plan_bench_optimality_gpt4_style_in_context_examples": 1.8286659121513367,
    "plan_bench_optimality_gpt4": 2.182037878036499,
    "plan_bench_optimality_mini_gpt4": 2.0448918104171754,
    "plan_bench_optimality_groundtruth": 4.437181878089905,
    "plan_bench_optimality_openai_human_written_examples": 2.847352623939514,
    "plan_bench_optimality_rewrite_groundtruth_in_own_words": 2.4986873269081116
}