{
    "squad_step_by_step": 2.490616213083267,
    "squad_claude": 1.9672388339042663,
    "squad_gpt4_style_in_context_examples": 2.4364290380477907,
    "squad_gpt4": 3.041132600307465,
    "squad_mini_gpt4": 2.455121057033539,
    "squad_groundtruth": 83.22416361689568,
    "squad_openai_human_written_examples": 1.961013662815094
}