{
    "ecqa_step_by_step": 4.507031621932984,
    "ecqa_claude": 3.7013657808303835,
    "ecqa_gpt4_style_in_context_examples": 4.369106063842773,
    "ecqa_gpt4": 5.29269880771637,
    "ecqa_mini_gpt4": 5.53462495803833,
    "ecqa_groundtruth": 35.85722261428833,
    "ecqa_openai_human_written_examples": 5.298259902000427,
    "ecqa_rewrite_groundtruth_in_own_words": 8.881020016670227
}