{
    "plan_bench_verification_step_by_step": 1.5013643515110016,
    "plan_bench_verification_claude": 1.7194634687900543,
    "plan_bench_verification_gpt4_style_in_context_examples": 1.4204166162014007,
    "plan_bench_verification_gpt4": 1.583027116060257,
    "plan_bench_verification_mini_gpt4": 2.131469328403473,
    "plan_bench_verification_groundtruth": 11.871878654956818,
    "plan_bench_verification_openai_human_written_examples": 1.8705645716190338,
    "plan_bench_verification_rewrite_groundtruth_in_own_words": 2.4926948869228363
}