{
    "drop_step_by_step": 3.3398256301879883,
    "drop_claude": 2.429613882303238
}