{
    "winogrande_step_by_step": 5.042245864868164,
    "winogrande_claude": 4.105841040611267,
    "winogrande_gpt4_style_in_context_examples": 4.666126227378845,
    "winogrande_gpt4": 6.015458559989929,
    "winogrande_mini_gpt4": 5.654909777641296,
    "winogrande_groundtruth": 32.32067216634751,
    "winogrande_openai_human_written_examples": 5.525057601928711
}