{
    "agieval_step_by_step": 4.317905385494232,
    "agieval_claude": 3.2024317848682404,
    "agieval_gpt4_style_in_context_examples": 4.719788608551025,
    "agieval_gpt4": 5.064628677368164,
    "agieval_mini_gpt4": 4.534285712242126,
    "agieval_groundtruth": 64175.5226171875
}