{
    "ecqa_step_by_step": 4.420980499982834,
    "ecqa_claude": 3.729441506266594,
    "ecqa_gpt4_style_in_context_examples": 4.263493057489395,
    "ecqa_gpt4": 5.578816587924957,
    "ecqa_mini_gpt4": 5.248964086771012,
    "ecqa_groundtruth": 39.71460869908333,
    "ecqa_openai_human_written_examples": 5.218919026851654,
    "ecqa_rewrite_groundtruth_in_own_words": 9.12908195734024
}