{
    "math_geometry_step_by_step": 2.4177819216251373,
    "math_geometry_claude": 2.7156432843208314,
    "math_geometry_gpt4_style_in_context_examples": 3.8880867052078245,
    "math_geometry_gpt4": 2.5115561640262603,
    "math_geometry_mini_gpt4": 2.408254609107971,
    "math_geometry_groundtruth": 5.442749333381653
}