{
    "plan_bench_optimality_step_by_step": 2.3850607359409333,
    "plan_bench_optimality_claude": 2.9175687897205353,
    "plan_bench_optimality_gpt4_style_in_context_examples": 2.3029972922801973,
    "plan_bench_optimality_gpt4": 2.666502592563629,
    "plan_bench_optimality_mini_gpt4": 2.7728296983242036,
    "plan_bench_optimality_groundtruth": 20.022374544143677,
    "plan_bench_optimality_openai_human_written_examples": 3.444711103439331,
    "plan_bench_optimality_rewrite_groundtruth_in_own_words": 3.4588396418094636
}