{
    "mmlu_step_by_step": 4.825063273906708,
    "mmlu_claude": 3.4030312764644624,
    "mmlu_gpt4_style_in_context_examples": 4.565290441513062,
    "mmlu_gpt4": 4.582615486383438,
    "mmlu_mini_gpt4": 4.253205955028534,
    "mmlu_groundtruth": 32.56174713134766,
    "mmlu_openai_human_written_examples": 4.882790772914887
}