{
    "plan_bench_reuse_step_by_step": 2.3884838354587554,
    "plan_bench_reuse_claude": 2.837350678443909,
    "plan_bench_reuse_gpt4_style_in_context_examples": 2.3642519772052766,
    "plan_bench_reuse_gpt4": 2.8814817655086515,
    "plan_bench_reuse_mini_gpt4": 3.262084585428238,
    "plan_bench_reuse_groundtruth": 61.04886177539825,
    "plan_bench_reuse_openai_human_written_examples": 3.3989590203762052
}