{
    "plan_bench_optimality_step_by_step": 1.8408840437730154,
    "plan_bench_optimality_claude": 1.9709209283192952,
    "plan_bench_optimality_gpt4_style_in_context_examples": 1.6761496440569559,
    "plan_bench_optimality_gpt4": 1.9997687216599782,
    "plan_bench_optimality_mini_gpt4": 2.045202362537384,
    "plan_bench_optimality_groundtruth": 4.705755060513814,
    "plan_bench_optimality_openai_human_written_examples": 2.4544054094950356,
    "plan_bench_optimality_rewrite_groundtruth_in_own_words": 2.4900139729181925
}