{
    "plan_bench_generalization_step_by_step": 1.595701479911804,
    "plan_bench_generalization_claude": 1.9370511770248413,
    "plan_bench_generalization_gpt4_style_in_context_examples": 1.4815869808197022,
    "plan_bench_generalization_gpt4": 1.807492196559906,
    "plan_bench_generalization_mini_gpt4": 1.8384019136428833,
    "plan_bench_generalization_groundtruth": 2.388149452209473,
    "plan_bench_generalization_openai_human_written_examples": 1.9898968458175659,
    "plan_bench_generalization_rewrite_groundtruth_in_own_words": 2.3851819753646852
}