{
    "mbpp_step_by_step": 1.9583493518829345,
    "mbpp_claude": 2.2483277249336244,
    "mbpp_gpt4_style_in_context_examples": 2.177617399692535,
    "mbpp_gpt4": 2.2802326464653015,
    "mbpp_mini_gpt4": 2.8182040882110595,
    "mbpp_groundtruth": 9.816438426971436,
    "mbpp_openai_human_written_examples": 2.584890458583832,
    "mbpp_rewrite_groundtruth_in_own_words": 4.433408622741699
}