{
    "boolq_step_by_step": 4.285883107185364,
    "boolq_claude": 2.9460939240455626,
    "boolq_gpt4_style_in_context_examples": 3.853658275604248,
    "boolq_gpt4": 4.579183435440063,
    "boolq_mini_gpt4": 4.778787698745727,
    "boolq_groundtruth": 3.5856514096260073,
    "boolq_openai_human_written_examples": 3.031646010875702
}