{
    "plan_bench_generation_step_by_step": 2.023310959339142,
    "plan_bench_generation_claude": 1.8807321747144063,
    "plan_bench_generation_gpt4_style_in_context_examples": 2.0986419200897215,
    "plan_bench_generation_gpt4": 2.170814633369446,
    "plan_bench_generation_mini_gpt4": 2.3399428764979047,
    "plan_bench_generation_groundtruth": 4.2507686893145245,
    "plan_bench_generation_openai_human_written_examples": 2.6064979831377664,
    "plan_bench_generation_rewrite_groundtruth_in_own_words": 2.1275215268135073
}