{
    "plan_bench_execution_step_by_step": 1.7274095988273621,
    "plan_bench_execution_claude": 1.8907096195220947,
    "plan_bench_execution_gpt4_style_in_context_examples": 2.1228166818618774,
    "plan_bench_execution_gpt4": 1.8773160648345948,
    "plan_bench_execution_mini_gpt4": 2.8668674564361574,
    "plan_bench_execution_groundtruth": 1.9600492644309997,
    "plan_bench_execution_openai_human_written_examples": 2.2437767672538755,
    "plan_bench_execution_rewrite_groundtruth_in_own_words": 2.500611457824707
}