{
    "math_geometry_step_by_step": 2.383579770326614,
    "math_geometry_claude": 2.66076465010643
}