{
    "mmlu_step_by_step": 3.5513720989227293,
    "mmlu_claude": 3.0906181573867797,
    "mmlu_gpt4_style_in_context_examples": 3.4776323556900026,
    "mmlu_gpt4": 4.492172574996948,
    "mmlu_mini_gpt4": 3.337112045288086,
    "mmlu_groundtruth": 536.1474040985107,
    "mmlu_openai_human_written_examples": 4.904943633079529
}