{
    "plan_bench_generation_step_by_step": 2.216817147731781,
    "plan_bench_generation_claude": 2.101573655605316,
    "plan_bench_generation_gpt4_style_in_context_examples": 2.145701196193695,
    "plan_bench_generation_gpt4": 2.323615696430206,
    "plan_bench_generation_mini_gpt4": 2.6971880745887757,
    "plan_bench_generation_groundtruth": 3.03676908493042,
    "plan_bench_generation_openai_human_written_examples": 2.5730390834808348,
    "plan_bench_generation_rewrite_groundtruth_in_own_words": 2.3573206567764284
}