{
    "hellaswag_step_by_step": 4.839660158157349,
    "hellaswag_claude": 3.9605795764923095,
    "hellaswag_gpt4_style_in_context_examples": 3.801680727005005,
    "hellaswag_gpt4": 6.541671953201294,
    "hellaswag_mini_gpt4": 6.449000375270844,
    "hellaswag_groundtruth": 77012008.76710938,
    "hellaswag_openai_human_written_examples": 6.3264291906356815
}