{
    "drop_step_by_step": 2.994739625453949,
    "drop_claude": 1.8607302272319795
}