{
    "plan_bench_execution_step_by_step": 1.876270210146904,
    "plan_bench_execution_claude": 1.903478354215622,
    "plan_bench_execution_gpt4_style_in_context_examples": 2.332825709581375,
    "plan_bench_execution_gpt4": 2.0266043668985367,
    "plan_bench_execution_mini_gpt4": 2.8316939800977705,
    "plan_bench_execution_groundtruth": 2.1478577214479446,
    "plan_bench_execution_openai_human_written_examples": 2.37068661570549,
    "plan_bench_execution_rewrite_groundtruth_in_own_words": 2.7064047938585283
}