{
    "winogrande_step_by_step": 4.1650674021244045,
    "winogrande_claude": 3.563381142616272,
    "winogrande_gpt4_style_in_context_examples": 4.106894117593765,
    "winogrande_gpt4": 4.60784791469574,
    "winogrande_mini_gpt4": 4.091199905872345,
    "winogrande_groundtruth": 6.15392715215683,
    "winogrande_openai_human_written_examples": 3.8303334808349607
}