{
    "mmlu_moral_scenarios_step_by_step": 3.366990494728088,
    "mmlu_moral_scenarios_claude": 2.6741650104522705,
    "mmlu_moral_scenarios_gpt4_style_in_context_examples": 3.3738505363464357,
    "mmlu_moral_scenarios_gpt4": 3.5841841220855715,
    "mmlu_moral_scenarios_mini_gpt4": 3.3888903141021727,
    "mmlu_moral_scenarios_groundtruth": 223.4066577911377,
    "mmlu_moral_scenarios_openai_human_written_examples": 4.9624083757400514
}