{
    "piqa_step_by_step": 3.736444854736328,
    "piqa_claude": 3.2908912658691407,
    "piqa_gpt4_style_in_context_examples": 4.306073474884033,
    "piqa_gpt4": 4.78089861869812,
    "piqa_mini_gpt4": 4.52009642124176,
    "piqa_groundtruth": 3536936.16640625,
    "piqa_openai_human_written_examples": 5.006346559524536
}