{
    "boolq_step_by_step": 3.3146880193551382,
    "boolq_claude": 2.528554207086563,
    "boolq_gpt4_style_in_context_examples": 2.760633643468221,
    "boolq_gpt4": 3.2248720506827038,
    "boolq_mini_gpt4": 3.2706106066703797,
    "boolq_groundtruth": 23.181747057437896,
    "boolq_openai_human_written_examples": 2.4986976937452954
}