{
    "plan_bench_generalization_step_by_step": 1.7564135193824768,
    "plan_bench_generalization_claude": 2.007106844186783,
    "plan_bench_generalization_gpt4_style_in_context_examples": 1.6482479238510133,
    "plan_bench_generalization_gpt4": 2.1436260712146757,
    "plan_bench_generalization_mini_gpt4": 2.1933232307434083,
    "plan_bench_generalization_groundtruth": 1.8731546926498412,
    "plan_bench_generalization_openai_human_written_examples": 2.3256457543373106,
    "plan_bench_generalization_rewrite_groundtruth_in_own_words": 2.355728467702866
}