{
    "mmlu_moral_scenarios_step_by_step": 3.9477512979507448,
    "mmlu_moral_scenarios_claude": 2.989349217414856,
    "mmlu_moral_scenarios_gpt4_style_in_context_examples": 3.0818181371688844,
    "mmlu_moral_scenarios_gpt4": 4.05461769580841,
    "mmlu_moral_scenarios_mini_gpt4": 3.663877553939819,
    "mmlu_moral_scenarios_groundtruth": 88.08394682407379,
    "mmlu_moral_scenarios_openai_human_written_examples": 4.8663377904891965
}