{
    "plan_bench_optimality_step_by_step": 1.9284156131744385,
    "plan_bench_optimality_claude": 2.0953707027435304,
    "plan_bench_optimality_gpt4_style_in_context_examples": 1.6851804327964783,
    "plan_bench_optimality_gpt4": 2.0494194269180297,
    "plan_bench_optimality_mini_gpt4": 2.0951689958572386,
    "plan_bench_optimality_groundtruth": 3.946976511478424,
    "plan_bench_optimality_openai_human_written_examples": 2.4993691754341127,
    "plan_bench_optimality_rewrite_groundtruth_in_own_words": 2.4993876004219056
}