{
    "agieval_step_by_step": 3.4344039189815523,
    "agieval_claude": 2.6297159790992737
}