{
    "plan_bench_optimality_step_by_step": 1.8873993436495462,
    "plan_bench_optimality_claude": 1.93807502190272,
    "plan_bench_optimality_gpt4_style_in_context_examples": 1.611865190664927,
    "plan_bench_optimality_gpt4": 1.98803684314092,
    "plan_bench_optimality_mini_gpt4": 2.163021675745646,
    "plan_bench_optimality_groundtruth": 3.0681336442629497,
    "plan_bench_optimality_openai_human_written_examples": 2.4432706276575726,
    "plan_bench_optimality_rewrite_groundtruth_in_own_words": 2.321583652496338
}