{
    "boolq_step_by_step": 3.3006998467445374,
    "boolq_claude": 2.5595549929141996
}