{
    "plan_bench_reuse_step_by_step": 2.178903625011444,
    "plan_bench_reuse_claude": 2.379706983566284,
    "plan_bench_reuse_gpt4_style_in_context_examples": 2.1552738642692564,
    "plan_bench_reuse_gpt4": 2.4132735919952393,
    "plan_bench_reuse_mini_gpt4": 3.161010582447052,
    "plan_bench_reuse_groundtruth": 2.3079290342330934,
    "plan_bench_reuse_openai_human_written_examples": 2.938119230270386,
    "plan_bench_reuse_rewrite_groundtruth_in_own_words": 3.312840769290924
}