{
    "drop_step_by_step": 3.6287800908088683,
    "drop_claude": 2.5229755175113677,
    "drop_gpt4_style_in_context_examples": 2.9399974060058596,
    "drop_gpt4": 3.4685445630550387,
    "drop_mini_gpt4": 3.633514542579651,
    "drop_groundtruth": 82.97896696329117,
    "drop_openai_human_written_examples": 3.144188421964645
}