{
    "math_geometry_step_by_step": 2.477174699306488,
    "math_geometry_claude": 2.5415932440757754,
    "math_geometry_gpt4_style_in_context_examples": 3.353723096847534,
    "math_geometry_gpt4": 2.582839448451996,
    "math_geometry_mini_gpt4": 2.270437190532684,
    "math_geometry_groundtruth": 4.953500537872315,
    "math_geometry_openai_human_written_examples": 5.274433062076569,
    "math_geometry_rewrite_groundtruth_in_own_words": 3.2192888331413267
}