{
    "plan_bench_reuse_step_by_step": 2.55099901676178,
    "plan_bench_reuse_claude": 3.1464292538166045,
    "plan_bench_reuse_gpt4_style_in_context_examples": 2.429080994129181,
    "plan_bench_reuse_gpt4": 3.253013963699341,
    "plan_bench_reuse_mini_gpt4": 3.5662937581539156,
    "plan_bench_reuse_groundtruth": 2827.72726875782
}