{
    "plan_bench_verification_step_by_step": 1.4759234070777894,
    "plan_bench_verification_claude": 1.655968725681305,
    "plan_bench_verification_gpt4_style_in_context_examples": 1.3526419520378112,
    "plan_bench_verification_gpt4": 1.4806116461753844,
    "plan_bench_verification_mini_gpt4": 2.0979418635368345,
    "plan_bench_verification_groundtruth": 8.550914859771728,
    "plan_bench_verification_openai_human_written_examples": 1.8015950083732606,
    "plan_bench_verification_rewrite_groundtruth_in_own_words": 2.854805612564087
}