{
    "plan_bench_optimality_step_by_step": 1.8543578894933064,
    "plan_bench_optimality_claude": 1.9724261140823365,
    "plan_bench_optimality_gpt4_style_in_context_examples": 1.654044866959254,
    "plan_bench_optimality_gpt4": 1.99639551003774,
    "plan_bench_optimality_mini_gpt4": 2.0640855809052785,
    "plan_bench_optimality_groundtruth": 2.946410698890686,
    "plan_bench_optimality_openai_human_written_examples": 2.4695655127366383,
    "plan_bench_optimality_rewrite_groundtruth_in_own_words": 2.464249491294225
}