{
    "plan_bench_replaning_step_by_step": 3.014849593639374,
    "plan_bench_replaning_claude": 3.191096658706665,
    "plan_bench_replaning_gpt4_style_in_context_examples": 3.660391833782196,
    "plan_bench_replaning_gpt4": 4.043835124969482,
    "plan_bench_replaning_mini_gpt4": 3.283802933692932,
    "plan_bench_replaning_groundtruth": 62.28557843208313,
    "plan_bench_replaning_openai_human_written_examples": 4.079536833763123,
    "plan_bench_replaning_rewrite_groundtruth_in_own_words": 4.698148517608643
}