{
    "squad_step_by_step": 3.3250303375720978,
    "squad_claude": 2.7156281316280366
}