{
    "gsm8k_step_by_step": 1.9627879023551942,
    "gsm8k_claude": 2.0524389028549193,
    "gsm8k_gpt4_style_in_context_examples": 2.0310709118843078,
    "gsm8k_gpt4": 1.9588713884353637,
    "gsm8k_mini_gpt4": 2.130442428588867,
    "gsm8k_groundtruth": 3.5003952503204347,
    "gsm8k_openai_human_written_examples": 2.10547456741333,
    "gsm8k_rewrite_groundtruth_in_own_words": 3.665690803527832
}