{
    "api_bank_step_by_step": 3.7584425699710846,
    "api_bank_claude": 3.6756456553936006,
    "api_bank_gpt4_style_in_context_examples": 4.9370721817016605,
    "api_bank_gpt4": 4.5940790939331055,
    "api_bank_mini_gpt4": 4.996206308603287,
    "api_bank_groundtruth": 29.713704543113707,
    "api_bank_openai_human_written_examples": 4.881240613460541
}