{
    "mmlu_pro_law_step_by_step": 4.196237421035766,
    "mmlu_pro_law_claude": 3.21609845161438,
    "mmlu_pro_law_gpt4_style_in_context_examples": 4.331330966949463,
    "mmlu_pro_law_gpt4": 4.418745350837708,
    "mmlu_pro_law_mini_gpt4": 3.917141389846802,
    "mmlu_pro_law_groundtruth": 605.3606136322021,
    "mmlu_pro_law_openai_human_written_examples": 6.211325025558471
}