{
    "mmlu_moral_scenarios_step_by_step": 3.4658156180381776,
    "mmlu_moral_scenarios_claude": 3.1790166115760803
}