{
    "mbpp_step_by_step": 3.1047008752822878,
    "mbpp_claude": 6.763135957717895,
    "mbpp_gpt4_style_in_context_examples": 7.102924227714539,
    "mbpp_gpt4": 7.292953312397003,
    "mbpp_mini_gpt4": 7.358959698677063,
    "mbpp_groundtruth": 42.7606826543808,
    "mbpp_openai_human_written_examples": 4.848862075805664,
    "mbpp_rewrite_groundtruth_in_own_words": 23.649750471115112
}