{
    "plan_bench_execution_step_by_step": 2.1785390681028365,
    "plan_bench_execution_claude": 2.5736466419696806,
    "plan_bench_execution_gpt4_style_in_context_examples": 2.3283383643627165,
    "plan_bench_execution_gpt4": 2.351698719263077,
    "plan_bench_execution_mini_gpt4": 3.6798959040641783,
    "plan_bench_execution_groundtruth": 11.059846296310425,
    "plan_bench_execution_openai_human_written_examples": 3.368288513422012,
    "plan_bench_execution_rewrite_groundtruth_in_own_words": 3.604418122768402
}