{
    "mmlu_pro_law_step_by_step": 4.443880987167359,
    "mmlu_pro_law_claude": 3.080204208691915,
    "mmlu_pro_law_gpt4_style_in_context_examples": 4.659405644734701,
    "mmlu_pro_law_gpt4": 5.0049508253733315,
    "mmlu_pro_law_mini_gpt4": 4.4876808802286785,
    "mmlu_pro_law_groundtruth": 120.24491441647211,
    "mmlu_pro_law_openai_human_written_examples": 5.972886196772257
}