{
    "winogrande_step_by_step": 3.421282527446747,
    "winogrande_claude": 3.1064017164707183,
    "winogrande_gpt4_style_in_context_examples": 3.318473720550537
}