{
    "winogrande_step_by_step": 4.182415447235107,
    "winogrande_claude": 3.5650254678726196,
    "winogrande_gpt4_style_in_context_examples": 4.192048225402832,
    "winogrande_gpt4": 4.60347840309143,
    "winogrande_mini_gpt4": 4.320973114967346,
    "winogrande_groundtruth": 5.801006307601929,
    "winogrande_openai_human_written_examples": 3.737779200077057
}