{
    "plan_bench_execution_step_by_step": 1.837154245376587,
    "plan_bench_execution_claude": 1.8722957849502564,
    "plan_bench_execution_gpt4_style_in_context_examples": 2.294420099258423,
    "plan_bench_execution_gpt4": 1.8802711009979247,
    "plan_bench_execution_mini_gpt4": 2.6661443948745727,
    "plan_bench_execution_groundtruth": 1.6479101419448852,
    "plan_bench_execution_openai_human_written_examples": 2.2065969347953795,
    "plan_bench_execution_rewrite_groundtruth_in_own_words": 2.7793871760368347
}