{
    "math_algebra_step_by_step": 1.9687846740086874,
    "math_algebra_claude": 1.9994149724642436,
    "math_algebra_gpt4_style_in_context_examples": 3.336033097902934,
    "math_algebra_gpt4": 2.2191591620445252,
    "math_algebra_mini_gpt4": 2.0034374753634134,
    "math_algebra_groundtruth": 2.578781239191691,
    "math_algebra_openai_human_written_examples": 1.9579447269439698,
    "math_algebra_rewrite_groundtruth_in_own_words": 2.9083412051200868
}