{
    "math_geometry_step_by_step": 2.3311473989486693,
    "math_geometry_claude": 2.405523462295532,
    "math_geometry_gpt4_style_in_context_examples": 3.785519927740097,
    "math_geometry_gpt4": 2.3935532784461975,
    "math_geometry_mini_gpt4": 2.3415302169322967,
    "math_geometry_groundtruth": 2.873681746721268,
    "math_geometry_openai_human_written_examples": 4.148530900478363,
    "math_geometry_rewrite_groundtruth_in_own_words": 2.792899385690689
}