{
    "piqa_step_by_step": 3.9387286710739136,
    "piqa_claude": 3.7828323793411256,
    "piqa_gpt4_style_in_context_examples": 4.691435341835022,
    "piqa_gpt4": 4.709314279556274,
    "piqa_mini_gpt4": 4.119359378814697,
    "piqa_groundtruth": 115.66437652587891,
    "piqa_openai_human_written_examples": 4.7325638389587406
}