{
    "gsm8k_step_by_step": 1.9998515407244364,
    "gsm8k_claude": 2.009656012058258,
    "gsm8k_gpt4_style_in_context_examples": 1.997074011961619,
    "gsm8k_gpt4": 1.9032062609990439,
    "gsm8k_mini_gpt4": 1.9641135493914286,
    "gsm8k_groundtruth": 3.403680944442749,
    "gsm8k_openai_human_written_examples": 2.2206727623939515,
    "gsm8k_rewrite_groundtruth_in_own_words": 3.7897768656412762
}