{
    "plan_bench_execution_step_by_step": 1.924272770881653,
    "plan_bench_execution_claude": 2.1854739451408385,
    "plan_bench_execution_gpt4_style_in_context_examples": 2.25838116645813,
    "plan_bench_execution_gpt4": 2.0683377814292907,
    "plan_bench_execution_mini_gpt4": 2.745342216491699,
    "plan_bench_execution_groundtruth": 5.1000629949569705,
    "plan_bench_execution_openai_human_written_examples": 2.590683226585388,
    "plan_bench_execution_rewrite_groundtruth_in_own_words": 2.8092688632011416
}