{
    "plan_bench_reuse_step_by_step": 2.1821615183353424,
    "plan_bench_reuse_claude": 2.371787385940552,
    "plan_bench_reuse_gpt4_style_in_context_examples": 2.121283816099167,
    "plan_bench_reuse_gpt4": 2.447935230731964,
    "plan_bench_reuse_mini_gpt4": 3.0652580320835114,
    "plan_bench_reuse_groundtruth": 2.5056490755081176,
    "plan_bench_reuse_openai_human_written_examples": 2.8811301255226134,
    "plan_bench_reuse_rewrite_groundtruth_in_own_words": 3.249619195461273
}