{
    "plan_bench_generalization_step_by_step": 1.7030980944633485,
    "plan_bench_generalization_claude": 2.0114978671073915,
    "plan_bench_generalization_gpt4_style_in_context_examples": 1.6233140587806703,
    "plan_bench_generalization_gpt4": 1.9612638831138611,
    "plan_bench_generalization_mini_gpt4": 2.038682150840759,
    "plan_bench_generalization_groundtruth": 1.7667672276496886,
    "plan_bench_generalization_openai_human_written_examples": 2.0364124059677122,
    "plan_bench_generalization_rewrite_groundtruth_in_own_words": 2.6307006955146788
}