{
    "plan_bench_generalization_step_by_step": 1.5642075181007384,
    "plan_bench_generalization_claude": 1.9277409791946412,
    "plan_bench_generalization_gpt4_style_in_context_examples": 1.5112796902656556,
    "plan_bench_generalization_gpt4": 1.8341372609138489,
    "plan_bench_generalization_mini_gpt4": 2.2113899111747743,
    "plan_bench_generalization_groundtruth": 2.377022218704224,
    "plan_bench_generalization_openai_human_written_examples": 2.2156526684761046,
    "plan_bench_generalization_rewrite_groundtruth_in_own_words": 2.261461842060089
}