{
    "mbpp_step_by_step": 2.240124781926473,
    "mbpp_claude": 2.6842160701751707,
    "mbpp_gpt4_style_in_context_examples": 2.6315780679384866,
    "mbpp_gpt4": 3.4541813413302105,
    "mbpp_mini_gpt4": 3.406516973177592,
    "mbpp_groundtruth": 5.742223664124807,
    "mbpp_openai_human_written_examples": 2.56442506313324,
    "mbpp_rewrite_groundtruth_in_own_words": 3.6709214806556703
}