{
    "plan_bench_replaning_step_by_step": 2.678050740559896,
    "plan_bench_replaning_claude": 2.7291242758433025,
    "plan_bench_replaning_gpt4_style_in_context_examples": 3.103824321428935,
    "plan_bench_replaning_gpt4": 3.5079763491948444,
    "plan_bench_replaning_mini_gpt4": 2.983418953418732,
    "plan_bench_replaning_groundtruth": 44.85463463862737,
    "plan_bench_replaning_openai_human_written_examples": 3.8806403716405233,
    "plan_bench_replaning_rewrite_groundtruth_in_own_words": 3.8871206760406496
}