{
    "api_bank_step_by_step": 3.5759924205144245,
    "api_bank_claude": 3.3377673955758413,
    "api_bank_gpt4_style_in_context_examples": 4.674904433488845,
    "api_bank_gpt4": 4.34884867588679,
    "api_bank_mini_gpt4": 4.781616133054097,
    "api_bank_groundtruth": 13.43096824367841,
    "api_bank_openai_human_written_examples": 4.4588734738032025
}