{
    "mmlu_step_by_step": 4.435247995853424,
    "mmlu_claude": 3.3075724482536315,
    "mmlu_gpt4_style_in_context_examples": 4.634250087738037,
    "mmlu_gpt4": 4.987426538467407,
    "mmlu_mini_gpt4": 4.489284646511078,
    "mmlu_groundtruth": 24.744693450927734,
    "mmlu_openai_human_written_examples": 5.133002481460571
}