{
    "squad_step_by_step": 4.232811069488525,
    "squad_claude": 2.908526774247487,
    "squad_gpt4_style_in_context_examples": 3.590948303540548,
    "squad_gpt4": 5.670320888360341,
    "squad_mini_gpt4": 4.536796188354492,
    "squad_groundtruth": 26.678200089931487,
    "squad_openai_human_written_examples": 3.1597101132074994
}