{
    "winogrande_step_by_step": 3.409583420753479,
    "winogrande_claude": 3.0712189054489136,
    "winogrande_gpt4_style_in_context_examples": 3.2687422645092012
}