{
    "boolq_step_by_step": 4.226729502677918,
    "boolq_claude": 2.9486408746242523
}