{
    "plan_bench_generation_step_by_step": 2.1958653116226197,
    "plan_bench_generation_claude": 2.0645234096050262,
    "plan_bench_generation_gpt4_style_in_context_examples": 2.2592837154865264,
    "plan_bench_generation_gpt4": 2.2562793886661527
}