{
    "winogrande_step_by_step": 3.457209348678589,
    "winogrande_claude": 2.9141875743865966,
    "winogrande_gpt4_style_in_context_examples": 3.2485636552174886,
    "winogrande_gpt4": 3.7857194185256957,
    "winogrande_mini_gpt4": 3.214678732554118,
    "winogrande_groundtruth": 41.19841616948445,
    "winogrande_openai_human_written_examples": 3.121547210216522
}