{
    "hellaswag_step_by_step": 4.65731027841568,
    "hellaswag_claude": 3.983952558040619,
    "hellaswag_gpt4_style_in_context_examples": 3.5765123772621155,
    "hellaswag_gpt4": 5.169349019527435,
    "hellaswag_mini_gpt4": 5.5526929020881655,
    "hellaswag_groundtruth": 309.48675582885744,
    "hellaswag_openai_human_written_examples": 5.510224435329437
}