{
    "ecqa_step_by_step": 4.555602074464162,
    "ecqa_claude": 3.832471381823222,
    "ecqa_gpt4_style_in_context_examples": 4.281154151757558,
    "ecqa_gpt4": 6.00940403064092,
    "ecqa_mini_gpt4": 5.547672288417816,
    "ecqa_groundtruth": 45.28567410071691,
    "ecqa_openai_human_written_examples": 5.6118876496950785,
    "ecqa_rewrite_groundtruth_in_own_words": 9.903136595884959
}