{
    "winogrande_step_by_step": 4.364202260971069,
    "winogrande_claude": 3.66446590423584,
    "winogrande_gpt4_style_in_context_examples": 4.386310601234436,
    "winogrande_gpt4": 5.34319794178009,
    "winogrande_mini_gpt4": 4.646515560150147,
    "winogrande_groundtruth": 5.366205787658691,
    "winogrande_openai_human_written_examples": 3.837486910820007
}