{
    "math_geometry_step_by_step": 2.41879395365715,
    "math_geometry_claude": 2.689936485290527,
    "math_geometry_gpt4_style_in_context_examples": 4.033718671798706,
    "math_geometry_gpt4": 2.645601007938385,
    "math_geometry_mini_gpt4": 2.350315806865692,
    "math_geometry_groundtruth": 5.044101040363312,
    "math_geometry_openai_human_written_examples": 4.244229032993316,
    "math_geometry_rewrite_groundtruth_in_own_words": 3.4120049691200256
}