{
    "plan_bench_reuse_step_by_step": 2.1920150446891786,
    "plan_bench_reuse_claude": 2.352761504650116,
    "plan_bench_reuse_gpt4_style_in_context_examples": 2.123404676914215,
    "plan_bench_reuse_gpt4": 2.457814384698868,
    "plan_bench_reuse_mini_gpt4": 3.0716334915161134,
    "plan_bench_reuse_groundtruth": 2.596877460479736,
    "plan_bench_reuse_openai_human_written_examples": 2.8600783157348633,
    "plan_bench_reuse_rewrite_groundtruth_in_own_words": 3.2448804795742037
}