{
    "boolq_step_by_step": 4.280082561969757,
    "boolq_claude": 2.939301550388336,
    "boolq_gpt4_style_in_context_examples": 4.022667772769928,
    "boolq_gpt4": 4.723695385456085,
    "boolq_mini_gpt4": 4.473622562885285,
    "boolq_groundtruth": 5.559748547077179,
    "boolq_openai_human_written_examples": 3.523187450170517
}