{
    "plan_bench_optimality_step_by_step": 2.4419830679893493,
    "plan_bench_optimality_claude": 3.0071573781967165,
    "plan_bench_optimality_gpt4_style_in_context_examples": 2.2348939847946165,
    "plan_bench_optimality_gpt4": 2.696664562225342,
    "plan_bench_optimality_mini_gpt4": 2.779318993091583,
    "plan_bench_optimality_groundtruth": 17.5845311832428,
    "plan_bench_optimality_openai_human_written_examples": 3.396053032875061,
    "plan_bench_optimality_rewrite_groundtruth_in_own_words": 3.35714663028717
}