{
    "mbpp_step_by_step": 2.124407346248627,
    "mbpp_claude": 1.9444323801994323,
    "mbpp_gpt4_style_in_context_examples": 2.267260320186615,
    "mbpp_gpt4": 2.4114278244972227,
    "mbpp_mini_gpt4": 3.303843567371368,
    "mbpp_groundtruth": 8.494529521465301,
    "mbpp_openai_human_written_examples": 2.5851722288131715,
    "mbpp_rewrite_groundtruth_in_own_words": 3.684837589263916
}