{
    "math_geometry_step_by_step": 2.3963021993637086,
    "math_geometry_claude": 2.316597054004669,
    "math_geometry_gpt4_style_in_context_examples": 3.3382573390007018,
    "math_geometry_gpt4": 2.531302077770233,
    "math_geometry_mini_gpt4": 2.2295648980140688,
    "math_geometry_groundtruth": 2.7930922412872317,
    "math_geometry_openai_human_written_examples": 5.362950520515442,
    "math_geometry_rewrite_groundtruth_in_own_words": 2.786394033432007
}