{
    "boolq_step_by_step": 3.515087127685547,
    "boolq_claude": 2.9262020111083986,
    "boolq_gpt4_style_in_context_examples": 3.310831904411316,
    "boolq_gpt4": 4.074938464164734,
    "boolq_mini_gpt4": 3.905666780471802,
    "boolq_groundtruth": 10.353155708312988,
    "boolq_openai_human_written_examples": 2.9914861917495728
}