{
    "mbpp_step_by_step": 2.0388473641872404,
    "mbpp_claude": 2.0505670070648194,
    "mbpp_gpt4_style_in_context_examples": 2.0493836081027985,
    "mbpp_gpt4": 2.319856629371643,
    "mbpp_mini_gpt4": 3.0609071922302244,
    "mbpp_groundtruth": 7.803908438682556,
    "mbpp_openai_human_written_examples": 2.422193627357483,
    "mbpp_rewrite_groundtruth_in_own_words": 3.4807494246959685
}