{
    "winogrande_step_by_step": 5.066280627250672,
    "winogrande_claude": 4.117323851585388,
    "winogrande_gpt4_style_in_context_examples": 4.616031670570374,
    "winogrande_gpt4": 6.1545751094818115,
    "winogrande_mini_gpt4": 5.572839879989624,
    "winogrande_groundtruth": 20.835189867019654,
    "winogrande_openai_human_written_examples": 5.686975002288818
}