{
    "plan_bench_generation_step_by_step": 2.2801121044158936,
    "plan_bench_generation_claude": 2.1930022585391997,
    "plan_bench_generation_gpt4_style_in_context_examples": 2.261176198720932,
    "plan_bench_generation_gpt4": 2.465029431581497,
    "plan_bench_generation_mini_gpt4": 2.76811616063118,
    "plan_bench_generation_groundtruth": 17.041149468421935,
    "plan_bench_generation_openai_human_written_examples": 2.6013750195503236,
    "plan_bench_generation_rewrite_groundtruth_in_own_words": 2.9671653389930723
}