{
    "plan_bench_generalization_step_by_step": 1.8290226578712463,
    "plan_bench_generalization_claude": 2.3288336992263794,
    "plan_bench_generalization_gpt4_style_in_context_examples": 1.753921592235565,
    "plan_bench_generalization_gpt4": 2.065905010700226,
    "plan_bench_generalization_mini_gpt4": 2.177319145202637,
    "plan_bench_generalization_groundtruth": 5.910668969154358,
    "plan_bench_generalization_openai_human_written_examples": 2.2476914644241335,
    "plan_bench_generalization_rewrite_groundtruth_in_own_words": 3.025251317024231
}