{
    "plan_bench_verification_step_by_step": 1.4988419526815415,
    "plan_bench_verification_claude": 1.6867097645998002,
    "plan_bench_verification_gpt4_style_in_context_examples": 1.3845414465665817,
    "plan_bench_verification_gpt4": 1.5648563778400422,
    "plan_bench_verification_mini_gpt4": 2.0949346762895584,
    "plan_bench_verification_groundtruth": 6.720144821405411,
    "plan_bench_verification_openai_human_written_examples": 1.7850329971313477,
    "plan_bench_verification_rewrite_groundtruth_in_own_words": 2.4963860458135603
}