{
    "api_bank_step_by_step": 3.313693751692772,
    "api_bank_claude": 3.407779068350792,
    "api_bank_gpt4_style_in_context_examples": 4.088119170069694,
    "api_bank_gpt4": 3.868672559261322,
    "api_bank_mini_gpt4": 4.298894339203835,
    "api_bank_groundtruth": 8.881901375055314,
    "api_bank_openai_human_written_examples": 3.835605721473694
}