{
    "arc_challenge_step_by_step": 3.1949429551760358,
    "arc_challenge_claude": 3.155639119942983,
    "arc_challenge_gpt4_style_in_context_examples": 3.2311023473739624,
    "arc_challenge_gpt4": 3.6632793664932253,
    "arc_challenge_mini_gpt4": 3.4970973134040833,
    "arc_challenge_groundtruth": 77128.10377604167,
    "arc_challenge_openai_human_written_examples": 3.681598591804504
}