{
    "plan_bench_optimality_step_by_step": 1.8925152492523194,
    "plan_bench_optimality_claude": 1.951547474861145,
    "plan_bench_optimality_gpt4_style_in_context_examples": 1.6173460125923156,
    "plan_bench_optimality_gpt4": 1.9941071820259095,
    "plan_bench_optimality_mini_gpt4": 2.032997703552246,
    "plan_bench_optimality_groundtruth": 3.002420475482941,
    "plan_bench_optimality_openai_human_written_examples": 2.4293087840080263,
    "plan_bench_optimality_rewrite_groundtruth_in_own_words": 2.39104989528656
}