{
    "gsm8k_step_by_step": 2.0117722868919374,
    "gsm8k_claude": 2.0980280518531798,
    "gsm8k_gpt4_style_in_context_examples": 2.0462335252761843,
    "gsm8k_gpt4": 1.989496955871582,
    "gsm8k_mini_gpt4": 1.991264479160309,
    "gsm8k_groundtruth": 4.368736732006073,
    "gsm8k_openai_human_written_examples": 2.363617160320282,
    "gsm8k_rewrite_groundtruth_in_own_words": 4.301448631286621
}