{
    "math_geometry_step_by_step": 2.478442075252533,
    "math_geometry_claude": 2.7600550532341,
    "math_geometry_gpt4_style_in_context_examples": 4.183495337963104,
    "math_geometry_gpt4": 2.802566397190094,
    "math_geometry_mini_gpt4": 2.3686334919929504,
    "math_geometry_groundtruth": 5.245049364566803,
    "math_geometry_openai_human_written_examples": 4.476760888099671,
    "math_geometry_rewrite_groundtruth_in_own_words": 3.5246858263015746
}