{
    "boolq_step_by_step": 4.13170177936554,
    "boolq_claude": 2.891137433052063,
    "boolq_gpt4_style_in_context_examples": 3.5220017433166504,
    "boolq_gpt4": 4.17042121887207,
    "boolq_mini_gpt4": 4.5637424945831295,
    "boolq_groundtruth": 6.713515830039978,
    "boolq_openai_human_written_examples": 3.730852746963501
}