{
    "arc_challenge_step_by_step": 3.818875906467438,
    "arc_challenge_claude": 2.905810146331787,
    "arc_challenge_gpt4_style_in_context_examples": 3.277346251010895,
    "arc_challenge_gpt4": 3.943164644241333,
    "arc_challenge_mini_gpt4": 3.3780451798439026,
    "arc_challenge_groundtruth": 22764395.3775,
    "arc_challenge_openai_human_written_examples": 4.4453883194923405
}