{
    "arc_challenge_step_by_step": 2.8870819807052612,
    "arc_challenge_claude": 2.640287387371063,
    "arc_challenge_gpt4_style_in_context_examples": 2.4417913953463235,
    "arc_challenge_gpt4": 2.8448959310849506,
    "arc_challenge_mini_gpt4": 2.7688557664553324,
    "arc_challenge_groundtruth": 6272716.783194987,
    "arc_challenge_openai_human_written_examples": 2.991228175163269
}