{
    "drop_step_by_step": 2.306972107887268,
    "drop_claude": 1.9782576036453248,
    "drop_gpt4_style_in_context_examples": 2.3187746810913086,
    "drop_gpt4": 2.1216402578353883,
    "drop_mini_gpt4": 1.870545620918274,
    "drop_groundtruth": 8.422533342838287,
    "drop_openai_human_written_examples": 1.9048656821250916
}