{
    "plan_bench_replaning_step_by_step": 2.7143033742904663,
    "plan_bench_replaning_claude": 2.4032331188519795,
    "plan_bench_replaning_gpt4_style_in_context_examples": 2.858994170029958,
    "plan_bench_replaning_gpt4": 3.6088733673095703,
    "plan_bench_replaning_mini_gpt4": 2.6824677189191184,
    "plan_bench_replaning_groundtruth": 420.4592770735423,
    "plan_bench_replaning_openai_human_written_examples": 3.4083233435948688,
    "plan_bench_replaning_rewrite_groundtruth_in_own_words": 3.7957130352656048
}