{
    "ecqa_step_by_step": 3.2160054604212442,
    "ecqa_claude": 3.14744557539622,
    "ecqa_gpt4_style_in_context_examples": 3.4617798566818236,
    "ecqa_gpt4": 3.7178491353988647,
    "ecqa_mini_gpt4": 3.6103376666704814,
    "ecqa_groundtruth": 19.619875717163087,
    "ecqa_openai_human_written_examples": 3.478786341349284,
    "ecqa_rewrite_groundtruth_in_own_words": 5.404572637875875
}