{
    "plan_bench_generation_step_by_step": 2.0712894797325134,
    "plan_bench_generation_claude": 1.9618072247505187,
    "plan_bench_generation_gpt4_style_in_context_examples": 2.0277580869197847,
    "plan_bench_generation_gpt4": 2.276865200996399,
    "plan_bench_generation_mini_gpt4": 2.4126827621459963,
    "plan_bench_generation_groundtruth": 5.13184476852417,
    "plan_bench_generation_openai_human_written_examples": 2.3622206401824952,
    "plan_bench_generation_rewrite_groundtruth_in_own_words": 2.3404252123832703
}