{
    "drop_step_by_step": 2.342266421318054,
    "drop_claude": 1.820617538690567,
    "drop_gpt4_style_in_context_examples": 2.2143591272830965,
    "drop_gpt4": 2.210559492111206,
    "drop_mini_gpt4": 2.1093153095245363,
    "drop_groundtruth": 14.613357694149018,
    "drop_openai_human_written_examples": 1.8630056262016297
}