{
    "mbpp_step_by_step": 2.0242589712142944,
    "mbpp_claude": 3.3289981961250303,
    "mbpp_gpt4_style_in_context_examples": 2.5796703696250916,
    "mbpp_gpt4": 2.32531601190567,
    "mbpp_mini_gpt4": 2.68425612449646,
    "mbpp_groundtruth": 10.084024488925934,
    "mbpp_openai_human_written_examples": 2.703306591510773,
    "mbpp_rewrite_groundtruth_in_own_words": 3.4580931782722475
}