{
    "plan_bench_replaning_step_by_step": 2.6209765338897704,
    "plan_bench_replaning_claude": 2.2113674235343934,
    "plan_bench_replaning_gpt4_style_in_context_examples": 2.6603551602363584,
    "plan_bench_replaning_gpt4": 2.7633014369010924,
    "plan_bench_replaning_mini_gpt4": 2.633177251815796,
    "plan_bench_replaning_groundtruth": 208.95988931417466,
    "plan_bench_replaning_openai_human_written_examples": 3.6093334674835207,
    "plan_bench_replaning_rewrite_groundtruth_in_own_words": 3.3199090933799744
}