{
    "piqa_step_by_step": 4.254890418052673,
    "piqa_claude": 3.2868494272232054,
    "piqa_gpt4_style_in_context_examples": 5.1796496391296385,
    "piqa_gpt4": 5.9493629217147825,
    "piqa_mini_gpt4": 4.237469983100891,
    "piqa_groundtruth": 1573986.17265625,
    "piqa_openai_human_written_examples": 5.509697222709656
}