{
    "mbpp_step_by_step": 3.312041385571162,
    "mbpp_claude": 6.102816069920857,
    "mbpp_gpt4_style_in_context_examples": 5.111436932086945,
    "mbpp_gpt4": 7.553163432280223,
    "mbpp_mini_gpt4": 7.695285757780075,
    "mbpp_groundtruth": 19.94799140016238,
    "mbpp_openai_human_written_examples": 3.9934828599294026,
    "mbpp_rewrite_groundtruth_in_own_words": 11.374631257454555
}