{
    "plan_bench_generation_step_by_step": 2.0422226508458454,
    "plan_bench_generation_claude": 1.9305906291802724,
    "plan_bench_generation_gpt4_style_in_context_examples": 2.0343011073271433,
    "plan_bench_generation_gpt4": 2.1872226099173226,
    "plan_bench_generation_mini_gpt4": 2.4050229450066882,
    "plan_bench_generation_groundtruth": 4.327113750378291,
    "plan_bench_generation_openai_human_written_examples": 2.430046374797821,
    "plan_bench_generation_rewrite_groundtruth_in_own_words": 2.2110674130916594
}