{
    "0_50": 1.8364890789985657,
    "0_10": 1.8655109882354737,
    "10_20": 1.8394360423088074,
    "20_30": 1.716462242603302,
    "0_30": 1.8071364243825276,
    "30_60": 2.0280144969622294,
    "60_90": 1.876434369881948,
    "50_100": 1.9367281556129456,
    "100_150": 1.9302558898925781,
    "0_100": 1.8866086173057557,
    "100_200": 1.9292735505104064,
    "200_300": 1.8494910192489624
}