{
    "mbpp_step_by_step": 2.45642067193985,
    "mbpp_claude": 2.929517384370168,
    "mbpp_gpt4_style_in_context_examples": 2.9125625610351564,
    "mbpp_gpt4": 3.264896448453267,
    "mbpp_mini_gpt4": 3.3213258902231853,
    "mbpp_groundtruth": 8.883465294043223,
    "mbpp_openai_human_written_examples": 2.8845900615056355,
    "mbpp_rewrite_groundtruth_in_own_words": 5.179410445690155
}