{
    "hellaswag_step_by_step": 3.76400848865509,
    "hellaswag_claude": 2.812310161590576,
    "hellaswag_gpt4_style_in_context_examples": 2.8142372035980223,
    "hellaswag_gpt4": 4.1376466464996335,
    "hellaswag_mini_gpt4": 4.013724646568298,
    "hellaswag_groundtruth": 1683815.9270703124,
    "hellaswag_openai_human_written_examples": 4.013898787498474
}