{
    "arc_challenge_step_by_step": 3.657488956451416,
    "arc_challenge_claude": 2.891114674806595,
    "arc_challenge_gpt4_style_in_context_examples": 3.193860764503479,
    "arc_challenge_gpt4": 3.8935955107212066,
    "arc_challenge_mini_gpt4": 3.446999590396881,
    "arc_challenge_groundtruth": 46134459.01903595,
    "arc_challenge_openai_human_written_examples": 4.0849733710289
}