{
    "plan_bench_replaning_step_by_step": 2.4279162669181824,
    "plan_bench_replaning_claude": 2.1993625700473785,
    "plan_bench_replaning_gpt4_style_in_context_examples": 2.8526859402656557,
    "plan_bench_replaning_gpt4": 2.9650697147846223,
    "plan_bench_replaning_mini_gpt4": 2.6779651069641113,
    "plan_bench_replaning_groundtruth": 375.68969005942347,
    "plan_bench_replaning_openai_human_written_examples": 3.0246320939064026,
    "plan_bench_replaning_rewrite_groundtruth_in_own_words": 3.5283635377883913
}