{
    "plan_bench_optimality_step_by_step": 2.475653553009033,
    "plan_bench_optimality_claude": 2.956516448656718,
    "plan_bench_optimality_gpt4_style_in_context_examples": 2.3216288407643635,
    "plan_bench_optimality_gpt4": 2.6983071088790895,
    "plan_bench_optimality_mini_gpt4": 2.8008296966552733,
    "plan_bench_optimality_groundtruth": 22.341852060953777,
    "plan_bench_optimality_openai_human_written_examples": 3.3969587723414105,
    "plan_bench_optimality_rewrite_groundtruth_in_own_words": 3.4825614134470624
}