{
    "ecqa_step_by_step": 4.140523948669434,
    "ecqa_claude": 3.794717378616333,
    "ecqa_gpt4_style_in_context_examples": 4.6228570461273195,
    "ecqa_gpt4": 4.493988122940063,
    "ecqa_mini_gpt4": 4.82805022239685,
    "ecqa_groundtruth": 9.852806091308594,
    "ecqa_openai_human_written_examples": 4.287023906707764,
    "ecqa_rewrite_groundtruth_in_own_words": 6.093772068023681
}