{
    "plan_bench_verification_step_by_step": 1.4436865131060281,
    "plan_bench_verification_claude": 1.6307505249977112,
    "plan_bench_verification_gpt4_style_in_context_examples": 1.3946675539016724,
    "plan_bench_verification_gpt4": 1.556082582473755,
    "plan_bench_verification_mini_gpt4": 2.1331702431042987,
    "plan_bench_verification_groundtruth": 8.74488468170166,
    "plan_bench_verification_openai_human_written_examples": 1.8093216180801392,
    "plan_bench_verification_rewrite_groundtruth_in_own_words": 2.5824330846468606
}