{
    "hellaswag_step_by_step": 4.888701343536377,
    "hellaswag_claude": 3.951264238357544,
    "hellaswag_gpt4_style_in_context_examples": 3.6296971797943116,
    "hellaswag_gpt4": 5.04911859035492,
    "hellaswag_mini_gpt4": 5.444721627235412,
    "hellaswag_groundtruth": 291.96449584960936,
    "hellaswag_openai_human_written_examples": 6.064917755126953
}