{
    "plan_bench_replaning_step_by_step": 2.4920720497767133,
    "plan_bench_replaning_claude": 2.61608643134435,
    "plan_bench_replaning_gpt4_style_in_context_examples": 3.29479923248291,
    "plan_bench_replaning_gpt4": 3.093364950021108,
    "plan_bench_replaning_mini_gpt4": 3.0279324968655903,
    "plan_bench_replaning_groundtruth": 5.292391502857209,
    "plan_bench_replaning_openai_human_written_examples": 3.721294351418813,
    "plan_bench_replaning_rewrite_groundtruth_in_own_words": 3.670529035727183
}