{
    "mmlu_step_by_step": 4.925566466649373,
    "mmlu_claude": 3.387579329808553,
    "mmlu_gpt4_style_in_context_examples": 4.7393548885981245,
    "mmlu_gpt4": 5.31197452545166,
    "mmlu_mini_gpt4": 4.554462122917175,
    "mmlu_groundtruth": 41.41620241800944,
    "mmlu_openai_human_written_examples": 4.8179652770360315
}