{
    "mmlu_moral_scenarios_step_by_step": 3.7162896537780763,
    "mmlu_moral_scenarios_claude": 2.8673286724090574,
    "mmlu_moral_scenarios_gpt4_style_in_context_examples": 3.16527756690979,
    "mmlu_moral_scenarios_gpt4": 4.113443050384522,
    "mmlu_moral_scenarios_mini_gpt4": 4.048395793437958,
    "mmlu_moral_scenarios_groundtruth": 88.8154352247715,
    "mmlu_moral_scenarios_openai_human_written_examples": 5.047930443286896
}