{
    "boolq_step_by_step": 4.230279688040415,
    "boolq_claude": 2.928504463036855,
    "boolq_gpt4_style_in_context_examples": 4.024898266792297,
    "boolq_gpt4": 4.420528157552083,
    "boolq_mini_gpt4": 4.633322072029114,
    "boolq_groundtruth": 4.415553681055704,
    "boolq_openai_human_written_examples": 3.4939854621887205
}