{
    "plan_bench_execution_step_by_step": 2.0020220351219176,
    "plan_bench_execution_claude": 2.223056664466858,
    "plan_bench_execution_gpt4_style_in_context_examples": 2.1904890537261963,
    "plan_bench_execution_gpt4": 2.130233337879181,
    "plan_bench_execution_mini_gpt4": 2.8255361318588257,
    "plan_bench_execution_groundtruth": 5.2307564687728885,
    "plan_bench_execution_openai_human_written_examples": 2.4758220863342286,
    "plan_bench_execution_rewrite_groundtruth_in_own_words": 2.9089853835105894
}