{
    "plan_bench_generation_step_by_step": 2.1485249638557433,
    "plan_bench_generation_claude": 2.203920038541158,
    "plan_bench_generation_gpt4_style_in_context_examples": 2.2199599782625836,
    "plan_bench_generation_gpt4": 2.1735134681065875,
    "plan_bench_generation_mini_gpt4": 2.5528356472651166,
    "plan_bench_generation_groundtruth": 78.08465509414673,
    "plan_bench_generation_openai_human_written_examples": 2.58524573246638,
    "plan_bench_generation_rewrite_groundtruth_in_own_words": 3.3619055350621543
}