{
    "mmlu_moral_scenarios_step_by_step": 3.1938998301823935,
    "mmlu_moral_scenarios_claude": 2.9495638291041057,
    "mmlu_moral_scenarios_gpt4_style_in_context_examples": 3.0401347796122233,
    "mmlu_moral_scenarios_gpt4": 3.5158195018768312,
    "mmlu_moral_scenarios_mini_gpt4": 2.8421907981236774,
    "mmlu_moral_scenarios_groundtruth": 160.6908719062805,
    "mmlu_moral_scenarios_openai_human_written_examples": 3.8626239617665608
}