{
    "plan_bench_verification_step_by_step": 1.6196842908859252,
    "plan_bench_verification_claude": 1.747524583339691,
    "plan_bench_verification_gpt4_style_in_context_examples": 1.536343228816986,
    "plan_bench_verification_gpt4": 1.6397427678108216,
    "plan_bench_verification_mini_gpt4": 2.5748677770296733,
    "plan_bench_verification_groundtruth": 36.07602736155192,
    "plan_bench_verification_openai_human_written_examples": 2.2016358971595764,
    "plan_bench_verification_rewrite_groundtruth_in_own_words": 3.0117116888364155
}