{
    "arc_challenge_step_by_step": 3.607589769363403,
    "arc_challenge_claude": 3.2556348919868467,
    "arc_challenge_gpt4_style_in_context_examples": 3.7539631128311157,
    "arc_challenge_gpt4": 4.094434356689453,
    "arc_challenge_mini_gpt4": 3.7351146697998048,
    "arc_challenge_groundtruth": 37628589.925,
    "arc_challenge_openai_human_written_examples": 5.386350488662719
}