{
    "boolq_step_by_step": 3.652979893684387,
    "boolq_claude": 2.857577362060547,
    "boolq_gpt4_style_in_context_examples": 3.352684202194214,
    "boolq_gpt4": 3.9004286241531374,
    "boolq_mini_gpt4": 4.007466607093811,
    "boolq_groundtruth": 11.371722555160522,
    "boolq_openai_human_written_examples": 2.687202365398407
}