{
    "drop_step_by_step": 3.2132492780685427,
    "drop_claude": 2.388707184791565,
    "drop_gpt4_style_in_context_examples": 2.741446876525879,
    "drop_gpt4": 3.570353078842163,
    "drop_mini_gpt4": 3.625222849845886,
    "drop_groundtruth": 15.580126285552979,
    "drop_openai_human_written_examples": 2.3970372796058657
}