{
    "math_geometry_step_by_step": 1.957850734392802,
    "math_geometry_claude": 1.8580721696217855,
    "math_geometry_gpt4_style_in_context_examples": 3.2367830753326414,
    "math_geometry_gpt4": 1.9820503830909728,
    "math_geometry_mini_gpt4": 1.722406526406606,
    "math_geometry_groundtruth": 3.145933214823405,
    "math_geometry_openai_human_written_examples": 3.7330519477526347,
    "math_geometry_rewrite_groundtruth_in_own_words": 2.4176117539405824
}