{
    "plan_bench_generalization_step_by_step": 1.5598698139190674,
    "plan_bench_generalization_claude": 1.9580519080162049,
    "plan_bench_generalization_gpt4_style_in_context_examples": 1.5053532600402832,
    "plan_bench_generalization_gpt4": 2.0889288425445556,
    "plan_bench_generalization_mini_gpt4": 2.3445058345794676,
    "plan_bench_generalization_groundtruth": 2.344532585144043,
    "plan_bench_generalization_openai_human_written_examples": 2.1556132078170775,
    "plan_bench_generalization_rewrite_groundtruth_in_own_words": 2.0415741324424745
}