{
    "mbpp_step_by_step": 2.0210681307315825,
    "mbpp_claude": 1.9968932783603668,
    "mbpp_gpt4_style_in_context_examples": 2.061726212501526,
    "mbpp_gpt4": 2.2791521072387697,
    "mbpp_mini_gpt4": 2.920251804590225,
    "mbpp_groundtruth": 7.846074491739273,
    "mbpp_openai_human_written_examples": 2.427000961303711,
    "mbpp_rewrite_groundtruth_in_own_words": 3.4187842428684236
}