{
    "squad_step_by_step": 2.5116747498512266,
    "squad_claude": 1.8846061110496521,
    "squad_gpt4_style_in_context_examples": 2.3490492725372314,
    "squad_gpt4": 3.0276976156234743,
    "squad_mini_gpt4": 2.374202251434326,
    "squad_groundtruth": 201.83897909879684,
    "squad_openai_human_written_examples": 1.913942723274231
}