{
    "winogrande_step_by_step": 4.125668212572734,
    "winogrande_claude": 3.5850385562578837,
    "winogrande_gpt4_style_in_context_examples": 4.122032768726349,
    "winogrande_gpt4": 4.621222754319509,
    "winogrande_mini_gpt4": 4.075419420401255,
    "winogrande_groundtruth": 6.0259180974960325,
    "winogrande_openai_human_written_examples": 3.8490510773658753
}