{
    "squad_step_by_step": 2.563898046016693,
    "squad_claude": 2.0771501195430755,
    "squad_gpt4_style_in_context_examples": 2.493286979198456,
    "squad_gpt4": 3.284727816581726,
    "squad_mini_gpt4": 2.665046644806862,
    "squad_groundtruth": 90.20029624640942,
    "squad_openai_human_written_examples": 2.069569298028946
}