{
    "gsm8k_step_by_step": 1.610378340880076,
    "gsm8k_claude": 1.7482247312863668,
    "gsm8k_gpt4_style_in_context_examples": 1.6472182591756186,
    "gsm8k_gpt4": 1.5564926385879516,
    "gsm8k_mini_gpt4": 1.5508281191190083,
    "gsm8k_groundtruth": 2.228516701857249,
    "gsm8k_openai_human_written_examples": 1.940907645225525,
    "gsm8k_rewrite_groundtruth_in_own_words": 3.082144860426585
}