{
    "plan_bench_generation_step_by_step": 2.2987813556194308,
    "plan_bench_generation_claude": 2.0224656879901888,
    "plan_bench_generation_gpt4_style_in_context_examples": 2.323821350336075,
    "plan_bench_generation_gpt4": 2.534837191104889,
    "plan_bench_generation_mini_gpt4": 2.721275850534439,
    "plan_bench_generation_groundtruth": 5.872927553653717,
    "plan_bench_generation_openai_human_written_examples": 2.6115997302532197,
    "plan_bench_generation_rewrite_groundtruth_in_own_words": 2.475217171907425
}