{
    "plan_bench_optimality_step_by_step": 1.8191408443450927,
    "plan_bench_optimality_claude": 1.9642904853820802,
    "plan_bench_optimality_gpt4_style_in_context_examples": 1.6627940320968628,
    "plan_bench_optimality_gpt4": 1.9671292722225189,
    "plan_bench_optimality_mini_gpt4": 2.036211622953415,
    "plan_bench_optimality_groundtruth": 3.482166405916214,
    "plan_bench_optimality_openai_human_written_examples": 2.44511132478714
}