{
    "mmlu_step_by_step": 3.98970738530159,
    "mmlu_claude": 2.96645672082901,
    "mmlu_gpt4_style_in_context_examples": 3.6207055687904357,
    "mmlu_gpt4": 4.066635191440582,
    "mmlu_mini_gpt4": 3.4364070403575897,
    "mmlu_groundtruth": 448.0958822441101,
    "mmlu_openai_human_written_examples": 4.092349660396576
}