{
    "plan_bench_execution_step_by_step": 1.83858482837677,
    "plan_bench_execution_claude": 1.8410102128982544,
    "plan_bench_execution_gpt4_style_in_context_examples": 2.6240266442298887,
    "plan_bench_execution_gpt4": 2.074626100063324,
    "plan_bench_execution_mini_gpt4": 2.56375732421875,
    "plan_bench_execution_groundtruth": 1.6156194686889649,
    "plan_bench_execution_openai_human_written_examples": 2.4753219723701476,
    "plan_bench_execution_rewrite_groundtruth_in_own_words": 2.60366153717041
}