{
    "squad_step_by_step": 3.1814760518074037,
    "squad_claude": 2.5478459334373476,
    "squad_gpt4_style_in_context_examples": 3.0350068640708923,
    "squad_gpt4": 4.2160038256645205,
    "squad_mini_gpt4": 3.2299597942829132,
    "squad_groundtruth": 7.828246562480927,
    "squad_openai_human_written_examples": 2.5388487362861634
}