{
    "plan_bench_verification_step_by_step": 1.5261726331710816,
    "plan_bench_verification_claude": 1.711230914592743,
    "plan_bench_verification_gpt4_style_in_context_examples": 1.4901752018928527,
    "plan_bench_verification_gpt4": 1.608550901412964,
    "plan_bench_verification_mini_gpt4": 2.267076437473297,
    "plan_bench_verification_groundtruth": 6.333538508415222,
    "plan_bench_verification_openai_human_written_examples": 1.8434747195243835,
    "plan_bench_verification_rewrite_groundtruth_in_own_words": 2.4662496995925904
}