{
    "plan_bench_execution_step_by_step": 2.0490917921066285,
    "plan_bench_execution_claude": 2.133317160606384,
    "plan_bench_execution_gpt4_style_in_context_examples": 2.4931769251823424,
    "plan_bench_execution_gpt4": 2.285199522972107,
    "plan_bench_execution_mini_gpt4": 3.2049045324325562,
    "plan_bench_execution_groundtruth": 5.913921236991882,
    "plan_bench_execution_openai_human_written_examples": 3.3041388750076295,
    "plan_bench_execution_rewrite_groundtruth_in_own_words": 3.141790843009949
}