{
    "squad_step_by_step": 2.556226680278778,
    "squad_claude": 2.111408208608627,
    "squad_gpt4_style_in_context_examples": 2.4247513997554777,
    "squad_gpt4": 3.3155550491809844,
    "squad_mini_gpt4": 2.327974383831024,
    "squad_groundtruth": 11.303584802150727,
    "squad_openai_human_written_examples": 1.9994647121429443
}