{
    "plan_bench_generalization_step_by_step": 1.7268725355466208,
    "plan_bench_generalization_claude": 1.9818359851837157,
    "plan_bench_generalization_gpt4_style_in_context_examples": 1.6370453437169392,
    "plan_bench_generalization_gpt4": 2.0087307254473368,
    "plan_bench_generalization_mini_gpt4": 2.163986615339915,
    "plan_bench_generalization_groundtruth": 1.8301723639170329,
    "plan_bench_generalization_openai_human_written_examples": 2.302879687150319,
    "plan_bench_generalization_rewrite_groundtruth_in_own_words": 2.324229594071706
}