{
    "mmlu_pro_law_step_by_step": 4.3140541410446165,
    "mmlu_pro_law_claude": 3.1051581013202667,
    "mmlu_pro_law_gpt4_style_in_context_examples": 4.735556093454361,
    "mmlu_pro_law_gpt4": 5.299323403835297,
    "mmlu_pro_law_mini_gpt4": 4.138945183753967,
    "mmlu_pro_law_groundtruth": 331.799035487175,
    "mmlu_pro_law_openai_human_written_examples": 5.749646503925323
}