{
    "mbpp_step_by_step": 3.3583774010340375,
    "mbpp_claude": 14.950137090682983,
    "mbpp_gpt4_style_in_context_examples": 12.157588601112366,
    "mbpp_gpt4": 13.387458980083466,
    "mbpp_mini_gpt4": 8.251061864693959,
    "mbpp_groundtruth": 50.42964849472046,
    "mbpp_openai_human_written_examples": 4.669820936520894,
    "mbpp_rewrite_groundtruth_in_own_words": 24.7359477241834
}