{
    "drop_step_by_step": 2.911481982469559,
    "drop_claude": 1.8653087365627288
}