{
    "squad_step_by_step": 3.5189045031865436,
    "squad_claude": 2.860587453842163,
    "squad_gpt4_style_in_context_examples": 3.3215706825256346,
    "squad_gpt4": 4.9960494558016455,
    "squad_mini_gpt4": 4.360212953885396,
    "squad_groundtruth": 20.545858271916707,
    "squad_openai_human_written_examples": 3.202768087387085
}