{
    "ecqa_step_by_step": 4.465405241648356,
    "ecqa_claude": 3.6491577784220377,
    "ecqa_gpt4_style_in_context_examples": 4.317870791753133,
    "ecqa_gpt4": 5.402081775665283,
    "ecqa_mini_gpt4": 5.422648819287618,
    "ecqa_groundtruth": 31.68303410212199,
    "ecqa_openai_human_written_examples": 5.419902388254801,
    "ecqa_rewrite_groundtruth_in_own_words": 8.594243876139323
}