{
    "plan_bench_replaning_step_by_step": 2.5295989831288654,
    "plan_bench_replaning_claude": 2.8488797267278034,
    "plan_bench_replaning_gpt4_style_in_context_examples": 3.416442835330963,
    "plan_bench_replaning_gpt4": 3.1855239272117615,
    "plan_bench_replaning_mini_gpt4": 3.1430354475975038,
    "plan_bench_replaning_groundtruth": 10.414189891020458,
    "plan_bench_replaning_openai_human_written_examples": 3.8584809978803,
    "plan_bench_replaning_rewrite_groundtruth_in_own_words": 3.9480363647143046
}