{
    "plan_bench_verification_step_by_step": 1.7240485787391662,
    "plan_bench_verification_claude": 1.9894447803497315,
    "plan_bench_verification_gpt4_style_in_context_examples": 1.7909731030464173,
    "plan_bench_verification_gpt4": 1.7311166405677796,
    "plan_bench_verification_mini_gpt4": 2.462882602214813,
    "plan_bench_verification_groundtruth": 6.190391182899475,
    "plan_bench_verification_openai_human_written_examples": 1.9534672260284425,
    "plan_bench_verification_rewrite_groundtruth_in_own_words": 2.294042646884918
}