{
    "plan_bench_generation_step_by_step": 2.414712828397751,
    "plan_bench_generation_claude": 2.2700769972801207,
    "plan_bench_generation_gpt4_style_in_context_examples": 2.5010166907310487,
    "plan_bench_generation_gpt4": 2.734093416929245,
    "plan_bench_generation_mini_gpt4": 2.9758376407623293,
    "plan_bench_generation_groundtruth": 6.548686598539352,
    "plan_bench_generation_openai_human_written_examples": 2.850500435829163,
    "plan_bench_generation_rewrite_groundtruth_in_own_words": 2.7728402996063233
}