{
    "mmlu_pro_law_step_by_step": 4.305962104797363,
    "mmlu_pro_law_claude": 3.1368596112728118,
    "mmlu_pro_law_gpt4_style_in_context_examples": 4.78551286816597,
    "mmlu_pro_law_gpt4": 5.406182160377503,
    "mmlu_pro_law_mini_gpt4": 4.219002194404602,
    "mmlu_pro_law_groundtruth": 426.8966525101662,
    "mmlu_pro_law_openai_human_written_examples": 5.818926486968994
}