{
    "mmlu_step_by_step": 3.902204505999883,
    "mmlu_claude": 2.9642075622081756,
    "mmlu_gpt4_style_in_context_examples": 3.710581861337026,
    "mmlu_gpt4": 4.187791748841604,
    "mmlu_mini_gpt4": 3.5498442280292513,
    "mmlu_groundtruth": 578.1029342556,
    "mmlu_openai_human_written_examples": 4.236368012428284
}