{
    "plan_bench_verification_step_by_step": 1.6075913071632386,
    "plan_bench_verification_claude": 1.8216060042381286,
    "plan_bench_verification_gpt4_style_in_context_examples": 1.5438180208206176,
    "plan_bench_verification_gpt4": 1.6295781016349793,
    "plan_bench_verification_mini_gpt4": 2.182696259021759,
    "plan_bench_verification_groundtruth": 43.77185764312744,
    "plan_bench_verification_openai_human_written_examples": 2.1884899973869323,
    "plan_bench_verification_rewrite_groundtruth_in_own_words": 2.8972707271575926
}