{
    "plan_bench_generalization_step_by_step": 1.564117431640625,
    "plan_bench_generalization_claude": 1.8925103545188904,
    "plan_bench_generalization_gpt4_style_in_context_examples": 1.4783323566118876,
    "plan_bench_generalization_gpt4": 1.8881277720133463,
    "plan_bench_generalization_mini_gpt4": 2.105459725856781,
    "plan_bench_generalization_groundtruth": 2.3226459701855977,
    "plan_bench_generalization_openai_human_written_examples": 2.0932873288790383,
    "plan_bench_generalization_rewrite_groundtruth_in_own_words": 2.215779181321462
}