{
    "plan_bench_execution_step_by_step": 1.869784915447235,
    "plan_bench_execution_claude": 1.9771047711372376,
    "plan_bench_execution_gpt4_style_in_context_examples": 2.3350042700767517,
    "plan_bench_execution_gpt4": 1.9005736231803894,
    "plan_bench_execution_mini_gpt4": 2.7118191480636598,
    "plan_bench_execution_groundtruth": 1.8459120035171508,
    "plan_bench_execution_openai_human_written_examples": 2.300352096557617,
    "plan_bench_execution_rewrite_groundtruth_in_own_words": 2.837963342666626
}