{
    "plan_bench_verification_step_by_step": 1.5645241022109986,
    "plan_bench_verification_claude": 1.8216139626502992,
    "plan_bench_verification_gpt4_style_in_context_examples": 1.4494212532043458,
    "plan_bench_verification_gpt4": 1.5734262371063232,
    "plan_bench_verification_mini_gpt4": 2.22556227684021,
    "plan_bench_verification_groundtruth": 4.098838038444519,
    "plan_bench_verification_openai_human_written_examples": 1.8823644495010377,
    "plan_bench_verification_rewrite_groundtruth_in_own_words": 2.7778261613845827
}