{
    "plan_bench_reuse_step_by_step": 2.1547286701202393,
    "plan_bench_reuse_claude": 2.399144310951233,
    "plan_bench_reuse_gpt4_style_in_context_examples": 2.149641937017441,
    "plan_bench_reuse_gpt4": 2.536030377149582,
    "plan_bench_reuse_mini_gpt4": 2.9064408576488496,
    "plan_bench_reuse_groundtruth": 2.4627487766742706,
    "plan_bench_reuse_openai_human_written_examples": 2.871427204608917,
    "plan_bench_reuse_rewrite_groundtruth_in_own_words": 3.3348371958732606
}