{
    "winogrande_step_by_step": 4.022019090652466,
    "winogrande_claude": 3.6203833866119384
}