{
    "plan_bench_generalization_step_by_step": 1.5713172674179077,
    "plan_bench_generalization_claude": 1.9835158109664917,
    "plan_bench_generalization_gpt4_style_in_context_examples": 1.5246495723724365,
    "plan_bench_generalization_gpt4": 1.8576932191848754,
    "plan_bench_generalization_mini_gpt4": 2.257883131504059,
    "plan_bench_generalization_groundtruth": 2.1960144996643067,
    "plan_bench_generalization_openai_human_written_examples": 2.232606887817383,
    "plan_bench_generalization_rewrite_groundtruth_in_own_words": 2.307923400402069
}