{
    "ecqa_step_by_step": 3.6730345249176026,
    "ecqa_claude": 3.7984713554382323,
    "ecqa_gpt4_style_in_context_examples": 4.244360828399659,
    "ecqa_gpt4": 4.521597814559937,
    "ecqa_mini_gpt4": 4.81060676574707,
    "ecqa_groundtruth": 12.083239603042603,
    "ecqa_openai_human_written_examples": 3.569621539115906,
    "ecqa_rewrite_groundtruth_in_own_words": 5.640887761116028
}