{
    "mmlu_moral_scenarios_step_by_step": 3.618090518315633,
    "mmlu_moral_scenarios_claude": 3.303187965552012,
    "mmlu_moral_scenarios_gpt4_style_in_context_examples": 3.848859646320343,
    "mmlu_moral_scenarios_gpt4": 3.8910617216428123,
    "mmlu_moral_scenarios_mini_gpt4": 3.9173704822858175,
    "mmlu_moral_scenarios_groundtruth": 23.62959088643392,
    "mmlu_moral_scenarios_openai_human_written_examples": 4.1405002212524415
}