{
    "math_geometry_step_by_step": 2.4740829849243164,
    "math_geometry_claude": 2.5310282373428343,
    "math_geometry_gpt4_style_in_context_examples": 3.374370632171631,
    "math_geometry_gpt4": 2.58598769903183,
    "math_geometry_mini_gpt4": 2.2582279658317566,
    "math_geometry_groundtruth": 4.980099546909332,
    "math_geometry_openai_human_written_examples": 5.329905581474304,
    "math_geometry_rewrite_groundtruth_in_own_words": 3.184570436477661
}