{
    "plan_bench_reuse_step_by_step": 2.1672693490982056,
    "plan_bench_reuse_claude": 2.2962621021270753,
    "plan_bench_reuse_gpt4_style_in_context_examples": 2.0858649158477784,
    "plan_bench_reuse_gpt4": 2.4918065905570983,
    "plan_bench_reuse_mini_gpt4": 2.964340524673462,
    "plan_bench_reuse_groundtruth": 2.2811526370048525,
    "plan_bench_reuse_openai_human_written_examples": 2.756943883895874,
    "plan_bench_reuse_rewrite_groundtruth_in_own_words": 3.1283372807502747
}