{
    "piqa_step_by_step": 4.019586977958679,
    "piqa_claude": 3.210583755970001,
    "piqa_gpt4_style_in_context_examples": 5.119008691310882,
    "piqa_gpt4": 5.237207477092743,
    "piqa_mini_gpt4": 4.316760692596436,
    "piqa_groundtruth": 1678507.6561425782,
    "piqa_openai_human_written_examples": 6.200087568759918
}