{
    "boolq_step_by_step": 3.507315516471863,
    "boolq_claude": 3.049469542503357,
    "boolq_gpt4_style_in_context_examples": 3.5818283796310424,
    "boolq_gpt4": 4.138751125335693,
    "boolq_mini_gpt4": 3.878995744387309,
    "boolq_groundtruth": 11.418074893951417,
    "boolq_openai_human_written_examples": 2.8403613249460857
}