{
    "gsm8k_step_by_step": 1.5397485693295796,
    "gsm8k_claude": 1.7729455828666687,
    "gsm8k_gpt4_style_in_context_examples": 1.6727693637212118,
    "gsm8k_gpt4": 1.6083083669344584,
    "gsm8k_mini_gpt4": 1.6241865237553914,
    "gsm8k_groundtruth": 2.0459192713101704,
    "gsm8k_openai_human_written_examples": 1.796130124727885,
    "gsm8k_rewrite_groundtruth_in_own_words": 2.9403061787287395
}