{
    "plan_bench_generation_step_by_step": 2.0083932081858316,
    "plan_bench_generation_claude": 1.9694516936937967,
    "plan_bench_generation_gpt4_style_in_context_examples": 1.9704190651575724,
    "plan_bench_generation_gpt4": 2.303609875837962,
    "plan_bench_generation_mini_gpt4": 2.5059432784716287,
    "plan_bench_generation_groundtruth": 4.291243696212769,
    "plan_bench_generation_openai_human_written_examples": 2.518711876869202,
    "plan_bench_generation_rewrite_groundtruth_in_own_words": 2.1823548833529154
}