{
    "agieval_step_by_step": 4.2453572463989255,
    "agieval_claude": 3.0213221502304077,
    "agieval_gpt4_style_in_context_examples": 4.288524928092957,
    "agieval_gpt4": 4.625033407211304,
    "agieval_mini_gpt4": 4.129292118549347,
    "agieval_groundtruth": 66682.8735546875,
    "agieval_openai_human_written_examples": 4.285498871803283
}