{
    "hellaswag_step_by_step": 4.747645711898803,
    "hellaswag_claude": 4.2420655488967896,
    "hellaswag_gpt4_style_in_context_examples": 3.986509346961975,
    "hellaswag_gpt4": 5.946329188346863,
    "hellaswag_mini_gpt4": 6.765946880976359,
    "hellaswag_groundtruth": 104511812.00572917,
    "hellaswag_openai_human_written_examples": 6.906675227483114
}