{
    "plan_bench_generalization_step_by_step": 1.6421031554539998,
    "plan_bench_generalization_claude": 1.9400031884511313,
    "plan_bench_generalization_gpt4_style_in_context_examples": 1.4655000845591226,
    "plan_bench_generalization_gpt4": 1.8581298510233561,
    "plan_bench_generalization_mini_gpt4": 1.9436902205149333,
    "plan_bench_generalization_groundtruth": 2.5420167644818625,
    "plan_bench_generalization_openai_human_written_examples": 2.157467007637024,
    "plan_bench_generalization_rewrite_groundtruth_in_own_words": 2.1751789967219035
}