{
    "plan_bench_generalization_step_by_step": 1.810843280951182,
    "plan_bench_generalization_claude": 1.8919607321421306,
    "plan_bench_generalization_gpt4_style_in_context_examples": 1.562699015935262,
    "plan_bench_generalization_gpt4": 2.307548193136851,
    "plan_bench_generalization_mini_gpt4": 2.086365516980489,
    "plan_bench_generalization_groundtruth": 1.6716259042421977,
    "plan_bench_generalization_openai_human_written_examples": 2.3503997484842936,
    "plan_bench_generalization_rewrite_groundtruth_in_own_words": 2.2349474390347797
}