{
    "mmlu_step_by_step": 4.888100764751434,
    "mmlu_claude": 3.5163775086402893
}