{
    "plan_bench_reuse_step_by_step": 2.0951485991477967,
    "plan_bench_reuse_claude": 2.4386241873105368,
    "plan_bench_reuse_gpt4_style_in_context_examples": 2.1385287841161094,
    "plan_bench_reuse_gpt4": 2.327800214290619,
    "plan_bench_reuse_mini_gpt4": 3.059231901168823,
    "plan_bench_reuse_groundtruth": 2.4178627292315165,
    "plan_bench_reuse_openai_human_written_examples": 2.82433260679245,
    "plan_bench_reuse_rewrite_groundtruth_in_own_words": 3.105102082093557
}