{
    "plan_bench_generalization_step_by_step": 1.721277689933777,
    "plan_bench_generalization_claude": 1.9526690085728964,
    "plan_bench_generalization_gpt4_style_in_context_examples": 1.6548953215281168,
    "plan_bench_generalization_gpt4": 2.0487704078356423,
    "plan_bench_generalization_mini_gpt4": 2.195748261610667,
    "plan_bench_generalization_groundtruth": 1.5324301799138387,
    "plan_bench_generalization_openai_human_written_examples": 2.2663535038630167,
    "plan_bench_generalization_rewrite_groundtruth_in_own_words": 2.2800856471061706
}