{
    "plan_bench_optimality_step_by_step": 1.90194833278656,
    "plan_bench_optimality_claude": 2.3310842633247377,
    "plan_bench_optimality_gpt4_style_in_context_examples": 1.7171973943710328,
    "plan_bench_optimality_gpt4": 2.1508779764175414,
    "plan_bench_optimality_mini_gpt4": 2.148055982589722,
    "plan_bench_optimality_groundtruth": 83.60572390556335,
    "plan_bench_optimality_openai_human_written_examples": 2.6367334961891173,
    "plan_bench_optimality_rewrite_groundtruth_in_own_words": 2.961276042461395
}