{
    "drop_step_by_step": 3.2344864416122436,
    "drop_claude": 2.7765372967720032,
    "drop_gpt4_style_in_context_examples": 2.8872748124599457,
    "drop_gpt4": 3.3367344760894775,
    "drop_mini_gpt4": 3.288716711997986,
    "drop_groundtruth": 308.64667551398276,
    "drop_openai_human_written_examples": 2.9344747972488405
}