{
    "hellaswag_step_by_step": 3.898106117248535,
    "hellaswag_claude": 2.9300996923446654,
    "hellaswag_gpt4_style_in_context_examples": 2.71929461479187,
    "hellaswag_gpt4": 4.22197075843811,
    "hellaswag_mini_gpt4": 3.8359971380233766,
    "hellaswag_groundtruth": 394517.2837890625,
    "hellaswag_openai_human_written_examples": 3.727020523548126
}