{
    "plan_bench_verification_step_by_step": 2.060217225551605,
    "plan_bench_verification_claude": 2.283694267272949,
    "plan_bench_verification_gpt4_style_in_context_examples": 2.182048666477203,
    "plan_bench_verification_gpt4": 2.1020010828971865,
    "plan_bench_verification_mini_gpt4": 3.5231437921524047,
    "plan_bench_verification_groundtruth": 10.813723850250245,
    "plan_bench_verification_openai_human_written_examples": 2.597158598899841,
    "plan_bench_verification_rewrite_groundtruth_in_own_words": 3.1059802532196046
}