{
    "mmlu_pro_law_step_by_step": 4.26737154006958,
    "mmlu_pro_law_claude": 3.061908235549927,
    "mmlu_pro_law_gpt4_style_in_context_examples": 4.5961421251297,
    "mmlu_pro_law_gpt4": 5.345337038040161,
    "mmlu_pro_law_mini_gpt4": 4.211095881462097,
    "mmlu_pro_law_groundtruth": 415.2224488401413,
    "mmlu_pro_law_openai_human_written_examples": 5.630612850189209
}