{
    "mmlu_step_by_step": 4.263385534286499,
    "mmlu_claude": 2.943970203399658,
    "mmlu_gpt4_style_in_context_examples": 4.1853342294693,
    "mmlu_gpt4": 5.069867324829102,
    "mmlu_mini_gpt4": 3.9760293483734133,
    "mmlu_groundtruth": 134.6333537578583,
    "mmlu_openai_human_written_examples": 4.937833309173584
}