{
    "gsm8k_step_by_step": 1.572570939064026,
    "gsm8k_claude": 1.731052680015564,
    "gsm8k_gpt4_style_in_context_examples": 2.1438741970062254,
    "gsm8k_gpt4": 3.127304517030716,
    "gsm8k_mini_gpt4": 1.678143800497055,
    "gsm8k_groundtruth": 2.2651692736148834,
    "gsm8k_openai_human_written_examples": 1.873646674156189,
    "gsm8k_rewrite_groundtruth_in_own_words": 2.912911771535873
}