{
    "plan_bench_reuse_step_by_step": 2.3379035353660584,
    "plan_bench_reuse_claude": 2.371022343635559,
    "plan_bench_reuse_gpt4_style_in_context_examples": 2.3490002155303955,
    "plan_bench_reuse_gpt4": 2.6807159662246702,
    "plan_bench_reuse_mini_gpt4": 2.9765803813934326,
    "plan_bench_reuse_groundtruth": 2.427693259716034,
    "plan_bench_reuse_openai_human_written_examples": 3.5833461761474608,
    "plan_bench_reuse_rewrite_groundtruth_in_own_words": 3.8398704290390016
}