{
    "boolq_step_by_step": 4.26770046710968,
    "boolq_claude": 2.9627886617183687,
    "boolq_gpt4_style_in_context_examples": 3.928548868894577,
    "boolq_gpt4": 4.523007175922394,
    "boolq_mini_gpt4": 4.742926940917969,
    "boolq_groundtruth": 6.382200255393982,
    "boolq_openai_human_written_examples": 3.3298496401309965
}