{
    "plan_bench_optimality_step_by_step": 2.398098044395447,
    "plan_bench_optimality_claude": 2.818538227081299,
    "plan_bench_optimality_gpt4_style_in_context_examples": 2.2381903529167175,
    "plan_bench_optimality_gpt4": 2.693580672740936,
    "plan_bench_optimality_mini_gpt4": 2.750495159626007,
    "plan_bench_optimality_groundtruth": 20.246836433410646,
    "plan_bench_optimality_openai_human_written_examples": 3.411813178062439,
    "plan_bench_optimality_rewrite_groundtruth_in_own_words": 3.3021858763694762
}