{
    "plan_bench_execution_step_by_step": 1.963370028734207,
    "plan_bench_execution_claude": 1.8957008278369905,
    "plan_bench_execution_gpt4_style_in_context_examples": 2.4829543590545655,
    "plan_bench_execution_gpt4": 2.116146157979965,
    "plan_bench_execution_mini_gpt4": 2.735091699361801,
    "plan_bench_execution_groundtruth": 1.8088884663581848,
    "plan_bench_execution_openai_human_written_examples": 2.333518685102463,
    "plan_bench_execution_rewrite_groundtruth_in_own_words": 2.7328147900104525
}