{
    "mbpp_step_by_step": 1.9577183683713277,
    "mbpp_claude": 2.118512292702993,
    "mbpp_gpt4_style_in_context_examples": 2.4071915189425153,
    "mbpp_gpt4": 2.224149982134501,
    "mbpp_mini_gpt4": 2.6717007637023924,
    "mbpp_groundtruth": 9.628329849243164,
    "mbpp_openai_human_written_examples": 2.6211442351341248,
    "mbpp_rewrite_groundtruth_in_own_words": 4.267179373900095
}