{
    "plan_bench_execution_step_by_step": 1.7309785389900207,
    "plan_bench_execution_claude": 2.1338777232170103,
    "plan_bench_execution_gpt4_style_in_context_examples": 1.9376775932312011,
    "plan_bench_execution_gpt4": 1.8254414582252503,
    "plan_bench_execution_mini_gpt4": 2.883763270378113,
    "plan_bench_execution_groundtruth": 4.942230987548828,
    "plan_bench_execution_openai_human_written_examples": 2.367698061466217,
    "plan_bench_execution_rewrite_groundtruth_in_own_words": 2.644390091896057
}