{
    "plan_bench_verification_step_by_step": 1.5950471436977387,
    "plan_bench_verification_claude": 1.7225816607475282,
    "plan_bench_verification_gpt4_style_in_context_examples": 1.5538069379329682,
    "plan_bench_verification_gpt4": 1.6456795179843902,
    "plan_bench_verification_mini_gpt4": 2.4362124180793763,
    "plan_bench_verification_groundtruth": 35.48612080812454,
    "plan_bench_verification_openai_human_written_examples": 2.101369125843048,
    "plan_bench_verification_rewrite_groundtruth_in_own_words": 2.908994163274765
}