{
    "plan_bench_optimality_step_by_step": 2.099214877486229,
    "plan_bench_optimality_claude": 2.0975898456573487,
    "plan_bench_optimality_gpt4_style_in_context_examples": 1.8467265397310257,
    "plan_bench_optimality_gpt4": 2.251769629120827,
    "plan_bench_optimality_mini_gpt4": 2.3180916875600817,
    "plan_bench_optimality_groundtruth": 4.826852873563767,
    "plan_bench_optimality_openai_human_written_examples": 2.8088602793216704,
    "plan_bench_optimality_rewrite_groundtruth_in_own_words": 2.752248561382294
}