{
    "plan_bench_execution_step_by_step": 1.702737855911255,
    "plan_bench_execution_claude": 2.037411136627197,
    "plan_bench_execution_gpt4_style_in_context_examples": 1.912089195251465,
    "plan_bench_execution_gpt4": 1.8038378286361694,
    "plan_bench_execution_mini_gpt4": 2.868745794296265,
    "plan_bench_execution_groundtruth": 4.1797379207611085,
    "plan_bench_execution_openai_human_written_examples": 2.2954587841033938,
    "plan_bench_execution_rewrite_groundtruth_in_own_words": 2.5443947243690492
}