{
    "plan_bench_replaning_step_by_step": 2.8496595501899717,
    "plan_bench_replaning_claude": 2.381326770782471,
    "plan_bench_replaning_gpt4_style_in_context_examples": 2.98955100774765,
    "plan_bench_replaning_gpt4": 2.743156671524048,
    "plan_bench_replaning_mini_gpt4": 3.1651580333709717,
    "plan_bench_replaning_groundtruth": 16.737960195541383,
    "plan_bench_replaning_openai_human_written_examples": 4.186503398418426,
    "plan_bench_replaning_rewrite_groundtruth_in_own_words": 3.9967918157577516
}