{
    "math_algebra_step_by_step": 1.382548177242279,
    "math_algebra_claude": 1.7080817461013793,
    "math_algebra_gpt4_style_in_context_examples": 2.1216432809829713,
    "math_algebra_gpt4": 1.3362709045410157,
    "math_algebra_mini_gpt4": 1.3081272006034852,
    "math_algebra_groundtruth": 3.274524188041687,
    "math_algebra_openai_human_written_examples": 1.4824918389320374,
    "math_algebra_rewrite_groundtruth_in_own_words": 2.2096484541893004
}