{
    "boolq_step_by_step": 3.603166874249776,
    "boolq_claude": 2.913072673479716,
    "boolq_gpt4_style_in_context_examples": 3.3953062415122988,
    "boolq_gpt4": 4.132152620951334,
    "boolq_mini_gpt4": 4.09819020430247,
    "boolq_groundtruth": 14.70685666402181,
    "boolq_openai_human_written_examples": 2.685706647237142
}