{
    "mmlu_pro_law_step_by_step": 4.416041270891825,
    "mmlu_pro_law_claude": 3.4867007732391357,
    "mmlu_pro_law_gpt4_style_in_context_examples": 5.177601615587871,
    "mmlu_pro_law_gpt4": 4.905040963490804,
    "mmlu_pro_law_mini_gpt4": 4.2246662696202595,
    "mmlu_pro_law_groundtruth": 43.65522108078003,
    "mmlu_pro_law_openai_human_written_examples": 5.2633830308914185
}