{
    "math_geometry_step_by_step": 2.3250444555282592,
    "math_geometry_claude": 2.395211433172226,
    "math_geometry_gpt4_style_in_context_examples": 3.7898166286945343,
    "math_geometry_gpt4": 2.3843166387081145,
    "math_geometry_mini_gpt4": 2.3357555079460144,
    "math_geometry_groundtruth": 2.8290632331371306,
    "math_geometry_openai_human_written_examples": 4.142026773691177
}