{
    "drop_step_by_step": 3.0321411371231077,
    "drop_claude": 2.8481226523717242,
    "drop_gpt4_style_in_context_examples": 2.580636282761892,
    "drop_gpt4": 2.714187502861023,
    "drop_mini_gpt4": 2.4721551179885863,
    "drop_groundtruth": 225.72708920240402,
    "drop_openai_human_written_examples": 2.632501931985219
}