{
    "plan_bench_reuse_step_by_step": 2.537323999404907,
    "plan_bench_reuse_claude": 2.622393774986267,
    "plan_bench_reuse_gpt4_style_in_context_examples": 2.5911784291267397,
    "plan_bench_reuse_gpt4": 2.8369514465332033,
    "plan_bench_reuse_mini_gpt4": 3.2403937578201294,
    "plan_bench_reuse_groundtruth": 14.3945671916008,
    "plan_bench_reuse_openai_human_written_examples": 4.500802350044251,
    "plan_bench_reuse_rewrite_groundtruth_in_own_words": 4.58981990814209
}