{
    "hellaswag_step_by_step": 4.559506440162659,
    "hellaswag_claude": 3.6152251243591307,
    "hellaswag_gpt4_style_in_context_examples": 3.6696539878845216,
    "hellaswag_gpt4": 6.447333884239197,
    "hellaswag_mini_gpt4": 6.77518105506897,
    "hellaswag_groundtruth": 6374896.64375,
    "hellaswag_openai_human_written_examples": 5.132285213470459
}