{
    "piqa_step_by_step": 3.9602850818634034,
    "piqa_claude": 3.3852881574630738,
    "piqa_gpt4_style_in_context_examples": 4.646900072097778,
    "piqa_gpt4": 4.970048398971557,
    "piqa_mini_gpt4": 4.069487829208374,
    "piqa_groundtruth": 1310263.5662304687,
    "piqa_openai_human_written_examples": 5.601487350463867
}