{
    "plan_bench_generation_step_by_step": 2.2072431874275207,
    "plan_bench_generation_claude": 2.2550871646404267,
    "plan_bench_generation_gpt4_style_in_context_examples": 2.142645010948181,
    "plan_bench_generation_gpt4": 2.462225022315979,
    "plan_bench_generation_mini_gpt4": 2.6575488936901093,
    "plan_bench_generation_groundtruth": 64.41374829292297,
    "plan_bench_generation_openai_human_written_examples": 2.588073580265045,
    "plan_bench_generation_rewrite_groundtruth_in_own_words": 3.2363449263572694
}