{
    "plan_bench_optimality_step_by_step": 2.138083040714264,
    "plan_bench_optimality_claude": 2.1553951859474183,
    "plan_bench_optimality_gpt4_style_in_context_examples": 1.8547895073890686,
    "plan_bench_optimality_gpt4": 2.498722529411316,
    "plan_bench_optimality_mini_gpt4": 2.2884828209877015,
    "plan_bench_optimality_groundtruth": 14.848432755470276,
    "plan_bench_optimality_openai_human_written_examples": 2.6450706005096434,
    "plan_bench_optimality_rewrite_groundtruth_in_own_words": 3.12760009765625
}