{
    "mmlu_step_by_step": 4.583009362220764,
    "mmlu_claude": 3.3599732398986815,
    "mmlu_gpt4_style_in_context_examples": 4.226427268981934,
    "mmlu_gpt4": 4.638036251068115,
    "mmlu_mini_gpt4": 4.311508560180664,
    "mmlu_groundtruth": 24.229027843475343,
    "mmlu_openai_human_written_examples": 5.215486335754394
}