{
    "plan_bench_reuse_step_by_step": 2.1942083793878555,
    "plan_bench_reuse_claude": 2.3284889364242556,
    "plan_bench_reuse_gpt4_style_in_context_examples": 2.1522559720277785,
    "plan_bench_reuse_gpt4": 2.4199175465106966,
    "plan_bench_reuse_mini_gpt4": 2.990817791223526,
    "plan_bench_reuse_groundtruth": 2.5110016375780106,
    "plan_bench_reuse_openai_human_written_examples": 2.882339837551117,
    "plan_bench_reuse_rewrite_groundtruth_in_own_words": 3.193398905992508
}