{
    "plan_bench_generation_step_by_step": 2.291341745853424,
    "plan_bench_generation_claude": 2.1457330703735353,
    "plan_bench_generation_gpt4_style_in_context_examples": 2.4104379614194236,
    "plan_bench_generation_gpt4": 2.3152055581410727,
    "plan_bench_generation_mini_gpt4": 2.705529288450877,
    "plan_bench_generation_groundtruth": 7.691729168097178,
    "plan_bench_generation_openai_human_written_examples": 2.7433678269386292,
    "plan_bench_generation_rewrite_groundtruth_in_own_words": 2.777078056335449
}