{
    "plan_bench_reuse_step_by_step": 2.2243562936782837,
    "plan_bench_reuse_claude": 2.2681252121925355,
    "plan_bench_reuse_gpt4_style_in_context_examples": 2.0645629366238913,
    "plan_bench_reuse_gpt4": 2.533997670809428,
    "plan_bench_reuse_mini_gpt4": 3.006833597024282,
    "plan_bench_reuse_groundtruth": 2.4977229634920755,
    "plan_bench_reuse_openai_human_written_examples": 2.7272106568018595,
    "plan_bench_reuse_rewrite_groundtruth_in_own_words": 3.198798938592275
}