{
    "plan_bench_reuse_step_by_step": 2.3813348269462584,
    "plan_bench_reuse_claude": 2.5753659772872926,
    "plan_bench_reuse_gpt4_style_in_context_examples": 2.1728543305397032,
    "plan_bench_reuse_gpt4": 2.6057677459716797,
    "plan_bench_reuse_mini_gpt4": 3.3192591500282287,
    "plan_bench_reuse_groundtruth": 5.575510368347168,
    "plan_bench_reuse_openai_human_written_examples": 3.6749314880371093,
    "plan_bench_reuse_rewrite_groundtruth_in_own_words": 3.880688214302063
}