{
    "drop_step_by_step": 2.0931046406428018,
    "drop_claude": 1.702650042374929,
    "drop_gpt4_style_in_context_examples": 1.9105101744333903,
    "drop_gpt4": 1.8492806951204936,
    "drop_mini_gpt4": 1.7500885685284933,
    "drop_groundtruth": 9.395593094825745,
    "drop_openai_human_written_examples": 1.7763284603754679
}