{
    "mmlu_pro_law_step_by_step": 4.37737123966217,
    "mmlu_pro_law_claude": 3.2017459964752195,
    "mmlu_pro_law_gpt4_style_in_context_examples": 4.981611862182617,
    "mmlu_pro_law_gpt4": 5.516383347511291,
    "mmlu_pro_law_mini_gpt4": 4.348526210784912,
    "mmlu_pro_law_groundtruth": 124.1681721329689,
    "mmlu_pro_law_openai_human_written_examples": 6.019417705535889
}