{
    "api_bank_step_by_step": 3.63051721572876,
    "api_bank_claude": 3.277249505519867,
    "api_bank_gpt4_style_in_context_examples": 4.714109241962433,
    "api_bank_gpt4": 4.395906000137329,
    "api_bank_mini_gpt4": 4.576605625152588
}