{
    "winogrande_step_by_step": 3.546131418546041,
    "winogrande_claude": 3.053678059577942,
    "winogrande_gpt4_style_in_context_examples": 3.358712556362152,
    "winogrande_gpt4": 4.052792281309763,
    "winogrande_mini_gpt4": 3.3690266076723736,
    "winogrande_groundtruth": 15.140803867181143,
    "winogrande_openai_human_written_examples": 3.4611424708366396
}