{
    "drop_step_by_step": 2.9715170224507648,
    "drop_claude": 2.453765805562337,
    "drop_gpt4_style_in_context_examples": 2.8790319919586183,
    "drop_gpt4": 3.3225406130154926,
    "drop_mini_gpt4": 3.032965091864268,
    "drop_groundtruth": 275.5199348251025,
    "drop_openai_human_written_examples": 2.8942765951156617
}