{
    "boolq_step_by_step": 4.161894329388937,
    "boolq_claude": 2.9362028280893964,
    "boolq_gpt4_style_in_context_examples": 3.917483894030253,
    "boolq_gpt4": 4.834481159845988,
    "boolq_mini_gpt4": 4.217998782793681,
    "boolq_groundtruth": 7.000634523232778,
    "boolq_openai_human_written_examples": 3.0743271072705585
}