{
    "arc_challenge_step_by_step": 2.7630911326408385,
    "arc_challenge_claude": 2.626239583492279,
    "arc_challenge_gpt4_style_in_context_examples": 2.5097170102596285,
    "arc_challenge_gpt4": 2.912137032747269,
    "arc_challenge_mini_gpt4": 2.759369556903839,
    "arc_challenge_groundtruth": 39613903.15024903,
    "arc_challenge_openai_human_written_examples": 3.0873404753208162
}