{
    "plan_bench_verification_step_by_step": 1.50253005027771,
    "plan_bench_verification_claude": 1.7079331278800964,
    "plan_bench_verification_gpt4_style_in_context_examples": 1.4156050956249238,
    "plan_bench_verification_gpt4": 1.5477872383594513,
    "plan_bench_verification_mini_gpt4": 2.1817176926136015,
    "plan_bench_verification_groundtruth": 8.471563663482666,
    "plan_bench_verification_openai_human_written_examples": 1.8306418073177337,
    "plan_bench_verification_rewrite_groundtruth_in_own_words": 2.515427341461182
}