{
    "mmlu_pro_law_step_by_step": 4.171819138526916,
    "mmlu_pro_law_claude": 2.9525378624598186,
    "mmlu_pro_law_gpt4_style_in_context_examples": 4.153980731964111,
    "mmlu_pro_law_gpt4": 4.2502691904703775,
    "mmlu_pro_law_mini_gpt4": 3.6812530040740965,
    "mmlu_pro_law_groundtruth": 3640.7746871948243,
    "mmlu_pro_law_openai_human_written_examples": 4.821755186716715
}