{
    "plan_bench_verification_step_by_step": 1.5227983951568604,
    "plan_bench_verification_claude": 1.777408985296885,
    "plan_bench_verification_gpt4_style_in_context_examples": 1.5325166821479796,
    "plan_bench_verification_gpt4": 1.6723065455754598,
    "plan_bench_verification_mini_gpt4": 2.418800501028697,
    "plan_bench_verification_groundtruth": 4.127436550458272,
    "plan_bench_verification_openai_human_written_examples": 1.953244400024414,
    "plan_bench_verification_rewrite_groundtruth_in_own_words": 2.8864105701446534
}