{
    "ecqa_step_by_step": 3.6716228485107423,
    "ecqa_claude": 3.9067221879959106,
    "ecqa_gpt4_style_in_context_examples": 4.256630682945252,
    "ecqa_gpt4": 4.587981486320496,
    "ecqa_mini_gpt4": 4.757679533958435,
    "ecqa_groundtruth": 12.454144763946534,
    "ecqa_openai_human_written_examples": 3.5883352041244505,
    "ecqa_rewrite_groundtruth_in_own_words": 5.650842761993408
}