{
    "plan_bench_replaning_step_by_step": 3.0373204429944356,
    "plan_bench_replaning_claude": 2.7626238385836284,
    "plan_bench_replaning_gpt4_style_in_context_examples": 3.0891040285428364,
    "plan_bench_replaning_gpt4": 3.856393067042033,
    "plan_bench_replaning_mini_gpt4": 3.08095246553421,
    "plan_bench_replaning_groundtruth": 23.805499307314555,
    "plan_bench_replaning_openai_human_written_examples": 4.029427933692932,
    "plan_bench_replaning_rewrite_groundtruth_in_own_words": 4.28066132068634
}