{
    "mmlu_moral_scenarios_step_by_step": 3.745314314365387,
    "mmlu_moral_scenarios_claude": 3.253789497613907,
    "mmlu_moral_scenarios_gpt4_style_in_context_examples": 3.871466794013977,
    "mmlu_moral_scenarios_gpt4": 3.7726448476314545,
    "mmlu_moral_scenarios_mini_gpt4": 3.8185543632507324,
    "mmlu_moral_scenarios_groundtruth": 24.284900541305543,
    "mmlu_moral_scenarios_openai_human_written_examples": 4.052224298715592
}