{
    "plan_bench_generalization_step_by_step": 1.615798476934433,
    "plan_bench_generalization_claude": 1.9255364280939102,
    "plan_bench_generalization_gpt4_style_in_context_examples": 1.4193828773498536,
    "plan_bench_generalization_gpt4": 1.9007892978191376,
    "plan_bench_generalization_mini_gpt4": 1.9369983100891113,
    "plan_bench_generalization_groundtruth": 2.5240212661027908,
    "plan_bench_generalization_openai_human_written_examples": 2.259619438648224,
    "plan_bench_generalization_rewrite_groundtruth_in_own_words": 2.171324723958969
}