{
    "plan_bench_verification_step_by_step": 1.6548442840576172,
    "plan_bench_verification_claude": 1.9100526571273804,
    "plan_bench_verification_gpt4_style_in_context_examples": 1.593755841255188,
    "plan_bench_verification_gpt4": 1.694576621055603,
    "plan_bench_verification_mini_gpt4": 2.260694992542267,
    "plan_bench_verification_groundtruth": 12.059851503372192,
    "plan_bench_verification_openai_human_written_examples": 2.246134114265442,
    "plan_bench_verification_rewrite_groundtruth_in_own_words": 3.0857241272926332
}