{
    "plan_bench_replaning_step_by_step": 2.4965022051334382,
    "plan_bench_replaning_claude": 2.475169314146042,
    "plan_bench_replaning_gpt4_style_in_context_examples": 2.9776074588298798,
    "plan_bench_replaning_gpt4": 3.072675461769104,
    "plan_bench_replaning_mini_gpt4": 2.787353278398514,
    "plan_bench_replaning_groundtruth": 497.7006891202927,
    "plan_bench_replaning_openai_human_written_examples": 3.2327018773555753,
    "plan_bench_replaning_rewrite_groundtruth_in_own_words": 3.805510114431381
}