{
    "piqa_step_by_step": 4.1227377104759215,
    "piqa_claude": 3.640233612060547
}