{
    "plan_bench_generalization_step_by_step": 1.7756953525543213,
    "plan_bench_generalization_claude": 1.964223771095276,
    "plan_bench_generalization_gpt4_style_in_context_examples": 1.5783265233039856,
    "plan_bench_generalization_gpt4": 1.9998141789436341,
    "plan_bench_generalization_mini_gpt4": 2.1379261922836306,
    "plan_bench_generalization_groundtruth": 1.6632628810405732,
    "plan_bench_generalization_openai_human_written_examples": 2.4034590590000153,
    "plan_bench_generalization_rewrite_groundtruth_in_own_words": 2.2699394106864927
}