{
    "math_geometry_step_by_step": 2.671718430519104,
    "math_geometry_claude": 2.258579707145691,
    "math_geometry_gpt4_style_in_context_examples": 3.661130464076996,
    "math_geometry_gpt4": 2.6096665263175964,
    "math_geometry_mini_gpt4": 2.179959809780121,
    "math_geometry_groundtruth": 2.9266809463500976,
    "math_geometry_openai_human_written_examples": 3.6417479634284975,
    "math_geometry_rewrite_groundtruth_in_own_words": 3.0292830228805543
}