{
    "winogrande_step_by_step": 4.0209320465723675,
    "winogrande_claude": 3.324361721674601,
    "winogrande_gpt4_style_in_context_examples": 3.951747663815816,
    "winogrande_gpt4": 4.11138277053833,
    "winogrande_mini_gpt4": 4.010678084691365,
    "winogrande_groundtruth": 5.966487709681193,
    "winogrande_openai_human_written_examples": 3.5289693593978884
}