{
    "plan_bench_reuse_step_by_step": 2.2499825835227965,
    "plan_bench_reuse_claude": 2.3542591333389282,
    "plan_bench_reuse_gpt4_style_in_context_examples": 2.045737087726593,
    "plan_bench_reuse_gpt4": 2.322100031375885,
    "plan_bench_reuse_mini_gpt4": 3.242780637741089,
    "plan_bench_reuse_groundtruth": 2.5672775506973267,
    "plan_bench_reuse_openai_human_written_examples": 2.795949196815491,
    "plan_bench_reuse_rewrite_groundtruth_in_own_words": 3.1397784829139708
}