{
    "winogrande_step_by_step": 4.69240074634552,
    "winogrande_claude": 3.9737758827209473,
    "winogrande_gpt4_style_in_context_examples": 4.782617659568786,
    "winogrande_gpt4": 6.761964483261108,
    "winogrande_mini_gpt4": 5.422431664466858,
    "winogrande_groundtruth": 23.35388435125351
}