{
    "plan_bench_reuse_step_by_step": 2.0095211267471313,
    "plan_bench_reuse_claude": 2.056954757372538,
    "plan_bench_reuse_gpt4_style_in_context_examples": 1.7974223693211873,
    "plan_bench_reuse_gpt4": 2.314437727133433,
    "plan_bench_reuse_mini_gpt4": 2.627263939380646,
    "plan_bench_reuse_groundtruth": 3.889988362789154,
    "plan_bench_reuse_openai_human_written_examples": 2.4575956583023073,
    "plan_bench_reuse_rewrite_groundtruth_in_own_words": 2.86448312997818
}