{
    "hellaswag_step_by_step": 4.683946800231934,
    "hellaswag_claude": 3.9059008757273355,
    "hellaswag_gpt4_style_in_context_examples": 3.5136734088261923,
    "hellaswag_gpt4": 5.024994993209839,
    "hellaswag_mini_gpt4": 5.547580560048421,
    "hellaswag_groundtruth": 259.68113199869794,
    "hellaswag_openai_human_written_examples": 5.0718948920567835
}