{
    "plan_bench_reuse_step_by_step": 2.373572165966034,
    "plan_bench_reuse_claude": 2.5619061017036437,
    "plan_bench_reuse_gpt4_style_in_context_examples": 2.165933313369751,
    "plan_bench_reuse_gpt4": 2.5952494955062866,
    "plan_bench_reuse_mini_gpt4": 3.298349723815918,
    "plan_bench_reuse_groundtruth": 5.7353433728218075,
    "plan_bench_reuse_openai_human_written_examples": 3.6573868203163147,
    "plan_bench_reuse_rewrite_groundtruth_in_own_words": 3.844765567779541
}