{
    "gsm8k_step_by_step": 1.606767214934031,
    "gsm8k_claude": 1.7647760287920633,
    "gsm8k_gpt4_style_in_context_examples": 1.8775549976030985,
    "gsm8k_gpt4": 2.1850260504086814,
    "gsm8k_mini_gpt4": 1.675553354024887,
    "gsm8k_groundtruth": 2.2992244482040407,
    "gsm8k_openai_human_written_examples": 1.8482869629065195,
    "gsm8k_rewrite_groundtruth_in_own_words": 3.042734207312266
}