{
    "plan_bench_verification_step_by_step": 1.6211070370674134,
    "plan_bench_verification_claude": 1.7703499543666839,
    "plan_bench_verification_gpt4_style_in_context_examples": 1.5792777252197265,
    "plan_bench_verification_gpt4": 1.6803878581523894,
    "plan_bench_verification_mini_gpt4": 2.499968708753586,
    "plan_bench_verification_groundtruth": 43.49298334121704,
    "plan_bench_verification_openai_human_written_examples": 2.1665793979167938,
    "plan_bench_verification_rewrite_groundtruth_in_own_words": 2.995686361789703
}