{
    "gsm8k_step_by_step": 1.9069159460067748,
    "gsm8k_claude": 1.910400583744049,
    "gsm8k_gpt4_style_in_context_examples": 1.993894169330597,
    "gsm8k_gpt4": 1.9258330082893371,
    "gsm8k_mini_gpt4": 1.9414235901832582,
    "gsm8k_groundtruth": 3.427156071662903,
    "gsm8k_openai_human_written_examples": 1.929244306087494,
    "gsm8k_rewrite_groundtruth_in_own_words": 3.628878993988037
}