{
    "boolq_step_by_step": 3.8233717119693758,
    "boolq_claude": 2.931668509840965,
    "boolq_gpt4_style_in_context_examples": 3.874436604976654,
    "boolq_gpt4": 4.638790355324745,
    "boolq_mini_gpt4": 4.632729051113128,
    "boolq_groundtruth": 6.33067991912365,
    "boolq_openai_human_written_examples": 3.3337170535326006
}