{
    "squad_step_by_step": 3.2954421043395996,
    "squad_claude": 2.364969182014465,
    "squad_gpt4_style_in_context_examples": 3.085947594642639,
    "squad_gpt4": 4.455579490661621,
    "squad_mini_gpt4": 3.5356966781616213,
    "squad_groundtruth": 59.76828356742859,
    "squad_openai_human_written_examples": 2.8416959190368654
}