{
    "plan_bench_replaning_step_by_step": 2.7024684846401215,
    "plan_bench_replaning_claude": 2.7221874463558198,
    "plan_bench_replaning_gpt4_style_in_context_examples": 3.112979432344437,
    "plan_bench_replaning_gpt4": 3.3357209151983263,
    "plan_bench_replaning_mini_gpt4": 3.0558406430482865,
    "plan_bench_replaning_groundtruth": 30.760398606061937,
    "plan_bench_replaning_openai_human_written_examples": 3.8493384677171707,
    "plan_bench_replaning_rewrite_groundtruth_in_own_words": 4.073410413861275
}