{
    "arc_challenge_step_by_step": 2.8480632060766222,
    "arc_challenge_claude": 2.618251398205757,
    "arc_challenge_gpt4_style_in_context_examples": 2.5507446748018263,
    "arc_challenge_gpt4": 2.975282183289528,
    "arc_challenge_mini_gpt4": 2.7334477001428605,
    "arc_challenge_groundtruth": 24683011.768783342,
    "arc_challenge_openai_human_written_examples": 3.127389926314354
}