{
    "piqa_step_by_step": 3.2656633257865906,
    "piqa_claude": 3.2613830614089965,
    "piqa_gpt4_style_in_context_examples": 3.718016309738159,
    "piqa_gpt4": 4.389751260280609,
    "piqa_mini_gpt4": 3.3146220445632935,
    "piqa_groundtruth": 230502.7874243164,
    "piqa_openai_human_written_examples": 4.482719001770019
}