{
    "plan_bench_generation_step_by_step": 2.2628102785348894,
    "plan_bench_generation_claude": 2.0469640278816223,
    "plan_bench_generation_gpt4_style_in_context_examples": 2.3386473333835602,
    "plan_bench_generation_gpt4": 2.506388683319092,
    "plan_bench_generation_mini_gpt4": 2.7507954639196397,
    "plan_bench_generation_groundtruth": 6.663951858878136,
    "plan_bench_generation_openai_human_written_examples": 2.734124723672867,
    "plan_bench_generation_rewrite_groundtruth_in_own_words": 2.5850978755950926
}