{
    "math_algebra_step_by_step": 1.9474120140075684,
    "math_algebra_claude": 2.050232696533203,
    "math_algebra_gpt4_style_in_context_examples": 2.381150543689728,
    "math_algebra_gpt4": 1.8122381567955017,
    "math_algebra_mini_gpt4": 1.7874569416046142,
    "math_algebra_groundtruth": 5.7315068483352665,
    "math_algebra_openai_human_written_examples": 2.201148509979248,
    "math_algebra_rewrite_groundtruth_in_own_words": 3.401133680343628
}