{
    "gsm8k_step_by_step": 1.571120838324229,
    "gsm8k_claude": 1.7791844765345255,
    "gsm8k_gpt4_style_in_context_examples": 1.6883914629618326,
    "gsm8k_gpt4": 1.6862331986427308,
    "gsm8k_mini_gpt4": 1.6889303922653198,
    "gsm8k_groundtruth": 2.3264845848083495,
    "gsm8k_openai_human_written_examples": 1.7929846207300821,
    "gsm8k_rewrite_groundtruth_in_own_words": 3.3016177574793497
}