{
    "mmlu_moral_scenarios_step_by_step": 3.917812604904175,
    "mmlu_moral_scenarios_claude": 2.912421929836273,
    "mmlu_moral_scenarios_gpt4_style_in_context_examples": 3.1958125495910643,
    "mmlu_moral_scenarios_gpt4": 4.176627578735352,
    "mmlu_moral_scenarios_mini_gpt4": 3.9229050159454344,
    "mmlu_moral_scenarios_groundtruth": 170.98709478616715,
    "mmlu_moral_scenarios_openai_human_written_examples": 4.865237040519714
}