{
    "mmlu_pro_law_step_by_step": 4.553201837539673,
    "mmlu_pro_law_claude": 3.3368698287010194,
    "mmlu_pro_law_gpt4_style_in_context_examples": 4.841096923351288,
    "mmlu_pro_law_gpt4": 4.931051180362702,
    "mmlu_pro_law_mini_gpt4": 4.289692468643189,
    "mmlu_pro_law_groundtruth": 44.906038970947264,
    "mmlu_pro_law_openai_human_written_examples": 4.860213363170624
}