{
    "arc_challenge_step_by_step": 2.832391075293223,
    "arc_challenge_claude": 2.588789705435435,
    "arc_challenge_gpt4_style_in_context_examples": 2.4129724860191346,
    "arc_challenge_gpt4": 2.789733183383942,
    "arc_challenge_mini_gpt4": 2.7153706828753155,
    "arc_challenge_groundtruth": 14115095.701302083,
    "arc_challenge_openai_human_written_examples": 2.930861008167267
}