{
    "piqa_step_by_step": 3.3646235942840574,
    "piqa_claude": 3.1370684345563253,
    "piqa_gpt4_style_in_context_examples": 3.7530979235967,
    "piqa_gpt4": 4.391086371739705,
    "piqa_mini_gpt4": 3.3167592446009317,
    "piqa_groundtruth": 156388.1964182536,
    "piqa_openai_human_written_examples": 4.139070192972819
}