{
    "math_algebra_step_by_step": 1.796163011789322,
    "math_algebra_claude": 1.876557468175888,
    "math_algebra_gpt4_style_in_context_examples": 3.6867083954811095,
    "math_algebra_gpt4": 1.8628216767311097,
    "math_algebra_mini_gpt4": 1.854127095937729,
    "math_algebra_groundtruth": 2.492076414823532,
    "math_algebra_openai_human_written_examples": 1.9797401249408721,
    "math_algebra_rewrite_groundtruth_in_own_words": 2.7207746684551237
}