{
    "squad_step_by_step": 3.5510689417521157,
    "squad_claude": 2.6931607087453204,
    "squad_gpt4_style_in_context_examples": 3.5214144468307493,
    "squad_gpt4": 4.618384301662445,
    "squad_mini_gpt4": 4.017332132657369,
    "squad_groundtruth": 10.025641123453775,
    "squad_openai_human_written_examples": 2.6397905508677164
}