{
    "boolq_step_by_step": 3.141840704282125,
    "boolq_claude": 2.6897878845532737,
    "boolq_gpt4_style_in_context_examples": 2.835030118624369,
    "boolq_gpt4": 3.413833737373352,
    "boolq_mini_gpt4": 3.1894136031468707,
    "boolq_groundtruth": 42.11518216927846,
    "boolq_openai_human_written_examples": 2.514763514200846
}