{
    "boolq_step_by_step": 3.2702009153366087,
    "boolq_claude": 2.5213494348526,
    "boolq_gpt4_style_in_context_examples": 2.7679927802085875,
    "boolq_gpt4": 3.428903269767761,
    "boolq_mini_gpt4": 3.3269372057914732,
    "boolq_groundtruth": 38.67856041431427,
    "boolq_openai_human_written_examples": 2.4697062015533446
}