{
    "plan_bench_generation_step_by_step": 2.1578100180625914,
    "plan_bench_generation_claude": 2.1417912364006044,
    "plan_bench_generation_gpt4_style_in_context_examples": 2.164941956996918,
    "plan_bench_generation_gpt4": 2.3884127593040465,
    "plan_bench_generation_mini_gpt4": 2.622153673171997,
    "plan_bench_generation_groundtruth": 69.73689966201782,
    "plan_bench_generation_openai_human_written_examples": 2.6257845091819765,
    "plan_bench_generation_rewrite_groundtruth_in_own_words": 3.070932476520538
}