{
    "plan_bench_verification_step_by_step": 1.6994660091400147,
    "plan_bench_verification_claude": 1.9096089553833009,
    "plan_bench_verification_gpt4_style_in_context_examples": 1.7216584253311158,
    "plan_bench_verification_gpt4": 1.8169599628448487,
    "plan_bench_verification_mini_gpt4": 2.784365689754486,
    "plan_bench_verification_groundtruth": 16.05847051143646,
    "plan_bench_verification_openai_human_written_examples": 2.3318113255500794,
    "plan_bench_verification_rewrite_groundtruth_in_own_words": 3.066375207901001
}