{
    "plan_bench_reuse_step_by_step": 2.2510130802790322,
    "plan_bench_reuse_claude": 2.6528344909350077,
    "plan_bench_reuse_gpt4_style_in_context_examples": 2.146345627307892,
    "plan_bench_reuse_gpt4": 2.5424788355827332,
    "plan_bench_reuse_mini_gpt4": 3.185648703575134,
    "plan_bench_reuse_groundtruth": 4.448734104633331,
    "plan_bench_reuse_openai_human_written_examples": 3.554951544602712,
    "plan_bench_reuse_rewrite_groundtruth_in_own_words": 3.584777120749156
}