{
    "plan_bench_reuse_step_by_step": 2.122829790910085,
    "plan_bench_reuse_claude": 2.1250581979751586,
    "plan_bench_reuse_gpt4_style_in_context_examples": 1.926336697737376,
    "plan_bench_reuse_gpt4": 2.3078505237897238,
    "plan_bench_reuse_mini_gpt4": 2.7752371788024903,
    "plan_bench_reuse_groundtruth": 9.944438060124716,
    "plan_bench_reuse_openai_human_written_examples": 2.7831369996070863,
    "plan_bench_reuse_rewrite_groundtruth_in_own_words": 3.261385679244995
}