{
    "piqa_step_by_step": 3.360002288818359,
    "piqa_claude": 3.0294254279136656,
    "piqa_gpt4_style_in_context_examples": 3.870354721546173,
    "piqa_gpt4": 4.291568925380707
}