{
    "plan_bench_execution_step_by_step": 1.7604972803592682,
    "plan_bench_execution_claude": 1.8950300216674805,
    "plan_bench_execution_gpt4_style_in_context_examples": 2.1499109280109407,
    "plan_bench_execution_gpt4": 1.905471328496933,
    "plan_bench_execution_mini_gpt4": 2.764402381181717,
    "plan_bench_execution_groundtruth": 1.8742560684680938,
    "plan_bench_execution_openai_human_written_examples": 2.281375005245209,
    "plan_bench_execution_rewrite_groundtruth_in_own_words": 2.5580103576183317
}