{
    "ecqa_step_by_step": 4.207114219665527,
    "ecqa_claude": 3.8620582103729246,
    "ecqa_gpt4_style_in_context_examples": 4.221895980834961,
    "ecqa_gpt4": 5.265139126777649,
    "ecqa_mini_gpt4": 5.420385408401489,
    "ecqa_groundtruth": 47.58468799591064,
    "ecqa_openai_human_written_examples": 6.428044104576111,
    "ecqa_rewrite_groundtruth_in_own_words": 7.80627121925354
}