{
    "math_algebra_step_by_step": 1.5041059970855712,
    "math_algebra_claude": 1.7953440272808074,
    "math_algebra_gpt4_style_in_context_examples": 3.3045811605453492,
    "math_algebra_gpt4": 1.5133631694316865,
    "math_algebra_mini_gpt4": 1.4481364023685455,
    "math_algebra_groundtruth": 3.1770960450172425,
    "math_algebra_openai_human_written_examples": 1.676722081899643,
    "math_algebra_rewrite_groundtruth_in_own_words": 2.400453633069992
}