{
    "boolq_step_by_step": 3.3765410860379537,
    "boolq_claude": 2.576435935497284,
    "boolq_gpt4_style_in_context_examples": 2.8845691045125323,
    "boolq_gpt4": 3.1065072576204935,
    "boolq_mini_gpt4": 3.411094057559967,
    "boolq_groundtruth": 16.083348218599955,
    "boolq_openai_human_written_examples": 2.5846829732259113
}