{
    "hellaswag_step_by_step": 5.059742765426636,
    "hellaswag_claude": 4.16716383934021,
    "hellaswag_gpt4_style_in_context_examples": 3.715888352394104
}