{
    "math_algebra_step_by_step": 1.9418177175521851,
    "math_algebra_claude": 1.961183285713196,
    "math_algebra_gpt4_style_in_context_examples": 5.021567561626434,
    "math_algebra_gpt4": 2.9554521656036377,
    "math_algebra_mini_gpt4": 1.8985705256462098,
    "math_algebra_groundtruth": 2.487092342376709,
    "math_algebra_openai_human_written_examples": 2.0710704278945924,
    "math_algebra_rewrite_groundtruth_in_own_words": 2.6823265075683596
}