{
    "plan_bench_verification_step_by_step": 1.515865876674652,
    "plan_bench_verification_claude": 1.7352653288841247,
    "plan_bench_verification_gpt4_style_in_context_examples": 1.4857730102539062,
    "plan_bench_verification_gpt4": 1.6078183150291443,
    "plan_bench_verification_mini_gpt4": 2.279505169391632,
    "plan_bench_verification_groundtruth": 6.398780813217163,
    "plan_bench_verification_openai_human_written_examples": 1.863597230911255,
    "plan_bench_verification_rewrite_groundtruth_in_own_words": 2.4591735935211183
}