{
    "math_geometry_step_by_step": 2.3967949247360227,
    "math_geometry_claude": 2.3136385464668274,
    "math_geometry_gpt4_style_in_context_examples": 3.3395242714881896,
    "math_geometry_gpt4": 2.5291157722473145,
    "math_geometry_mini_gpt4": 2.2296981978416444,
    "math_geometry_groundtruth": 2.7797282910346985,
    "math_geometry_openai_human_written_examples": 5.3355699110031125,
    "math_geometry_rewrite_groundtruth_in_own_words": 2.7899350833892824
}