{
    "math_geometry_step_by_step": 2.453154867887497,
    "math_geometry_claude": 2.6423297047615053,
    "math_geometry_gpt4_style_in_context_examples": 3.8464604073762896,
    "math_geometry_gpt4": 2.6140401101112367,
    "math_geometry_mini_gpt4": 2.3193950110673907,
    "math_geometry_groundtruth": 5.338088256120682,
    "math_geometry_openai_human_written_examples": 4.564981605410576,
    "math_geometry_rewrite_groundtruth_in_own_words": 3.3052328562736513
}