{
    "agieval_step_by_step": 3.272003650665283,
    "agieval_claude": 2.498443055152893,
    "agieval_gpt4_style_in_context_examples": 2.9308350324630736,
    "agieval_gpt4": 3.3103763341903685,
    "agieval_mini_gpt4": 3.1673271656036377,
    "agieval_groundtruth": 138211631.50251466,
    "agieval_openai_human_written_examples": 2.8616363286972044
}