{
    "agieval_step_by_step": 4.071630846261979,
    "agieval_claude": 2.9165834414958955,
    "agieval_gpt4_style_in_context_examples": 4.02777551651001,
    "agieval_gpt4": 4.419740098714828,
    "agieval_mini_gpt4": 3.8526727509498597,
    "agieval_groundtruth": 24479344.281015623,
    "agieval_openai_human_written_examples": 4.228655357360839
}