{
    "plan_bench_reuse_step_by_step": 2.12277437210083,
    "plan_bench_reuse_claude": 2.3826904034614564,
    "plan_bench_reuse_gpt4_style_in_context_examples": 2.142952394485474
}