{
    "plan_bench_reuse_step_by_step": 2.0895544147491454,
    "plan_bench_reuse_claude": 2.2364403057098388,
    "plan_bench_reuse_gpt4_style_in_context_examples": 2.2257039284706117,
    "plan_bench_reuse_gpt4": 2.408268594741821,
    "plan_bench_reuse_mini_gpt4": 2.89658611536026,
    "plan_bench_reuse_groundtruth": 2.207723596096039,
    "plan_bench_reuse_openai_human_written_examples": 2.9093479895591736,
    "plan_bench_reuse_rewrite_groundtruth_in_own_words": 2.984872977733612
}