{
    "mmlu_step_by_step": 4.731616044044495,
    "mmlu_claude": 3.3390944480895994,
    "mmlu_gpt4_style_in_context_examples": 4.648487067222595,
    "mmlu_gpt4": 5.041545152664185,
    "mmlu_mini_gpt4": 4.439443635940552,
    "mmlu_groundtruth": 20.66677360534668,
    "mmlu_openai_human_written_examples": 5.303028702735901
}