{
    "plan_bench_reuse_step_by_step": 2.3157806555430094,
    "plan_bench_reuse_claude": 2.3012534777323403,
    "plan_bench_reuse_gpt4_style_in_context_examples": 2.083889393011729,
    "plan_bench_reuse_gpt4": 2.8053173859914144,
    "plan_bench_reuse_mini_gpt4": 3.1571980913480124,
    "plan_bench_reuse_groundtruth": 12.102492280801137,
    "plan_bench_reuse_openai_human_written_examples": 3.188821721076965,
    "plan_bench_reuse_rewrite_groundtruth_in_own_words": 3.6079816897710164
}