{
    "drop_step_by_step": 2.911481982469559,
    "drop_claude": 1.8653087365627288,
    "drop_gpt4_style_in_context_examples": 2.2350536942481996,
    "drop_gpt4": 2.201509382724762
}