{
    "ecqa_step_by_step": 3.412730965614319,
    "ecqa_claude": 3.0434200024604796,
    "ecqa_gpt4_style_in_context_examples": 3.405451706647873,
    "ecqa_gpt4": 3.7450952672958375,
    "ecqa_mini_gpt4": 3.5976805382966996,
    "ecqa_groundtruth": 16.967021572589875,
    "ecqa_openai_human_written_examples": 3.571204595565796,
    "ecqa_rewrite_groundtruth_in_own_words": 5.810377262830734
}