{
    "mmlu_pro_law_step_by_step": 5.058555793762207,
    "mmlu_pro_law_claude": 3.3698684851328533,
    "mmlu_pro_law_gpt4_style_in_context_examples": 5.15559770266215,
    "mmlu_pro_law_gpt4": 5.389972758293152,
    "mmlu_pro_law_mini_gpt4": 4.6479568719863895,
    "mmlu_pro_law_groundtruth": 356.23776328166326,
    "mmlu_pro_law_openai_human_written_examples": 7.510549449920655
}