{
    "arc_challenge_step_by_step": 3.501676309108734,
    "arc_challenge_claude": 3.167443776130676,
    "arc_challenge_gpt4_style_in_context_examples": 3.174682009220123,
    "arc_challenge_gpt4": 3.6542675638198854,
    "arc_challenge_mini_gpt4": 3.6786374950408938,
    "arc_challenge_groundtruth": 79245.3008984375,
    "arc_challenge_openai_human_written_examples": 3.8535641956329347
}