{
    "drop_step_by_step": 2.5784941267967225,
    "drop_claude": 2.1211930608749388,
    "drop_gpt4_style_in_context_examples": 2.5014432311058044,
    "drop_gpt4": 2.753416802883148,
    "drop_mini_gpt4": 2.9000095248222353,
    "drop_groundtruth": 16.588178358078004,
    "drop_openai_human_written_examples": 2.215967357158661
}