{
    "plan_bench_optimality_step_by_step": 2.116961395740509,
    "plan_bench_optimality_claude": 1.9408312718073526,
    "plan_bench_optimality_gpt4_style_in_context_examples": 1.8654619097709655,
    "plan_bench_optimality_gpt4": 2.0980708718299867,
    "plan_bench_optimality_mini_gpt4": 2.195438873767853,
    "plan_bench_optimality_groundtruth": 3.2792544603347777,
    "plan_bench_optimality_openai_human_written_examples": 2.7017733097076415,
    "plan_bench_optimality_rewrite_groundtruth_in_own_words": 2.640210489432017
}