{
    "plan_bench_generation_step_by_step": 2.281267774105072,
    "plan_bench_generation_claude": 1.910510289669037,
    "plan_bench_generation_gpt4_style_in_context_examples": 2.4669307470321655,
    "plan_bench_generation_gpt4": 2.1586279034614564,
    "plan_bench_generation_mini_gpt4": 2.7719391107559206,
    "plan_bench_generation_groundtruth": 12.910592627525329,
    "plan_bench_generation_openai_human_written_examples": 2.8881351947784424,
    "plan_bench_generation_rewrite_groundtruth_in_own_words": 2.2907951712608337
}