{
    "plan_bench_generation_step_by_step": 2.213661324977875,
    "plan_bench_generation_claude": 2.2190956155459087,
    "plan_bench_generation_gpt4_style_in_context_examples": 2.228399117787679,
    "plan_bench_generation_gpt4": 2.5782985210418703,
    "plan_bench_generation_mini_gpt4": 2.8638177116711936,
    "plan_bench_generation_groundtruth": 19.5011212905248,
    "plan_bench_generation_openai_human_written_examples": 2.765205530325572,
    "plan_bench_generation_rewrite_groundtruth_in_own_words": 2.8744522889455157
}