{
    "squad_step_by_step": 2.5140136241912843,
    "squad_claude": 2.027839215596517,
    "squad_gpt4_style_in_context_examples": 2.5044476350148517,
    "squad_gpt4": 3.5636935273806256,
    "squad_mini_gpt4": 2.7788092931111654,
    "squad_groundtruth": 3.109322698911031,
    "squad_openai_human_written_examples": 1.9108993411064148
}