{
    "mbpp_step_by_step": 2.3697367584705353,
    "mbpp_claude": 2.755379866361618,
    "mbpp_gpt4_style_in_context_examples": 2.760717678070068,
    "mbpp_gpt4": 3.1278214824199675,
    "mbpp_mini_gpt4": 3.5656860208511354,
    "mbpp_groundtruth": 6.292492107152939,
    "mbpp_openai_human_written_examples": 2.675682519674301,
    "mbpp_rewrite_groundtruth_in_own_words": 3.83714258313179
}