{
    "mmlu_step_by_step": 3.763151478767395,
    "mmlu_claude": 3.0208298444747923,
    "mmlu_gpt4_style_in_context_examples": 3.563537828127543,
    "mmlu_gpt4": 4.325643396377563,
    "mmlu_mini_gpt4": 3.494506335258484,
    "mmlu_groundtruth": 2032.1170440673827,
    "mmlu_openai_human_written_examples": 4.6589624881744385
}