{
    "plan_bench_generalization_step_by_step": 1.7997920354207357,
    "plan_bench_generalization_claude": 1.9424938837687173,
    "plan_bench_generalization_gpt4_style_in_context_examples": 1.6046781142552693,
    "plan_bench_generalization_gpt4": 2.4303348342577618,
    "plan_bench_generalization_mini_gpt4": 2.1633829434712726,
    "plan_bench_generalization_groundtruth": 1.9440832654635112,
    "plan_bench_generalization_openai_human_written_examples": 2.307266187667847,
    "plan_bench_generalization_rewrite_groundtruth_in_own_words": 2.3549869974454243
}