{
    "ecqa_step_by_step": 3.428013641834259,
    "ecqa_claude": 2.9325180315971373,
    "ecqa_gpt4_style_in_context_examples": 3.3120986914634702,
    "ecqa_gpt4": 3.784137315750122,
    "ecqa_mini_gpt4": 3.548838024139404
}