{
    "agieval_step_by_step": 3.9379494905471804,
    "agieval_claude": 2.8800442457199096,
    "agieval_gpt4_style_in_context_examples": 3.6814305543899537,
    "agieval_gpt4": 4.120917415618896,
    "agieval_mini_gpt4": 3.7370574951171873,
    "agieval_groundtruth": 11885495.378125,
    "agieval_openai_human_written_examples": 3.594015192985535
}