{
    "ecqa_step_by_step": 3.25170804977417,
    "ecqa_claude": 2.952776675224304,
    "ecqa_gpt4_style_in_context_examples": 3.4195099306106567,
    "ecqa_gpt4": 3.601951265335083,
    "ecqa_mini_gpt4": 3.6175104188919067,
    "ecqa_groundtruth": 15.45973545074463,
    "ecqa_openai_human_written_examples": 3.4517717075347902,
    "ecqa_rewrite_groundtruth_in_own_words": 5.5830679035186765
}