{
    "plan_bench_verification_step_by_step": 1.6454255849123,
    "plan_bench_verification_claude": 1.8258311915397645,
    "plan_bench_verification_gpt4_style_in_context_examples": 1.5670443314313889,
    "plan_bench_verification_gpt4": 1.7364912563562394,
    "plan_bench_verification_mini_gpt4": 2.4441484117507937,
    "plan_bench_verification_groundtruth": 20.52236550450325,
    "plan_bench_verification_openai_human_written_examples": 2.148493436574936,
    "plan_bench_verification_rewrite_groundtruth_in_own_words": 3.0604987180233003
}