{
    "piqa_step_by_step": 4.107186620235443,
    "piqa_claude": 3.3529327154159545,
    "piqa_gpt4_style_in_context_examples": 4.77633150100708,
    "piqa_gpt4": 5.046785368919372,
    "piqa_mini_gpt4": 3.985390832424164,
    "piqa_groundtruth": 1480626.3413574218,
    "piqa_openai_human_written_examples": 5.5386009740829465
}