{
    "plan_bench_replaning_step_by_step": 2.93164790391922,
    "plan_bench_replaning_claude": 2.9232107615470886,
    "plan_bench_replaning_gpt4_style_in_context_examples": 3.3750718808174134,
    "plan_bench_replaning_gpt4": 3.7270248889923097,
    "plan_bench_replaning_mini_gpt4": 3.0911444139480593,
    "plan_bench_replaning_groundtruth": 31.62544464111328,
    "plan_bench_replaning_openai_human_written_examples": 4.185988659858704,
    "plan_bench_replaning_rewrite_groundtruth_in_own_words": 4.699383180141449
}