{
    "gsm8k_step_by_step": 1.9656297087669372,
    "gsm8k_claude": 2.052938151359558,
    "gsm8k_gpt4_style_in_context_examples": 2.04758220911026,
    "gsm8k_gpt4": 1.9585756182670593,
    "gsm8k_mini_gpt4": 2.1323275804519652,
    "gsm8k_groundtruth": 3.5352389097213743,
    "gsm8k_openai_human_written_examples": 2.1085450410842896,
    "gsm8k_rewrite_groundtruth_in_own_words": 3.713441348075867
}