{
    "mmlu_moral_scenarios_step_by_step": 3.3603551387786865,
    "mmlu_moral_scenarios_claude": 2.9589707096417746,
    "mmlu_moral_scenarios_gpt4_style_in_context_examples": 3.3363280296325684,
    "mmlu_moral_scenarios_gpt4": 3.483819564183553,
    "mmlu_moral_scenarios_mini_gpt4": 3.1988410154978433,
    "mmlu_moral_scenarios_groundtruth": 81.1998332341512,
    "mmlu_moral_scenarios_openai_human_written_examples": 4.230669887860616
}