{
    "mbpp_step_by_step": 3.393923834959666,
    "mbpp_claude": 4.743400263786316,
    "mbpp_gpt4_style_in_context_examples": 4.53892814318339,
    "mbpp_gpt4": 6.991986763477326,
    "mbpp_mini_gpt4": 6.074491922060648,
    "mbpp_groundtruth": 19.57812085946401,
    "mbpp_openai_human_written_examples": 4.007787863413493,
    "mbpp_rewrite_groundtruth_in_own_words": 11.992396958669026
}