{
    "arc_challenge_step_by_step": 3.5455337023735045,
    "arc_challenge_claude": 2.827339413166046,
    "arc_challenge_gpt4_style_in_context_examples": 3.2654963088035585,
    "arc_challenge_gpt4": 3.8320087933540345,
    "arc_challenge_mini_gpt4": 3.3371063613891603,
    "arc_challenge_groundtruth": 23716570.412469484,
    "arc_challenge_openai_human_written_examples": 4.230255987644195
}