{
    "mbpp_step_by_step": 1.9914135265350341,
    "mbpp_claude": 1.961255202293396,
    "mbpp_gpt4_style_in_context_examples": 1.9255108785629274,
    "mbpp_gpt4": 2.448335111141205,
    "mbpp_mini_gpt4": 2.913951141834259,
    "mbpp_groundtruth": 7.209497408866882,
    "mbpp_openai_human_written_examples": 2.4953883910179138,
    "mbpp_rewrite_groundtruth_in_own_words": 3.4711876797676084
}