{
    "squad_step_by_step": 2.8802910765012104,
    "squad_claude": 2.2326451381047567,
    "squad_gpt4_style_in_context_examples": 2.5842125336329143,
    "squad_gpt4": 3.433633319536845,
    "squad_mini_gpt4": 2.8025215307871503,
    "squad_groundtruth": 7.606948677698771,
    "squad_openai_human_written_examples": 2.0394758025805158
}