{
    "plan_bench_generation_step_by_step": 2.2611057794094087,
    "plan_bench_generation_claude": 1.9971682524681091,
    "plan_bench_generation_gpt4_style_in_context_examples": 2.3661802625656128,
    "plan_bench_generation_gpt4": 2.4557096004486083,
    "plan_bench_generation_mini_gpt4": 2.7168927919864654,
    "plan_bench_generation_groundtruth": 5.704430658817291,
    "plan_bench_generation_openai_human_written_examples": 2.8144148540496827,
    "plan_bench_generation_rewrite_groundtruth_in_own_words": 2.4126581728458403
}