{
    "math_algebra_step_by_step": 1.8555005192756653,
    "math_algebra_claude": 2.144502590894699,
    "math_algebra_gpt4_style_in_context_examples": 3.9072196793556215,
    "math_algebra_gpt4": 1.8905760586261748,
    "math_algebra_mini_gpt4": 1.8756417918205261,
    "math_algebra_groundtruth": 5.3368183350563045,
    "math_algebra_openai_human_written_examples": 2.1637996339797976,
    "math_algebra_rewrite_groundtruth_in_own_words": 3.4775617623329165
}