{
    "math_geometry_step_by_step": 1.7723146605491638,
    "math_geometry_claude": 1.9152344524860383,
    "math_geometry_gpt4_style_in_context_examples": 2.764676887989044,
    "math_geometry_gpt4": 1.8091993927955627,
    "math_geometry_mini_gpt4": 1.7639949607849121,
    "math_geometry_groundtruth": 2.786799384355545,
    "math_geometry_openai_human_written_examples": 3.0592715227603913,
    "math_geometry_rewrite_groundtruth_in_own_words": 2.313414160013199
}