{
    "piqa_step_by_step": 3.8180678129196166,
    "piqa_claude": 3.600679874420166,
    "piqa_gpt4_style_in_context_examples": 4.500216603279114,
    "piqa_gpt4": 4.470773100852966,
    "piqa_mini_gpt4": 4.029320859909058,
    "piqa_groundtruth": 159.6734245300293,
    "piqa_openai_human_written_examples": 4.98565366268158
}