{
    "math_geometry_step_by_step": 2.382355499267578,
    "math_geometry_claude": 2.649096268415451
}