{
    "plan_bench_generalization_step_by_step": 1.583338029384613,
    "plan_bench_generalization_claude": 1.9717270839214325,
    "plan_bench_generalization_gpt4_style_in_context_examples": 1.4085855782032013,
    "plan_bench_generalization_gpt4": 1.8280807268619537,
    "plan_bench_generalization_mini_gpt4": 1.8864493119716643,
    "plan_bench_generalization_groundtruth": 2.488839635848999,
    "plan_bench_generalization_openai_human_written_examples": 2.3510372793674468,
    "plan_bench_generalization_rewrite_groundtruth_in_own_words": 2.1452189564704893
}