{
    "mmlu_moral_scenarios_step_by_step": 3.6006303310394285,
    "mmlu_moral_scenarios_claude": 3.133390522003174,
    "mmlu_moral_scenarios_gpt4_style_in_context_examples": 3.478701686859131,
    "mmlu_moral_scenarios_gpt4": 3.4508370876312258,
    "mmlu_moral_scenarios_mini_gpt4": 3.2765501022338865,
    "mmlu_moral_scenarios_groundtruth": 153.7369483947754,
    "mmlu_moral_scenarios_openai_human_written_examples": 4.512917709350586
}