{
    "plan_bench_generalization_step_by_step": 1.7447189128398894,
    "plan_bench_generalization_claude": 2.046705287694931,
    "plan_bench_generalization_gpt4_style_in_context_examples": 1.6366002130508424,
    "plan_bench_generalization_gpt4": 1.9821096086502075,
    "plan_bench_generalization_mini_gpt4": 2.20706152677536,
    "plan_bench_generalization_groundtruth": 1.8890452766418457,
    "plan_bench_generalization_openai_human_written_examples": 2.4287446320056914,
    "plan_bench_generalization_rewrite_groundtruth_in_own_words": 2.3843317461013793
}