{
    "plan_bench_generation_step_by_step": 2.244768436749776,
    "plan_bench_generation_claude": 2.1341872334480287,
    "plan_bench_generation_gpt4_style_in_context_examples": 2.4098210533459983,
    "plan_bench_generation_gpt4": 2.313441785176595,
    "plan_bench_generation_mini_gpt4": 2.6972654859224954,
    "plan_bench_generation_groundtruth": 6.988895547389984,
    "plan_bench_generation_openai_human_written_examples": 2.7391180038452148,
    "plan_bench_generation_rewrite_groundtruth_in_own_words": 2.7489846030871075
}