{
    "plan_bench_optimality_step_by_step": 2.437805438041687,
    "plan_bench_optimality_claude": 2.772044539451599,
    "plan_bench_optimality_gpt4_style_in_context_examples": 2.2727940996487934,
    "plan_bench_optimality_gpt4": 2.621014714241028,
    "plan_bench_optimality_mini_gpt4": 2.7212746779123944,
    "plan_bench_optimality_groundtruth": 17.824421032269797,
    "plan_bench_optimality_openai_human_written_examples": 3.266956639289856,
    "plan_bench_optimality_rewrite_groundtruth_in_own_words": 3.3708430926005044
}