{
    "winogrande_step_by_step": 4.854938983917236,
    "winogrande_claude": 4.033225695292155,
    "winogrande_gpt4_style_in_context_examples": 4.877756134668986,
    "winogrande_gpt4": 6.355721227327982,
    "winogrande_mini_gpt4": 5.908033180236816,
    "winogrande_groundtruth": 14.070189356803894,
    "winogrande_openai_human_written_examples": 5.507199716567993
}