{
    "plan_bench_generalization_step_by_step": 1.8141937375068664,
    "plan_bench_generalization_claude": 1.8964922944704692,
    "plan_bench_generalization_gpt4_style_in_context_examples": 1.5764818986256917,
    "plan_bench_generalization_gpt4": 2.324574327468872,
    "plan_bench_generalization_mini_gpt4": 2.1131840030352276,
    "plan_bench_generalization_groundtruth": 1.7093977411588033,
    "plan_bench_generalization_openai_human_written_examples": 2.3337895035743714,
    "plan_bench_generalization_rewrite_groundtruth_in_own_words": 2.249866950511932
}