{
    "api_bank_step_by_step": 3.693543863296509,
    "api_bank_claude": 3.7579577922821046,
    "api_bank_gpt4_style_in_context_examples": 4.525831413269043,
    "api_bank_gpt4": 4.480445861816406,
    "api_bank_mini_gpt4": 4.616862726211548,
    "api_bank_groundtruth": 3.4006415605545044,
    "api_bank_openai_human_written_examples": 3.6036136865615847
}