{
    "arc_challenge_step_by_step": 3.459381514787674,
    "arc_challenge_claude": 2.9023075997829437,
    "arc_challenge_gpt4_style_in_context_examples": 3.1956427776813507,
    "arc_challenge_gpt4": 3.9252284133434294,
    "arc_challenge_mini_gpt4": 3.4421296656131743,
    "arc_challenge_groundtruth": 42048823.04790993,
    "arc_challenge_openai_human_written_examples": 4.121325998306275
}