{
    "api_bank_step_by_step": 3.676847190856934,
    "api_bank_claude": 3.523983072042465,
    "api_bank_gpt4_style_in_context_examples": 4.384398765563965,
    "api_bank_gpt4": 4.240254321098328,
    "api_bank_mini_gpt4": 4.650795841217041,
    "api_bank_groundtruth": 4.025365837812424,
    "api_bank_openai_human_written_examples": 3.919853222370148
}