{
    "hellaswag_step_by_step": 4.999278888702393,
    "hellaswag_claude": 4.267545547485351,
    "hellaswag_gpt4_style_in_context_examples": 3.7362234020233154,
    "hellaswag_gpt4": 6.698740034103394,
    "hellaswag_mini_gpt4": 6.356293144226075,
    "hellaswag_groundtruth": 57714912.67234375,
    "hellaswag_openai_human_written_examples": 5.641281418800354
}