{
    "math_geometry_step_by_step": 2.37452778339386,
    "math_geometry_claude": 2.4347372603416444,
    "math_geometry_gpt4_style_in_context_examples": 4.262185688018799,
    "math_geometry_gpt4": 2.5950793504714964,
    "math_geometry_mini_gpt4": 2.3067550826072694,
    "math_geometry_groundtruth": 2.8538083732128143,
    "math_geometry_openai_human_written_examples": 4.2451557183265685,
    "math_geometry_rewrite_groundtruth_in_own_words": 2.84111466884613
}