{
    "mmlu_moral_scenarios_step_by_step": 3.686789393424988,
    "mmlu_moral_scenarios_claude": 2.823726460933685,
    "mmlu_moral_scenarios_gpt4_style_in_context_examples": 3.1902885913848875,
    "mmlu_moral_scenarios_gpt4": 4.118341736793518,
    "mmlu_moral_scenarios_mini_gpt4": 3.806547231674194,
    "mmlu_moral_scenarios_groundtruth": 112.53804141759872,
    "mmlu_moral_scenarios_openai_human_written_examples": 5.03247465133667
}