{
    "mbpp_step_by_step": 2.346471771001816,
    "mbpp_claude": 2.782810094356537,
    "mbpp_gpt4_style_in_context_examples": 2.7353655099868774,
    "mbpp_gpt4": 3.133366389274597,
    "mbpp_mini_gpt4": 3.528177033662796,
    "mbpp_groundtruth": 6.1901126945018765,
    "mbpp_openai_human_written_examples": 2.6754514360427857,
    "mbpp_rewrite_groundtruth_in_own_words": 3.78847621679306
}