{
    "plan_bench_optimality_step_by_step": 2.1015363971392316,
    "plan_bench_optimality_claude": 2.0654648621877034,
    "plan_bench_optimality_gpt4_style_in_context_examples": 1.8233726183573404,
    "plan_bench_optimality_gpt4": 2.2121060172716778,
    "plan_bench_optimality_mini_gpt4": 2.412463839848836,
    "plan_bench_optimality_groundtruth": 5.410277509689331,
    "plan_bench_optimality_openai_human_written_examples": 2.802549986044566,
    "plan_bench_optimality_rewrite_groundtruth_in_own_words": 2.5830954631169636
}