{
    "agieval_step_by_step": 3.1883358478546144,
    "agieval_claude": 2.4412962317466738,
    "agieval_gpt4_style_in_context_examples": 3.2140610933303835,
    "agieval_gpt4": 3.921371912956238,
    "agieval_mini_gpt4": 2.8647608518600465,
    "agieval_groundtruth": 810578.6360595704,
    "agieval_openai_human_written_examples": 5.061603426933289
}