{
    "plan_bench_replaning_step_by_step": 2.5281360586484274,
    "plan_bench_replaning_claude": 2.8949184815088906,
    "plan_bench_replaning_gpt4_style_in_context_examples": 3.374321373303731,
    "plan_bench_replaning_gpt4": 3.171293298403422,
    "plan_bench_replaning_mini_gpt4": 3.161536622047424,
    "plan_bench_replaning_groundtruth": 10.090820451577505,
    "plan_bench_replaning_openai_human_written_examples": 3.818720551331838,
    "plan_bench_replaning_rewrite_groundtruth_in_own_words": 3.9451241453488666
}