{
    "hellaswag_step_by_step": 4.847352566719056,
    "hellaswag_claude": 3.983309669494629,
    "hellaswag_gpt4_style_in_context_examples": 3.889745512008667,
    "hellaswag_gpt4": 6.4100100660324095,
    "hellaswag_mini_gpt4": 6.290228099822998,
    "hellaswag_groundtruth": 73912291.32046875,
    "hellaswag_openai_human_written_examples": 6.32730465888977
}