{
    "mmlu_step_by_step": 4.48608337243398,
    "mmlu_claude": 3.4047663529713947,
    "mmlu_gpt4_style_in_context_examples": 4.410802865028382,
    "mmlu_gpt4": 4.924710273742676,
    "mmlu_mini_gpt4": 4.334734257062276,
    "mmlu_groundtruth": 40.6244691212972,
    "mmlu_openai_human_written_examples": 5.310497069358826
}