{
    "piqa_step_by_step": 4.063858735561371,
    "piqa_claude": 3.4329524993896485,
    "piqa_gpt4_style_in_context_examples": 5.0730594587326046,
    "piqa_gpt4": 5.649218122959137,
    "piqa_mini_gpt4": 4.3168639087677,
    "piqa_groundtruth": 2398105.6352685546,
    "piqa_openai_human_written_examples": 5.350279006958008
}