{
    "mmlu_pro_law_step_by_step": 5.440009498596192,
    "mmlu_pro_law_claude": 3.733371925354004,
    "mmlu_pro_law_gpt4_style_in_context_examples": 5.908463025093079,
    "mmlu_pro_law_gpt4": 4.575228238105774,
    "mmlu_pro_law_mini_gpt4": 5.203770422935486,
    "mmlu_pro_law_groundtruth": 36.07774496078491,
    "mmlu_pro_law_openai_human_written_examples": 6.262812376022339
}