{
    "plan_bench_replaning_step_by_step": 2.7246897292137144,
    "plan_bench_replaning_claude": 2.710925671259562,
    "plan_bench_replaning_gpt4_style_in_context_examples": 3.1988160502910614,
    "plan_bench_replaning_gpt4": 3.2566107253233594,
    "plan_bench_replaning_mini_gpt4": 3.0221532372633617,
    "plan_bench_replaning_groundtruth": 10.699623259703317,
    "plan_bench_replaning_openai_human_written_examples": 3.6087370590368906,
    "plan_bench_replaning_rewrite_groundtruth_in_own_words": 3.880485716263453
}