{
    "math_geometry_step_by_step": 2.402576608657837,
    "math_geometry_claude": 2.3173996686935423,
    "math_geometry_gpt4_style_in_context_examples": 3.3417433309555054,
    "math_geometry_gpt4": 2.5378309869766236,
    "math_geometry_mini_gpt4": 2.234547219276428,
    "math_geometry_groundtruth": 2.8042751431465147,
    "math_geometry_openai_human_written_examples": 5.344587841033936,
    "math_geometry_rewrite_groundtruth_in_own_words": 2.8020434904098512
}