{
    "math_algebra_step_by_step": 1.3488139724731445,
    "math_algebra_claude": 1.6538130950927734,
    "math_algebra_gpt4_style_in_context_examples": 3.108348037004471,
    "math_algebra_gpt4": 1.4024657368659974,
    "math_algebra_mini_gpt4": 1.3686691200733185,
    "math_algebra_groundtruth": 2.868626939058304,
    "math_algebra_openai_human_written_examples": 1.5086035132408142,
    "math_algebra_rewrite_groundtruth_in_own_words": 2.366823855638504
}