{
    "plan_bench_execution_step_by_step": 1.9259375643730163,
    "plan_bench_execution_claude": 2.05401185631752,
    "plan_bench_execution_gpt4_style_in_context_examples": 2.1610931515693665,
    "plan_bench_execution_gpt4": 2.017317810058594,
    "plan_bench_execution_mini_gpt4": 2.7255785131454466,
    "plan_bench_execution_groundtruth": 5.674127292633057,
    "plan_bench_execution_openai_human_written_examples": 2.4705861139297487,
    "plan_bench_execution_rewrite_groundtruth_in_own_words": 2.75456422328949
}