{
    "piqa_step_by_step": 4.065421757698059,
    "piqa_claude": 3.3645646238327025,
    "piqa_gpt4_style_in_context_examples": 5.279152145385742,
    "piqa_gpt4": 5.933674335479736,
    "piqa_mini_gpt4": 4.4501802396774295,
    "piqa_groundtruth": 2268248.75796875,
    "piqa_openai_human_written_examples": 5.433787832260132
}