{
    "piqa_step_by_step": 4.271044635772705,
    "piqa_claude": 3.5784738540649412,
    "piqa_gpt4_style_in_context_examples": 5.099548029899597,
    "piqa_gpt4": 4.9993567943573,
    "piqa_mini_gpt4": 4.259724259376526,
    "piqa_groundtruth": 138.42947082519532,
    "piqa_openai_human_written_examples": 5.303939771652222
}