{
    "plan_bench_replaning_step_by_step": 2.625559318065643,
    "plan_bench_replaning_claude": 2.72132416566213,
    "plan_bench_replaning_gpt4_style_in_context_examples": 3.1717811902364095,
    "plan_bench_replaning_gpt4": 3.3818575660387675,
    "plan_bench_replaning_mini_gpt4": 2.9442631006240845,
    "plan_bench_replaning_groundtruth": 9.488070750236512,
    "plan_bench_replaning_openai_human_written_examples": 3.733334533373515,
    "plan_bench_replaning_rewrite_groundtruth_in_own_words": 3.679641842842102
}