{
    "mmlu_pro_law_step_by_step": 4.852990419864654,
    "mmlu_pro_law_claude": 3.448637807369232,
    "mmlu_pro_law_gpt4_style_in_context_examples": 5.021653318405152,
    "mmlu_pro_law_gpt4": 5.055887084007264,
    "mmlu_pro_law_mini_gpt4": 4.523034019470215,
    "mmlu_pro_law_groundtruth": 47.2499227809906,
    "mmlu_pro_law_openai_human_written_examples": 5.447517507076263
}