{
    "squad_step_by_step": 2.6984591245651246,
    "squad_claude": 2.141705278158188,
    "squad_gpt4_style_in_context_examples": 2.5576394283771515,
    "squad_gpt4": 3.504705892801285,
    "squad_mini_gpt4": 2.8424910271167754,
    "squad_groundtruth": 11.914634782075883,
    "squad_openai_human_written_examples": 2.134824616909027
}