{
    "plan_bench_generalization_step_by_step": 1.8678817828496297,
    "plan_bench_generalization_claude": 2.091705242792765,
    "plan_bench_generalization_gpt4_style_in_context_examples": 1.6748812198638916,
    "plan_bench_generalization_gpt4": 2.5228126446406045,
    "plan_bench_generalization_mini_gpt4": 2.3053014794985454,
    "plan_bench_generalization_groundtruth": 7.682883803049723,
    "plan_bench_generalization_openai_human_written_examples": 2.46359806060791,
    "plan_bench_generalization_rewrite_groundtruth_in_own_words": 2.7984546264012655
}