{
    "mmlu_pro_law_step_by_step": 3.6746811787287395,
    "mmlu_pro_law_claude": 3.131345772743225,
    "mmlu_pro_law_gpt4_style_in_context_examples": 4.355138818422954,
    "mmlu_pro_law_gpt4": 4.331459458669027,
    "mmlu_pro_law_mini_gpt4": 3.44953894217809,
    "mmlu_pro_law_groundtruth": 1118.4646830240886,
    "mmlu_pro_law_openai_human_written_examples": 4.768960309028626
}