{
    "mmlu_moral_scenarios_step_by_step": 3.7716565251350405,
    "mmlu_moral_scenarios_claude": 2.881988478899002,
    "mmlu_moral_scenarios_gpt4_style_in_context_examples": 3.2648736953735353,
    "mmlu_moral_scenarios_gpt4": 4.233516328334808,
    "mmlu_moral_scenarios_mini_gpt4": 3.8942728853225708,
    "mmlu_moral_scenarios_groundtruth": 99.29518005132675,
    "mmlu_moral_scenarios_openai_human_written_examples": 5.167966344356537
}