{
    "agieval_step_by_step": 3.2017621278762816,
    "agieval_claude": 2.4248268246650695,
    "agieval_gpt4_style_in_context_examples": 3.210048031806946,
    "agieval_gpt4": 3.9270349740982056,
    "agieval_mini_gpt4": 2.8672133445739747,
    "agieval_groundtruth": 354389.26958007814,
    "agieval_openai_human_written_examples": 5.00989556312561
}