{
    "mmlu_pro_law_step_by_step": 4.1342909653981526,
    "mmlu_pro_law_claude": 2.9232115586598715,
    "mmlu_pro_law_gpt4_style_in_context_examples": 4.195217577616374,
    "mmlu_pro_law_gpt4": 4.265001877148946,
    "mmlu_pro_law_mini_gpt4": 3.668593390782674,
    "mmlu_pro_law_groundtruth": 1106.8577699025473,
    "mmlu_pro_law_openai_human_written_examples": 4.831339311599732
}