{
    "plan_bench_generation_step_by_step": 2.259461632569631,
    "plan_bench_generation_claude": 2.2184385418891908,
    "plan_bench_generation_gpt4_style_in_context_examples": 2.3220021259784698,
    "plan_bench_generation_gpt4": 2.4087036800384523,
    "plan_bench_generation_mini_gpt4": 2.7988198069731394,
    "plan_bench_generation_groundtruth": 14.943360277811687,
    "plan_bench_generation_openai_human_written_examples": 2.6756897326310476,
    "plan_bench_generation_rewrite_groundtruth_in_own_words": 2.8984503440062204
}