{
    "agieval_step_by_step": 4.339100305239359,
    "agieval_claude": 3.3767953475316363,
    "agieval_gpt4_style_in_context_examples": 4.583886837959289,
    "agieval_gpt4": 4.6264291405677795,
    "agieval_mini_gpt4": 4.4232139984766645,
    "agieval_groundtruth": 55956.36962890625,
    "agieval_openai_human_written_examples": 4.766688585281372
}