{
    "boolq_step_by_step": 3.2536771217981975,
    "boolq_claude": 2.706238075097402,
    "boolq_gpt4_style_in_context_examples": 2.831069560845693,
    "boolq_gpt4": 3.438848892847697,
    "boolq_mini_gpt4": 3.181090569496155,
    "boolq_groundtruth": 67.49096657435099,
    "boolq_openai_human_written_examples": 2.52310653924942
}