{
    "mmlu_step_by_step": 4.1594640421867375,
    "mmlu_claude": 3.045731323957443,
    "mmlu_gpt4_style_in_context_examples": 4.167496799230576,
    "mmlu_gpt4": 4.90341858625412,
    "mmlu_mini_gpt4": 4.19430833697319,
    "mmlu_groundtruth": 109.83939248561859,
    "mmlu_openai_human_written_examples": 4.756902713775634
}