{
    "plan_bench_generation_step_by_step": 2.2170051288604737,
    "plan_bench_generation_claude": 1.9635415983200073,
    "plan_bench_generation_gpt4_style_in_context_examples": 2.2105361008644104,
    "plan_bench_generation_gpt4": 2.44108731508255,
    "plan_bench_generation_mini_gpt4": 2.6537743854522704,
    "plan_bench_generation_groundtruth": 3.0983557295799256,
    "plan_bench_generation_openai_human_written_examples": 2.643264503479004,
    "plan_bench_generation_rewrite_groundtruth_in_own_words": 2.3284662485122682
}