{
    "plan_bench_execution_step_by_step": 2.0205444276332853,
    "plan_bench_execution_claude": 2.5434774470329287,
    "plan_bench_execution_gpt4_style_in_context_examples": 2.1918072080612183,
    "plan_bench_execution_gpt4": 2.17860230922699,
    "plan_bench_execution_mini_gpt4": 3.68967889547348,
    "plan_bench_execution_groundtruth": 11.106181831359864,
    "plan_bench_execution_openai_human_written_examples": 3.1473542249202726,
    "plan_bench_execution_rewrite_groundtruth_in_own_words": 3.44310623049736
}