{
    "plan_bench_execution_step_by_step": 1.8689261490106583,
    "plan_bench_execution_claude": 1.9058903747797011,
    "plan_bench_execution_gpt4_style_in_context_examples": 2.324015170931816,
    "plan_bench_execution_gpt4": 2.0203923892974855,
    "plan_bench_execution_mini_gpt4": 2.749327469468117,
    "plan_bench_execution_groundtruth": 1.8392044711112976,
    "plan_bench_execution_openai_human_written_examples": 2.3129531663656233,
    "plan_bench_execution_rewrite_groundtruth_in_own_words": 2.6497423601150514
}