{
    "hellaswag_step_by_step": 4.710601511001587,
    "hellaswag_claude": 4.044443936347961,
    "hellaswag_gpt4_style_in_context_examples": 3.621494164466858,
    "hellaswag_gpt4": 5.147425799369812,
    "hellaswag_mini_gpt4": 5.5484346723556515,
    "hellaswag_groundtruth": 293.1208729553223,
    "hellaswag_openai_human_written_examples": 5.422904915809632
}