{
    "boolq_step_by_step": 3.6458433628082276,
    "boolq_claude": 3.0432846784591674,
    "boolq_gpt4_style_in_context_examples": 3.7604661345481873,
    "boolq_gpt4": 4.011885237693787,
    "boolq_mini_gpt4": 3.4702460050582884,
    "boolq_groundtruth": 11.016235876083375,
    "boolq_openai_human_written_examples": 2.3197806596755983
}