{
    "plan_bench_optimality_step_by_step": 2.4131603157520294,
    "plan_bench_optimality_claude": 2.8642240941524504,
    "plan_bench_optimality_gpt4_style_in_context_examples": 2.2819051861763002,
    "plan_bench_optimality_gpt4": 2.6924590635299683,
    "plan_bench_optimality_mini_gpt4": 2.816791069507599,
    "plan_bench_optimality_groundtruth": 17.19358696222305,
    "plan_bench_optimality_openai_human_written_examples": 3.400228954553604,
    "plan_bench_optimality_rewrite_groundtruth_in_own_words": 3.5759696912765504
}