{
    "plan_bench_generation_step_by_step": 2.227480781078339,
    "plan_bench_generation_claude": 2.221703577041626,
    "plan_bench_generation_gpt4_style_in_context_examples": 2.3335625966389975,
    "plan_bench_generation_gpt4": 2.2242563446362813,
    "plan_bench_generation_mini_gpt4": 2.7455033659934998,
    "plan_bench_generation_groundtruth": 15.656427669525147,
    "plan_bench_generation_openai_human_written_examples": 2.6266263922055564,
    "plan_bench_generation_rewrite_groundtruth_in_own_words": 3.0765469868977866
}