{
    "plan_bench_optimality_step_by_step": 1.9064356660842896,
    "plan_bench_optimality_claude": 2.1818034172058107
}