{
    "plan_bench_replaning_step_by_step": 2.7069050335884093,
    "plan_bench_replaning_claude": 2.8116801702976226,
    "plan_bench_replaning_gpt4_style_in_context_examples": 3.247029665708542,
    "plan_bench_replaning_gpt4": 3.487972493171692,
    "plan_bench_replaning_mini_gpt4": 3.0272549915313722,
    "plan_bench_replaning_groundtruth": 12.766986392736435,
    "plan_bench_replaning_openai_human_written_examples": 3.7153568482398986,
    "plan_bench_replaning_rewrite_groundtruth_in_own_words": 3.980008419752121
}