{
    "mmlu_step_by_step": 3.6934046268463137,
    "mmlu_claude": 3.0994340658187864,
    "mmlu_gpt4_style_in_context_examples": 4.030322694778443,
    "mmlu_gpt4": 5.136345148086548,
    "mmlu_mini_gpt4": 4.229846096038818,
    "mmlu_groundtruth": 217.6214950323105,
    "mmlu_openai_human_written_examples": 5.258877515792847
}