{
    "winogrande_step_by_step": 4.889918866157532,
    "winogrande_claude": 3.9060116100311277,
    "winogrande_gpt4_style_in_context_examples": 5.011980619430542,
    "winogrande_gpt4": 6.025564565658569,
    "winogrande_mini_gpt4": 5.613614912033081,
    "winogrande_groundtruth": 19.84278087615967,
    "winogrande_openai_human_written_examples": 5.640760779380798
}