{
    "mmlu_pro_law_step_by_step": 4.958282732963562,
    "mmlu_pro_law_claude": 3.2964568614959715,
    "mmlu_pro_law_gpt4_style_in_context_examples": 4.855810642242432,
    "mmlu_pro_law_gpt4": 4.922162954012553,
    "mmlu_pro_law_mini_gpt4": 4.483199803034465,
    "mmlu_pro_law_groundtruth": 28.318632411956788,
    "mmlu_pro_law_openai_human_written_examples": 5.2922554095586145
}