{
    "arc_challenge_step_by_step": 3.2888354897499084,
    "arc_challenge_claude": 2.9776175475120543,
    "arc_challenge_gpt4_style_in_context_examples": 3.2500260400772096,
    "arc_challenge_gpt4": 3.6603379106521605,
    "arc_challenge_mini_gpt4": 3.345791685581207,
    "arc_challenge_groundtruth": 41067275.3579876,
    "arc_challenge_openai_human_written_examples": 4.261987929344177
}