{
    "agieval_step_by_step": 4.301895083983739,
    "agieval_claude": 3.164682285785675,
    "agieval_gpt4_style_in_context_examples": 4.538608074188232,
    "agieval_gpt4": 4.8461358821392055,
    "agieval_mini_gpt4": 4.319573752085367,
    "agieval_groundtruth": 54009.172223307294,
    "agieval_openai_human_written_examples": 4.65080239256223
}