{
    "mmlu_moral_scenarios_step_by_step": 3.7648150634765627,
    "mmlu_moral_scenarios_claude": 3.371169924736023,
    "mmlu_moral_scenarios_gpt4_style_in_context_examples": 3.831086587905884,
    "mmlu_moral_scenarios_gpt4": 4.027841877937317,
    "mmlu_moral_scenarios_mini_gpt4": 3.942454833984375,
    "mmlu_moral_scenarios_groundtruth": 21.95622039794922,
    "mmlu_moral_scenarios_openai_human_written_examples": 4.335346155166626
}