{
    "piqa_step_by_step": 3.3976157267888385,
    "piqa_claude": 3.1670422554016113,
    "piqa_gpt4_style_in_context_examples": 3.7956378857294717,
    "piqa_gpt4": 4.431523108482361,
    "piqa_mini_gpt4": 3.249869402249654,
    "piqa_groundtruth": 1478111.4823811848,
    "piqa_openai_human_written_examples": 4.064786259333292
}