{
    "plan_bench_reuse_step_by_step": 2.0080652379989625,
    "plan_bench_reuse_claude": 2.207583465576172,
    "plan_bench_reuse_gpt4_style_in_context_examples": 1.9229338109493255,
    "plan_bench_reuse_gpt4": 2.369880526065826,
    "plan_bench_reuse_mini_gpt4": 2.583597296476364,
    "plan_bench_reuse_groundtruth": 8.528798249959946,
    "plan_bench_reuse_openai_human_written_examples": 2.6776260805130003,
    "plan_bench_reuse_rewrite_groundtruth_in_own_words": 3.09933503985405
}