{
    "mmlu_moral_scenarios_step_by_step": 3.8625660157203674,
    "mmlu_moral_scenarios_claude": 2.9280118423700334,
    "mmlu_moral_scenarios_gpt4_style_in_context_examples": 3.207138297557831,
    "mmlu_moral_scenarios_gpt4": 4.181593296527862,
    "mmlu_moral_scenarios_mini_gpt4": 3.851457175016403,
    "mmlu_moral_scenarios_groundtruth": 146.73349780142308,
    "mmlu_moral_scenarios_openai_human_written_examples": 4.9937970519065855
}