{
    "piqa_step_by_step": 3.248319172859192,
    "piqa_claude": 3.3654787302017213,
    "piqa_gpt4_style_in_context_examples": 3.6410409927368166,
    "piqa_gpt4": 4.247429656982422,
    "piqa_mini_gpt4": 3.4853667497634886,
    "piqa_groundtruth": 5834555.344140625,
    "piqa_openai_human_written_examples": 4.232998943328857
}