{
    "plan_bench_replaning_step_by_step": 2.664781878590584,
    "plan_bench_replaning_claude": 2.958818058371544,
    "plan_bench_replaning_gpt4_style_in_context_examples": 3.1581308954954146,
    "plan_bench_replaning_gpt4": 3.747802337408066,
    "plan_bench_replaning_mini_gpt4": 2.97373816549778,
    "plan_bench_replaning_groundtruth": 2489.520632586479,
    "plan_bench_replaning_openai_human_written_examples": 3.840155299901962,
    "plan_bench_replaning_rewrite_groundtruth_in_own_words": 4.146628124117851
}