{
    "arc_challenge_step_by_step": 3.6001930618286133,
    "arc_challenge_claude": 3.355317184925079
}