{
    "plan_bench_optimality_step_by_step": 2.020182188749313,
    "plan_bench_optimality_claude": 2.057416180372238
}