{
    "api_bank_step_by_step": 3.4869514306386313,
    "api_bank_claude": 3.3723407626152038,
    "api_bank_gpt4_style_in_context_examples": 4.646846946080526,
    "api_bank_gpt4": 4.370688803990682,
    "api_bank_mini_gpt4": 4.808783149719238,
    "api_bank_groundtruth": 13.457499818007152,
    "api_bank_openai_human_written_examples": 4.492492755254109
}