{
    "plan_bench_generation_step_by_step": 2.2511942744255067,
    "plan_bench_generation_claude": 2.035904351870219,
    "plan_bench_generation_gpt4_style_in_context_examples": 2.3227102994918822,
    "plan_bench_generation_gpt4": 2.251662993431091,
    "plan_bench_generation_mini_gpt4": 2.612998894850413,
    "plan_bench_generation_groundtruth": 3.50371857881546,
    "plan_bench_generation_openai_human_written_examples": 2.61844429175059,
    "plan_bench_generation_rewrite_groundtruth_in_own_words": 2.493254049619039
}