{
    "api_bank_step_by_step": 3.618383146524429,
    "api_bank_claude": 3.415082947015762,
    "api_bank_gpt4_style_in_context_examples": 4.473991084098816,
    "api_bank_gpt4": 4.313513941764832,
    "api_bank_mini_gpt4": 4.745310430526733,
    "api_bank_groundtruth": 12.098603105545044,
    "api_bank_openai_human_written_examples": 4.432960673570633
}