{
    "hellaswag_step_by_step": 4.911843519210816,
    "hellaswag_claude": 4.118913245201111,
    "hellaswag_gpt4_style_in_context_examples": 3.6429975605010987,
    "hellaswag_gpt4": 6.491280579566956,
    "hellaswag_mini_gpt4": 6.075457482337952,
    "hellaswag_groundtruth": 32655940.52,
    "hellaswag_openai_human_written_examples": 5.5671690082550045
}