{
    "plan_bench_generation_step_by_step": 2.1942361211776733,
    "plan_bench_generation_claude": 2.2261924624443052,
    "plan_bench_generation_gpt4_style_in_context_examples": 2.1315930426120757,
    "plan_bench_generation_gpt4": 2.444878400564194,
    "plan_bench_generation_mini_gpt4": 2.636141471862793,
    "plan_bench_generation_groundtruth": 66.02928973674774,
    "plan_bench_generation_openai_human_written_examples": 2.565507923364639,
    "plan_bench_generation_rewrite_groundtruth_in_own_words": 3.2137784492969512
}