{
    "plan_bench_execution_step_by_step": 2.3638398337364195,
    "plan_bench_execution_claude": 2.465086579322815,
    "plan_bench_execution_gpt4_style_in_context_examples": 2.427196819782257,
    "plan_bench_execution_gpt4": 2.557990400791168,
    "plan_bench_execution_mini_gpt4": 3.6942340421676634,
    "plan_bench_execution_groundtruth": 11.508053913116456,
    "plan_bench_execution_openai_human_written_examples": 3.3664161133766175,
    "plan_bench_execution_rewrite_groundtruth_in_own_words": 3.690345506668091
}