{
    "mmlu_pro_law_step_by_step": 4.823398723602295,
    "mmlu_pro_law_claude": 3.3172539281845093,
    "mmlu_pro_law_gpt4_style_in_context_examples": 5.126003885269165,
    "mmlu_pro_law_gpt4": 5.432451372146606,
    "mmlu_pro_law_mini_gpt4": 4.425347824096679,
    "mmlu_pro_law_groundtruth": 837.1924481868743,
    "mmlu_pro_law_openai_human_written_examples": 6.988113059997558
}