{
    "plan_bench_verification_step_by_step": 1.6362913072109222,
    "plan_bench_verification_claude": 1.8216703855991363,
    "plan_bench_verification_gpt4_style_in_context_examples": 1.5211331641674042,
    "plan_bench_verification_gpt4": 1.7601748311519623,
    "plan_bench_verification_mini_gpt4": 2.3174741566181183,
    "plan_bench_verification_groundtruth": 21.57349296092987,
    "plan_bench_verification_openai_human_written_examples": 2.1023202669620513,
    "plan_bench_verification_rewrite_groundtruth_in_own_words": 3.02055419921875
}