{
    "plan_bench_generalization_step_by_step": 1.6844052910804748,
    "plan_bench_generalization_claude": 1.9544854044914246,
    "plan_bench_generalization_gpt4_style_in_context_examples": 1.6517327427864075,
    "plan_bench_generalization_gpt4": 2.2330272912979128,
    "plan_bench_generalization_mini_gpt4": 2.29979807138443,
    "plan_bench_generalization_groundtruth": 1.4710777163505555,
    "plan_bench_generalization_openai_human_written_examples": 2.3478849053382875,
    "plan_bench_generalization_rewrite_groundtruth_in_own_words": 2.049820601940155
}