{
    "mbpp_step_by_step": 3.2945307970046995,
    "mbpp_claude": 4.291579357782999,
    "mbpp_gpt4_style_in_context_examples": 4.060136866569519,
    "mbpp_gpt4": 7.483902545770009,
    "mbpp_mini_gpt4": 6.381875673929851,
    "mbpp_groundtruth": 14.853402511278789,
    "mbpp_openai_human_written_examples": 3.8221656759579976,
    "mbpp_rewrite_groundtruth_in_own_words": 9.809724986553192
}