{
    "squad_step_by_step": 3.3251977920532227,
    "squad_claude": 2.6585144281387327,
    "squad_gpt4_style_in_context_examples": 3.565875744819641,
    "squad_gpt4": 4.541347193717956,
    "squad_mini_gpt4": 4.434211087226868,
    "squad_groundtruth": 5.449534893035889,
    "squad_openai_human_written_examples": 2.5399582505226137
}