{
    "api_bank_step_by_step": 3.752297062277794,
    "api_bank_claude": 3.5816885942220686,
    "api_bank_gpt4_style_in_context_examples": 4.359062433242798,
    "api_bank_gpt4": 4.3249350357055665,
    "api_bank_mini_gpt4": 4.610229240655899,
    "api_bank_groundtruth": 4.377308707237244,
    "api_bank_openai_human_written_examples": 3.979023003578186
}