{
    "plan_bench_generalization_step_by_step": 1.6434265351295472,
    "plan_bench_generalization_claude": 1.9244130909442902,
    "plan_bench_generalization_gpt4_style_in_context_examples": 1.4484942543506623,
    "plan_bench_generalization_gpt4": 1.9872439551353454,
    "plan_bench_generalization_mini_gpt4": 2.0094292688369753,
    "plan_bench_generalization_groundtruth": 2.432024235725403,
    "plan_bench_generalization_openai_human_written_examples": 2.1826760077476504,
    "plan_bench_generalization_rewrite_groundtruth_in_own_words": 2.2066911244392395
}