{
    "winogrande_step_by_step": 3.7144232511520388,
    "winogrande_claude": 2.9991022109985352,
    "winogrande_gpt4_style_in_context_examples": 3.5198221683502195,
    "winogrande_gpt4": 4.331587553024292,
    "winogrande_mini_gpt4": 3.3549460887908937,
    "winogrande_groundtruth": 38.40035243034363,
    "winogrande_openai_human_written_examples": 3.512911486625671
}