{
    "squad_step_by_step": 2.5819072782993318,
    "squad_claude": 2.0391639536619186,
    "squad_gpt4_style_in_context_examples": 2.4899677515029905,
    "squad_gpt4": 3.275053428411484,
    "squad_mini_gpt4": 2.6479538363218307,
    "squad_groundtruth": 58.04881680607796,
    "squad_openai_human_written_examples": 2.052445627450943
}