{
    "plan_bench_replaning_step_by_step": 2.6308421421051027,
    "plan_bench_replaning_claude": 2.3149753189086915,
    "plan_bench_replaning_gpt4_style_in_context_examples": 2.697139925956726,
    "plan_bench_replaning_gpt4": 2.782321043014526,
    "plan_bench_replaning_mini_gpt4": 2.6366831350326536,
    "plan_bench_replaning_groundtruth": 198.84874788999556,
    "plan_bench_replaning_openai_human_written_examples": 3.6419269680976867,
    "plan_bench_replaning_rewrite_groundtruth_in_own_words": 3.378731915950775
}