{
    "mbpp_step_by_step": 1.9413625756899515,
    "mbpp_claude": 2.1125425497690835,
    "mbpp_gpt4_style_in_context_examples": 2.3988414804140725,
    "mbpp_gpt4": 2.1776427030563354,
    "mbpp_mini_gpt4": 2.6147366404533385,
    "mbpp_groundtruth": 9.06125203371048,
    "mbpp_openai_human_written_examples": 2.584305735429128,
    "mbpp_rewrite_groundtruth_in_own_words": 4.089905969301859
}