{
    "plan_bench_execution_step_by_step": 2.251272642612457,
    "plan_bench_execution_claude": 2.47916437625885,
    "plan_bench_execution_gpt4_style_in_context_examples": 2.5021359395980833,
    "plan_bench_execution_gpt4": 2.4174715518951415,
    "plan_bench_execution_mini_gpt4": 3.498168845176697,
    "plan_bench_execution_groundtruth": 11.601670894622803,
    "plan_bench_execution_openai_human_written_examples": 3.571613645553589,
    "plan_bench_execution_rewrite_groundtruth_in_own_words": 3.5722419738769533
}