{
    "piqa_step_by_step": 4.1387813282012935,
    "piqa_claude": 3.885883493423462,
    "piqa_gpt4_style_in_context_examples": 4.901493682861328,
    "piqa_gpt4": 5.225222411155701,
    "piqa_mini_gpt4": 4.398393650054931,
    "piqa_groundtruth": 154.2840888977051,
    "piqa_openai_human_written_examples": 4.947166204452515
}