{
    "plan_bench_generation_step_by_step": 2.1646968762079877,
    "plan_bench_generation_claude": 2.1956276377042134,
    "plan_bench_generation_gpt4_style_in_context_examples": 2.17483469525973,
    "plan_bench_generation_gpt4": 2.362518173456192,
    "plan_bench_generation_mini_gpt4": 2.628264570236206,
    "plan_bench_generation_groundtruth": 64.4221571858724,
    "plan_bench_generation_openai_human_written_examples": 2.6362176847457888,
    "plan_bench_generation_rewrite_groundtruth_in_own_words": 3.0087920049826304
}