{
    "plan_bench_generalization_step_by_step": 1.8919952702522278,
    "plan_bench_generalization_claude": 2.344225134849548,
    "plan_bench_generalization_gpt4_style_in_context_examples": 1.859294044971466,
    "plan_bench_generalization_gpt4": 2.431657247543335,
    "plan_bench_generalization_mini_gpt4": 2.6437138628959658,
    "plan_bench_generalization_groundtruth": 13.136483588218688,
    "plan_bench_generalization_openai_human_written_examples": 2.711573688983917,
    "plan_bench_generalization_rewrite_groundtruth_in_own_words": 2.883683805465698
}