{
    "math_algebra_step_by_step": 1.9547538757324219,
    "math_algebra_claude": 1.9696944570541381,
    "math_algebra_gpt4_style_in_context_examples": 5.040349471569061,
    "math_algebra_gpt4": 2.9692213845252993,
    "math_algebra_mini_gpt4": 1.9085688138008117,
    "math_algebra_groundtruth": 2.522477970123291,
    "math_algebra_openai_human_written_examples": 2.076992778778076,
    "math_algebra_rewrite_groundtruth_in_own_words": 2.693231065273285
}