{
    "hellaswag_step_by_step": 3.86779501914978,
    "hellaswag_claude": 2.861563229560852,
    "hellaswag_gpt4_style_in_context_examples": 2.785888123512268,
    "hellaswag_gpt4": 4.232268142700195,
    "hellaswag_mini_gpt4": 4.011866793632508,
    "hellaswag_groundtruth": 27110372.5809375,
    "hellaswag_openai_human_written_examples": 4.194533772468567
}