{
    "agieval_step_by_step": 4.352539769411087,
    "agieval_claude": 3.0935260283946993,
    "agieval_gpt4_style_in_context_examples": 4.390240474939346,
    "agieval_gpt4": 4.761462556123734,
    "agieval_mini_gpt4": 4.13733787894249,
    "agieval_groundtruth": 76681.83599609375,
    "agieval_openai_human_written_examples": 4.358731925487518
}