{
    "winogrande_step_by_step": 3.6363252639770507,
    "winogrande_claude": 2.9503361701965334,
    "winogrande_gpt4_style_in_context_examples": 3.4584835052490233,
    "winogrande_gpt4": 4.257057785987854,
    "winogrande_mini_gpt4": 3.3100554943084717,
    "winogrande_groundtruth": 21.83720967769623,
    "winogrande_openai_human_written_examples": 3.4611569166183473
}