{
    "squad_step_by_step": 2.7374223172664642,
    "squad_claude": 2.187638535499573,
    "squad_gpt4_style_in_context_examples": 2.5888636922836303,
    "squad_gpt4": 3.4689988350868224,
    "squad_mini_gpt4": 2.8016180658340453,
    "squad_groundtruth": 11.440722117424011,
    "squad_openai_human_written_examples": 2.1540349209308625
}