{
    "plan_bench_optimality_step_by_step": 1.872924610376358,
    "plan_bench_optimality_claude": 2.011431630849838,
    "plan_bench_optimality_gpt4_style_in_context_examples": 1.6783203339576722,
    "plan_bench_optimality_gpt4": 2.0542555725574494,
    "plan_bench_optimality_mini_gpt4": 2.0819070625305174,
    "plan_bench_optimality_groundtruth": 6.356323552131653,
    "plan_bench_optimality_openai_human_written_examples": 2.496075074672699,
    "plan_bench_optimality_rewrite_groundtruth_in_own_words": 2.483829993009567
}