{
    "plan_bench_reuse_step_by_step": 2.243370599746704,
    "plan_bench_reuse_claude": 2.4654125285148623,
    "plan_bench_reuse_gpt4_style_in_context_examples": 2.1450836634635926,
    "plan_bench_reuse_gpt4": 2.5487900137901307,
    "plan_bench_reuse_mini_gpt4": 3.245226836204529,
    "plan_bench_reuse_groundtruth": 8.57546886920929,
    "plan_bench_reuse_openai_human_written_examples": 3.461597375869751,
    "plan_bench_reuse_rewrite_groundtruth_in_own_words": 3.7011437940597536
}