{
    "arc_challenge_step_by_step": 2.799803137779236,
    "arc_challenge_claude": 2.4812824606895445,
    "arc_challenge_gpt4_style_in_context_examples": 2.4629485964775086,
    "arc_challenge_gpt4": 3.098083031177521,
    "arc_challenge_mini_gpt4": 2.634517157077789,
    "arc_challenge_groundtruth": 20742897.670898438,
    "arc_challenge_openai_human_written_examples": 2.9154563665390016
}