{
    "winogrande_step_by_step": 4.354923915863037,
    "winogrande_claude": 3.6650338649749754,
    "winogrande_gpt4_style_in_context_examples": 4.465178489685059,
    "winogrande_gpt4": 5.3113895654678345,
    "winogrande_mini_gpt4": 4.634356117248535,
    "winogrande_groundtruth": 7.403343629837036,
    "winogrande_openai_human_written_examples": 3.8484189033508303
}