{
    "plan_bench_generation_step_by_step": 2.1797355890274046,
    "plan_bench_generation_claude": 1.9223554372787475,
    "plan_bench_generation_gpt4_style_in_context_examples": 2.4653810620307923,
    "plan_bench_generation_gpt4": 2.68149311542511,
    "plan_bench_generation_mini_gpt4": 2.5859458684921264,
    "plan_bench_generation_groundtruth": 3.56524863243103,
    "plan_bench_generation_openai_human_written_examples": 2.7394450902938843,
    "plan_bench_generation_rewrite_groundtruth_in_own_words": 2.4523100018501283
}