{
    "ecqa_step_by_step": 4.024173235893249,
    "ecqa_claude": 3.7840807676315307,
    "ecqa_gpt4_style_in_context_examples": 4.101871228218078,
    "ecqa_gpt4": 6.493949890136719,
    "ecqa_mini_gpt4": 5.295968222618103,
    "ecqa_groundtruth": 46.249267578125,
    "ecqa_openai_human_written_examples": 4.9093533754348755,
    "ecqa_rewrite_groundtruth_in_own_words": 8.618258380889893
}