{
    "plan_bench_generalization_step_by_step": 1.7957293152809144,
    "plan_bench_generalization_claude": 2.2997155666351317,
    "plan_bench_generalization_gpt4_style_in_context_examples": 1.8326970219612122,
    "plan_bench_generalization_gpt4": 2.594842863082886,
    "plan_bench_generalization_mini_gpt4": 3.0350971937179567,
    "plan_bench_generalization_groundtruth": 10.832825899124146,
    "plan_bench_generalization_openai_human_written_examples": 2.5805785179138185,
    "plan_bench_generalization_rewrite_groundtruth_in_own_words": 2.623781740665436
}