{
    "piqa_step_by_step": 3.1503775119781494,
    "piqa_claude": 3.1940123796463014,
    "piqa_gpt4_style_in_context_examples": 3.299078941345215,
    "piqa_gpt4": 3.876654624938965,
    "piqa_mini_gpt4": 3.115908074378967,
    "piqa_groundtruth": 110121.80288085938,
    "piqa_openai_human_written_examples": 3.784228563308716
}