{
    "piqa_step_by_step": 4.109926366806031,
    "piqa_claude": 3.6368621969223023,
    "piqa_gpt4_style_in_context_examples": 4.932921624183654,
    "piqa_gpt4": 5.115832719802857,
    "piqa_mini_gpt4": 4.220223875045776,
    "piqa_groundtruth": 129.6236833190918,
    "piqa_openai_human_written_examples": 4.724880542755127
}