{
    "plan_bench_optimality_step_by_step": 2.1651812136173247,
    "plan_bench_optimality_claude": 2.333868752717972,
    "plan_bench_optimality_gpt4_style_in_context_examples": 2.007274322509766,
    "plan_bench_optimality_gpt4": 2.3639305627346037,
    "plan_bench_optimality_mini_gpt4": 2.4159045886993407,
    "plan_bench_optimality_groundtruth": 2.8470155954360963,
    "plan_bench_optimality_openai_human_written_examples": 2.8622227048873903,
    "plan_bench_optimality_rewrite_groundtruth_in_own_words": 2.7760778784751894
}