{
    "plan_bench_generalization_step_by_step": 1.6451733231544494,
    "plan_bench_generalization_claude": 2.0756937146186827,
    "plan_bench_generalization_gpt4_style_in_context_examples": 1.7824904203414917,
    "plan_bench_generalization_gpt4": 1.9587875723838806,
    "plan_bench_generalization_mini_gpt4": 2.3831877589225767,
    "plan_bench_generalization_groundtruth": 1.7813809752464294,
    "plan_bench_generalization_openai_human_written_examples": 2.3840017080307008,
    "plan_bench_generalization_rewrite_groundtruth_in_own_words": 2.4404433369636536
}