{
    "arc_challenge_step_by_step": 3.2489750027656554,
    "arc_challenge_claude": 3.1324132839838663,
    "arc_challenge_gpt4_style_in_context_examples": 3.187589220205943,
    "arc_challenge_gpt4": 3.6008623758951823,
    "arc_challenge_mini_gpt4": 3.4576186855634052,
    "arc_challenge_groundtruth": 49333.816145833334,
    "arc_challenge_openai_human_written_examples": 3.57815975745519
}