{
    "mmlu_moral_scenarios_step_by_step": 3.073728425502777,
    "mmlu_moral_scenarios_claude": 2.7886838841438295
}