{
    "math_geometry_step_by_step": 2.443705129623413,
    "math_geometry_claude": 2.3501453161239625,
    "math_geometry_gpt4_style_in_context_examples": 3.1256872415542603,
    "math_geometry_gpt4": 3.1589300632476807,
    "math_geometry_mini_gpt4": 2.221646749973297,
    "math_geometry_groundtruth": 2.8231326580047607,
    "math_geometry_openai_human_written_examples": 3.4181221961975097,
    "math_geometry_rewrite_groundtruth_in_own_words": 3.3067535877227785
}