{
    "plan_bench_generalization_step_by_step": 1.587932107448578,
    "plan_bench_generalization_claude": 1.9643396365642547,
    "plan_bench_generalization_gpt4_style_in_context_examples": 1.4183607506752014,
    "plan_bench_generalization_gpt4": 1.8370824241638184,
    "plan_bench_generalization_mini_gpt4": 1.8969320464134216,
    "plan_bench_generalization_groundtruth": 2.4703412103652953,
    "plan_bench_generalization_openai_human_written_examples": 2.3765612757205963,
    "plan_bench_generalization_rewrite_groundtruth_in_own_words": 2.156557168960571
}