{
    "api_bank_step_by_step": 3.527189087867737,
    "api_bank_claude": 3.4659106731414795,
    "api_bank_gpt4_style_in_context_examples": 4.2205445766448975,
    "api_bank_gpt4": 3.881543755531311,
    "api_bank_mini_gpt4": 4.784491181373596,
    "api_bank_groundtruth": 4.924047732353211,
    "api_bank_openai_human_written_examples": 3.7929787158966066
}