{
    "piqa_step_by_step": 4.029081723690033,
    "piqa_claude": 3.440249733924866,
    "piqa_gpt4_style_in_context_examples": 5.165307672023773,
    "piqa_gpt4": 5.786955211162567,
    "piqa_mini_gpt4": 4.3899311876297,
    "piqa_groundtruth": 1987340.2855615234,
    "piqa_openai_human_written_examples": 5.817434184551239
}