{
    "winogrande_step_by_step": 4.753413398265838,
    "winogrande_claude": 3.9109378552436826,
    "winogrande_gpt4_style_in_context_examples": 4.596385264396668,
    "winogrande_gpt4": 6.604267680644989,
    "winogrande_mini_gpt4": 5.315632610321045,
    "winogrande_groundtruth": 19.192707545757294,
    "winogrande_openai_human_written_examples": 5.629886338710785
}