{
    "hellaswag_step_by_step": 4.804352293014526,
    "hellaswag_claude": 3.8878467893600464,
    "hellaswag_gpt4_style_in_context_examples": 3.7172998666763304,
    "hellaswag_gpt4": 6.429378390312195,
    "hellaswag_mini_gpt4": 6.63853157043457,
    "hellaswag_groundtruth": 11212499.3128125,
    "hellaswag_openai_human_written_examples": 6.67215859413147
}