{
    "plan_bench_reuse_step_by_step": 2.0657995104789735,
    "plan_bench_reuse_claude": 2.19904510974884,
    "plan_bench_reuse_gpt4_style_in_context_examples": 2.0720699191093446,
    "plan_bench_reuse_gpt4": 2.3947524309158323,
    "plan_bench_reuse_mini_gpt4": 3.227247476577759,
    "plan_bench_reuse_groundtruth": 3.566963267326355,
    "plan_bench_reuse_openai_human_written_examples": 2.6073002099990843,
    "plan_bench_reuse_rewrite_groundtruth_in_own_words": 3.294501519203186
}