{
    "mmlu_step_by_step": 4.182560582160949,
    "mmlu_claude": 2.9379474210739134,
    "mmlu_gpt4_style_in_context_examples": 4.188853445053101,
    "mmlu_gpt4": 4.7235852718353275,
    "mmlu_mini_gpt4": 4.40714280128479,
    "mmlu_groundtruth": 141.36146302461623,
    "mmlu_openai_human_written_examples": 4.796227889060974
}