{
    "math_geometry_step_by_step": 1.8907461881637573,
    "math_geometry_claude": 1.85328715244929,
    "math_geometry_gpt4_style_in_context_examples": 2.4967801570892334,
    "math_geometry_gpt4": 2.0857470750808718,
    "math_geometry_mini_gpt4": 1.6962271372477213,
    "math_geometry_groundtruth": 2.479194418589274,
    "math_geometry_openai_human_written_examples": 3.1511451522509257,
    "math_geometry_rewrite_groundtruth_in_own_words": 2.42551877895991
}