{
    "drop_step_by_step": 2.6726859768231708,
    "drop_claude": 2.1766738931337994,
    "drop_gpt4_style_in_context_examples": 2.565695830186208,
    "drop_gpt4": 2.740795056025187,
    "drop_mini_gpt4": 3.0053536772727965,
    "drop_groundtruth": 10.60656718413035,
    "drop_openai_human_written_examples": 2.182918175061544
}