{
    "hellaswag_step_by_step": 3.680249824523926,
    "hellaswag_claude": 2.8119645738601684,
    "hellaswag_gpt4_style_in_context_examples": 2.792919723987579,
    "hellaswag_gpt4": 4.17764625787735,
    "hellaswag_mini_gpt4": 3.9958573055267332,
    "hellaswag_groundtruth": 2387494.1479101563,
    "hellaswag_openai_human_written_examples": 4.137744977474212
}