{
    "plan_bench_generation_step_by_step": 2.179093789656957,
    "plan_bench_generation_claude": 2.2159303454558055,
    "plan_bench_generation_gpt4_style_in_context_examples": 2.1749455348650613,
    "plan_bench_generation_gpt4": 2.3752073129018147,
    "plan_bench_generation_mini_gpt4": 2.6450979749361676,
    "plan_bench_generation_groundtruth": 65.81379418849946,
    "plan_bench_generation_openai_human_written_examples": 2.663025513092677,
    "plan_bench_generation_rewrite_groundtruth_in_own_words": 3.1009565460681916
}