{
    "plan_bench_optimality_step_by_step": 2.111000716686249,
    "plan_bench_optimality_claude": 2.291328322887421,
    "plan_bench_optimality_gpt4_style_in_context_examples": 1.9371495882670084,
    "plan_bench_optimality_gpt4": 2.4673945864041644,
    "plan_bench_optimality_mini_gpt4": 2.3237172683080036,
    "plan_bench_optimality_groundtruth": 5.824172349770864,
    "plan_bench_optimality_openai_human_written_examples": 2.937626345952352,
    "plan_bench_optimality_rewrite_groundtruth_in_own_words": 2.662656271457672
}