{
    "plan_bench_generalization_step_by_step": 1.6667847156524658,
    "plan_bench_generalization_claude": 1.9938108205795289,
    "plan_bench_generalization_gpt4_style_in_context_examples": 1.718578279018402,
    "plan_bench_generalization_gpt4": 2.1549493193626406,
    "plan_bench_generalization_mini_gpt4": 2.415295588970184,
    "plan_bench_generalization_groundtruth": 1.8138869047164916,
    "plan_bench_generalization_openai_human_written_examples": 2.2567936778068542,
    "plan_bench_generalization_rewrite_groundtruth_in_own_words": 2.1068193912506104
}