{
    "plan_bench_generalization_step_by_step": 1.6550639271736145,
    "plan_bench_generalization_claude": 2.0566739082336425,
    "plan_bench_generalization_gpt4_style_in_context_examples": 1.7882150173187257,
    "plan_bench_generalization_gpt4": 1.9788086771965028,
    "plan_bench_generalization_mini_gpt4": 2.3884445428848267,
    "plan_bench_generalization_groundtruth": 1.9958472013473512,
    "plan_bench_generalization_openai_human_written_examples": 2.393849790096283,
    "plan_bench_generalization_rewrite_groundtruth_in_own_words": 2.4488124012947083
}