{
    "drop_step_by_step": 2.530909382899602,
    "drop_claude": 1.8539849547545115,
    "drop_gpt4_style_in_context_examples": 2.222488487958908,
    "drop_gpt4": 2.226697539885839,
    "drop_mini_gpt4": 2.2343975710868835,
    "drop_groundtruth": 36.20753345608711,
    "drop_openai_human_written_examples": 1.9515535247325897
}