{
    "gsm8k_step_by_step": 1.9348299853006998,
    "gsm8k_claude": 1.9429988173643749,
    "gsm8k_gpt4_style_in_context_examples": 2.1472533106803895,
    "gsm8k_gpt4": 2.5093216168880463,
    "gsm8k_mini_gpt4": 2.013273430665334,
    "gsm8k_groundtruth": 3.440999172528585,
    "gsm8k_openai_human_written_examples": 2.0456736334164938,
    "gsm8k_rewrite_groundtruth_in_own_words": 3.605661406517029
}