{
    "mbpp_step_by_step": 1.7390489459037781,
    "mbpp_claude": 1.9246693968772888,
    "mbpp_gpt4_style_in_context_examples": 2.2374595284461973,
    "mbpp_gpt4": 2.204516279697418,
    "mbpp_mini_gpt4": 2.8835611581802367,
    "mbpp_groundtruth": 13.598632681369782,
    "mbpp_openai_human_written_examples": 2.496134102344513,
    "mbpp_rewrite_groundtruth_in_own_words": 5.956936073303223
}