{
    "ecqa_step_by_step": 3.6102644205093384,
    "ecqa_claude": 3.0488908004760744,
    "ecqa_gpt4_style_in_context_examples": 3.372375864982605,
    "ecqa_gpt4": 4.03938994884491,
    "ecqa_mini_gpt4": 3.7068101167678833,
    "ecqa_groundtruth": 16.22276402950287,
    "ecqa_openai_human_written_examples": 3.8048734998703004,
    "ecqa_rewrite_groundtruth_in_own_words": 6.232838025093079
}