{
    "arc_challenge_step_by_step": 3.568114907741547,
    "arc_challenge_claude": 3.326194281578064,
    "arc_challenge_gpt4_style_in_context_examples": 3.4262815749645235,
    "arc_challenge_gpt4": 3.9475275564193724,
    "arc_challenge_mini_gpt4": 3.774113346338272,
    "arc_challenge_groundtruth": 65899.51278839112,
    "arc_challenge_openai_human_written_examples": 4.033481178283691
}