{
    "plan_bench_replaning_step_by_step": 2.6684844414393107,
    "plan_bench_replaning_claude": 2.2781750400861105,
    "plan_bench_replaning_gpt4_style_in_context_examples": 2.803039578596751,
    "plan_bench_replaning_gpt4": 3.308647994200389,
    "plan_bench_replaning_mini_gpt4": 2.646104653676351,
    "plan_bench_replaning_groundtruth": 434.2385405540466,
    "plan_bench_replaning_openai_human_written_examples": 3.2968534270922345,
    "plan_bench_replaning_rewrite_groundtruth_in_own_words": 3.635264762242635
}