{
    "math_algebra_step_by_step": 1.7742799401283265,
    "math_algebra_claude": 1.75061993598938,
    "math_algebra_gpt4_style_in_context_examples": 2.4852051973342895,
    "math_algebra_gpt4": 1.769544517993927,
    "math_algebra_mini_gpt4": 1.7118239879608155,
    "math_algebra_groundtruth": 2.6970084428787233,
    "math_algebra_openai_human_written_examples": 1.8083352446556091,
    "math_algebra_rewrite_groundtruth_in_own_words": 2.5070493459701537
}