{
    "ecqa_step_by_step": 4.406214165687561,
    "ecqa_claude": 3.857540040016174,
    "ecqa_gpt4_style_in_context_examples": 4.592231545448303,
    "ecqa_gpt4": 5.127145566940308,
    "ecqa_mini_gpt4": 5.115120182037353,
    "ecqa_groundtruth": 11.558420066833497,
    "ecqa_openai_human_written_examples": 4.55398003578186,
    "ecqa_rewrite_groundtruth_in_own_words": 6.534378128051758
}