{
    "mmlu_moral_scenarios_step_by_step": 3.915117769241333,
    "mmlu_moral_scenarios_claude": 2.9002132487297057,
    "mmlu_moral_scenarios_gpt4_style_in_context_examples": 3.1794666862487793,
    "mmlu_moral_scenarios_gpt4": 4.198357205390931,
    "mmlu_moral_scenarios_mini_gpt4": 3.9355069065093993,
    "mmlu_moral_scenarios_groundtruth": 145.006448366642,
    "mmlu_moral_scenarios_openai_human_written_examples": 4.853113479614258
}