{
    "plan_bench_optimality_step_by_step": 2.2114088972409567,
    "plan_bench_optimality_claude": 2.334675606091817,
    "plan_bench_optimality_gpt4_style_in_context_examples": 1.9409519155820212,
    "plan_bench_optimality_gpt4": 2.3885694901148478,
    "plan_bench_optimality_mini_gpt4": 2.6096686760584515,
    "plan_bench_optimality_groundtruth": 258.8684928417206,
    "plan_bench_optimality_openai_human_written_examples": 3.0813313444455463,
    "plan_bench_optimality_rewrite_groundtruth_in_own_words": 3.234688417116801
}