{
    "hellaswag_step_by_step": 4.893960158824921,
    "hellaswag_claude": 4.01911945104599,
    "hellaswag_gpt4_style_in_context_examples": 3.583036046028137,
    "hellaswag_gpt4": 6.392108991146087,
    "hellaswag_mini_gpt4": 5.957705633640289,
    "hellaswag_groundtruth": 17938734.756660156
}