{
    "mmlu_pro_law_step_by_step": 4.89695396900177,
    "mmlu_pro_law_claude": 3.4388745069503783,
    "mmlu_pro_law_gpt4_style_in_context_examples": 5.01982798576355,
    "mmlu_pro_law_gpt4": 5.23325623512268,
    "mmlu_pro_law_mini_gpt4": 4.436286363601685,
    "mmlu_pro_law_groundtruth": 27.262808990478515,
    "mmlu_pro_law_openai_human_written_examples": 5.316603622436523
}