{
    "piqa_step_by_step": 3.177895188331604,
    "piqa_claude": 3.2206478834152223,
    "piqa_gpt4_style_in_context_examples": 3.3935673952102663,
    "piqa_gpt4": 4.05979585647583,
    "piqa_mini_gpt4": 3.2770147800445555,
    "piqa_groundtruth": 1980155.2382080078,
    "piqa_openai_human_written_examples": 3.892132592201233
}