{
    "piqa_step_by_step": 4.099974360466003,
    "piqa_claude": 3.622581262588501
}