{
    "math_geometry_step_by_step": 2.4391208720207214,
    "math_geometry_claude": 2.5032206320762636,
    "math_geometry_gpt4_style_in_context_examples": 4.450938310623169,
    "math_geometry_gpt4": 2.7175967359542845,
    "math_geometry_mini_gpt4": 2.363874020576477,
    "math_geometry_groundtruth": 2.9035660243034362,
    "math_geometry_openai_human_written_examples": 4.548840844631195,
    "math_geometry_rewrite_groundtruth_in_own_words": 2.903613336086273
}