{
    "mmlu_step_by_step": 3.9181155157089234,
    "mmlu_claude": 2.963801956176758,
    "mmlu_gpt4_style_in_context_examples": 3.775182957649231,
    "mmlu_gpt4": 4.450500230789185,
    "mmlu_mini_gpt4": 3.5554007291793823,
    "mmlu_groundtruth": 919.3404939651489,
    "mmlu_openai_human_written_examples": 4.434207487106323
}