{
    "mmlu_step_by_step": 3.8464257669448854,
    "mmlu_claude": 2.958876485824585,
    "mmlu_gpt4_style_in_context_examples": 3.5453070116043093,
    "mmlu_gpt4": 3.8841369700431825,
    "mmlu_mini_gpt4": 3.408260762691498,
    "mmlu_groundtruth": 257.5611588859558,
    "mmlu_openai_human_written_examples": 3.9251163530349733
}