{
    "api_bank_step_by_step": 3.6345828056335447,
    "api_bank_claude": 3.502575109004974,
    "api_bank_gpt4_style_in_context_examples": 4.283375821113586,
    "api_bank_gpt4": 4.2012248229980464,
    "api_bank_mini_gpt4": 4.466047220230102,
    "api_bank_groundtruth": 3.7024277210235597,
    "api_bank_openai_human_written_examples": 3.7533166122436525
}