{
    "plan_bench_optimality_step_by_step": 2.0400715231895448,
    "plan_bench_optimality_claude": 2.321279466152191,
    "plan_bench_optimality_gpt4_style_in_context_examples": 1.9648871898651123,
    "plan_bench_optimality_gpt4": 2.3473347663879394,
    "plan_bench_optimality_mini_gpt4": 2.2774962544441224,
    "plan_bench_optimality_groundtruth": 452.7754528045654,
    "plan_bench_optimality_openai_human_written_examples": 3.2682117462158202,
    "plan_bench_optimality_rewrite_groundtruth_in_own_words": 3.097294497489929
}