{
    "plan_bench_replaning_step_by_step": 2.7286527836322785,
    "plan_bench_replaning_claude": 2.5572289776802064,
    "plan_bench_replaning_gpt4_style_in_context_examples": 2.999519772529602,
    "plan_bench_replaning_gpt4": 3.018022516965866,
    "plan_bench_replaning_mini_gpt4": 2.935302584171295,
    "plan_bench_replaning_groundtruth": 4.71545861363411,
    "plan_bench_replaning_openai_human_written_examples": 3.5528694760799406,
    "plan_bench_replaning_rewrite_groundtruth_in_own_words": 3.5511092472076418
}