{
    "squad_step_by_step": 3.0824116849899292,
    "squad_claude": 2.5573075914382937,
    "squad_gpt4_style_in_context_examples": 3.0683133029937744,
    "squad_gpt4": 4.201729683876038,
    "squad_mini_gpt4": 3.202736144065857
}