{
    "plan_bench_execution_step_by_step": 1.809329617023468,
    "plan_bench_execution_claude": 1.9430807828903198,
    "plan_bench_execution_gpt4_style_in_context_examples": 2.3104241728782653,
    "plan_bench_execution_gpt4": 1.970550525188446,
    "plan_bench_execution_mini_gpt4": 2.6286999225616454,
    "plan_bench_execution_groundtruth": 3.884803533554077,
    "plan_bench_execution_openai_human_written_examples": 2.5505507469177244,
    "plan_bench_execution_rewrite_groundtruth_in_own_words": 2.5437449336051943
}