{
    "plan_bench_optimality_step_by_step": 2.133475136756897,
    "plan_bench_optimality_claude": 2.038754606246948,
    "plan_bench_optimality_gpt4_style_in_context_examples": 1.819305567741394,
    "plan_bench_optimality_gpt4": 2.1980678915977476,
    "plan_bench_optimality_mini_gpt4": 2.225007588863373,
    "plan_bench_optimality_groundtruth": 8.29114541053772,
    "plan_bench_optimality_openai_human_written_examples": 2.702800796031952,
    "plan_bench_optimality_rewrite_groundtruth_in_own_words": 2.587418656349182
}