{
    "piqa_step_by_step": 3.500461159944534,
    "piqa_claude": 3.2514106488227843,
    "piqa_gpt4_style_in_context_examples": 3.899060308933258,
    "piqa_gpt4": 4.554104664325714,
    "piqa_mini_gpt4": 3.4566347074508665,
    "piqa_groundtruth": 8776774.503213424,
    "piqa_openai_human_written_examples": 4.7128986692428585
}