{
    "arc_challenge_step_by_step": 3.429124393463135,
    "arc_challenge_claude": 2.8290779638290404,
    "arc_challenge_gpt4_style_in_context_examples": 3.0599327850341798,
    "arc_challenge_gpt4": 3.904544312953949,
    "arc_challenge_mini_gpt4": 3.51501296043396,
    "arc_challenge_groundtruth": 41145791.39703125,
    "arc_challenge_openai_human_written_examples": 4.08021038532257
}