{
    "plan_bench_replaning_step_by_step": 3.3044160842895507,
    "plan_bench_replaning_claude": 2.7038155078887938,
    "plan_bench_replaning_gpt4_style_in_context_examples": 3.050116264820099,
    "plan_bench_replaning_gpt4": 3.1011692881584167,
    "plan_bench_replaning_mini_gpt4": 2.685229003429413,
    "plan_bench_replaning_groundtruth": 10.892901945114136,
    "plan_bench_replaning_openai_human_written_examples": 3.544844949245453,
    "plan_bench_replaning_rewrite_groundtruth_in_own_words": 4.716632890701294
}