{
    "boolq_step_by_step": 3.1850947936375937,
    "boolq_claude": 2.5484301765759785,
    "boolq_gpt4_style_in_context_examples": 2.8087892214457195,
    "boolq_gpt4": 3.482582410176595,
    "boolq_mini_gpt4": 3.305733148256938,
    "boolq_groundtruth": 10.678828446070353,
    "boolq_openai_human_written_examples": 2.5050067345301312
}