{
    "plan_bench_generalization_step_by_step": 1.6470239996910094,
    "plan_bench_generalization_claude": 2.089021587371826,
    "plan_bench_generalization_gpt4_style_in_context_examples": 1.7589534044265747,
    "plan_bench_generalization_gpt4": 1.9711256861686706,
    "plan_bench_generalization_mini_gpt4": 2.368925487995148,
    "plan_bench_generalization_groundtruth": 1.8433713555335998,
    "plan_bench_generalization_openai_human_written_examples": 2.3787928342819216,
    "plan_bench_generalization_rewrite_groundtruth_in_own_words": 2.442064046859741
}