{
    "plan_bench_generation_step_by_step": 2.291866719722748,
    "plan_bench_generation_claude": 2.0069699573516844,
    "plan_bench_generation_gpt4_style_in_context_examples": 2.3019402945041656,
    "plan_bench_generation_gpt4": 2.5032371950149535,
    "plan_bench_generation_mini_gpt4": 2.696956969499588,
    "plan_bench_generation_groundtruth": 4.835442314147949,
    "plan_bench_generation_openai_human_written_examples": 2.590911215543747,
    "plan_bench_generation_rewrite_groundtruth_in_own_words": 2.423393087387085
}