{
    "mmlu_step_by_step": 4.455248811244965,
    "mmlu_claude": 3.151800140142441,
    "mmlu_gpt4_style_in_context_examples": 4.235188744068146,
    "mmlu_gpt4": 4.936704802513122,
    "mmlu_mini_gpt4": 4.21206600189209,
    "mmlu_groundtruth": 194.19306221961975,
    "mmlu_openai_human_written_examples": 4.76974951505661
}