{
    "hellaswag_step_by_step": 3.8152323071161907,
    "hellaswag_claude": 2.8504398314158124,
    "hellaswag_gpt4_style_in_context_examples": 2.7377669286727904,
    "hellaswag_gpt4": 4.219023329416911,
    "hellaswag_mini_gpt4": 3.9342119685808816,
    "hellaswag_groundtruth": 627129.1277345784,
    "hellaswag_openai_human_written_examples": 3.93828027288119
}