{
    "mmlu_step_by_step": 3.994039273262024,
    "mmlu_claude": 2.953227722644806,
    "mmlu_gpt4_style_in_context_examples": 3.826225773493449,
    "mmlu_gpt4": 4.4241239388783775,
    "mmlu_mini_gpt4": 3.6591324965159098,
    "mmlu_groundtruth": 506.9079119364421,
    "mmlu_openai_human_written_examples": 4.0635837395985925
}