{
    "plan_bench_optimality_step_by_step": 1.9780097723007202,
    "plan_bench_optimality_claude": 2.169908010959625,
    "plan_bench_optimality_gpt4_style_in_context_examples": 1.8066859245300293,
    "plan_bench_optimality_gpt4": 2.2269004702568056,
    "plan_bench_optimality_mini_gpt4": 2.1915289878845217,
    "plan_bench_optimality_groundtruth": 2.6839001893997194,
    "plan_bench_optimality_openai_human_written_examples": 2.6458648324012755,
    "plan_bench_optimality_rewrite_groundtruth_in_own_words": 2.388586235046387
}