{
    "plan_bench_reuse_step_by_step": 1.963374843597412,
    "plan_bench_reuse_claude": 2.122738219499588,
    "plan_bench_reuse_gpt4_style_in_context_examples": 1.877266229391098,
    "plan_bench_reuse_gpt4": 2.318999297618866,
    "plan_bench_reuse_mini_gpt4": 2.5274199163913726,
    "plan_bench_reuse_groundtruth": 4.6347955334186555,
    "plan_bench_reuse_openai_human_written_examples": 2.587217425107956
}