{
    "drop_step_by_step": 2.1185954372088114,
    "drop_claude": 1.8680182894070942,
    "drop_gpt4_style_in_context_examples": 2.2231682538986206,
    "drop_gpt4": 2.3624299645423887,
    "drop_mini_gpt4": 2.3087584177652993,
    "drop_groundtruth": 21.789311504364015,
    "drop_openai_human_written_examples": 2.0442800243695576
}