{
    "boolq_step_by_step": 3.2833964371681215,
    "boolq_claude": 2.5567416095733644,
    "boolq_gpt4_style_in_context_examples": 2.670136489868164,
    "boolq_gpt4": 3.0679645788669587,
    "boolq_mini_gpt4": 3.2532383370399476,
    "boolq_groundtruth": 30.517933242321014,
    "boolq_openai_human_written_examples": 2.429426553249359
}