{
    "plan_bench_generation_step_by_step": 2.268992509841919,
    "plan_bench_generation_claude": 2.0246968913078307,
    "plan_bench_generation_gpt4_style_in_context_examples": 2.197049865722656,
    "plan_bench_generation_gpt4": 2.415996789932251,
    "plan_bench_generation_mini_gpt4": 2.74097398519516,
    "plan_bench_generation_groundtruth": 3.3846417927742003,
    "plan_bench_generation_openai_human_written_examples": 2.6433665442466734,
    "plan_bench_generation_rewrite_groundtruth_in_own_words": 2.3976560997962952
}