{
    "winogrande_step_by_step": 4.0554442930221555,
    "winogrande_claude": 3.4447683000564577,
    "winogrande_gpt4_style_in_context_examples": 3.769794921875,
    "winogrande_gpt4": 4.245038352012634,
    "winogrande_mini_gpt4": 3.871117033958435,
    "winogrande_groundtruth": 5.48518392086029,
    "winogrande_openai_human_written_examples": 3.5608198928833006
}