{
    "plan_bench_reuse_step_by_step": 2.0793708682060243,
    "plan_bench_reuse_claude": 2.067530083656311,
    "plan_bench_reuse_gpt4_style_in_context_examples": 1.8627655824025473,
    "plan_bench_reuse_gpt4": 2.2495444416999817,
    "plan_bench_reuse_mini_gpt4": 2.7351565957069397,
    "plan_bench_reuse_groundtruth": 4.1920390129089355,
    "plan_bench_reuse_openai_human_written_examples": 2.6648012598355613,
    "plan_bench_reuse_rewrite_groundtruth_in_own_words": 3.07333357334137
}