{
    "squad_step_by_step": 3.590940237045288,
    "squad_claude": 2.9762255907058717,
    "squad_gpt4_style_in_context_examples": 3.6819066286087034,
    "squad_gpt4": 6.9091256856918335,
    "squad_mini_gpt4": 5.0393126726150514,
    "squad_groundtruth": 14.14004408121109,
    "squad_openai_human_written_examples": 3.4136320829391478
}