{
    "boolq_step_by_step": 4.1758891900380455,
    "boolq_claude": 2.8358243107795715,
    "boolq_gpt4_style_in_context_examples": 3.6448092897733053,
    "boolq_gpt4": 4.845045292377472,
    "boolq_mini_gpt4": 4.29176439444224,
    "boolq_groundtruth": 5.958761807282766,
    "boolq_openai_human_written_examples": 3.204409992694855
}