{
    "boolq_step_by_step": 4.265482807159424,
    "boolq_claude": 2.90967915058136,
    "boolq_gpt4_style_in_context_examples": 3.7917034308115642,
    "boolq_gpt4": 5.059168024857839,
    "boolq_mini_gpt4": 4.429706120491028,
    "boolq_groundtruth": 4.507378005981446,
    "boolq_openai_human_written_examples": 3.350210122267405
}