{
    "plan_bench_reuse_step_by_step": 2.38715500831604,
    "plan_bench_reuse_claude": 2.7361318707466125,
    "plan_bench_reuse_gpt4_style_in_context_examples": 2.3224745988845825,
    "plan_bench_reuse_gpt4": 2.7867467045783996,
    "plan_bench_reuse_mini_gpt4": 3.0118510484695435,
    "plan_bench_reuse_groundtruth": 403.2694911956787,
    "plan_bench_reuse_openai_human_written_examples": 3.996694266796112,
    "plan_bench_reuse_rewrite_groundtruth_in_own_words": 4.606478905677795
}