{
    "plan_bench_replaning_step_by_step": 2.703531642754873,
    "plan_bench_replaning_claude": 3.2045733173688253,
    "plan_bench_replaning_gpt4_style_in_context_examples": 3.6732226610183716,
    "plan_bench_replaning_gpt4": 3.3995828072230023,
    "plan_bench_replaning_mini_gpt4": 3.357285209496816,
    "plan_bench_replaning_groundtruth": 46.56803824901581,
    "plan_bench_replaning_openai_human_written_examples": 4.1716872175534565,
    "plan_bench_replaning_rewrite_groundtruth_in_own_words": 4.4078306436538695
}