{
    "mmlu_step_by_step": 4.375897232691447,
    "mmlu_claude": 3.386302200953166,
    "mmlu_gpt4_style_in_context_examples": 4.441849557558696,
    "mmlu_gpt4": 4.941532556215922,
    "mmlu_mini_gpt4": 4.360129626592,
    "mmlu_groundtruth": 23.540637715657553,
    "mmlu_openai_human_written_examples": 5.317581820487976
}