{
    "mmlu_pro_law_step_by_step": 4.3207146247227985,
    "mmlu_pro_law_claude": 3.137075972557068,
    "mmlu_pro_law_gpt4_style_in_context_examples": 4.368721715609232,
    "mmlu_pro_law_gpt4": 4.582510105768839,
    "mmlu_pro_law_mini_gpt4": 3.8781341393788655,
    "mmlu_pro_law_groundtruth": 724.5738341649374,
    "mmlu_pro_law_openai_human_written_examples": 5.563769539197286
}