{
    "mmlu_pro_law_step_by_step": 4.95606638431549,
    "mmlu_pro_law_claude": 3.514638991355896,
    "mmlu_pro_law_gpt4_style_in_context_examples": 5.120611355304718,
    "mmlu_pro_law_gpt4": 5.135111722946167
}