{
    "plan_bench_verification_step_by_step": 1.4887467062473296,
    "plan_bench_verification_claude": 1.6703128004074097,
    "plan_bench_verification_gpt4_style_in_context_examples": 1.3454022049903869,
    "plan_bench_verification_gpt4": 1.5738322055339813,
    "plan_bench_verification_mini_gpt4": 1.989003884792328,
    "plan_bench_verification_groundtruth": 6.830621213912964,
    "plan_bench_verification_openai_human_written_examples": 1.7680731201171875,
    "plan_bench_verification_rewrite_groundtruth_in_own_words": 2.47140656709671
}