{
    "plan_bench_generation_step_by_step": 2.1459369707107543,
    "plan_bench_generation_claude": 2.129988453388214,
    "plan_bench_generation_gpt4_style_in_context_examples": 2.138703875541687,
    "plan_bench_generation_gpt4": 2.3696879029273985,
    "plan_bench_generation_mini_gpt4": 2.6122438502311707,
    "plan_bench_generation_groundtruth": 74.36352025985718,
    "plan_bench_generation_openai_human_written_examples": 2.616430552005768,
    "plan_bench_generation_rewrite_groundtruth_in_own_words": 3.05332989692688
}