{
    "math_geometry_step_by_step": 2.3354640233516695,
    "math_geometry_claude": 2.413599992990494,
    "math_geometry_gpt4_style_in_context_examples": 3.784486390352249,
    "math_geometry_gpt4": 2.3980026018619536,
    "math_geometry_mini_gpt4": 2.342721037864685,
    "math_geometry_groundtruth": 2.890438458919525,
    "math_geometry_openai_human_written_examples": 4.156385390758515,
    "math_geometry_rewrite_groundtruth_in_own_words": 2.79415936589241
}