{
    "mmlu_pro_law_step_by_step": 4.5435337686538695,
    "mmlu_pro_law_claude": 3.2569243144989013,
    "mmlu_pro_law_gpt4_style_in_context_examples": 4.761545829772949,
    "mmlu_pro_law_gpt4": 4.873056979179382,
    "mmlu_pro_law_mini_gpt4": 4.42449227809906,
    "mmlu_pro_law_groundtruth": 37.95546823501587,
    "mmlu_pro_law_openai_human_written_examples": 4.788294143676758
}