{
    "agieval_step_by_step": 4.047686741352082,
    "agieval_claude": 2.9437744319438934,
    "agieval_gpt4_style_in_context_examples": 4.318674823045731
}