{
    "ecqa_step_by_step": 4.2158674657344815,
    "ecqa_claude": 3.895779223442078,
    "ecqa_gpt4_style_in_context_examples": 4.647578780651092,
    "ecqa_gpt4": 4.727100228071213,
    "ecqa_mini_gpt4": 4.874633330106735,
    "ecqa_groundtruth": 11.562641266584397,
    "ecqa_openai_human_written_examples": 4.379770750999451,
    "ecqa_rewrite_groundtruth_in_own_words": 6.215122853517532
}