{
    "boolq_step_by_step": 4.166397573153178,
    "boolq_claude": 2.8697203811009726,
    "boolq_gpt4_style_in_context_examples": 3.7239783481756845,
    "boolq_gpt4": 4.398923538525899,
    "boolq_mini_gpt4": 4.395742547512055,
    "boolq_groundtruth": 6.218005776802698,
    "boolq_openai_human_written_examples": 3.162417090336482
}