{
    "plan_bench_verification_step_by_step": 1.563782389163971,
    "plan_bench_verification_claude": 1.7501611328125,
    "plan_bench_verification_gpt4_style_in_context_examples": 1.4542260074615478,
    "plan_bench_verification_gpt4": 1.5673951840400695,
    "plan_bench_verification_mini_gpt4": 2.229973728656769,
    "plan_bench_verification_groundtruth": 3.837654094696045,
    "plan_bench_verification_openai_human_written_examples": 1.8847994112968445,
    "plan_bench_verification_rewrite_groundtruth_in_own_words": 2.752706961631775
}