{
    "gsm8k_step_by_step": 1.6048984789848328,
    "gsm8k_claude": 1.7664495301246643,
    "gsm8k_gpt4_style_in_context_examples": 1.7138717114925384,
    "gsm8k_gpt4": 1.6614231032133102,
    "gsm8k_mini_gpt4": 1.6466320407390596,
    "gsm8k_groundtruth": 2.2698945021629333,
    "gsm8k_openai_human_written_examples": 1.8096518677473068,
    "gsm8k_rewrite_groundtruth_in_own_words": 3.065473467707634
}