{
    "plan_bench_verification_step_by_step": 1.6037931603193283,
    "plan_bench_verification_claude": 1.7555732589960098,
    "plan_bench_verification_gpt4_style_in_context_examples": 1.5214746958017349,
    "plan_bench_verification_gpt4": 1.685016748905182,
    "plan_bench_verification_mini_gpt4": 2.369184470176697,
    "plan_bench_verification_groundtruth": 47.16448373556137,
    "plan_bench_verification_openai_human_written_examples": 2.0719252610206604,
    "plan_bench_verification_rewrite_groundtruth_in_own_words": 2.91090498149395
}