{
    "plan_bench_generation_step_by_step": 2.0386632299423217,
    "plan_bench_generation_claude": 1.9550462400913238,
    "plan_bench_generation_gpt4_style_in_context_examples": 2.050710915327072,
    "plan_bench_generation_gpt4": 2.1577408015727997,
    "plan_bench_generation_mini_gpt4": 2.4183381676673887
}