{
    "plan_bench_verification_step_by_step": 2.012204110622406,
    "plan_bench_verification_claude": 2.2058320879936217,
    "plan_bench_verification_gpt4_style_in_context_examples": 2.0959054946899416,
    "plan_bench_verification_gpt4": 2.0128469586372377,
    "plan_bench_verification_mini_gpt4": 3.2561835169792177,
    "plan_bench_verification_groundtruth": 7.405716156959533,
    "plan_bench_verification_openai_human_written_examples": 2.460905921459198,
    "plan_bench_verification_rewrite_groundtruth_in_own_words": 2.899814260005951
}