{
    "plan_bench_generation_step_by_step": 2.2590918858846027,
    "plan_bench_generation_claude": 2.0560800313949583,
    "plan_bench_generation_gpt4_style_in_context_examples": 2.3148303707440694,
    "plan_bench_generation_gpt4": 2.6019280711809794,
    "plan_bench_generation_mini_gpt4": 2.863931981722514,
    "plan_bench_generation_groundtruth": 15.262176656723023,
    "plan_bench_generation_openai_human_written_examples": 2.8675506989161175,
    "plan_bench_generation_rewrite_groundtruth_in_own_words": 2.5632099588712056
}