{
    "plan_bench_execution_step_by_step": 2.0271449375152586,
    "plan_bench_execution_claude": 2.606665515899658,
    "plan_bench_execution_gpt4_style_in_context_examples": 2.1909365499019624,
    "plan_bench_execution_gpt4": 2.188242106437683,
    "plan_bench_execution_mini_gpt4": 3.7459648513793944,
    "plan_bench_execution_groundtruth": 10.34708800315857,
    "plan_bench_execution_openai_human_written_examples": 3.2244447588920595,
    "plan_bench_execution_rewrite_groundtruth_in_own_words": 3.5043106484413147
}