{
    "math_geometry_step_by_step": 2.3311473989486693,
    "math_geometry_claude": 2.405523462295532
}