{
    "plan_bench_replaning_step_by_step": 2.594936815897624,
    "plan_bench_replaning_claude": 2.6860053221384685,
    "plan_bench_replaning_gpt4_style_in_context_examples": 3.1429460525512694,
    "plan_bench_replaning_gpt4": 3.336178263028463,
    "plan_bench_replaning_mini_gpt4": 2.889619247118632,
    "plan_bench_replaning_groundtruth": 13.254571990172069,
    "plan_bench_replaning_openai_human_written_examples": 3.6590827226638796,
    "plan_bench_replaning_rewrite_groundtruth_in_own_words": 3.5841104785601297
}