{
    "plan_bench_optimality_step_by_step": 2.1026194632053374,
    "plan_bench_optimality_claude": 2.1081406819820403,
    "plan_bench_optimality_gpt4_style_in_context_examples": 1.8598832488059998,
    "plan_bench_optimality_gpt4": 2.23789960026741,
    "plan_bench_optimality_mini_gpt4": 2.3427174997329714,
    "plan_bench_optimality_groundtruth": 4.869164243936539,
    "plan_bench_optimality_openai_human_written_examples": 2.819177021980286,
    "plan_bench_optimality_rewrite_groundtruth_in_own_words": 2.8377334856987
}