{
    "piqa_step_by_step": 4.096374440193176,
    "piqa_claude": 3.3287267764409383,
    "piqa_gpt4_style_in_context_examples": 5.089104437828064,
    "piqa_gpt4": 5.820030617713928,
    "piqa_mini_gpt4": 4.278808705012003,
    "piqa_groundtruth": 3217863.475,
    "piqa_openai_human_written_examples": 5.5667668660481775
}