{
    "plan_bench_verification_step_by_step": 1.582348608970642,
    "plan_bench_verification_claude": 1.8615620279312133,
    "plan_bench_verification_gpt4_style_in_context_examples": 1.5069975739717483,
    "plan_bench_verification_gpt4": 1.662340191602707,
    "plan_bench_verification_mini_gpt4": 2.344937638640404,
    "plan_bench_verification_groundtruth": 4.083413848876953,
    "plan_bench_verification_openai_human_written_examples": 1.9742661225795746,
    "plan_bench_verification_rewrite_groundtruth_in_own_words": 2.771595298051834
}