{
    "plan_bench_optimality_step_by_step": 1.9588532495498656,
    "plan_bench_optimality_claude": 2.181823365688324,
    "plan_bench_optimality_gpt4_style_in_context_examples": 1.8343911790847778,
    "plan_bench_optimality_gpt4": 2.1733737206459045,
    "plan_bench_optimality_mini_gpt4": 2.277623662948608,
    "plan_bench_optimality_groundtruth": 2.9332535576820375,
    "plan_bench_optimality_openai_human_written_examples": 2.6432576107978822,
    "plan_bench_optimality_rewrite_groundtruth_in_own_words": 2.6370624542236327
}