{
    "mmlu_step_by_step": 4.211356695493063,
    "mmlu_claude": 2.9990220069885254,
    "mmlu_gpt4_style_in_context_examples": 3.991882626215617,
    "mmlu_gpt4": 4.896529173851013,
    "mmlu_mini_gpt4": 4.091300527254741,
    "mmlu_groundtruth": 152.5054069320361,
    "mmlu_openai_human_written_examples": 5.032417225837707
}