{
    "piqa_step_by_step": 3.421078070004781,
    "piqa_claude": 3.223964556058248,
    "piqa_gpt4_style_in_context_examples": 3.9796872615814207,
    "piqa_gpt4": 4.44310515721639,
    "piqa_mini_gpt4": 3.509042437871297,
    "piqa_groundtruth": 355871.4299275716,
    "piqa_openai_human_written_examples": 4.521109787623088
}