{
    "winogrande_step_by_step": 4.060256254673004,
    "winogrande_claude": 3.6466677355766297,
    "winogrande_gpt4_style_in_context_examples": 4.176103365421295,
    "winogrande_gpt4": 4.679586470127106,
    "winogrande_mini_gpt4": 4.066875498294831,
    "winogrande_groundtruth": 6.122400097846985,
    "winogrande_openai_human_written_examples": 3.923473291397095
}