{
    "math_geometry_step_by_step": 2.4177819216251373,
    "math_geometry_claude": 2.7156432843208314
}