{
    "piqa_step_by_step": 4.12931276957194,
    "piqa_claude": 3.6619673649470013,
    "piqa_gpt4_style_in_context_examples": 5.021262494723002,
    "piqa_gpt4": 5.092907381057739,
    "piqa_mini_gpt4": 4.193739795684815,
    "piqa_groundtruth": 163.60469131469728,
    "piqa_openai_human_written_examples": 5.191274015108744
}