{
    "mmlu_moral_scenarios_step_by_step": 3.7786575055122373,
    "mmlu_moral_scenarios_claude": 2.8610348010063174,
    "mmlu_moral_scenarios_gpt4_style_in_context_examples": 3.290732698440552,
    "mmlu_moral_scenarios_gpt4": 4.242442932128906,
    "mmlu_moral_scenarios_mini_gpt4": 3.8463868832588197,
    "mmlu_moral_scenarios_groundtruth": 57.389835771322254,
    "mmlu_moral_scenarios_openai_human_written_examples": 5.264170262813568
}