{
    "agieval_step_by_step": 3.6723803440729776,
    "agieval_claude": 2.805076849460602,
    "agieval_gpt4_style_in_context_examples": 3.488500479857127,
    "agieval_gpt4": 3.5861283699671427,
    "agieval_mini_gpt4": 3.4612142562866213,
    "agieval_groundtruth": 2129621.1305033364,
    "agieval_openai_human_written_examples": 3.6724093993504843
}