{
    "arc_challenge_step_by_step": 3.536785340309143,
    "arc_challenge_claude": 3.489291715621948,
    "arc_challenge_gpt4_style_in_context_examples": 3.8083646297454834,
    "arc_challenge_gpt4": 3.7969269037246702,
    "arc_challenge_mini_gpt4": 4.050464510917664,
    "arc_challenge_groundtruth": 84276.091796875,
    "arc_challenge_openai_human_written_examples": 4.6625916957855225
}