{
    "agieval_step_by_step": 3.508910210132599,
    "agieval_claude": 2.6404721089204153,
    "agieval_gpt4_style_in_context_examples": 3.4217684268951416,
    "agieval_gpt4": 3.9882749660809833,
    "agieval_mini_gpt4": 3.3388010032971702,
    "agieval_groundtruth": 2961784.6353322347,
    "agieval_openai_human_written_examples": 3.6185212663809456
}