{
    "plan_bench_verification_step_by_step": 1.5767397582530975,
    "plan_bench_verification_claude": 1.80816677570343,
    "plan_bench_verification_gpt4_style_in_context_examples": 1.549219241142273,
    "plan_bench_verification_gpt4": 1.6304888427257538,
    "plan_bench_verification_mini_gpt4": 2.4037474071979523,
    "plan_bench_verification_groundtruth": 3.910564866065979,
    "plan_bench_verification_openai_human_written_examples": 1.9733867573738098,
    "plan_bench_verification_rewrite_groundtruth_in_own_words": 2.7635903644561766
}