{
    "mmlu_moral_scenarios_step_by_step": 3.322177381515503,
    "mmlu_moral_scenarios_claude": 2.908142054080963,
    "mmlu_moral_scenarios_gpt4_style_in_context_examples": 3.3114106273651123,
    "mmlu_moral_scenarios_gpt4": 3.393789119720459,
    "mmlu_moral_scenarios_mini_gpt4": 3.1844253158569336,
    "mmlu_moral_scenarios_groundtruth": 89.26637159347534,
    "mmlu_moral_scenarios_openai_human_written_examples": 4.203146462440491
}