{
    "plan_bench_generation_step_by_step": 2.1209479212760924,
    "plan_bench_generation_claude": 2.2080907225608826,
    "plan_bench_generation_gpt4_style_in_context_examples": 2.1474123279253643,
    "plan_bench_generation_gpt4": 2.475871539115906,
    "plan_bench_generation_mini_gpt4": 2.6897155046463013,
    "plan_bench_generation_groundtruth": 107.74795996348062,
    "plan_bench_generation_openai_human_written_examples": 2.741432762145996,
    "plan_bench_generation_rewrite_groundtruth_in_own_words": 3.1455529808998106
}