{
    "plan_bench_replaning_step_by_step": 3.283925449848175,
    "plan_bench_replaning_claude": 2.613348627090454,
    "plan_bench_replaning_gpt4_style_in_context_examples": 3.0029540419578553,
    "plan_bench_replaning_gpt4": 3.078965151309967,
    "plan_bench_replaning_mini_gpt4": 2.6541564106941222,
    "plan_bench_replaning_groundtruth": 8.04099074602127,
    "plan_bench_replaning_openai_human_written_examples": 3.530267035961151,
    "plan_bench_replaning_rewrite_groundtruth_in_own_words": 4.640073490142822
}