{
    "hellaswag_step_by_step": 3.785872631072998,
    "hellaswag_claude": 2.8301481103897093,
    "hellaswag_gpt4_style_in_context_examples": 2.8310420322418213,
    "hellaswag_gpt4": 4.1593025159835815,
    "hellaswag_mini_gpt4": 4.026202898025513,
    "hellaswag_groundtruth": 2957402.246796875,
    "hellaswag_openai_human_written_examples": 4.104269542694092
}