{
    "plan_bench_generalization_step_by_step": 1.6863265419006348,
    "plan_bench_generalization_claude": 1.8720260500907897,
    "plan_bench_generalization_gpt4_style_in_context_examples": 1.4131486225128174,
    "plan_bench_generalization_gpt4": 1.9114032292366028,
    "plan_bench_generalization_mini_gpt4": 1.9103797006607055,
    "plan_bench_generalization_groundtruth": 2.6494458961486815,
    "plan_bench_generalization_openai_human_written_examples": 2.16243745803833,
    "plan_bench_generalization_rewrite_groundtruth_in_own_words": 2.140537211894989
}