{
    "plan_bench_optimality_step_by_step": 2.073616328239441,
    "plan_bench_optimality_claude": 2.015806416273117,
    "plan_bench_optimality_gpt4_style_in_context_examples": 1.8177460551261901,
    "plan_bench_optimality_gpt4": 2.216698155403137,
    "plan_bench_optimality_mini_gpt4": 2.2324514067173005,
    "plan_bench_optimality_groundtruth": 3.5759392940998076,
    "plan_bench_optimality_openai_human_written_examples": 2.7058530473709106,
    "plan_bench_optimality_rewrite_groundtruth_in_own_words": 2.5673875880241392
}