{
    "mmlu_step_by_step": 4.633192372322083,
    "mmlu_claude": 3.0147813320159913,
    "mmlu_gpt4_style_in_context_examples": 3.8656763315200804,
    "mmlu_gpt4": 4.677825236320496,
    "mmlu_mini_gpt4": 4.036108350753784,
    "mmlu_groundtruth": 4754.287930297852,
    "mmlu_openai_human_written_examples": 5.0300534725189205
}