{
    "plan_bench_execution_step_by_step": 1.8854296922683715,
    "plan_bench_execution_claude": 1.928624967734019,
    "plan_bench_execution_gpt4_style_in_context_examples": 2.434642728169759,
    "plan_bench_execution_gpt4": 2.0244519114494324,
    "plan_bench_execution_mini_gpt4": 2.6844932158788044,
    "plan_bench_execution_groundtruth": 1.7830158313115438,
    "plan_bench_execution_openai_human_written_examples": 2.4303202788035074,
    "plan_bench_execution_rewrite_groundtruth_in_own_words": 2.6280893723169965
}