{
    "plan_bench_verification_step_by_step": 1.517792491118113,
    "plan_bench_verification_claude": 1.6563036521275838,
    "plan_bench_verification_gpt4_style_in_context_examples": 1.5104074160257974,
    "plan_bench_verification_gpt4": 1.658323621749878,
    "plan_bench_verification_mini_gpt4": 2.4330535531044006,
    "plan_bench_verification_groundtruth": 37.20262098312378,
    "plan_bench_verification_openai_human_written_examples": 2.075432793299357,
    "plan_bench_verification_rewrite_groundtruth_in_own_words": 2.924249009291331
}