{
    "ecqa_step_by_step": 4.078697209358215,
    "ecqa_claude": 3.901596064567566,
    "ecqa_gpt4_style_in_context_examples": 4.727330684661865,
    "ecqa_gpt4": 4.7194892692565915,
    "ecqa_mini_gpt4": 4.8128839778900145,
    "ecqa_groundtruth": 13.122733488082886,
    "ecqa_openai_human_written_examples": 4.386879134178161,
    "ecqa_rewrite_groundtruth_in_own_words": 6.057521357536316
}