{
    "agieval_step_by_step": 3.871484112739563,
    "agieval_claude": 2.797119677066803,
    "agieval_gpt4_style_in_context_examples": 4.302286505699158,
    "agieval_gpt4": 4.793854284286499,
    "agieval_mini_gpt4": 3.6314186811447144,
    "agieval_groundtruth": 74984.1576171875,
    "agieval_openai_human_written_examples": 6.030292797088623
}