{
    "piqa_step_by_step": 4.244552254676819,
    "piqa_claude": 3.26112380027771,
    "piqa_gpt4_style_in_context_examples": 5.151613378524781,
    "piqa_gpt4": 6.121022582054138,
    "piqa_mini_gpt4": 4.191477656364441,
    "piqa_groundtruth": 1488273.3744140626,
    "piqa_openai_human_written_examples": 5.40421199798584
}