{
    "boolq_step_by_step": 3.6567636370658874,
    "boolq_claude": 2.845249230861664,
    "boolq_gpt4_style_in_context_examples": 3.3383404660224913,
    "boolq_gpt4": 3.9604536581039427,
    "boolq_mini_gpt4": 4.10796362400055,
    "boolq_groundtruth": 12.064968414306641,
    "boolq_openai_human_written_examples": 2.864983820915222
}