{
    "api_bank_step_by_step": 3.7165886878967287,
    "api_bank_claude": 3.7492496967315674,
    "api_bank_gpt4_style_in_context_examples": 4.495332098007202,
    "api_bank_gpt4": 4.4948609352111815,
    "api_bank_mini_gpt4": 4.620350337028503,
    "api_bank_groundtruth": 3.3257543802261353,
    "api_bank_openai_human_written_examples": 3.600700092315674
}