{
    "plan_bench_replaning_step_by_step": 2.7745749485492706,
    "plan_bench_replaning_claude": 2.630041230916977,
    "plan_bench_replaning_gpt4_style_in_context_examples": 3.0292240417003633,
    "plan_bench_replaning_gpt4": 3.19542831659317,
    "plan_bench_replaning_mini_gpt4": 3.043613142967224,
    "plan_bench_replaning_groundtruth": 14.246210881471633,
    "plan_bench_replaning_openai_human_written_examples": 3.7586624538898468,
    "plan_bench_replaning_rewrite_groundtruth_in_own_words": 3.8538399064540863
}