{
    "mmlu_pro_law_step_by_step": 4.345895632108053,
    "mmlu_pro_law_claude": 3.3185795625050862,
    "mmlu_pro_law_gpt4_style_in_context_examples": 5.292951583862305,
    "mmlu_pro_law_gpt4": 5.445249342918396,
    "mmlu_pro_law_mini_gpt4": 4.06595291296641,
    "mmlu_pro_law_groundtruth": 7328.649520874023,
    "mmlu_pro_law_openai_human_written_examples": 6.2694207270940145
}