{
    "piqa_step_by_step": 3.357994294166565,
    "piqa_claude": 3.218844337463379,
    "piqa_gpt4_style_in_context_examples": 3.688853693008423,
    "piqa_gpt4": 4.3577308130264285,
    "piqa_mini_gpt4": 3.2882664966583253,
    "piqa_groundtruth": 1104263.5743554689,
    "piqa_openai_human_written_examples": 4.012393717765808
}