{
    "math_algebra_step_by_step": 1.9470811873674392,
    "math_algebra_claude": 1.972558005452156,
    "math_algebra_gpt4_style_in_context_examples": 3.591917161941528,
    "math_algebra_gpt4": 2.227598027586937,
    "math_algebra_mini_gpt4": 1.9073957186937331,
    "math_algebra_groundtruth": 2.588185194730759,
    "math_algebra_openai_human_written_examples": 2.0687343633174895,
    "math_algebra_rewrite_groundtruth_in_own_words": 2.7044827514886856
}