{
    "mmlu_step_by_step": 4.195261677106221,
    "mmlu_claude": 2.9286686976750693,
    "mmlu_gpt4_style_in_context_examples": 4.385772593816122,
    "mmlu_gpt4": 4.967995651563009,
    "mmlu_mini_gpt4": 4.634767397244771,
    "mmlu_groundtruth": 80.46878807147344,
    "mmlu_openai_human_written_examples": 4.832031909624735
}