{
    "plan_bench_optimality_step_by_step": 2.4416284382343294,
    "plan_bench_optimality_claude": 2.998165123462677,
    "plan_bench_optimality_gpt4_style_in_context_examples": 2.2568285095691683,
    "plan_bench_optimality_gpt4": 2.7313884973526,
    "plan_bench_optimality_mini_gpt4": 2.7922133100032807,
    "plan_bench_optimality_groundtruth": 22.191919298171996,
    "plan_bench_optimality_openai_human_written_examples": 3.4580169200897215,
    "plan_bench_optimality_rewrite_groundtruth_in_own_words": 3.379938862323761
}