{
    "piqa_step_by_step": 3.360002288818359,
    "piqa_claude": 3.0294254279136656
}