{
    "plan_bench_reuse_step_by_step": 2.283535714149475,
    "plan_bench_reuse_claude": 2.3736962378025055,
    "plan_bench_reuse_gpt4_style_in_context_examples": 2.107627193927765,
    "plan_bench_reuse_gpt4": 2.58927526473999,
    "plan_bench_reuse_mini_gpt4": 3.147400072813034,
    "plan_bench_reuse_groundtruth": 7.528210291862488,
    "plan_bench_reuse_openai_human_written_examples": 3.2566421365737916,
    "plan_bench_reuse_rewrite_groundtruth_in_own_words": 3.540400000810623
}