{
    "plan_bench_generalization_step_by_step": 1.7840320885181427,
    "plan_bench_generalization_claude": 1.9844183373451232,
    "plan_bench_generalization_gpt4_style_in_context_examples": 1.5865154564380646,
    "plan_bench_generalization_gpt4": 1.9970545983314514,
    "plan_bench_generalization_mini_gpt4": 2.1359114062786104,
    "plan_bench_generalization_groundtruth": 1.6562658619880677,
    "plan_bench_generalization_openai_human_written_examples": 2.416202560663223,
    "plan_bench_generalization_rewrite_groundtruth_in_own_words": 2.279904866218567
}