{
    "plan_bench_generalization_step_by_step": 1.7951913952827454,
    "plan_bench_generalization_claude": 1.9676332986354828,
    "plan_bench_generalization_gpt4_style_in_context_examples": 1.616139851808548,
    "plan_bench_generalization_gpt4": 2.119404971599579,
    "plan_bench_generalization_mini_gpt4": 2.1441896533966065,
    "plan_bench_generalization_groundtruth": 1.7701287019252776,
    "plan_bench_generalization_openai_human_written_examples": 2.3729824101924897,
    "plan_bench_generalization_rewrite_groundtruth_in_own_words": 2.2553855216503145
}