{
    "mbpp_step_by_step": 3.3946490585803986,
    "mbpp_claude": 7.867295451164246,
    "mbpp_gpt4_style_in_context_examples": 6.337329803705216,
    "mbpp_gpt4": 8.277864003181458,
    "mbpp_mini_gpt4": 6.933447990417481,
    "mbpp_groundtruth": 28.979208962917326,
    "mbpp_openai_human_written_examples": 4.148889701366425,
    "mbpp_rewrite_groundtruth_in_own_words": 15.550278396606446
}