{
    "plan_bench_replaning_step_by_step": 2.763807419538498,
    "plan_bench_replaning_claude": 2.7699223363399508,
    "plan_bench_replaning_gpt4_style_in_context_examples": 3.2003188037872317,
    "plan_bench_replaning_gpt4": 3.4827988004684447,
    "plan_bench_replaning_mini_gpt4": 3.0720144581794737,
    "plan_bench_replaning_groundtruth": 26.463297109603882,
    "plan_bench_replaning_openai_human_written_examples": 3.9386565017700197,
    "plan_bench_replaning_rewrite_groundtruth_in_own_words": 4.258368079662323
}