{
    "api_bank_step_by_step": 3.395824408531189,
    "api_bank_claude": 3.394639050960541,
    "api_bank_gpt4_style_in_context_examples": 4.690532390276591,
    "api_bank_gpt4": 4.323710703849793,
    "api_bank_mini_gpt4": 4.840683086713155,
    "api_bank_groundtruth": 9.002471470832825,
    "api_bank_openai_human_written_examples": 4.167881910006205
}