{
    "plan_bench_verification_step_by_step": 1.6961525758107503,
    "plan_bench_verification_claude": 1.82732652425766,
    "plan_bench_verification_gpt4_style_in_context_examples": 1.687976896762848,
    "plan_bench_verification_gpt4": 1.6993544697761536,
    "plan_bench_verification_mini_gpt4": 2.520953087011973,
    "plan_bench_verification_groundtruth": 5.146571401755015,
    "plan_bench_verification_openai_human_written_examples": 2.1741112073262534,
    "plan_bench_verification_rewrite_groundtruth_in_own_words": 2.9331454475720724
}