{
    "math_algebra_step_by_step": 1.802955734729767,
    "math_algebra_claude": 1.904457551240921,
    "math_algebra_gpt4_style_in_context_examples": 3.6989980578422545,
    "math_algebra_gpt4": 1.8716460013389586,
    "math_algebra_mini_gpt4": 1.8657923412322999,
    "math_algebra_groundtruth": 2.5447129786014555,
    "math_algebra_openai_human_written_examples": 1.9897531163692475,
    "math_algebra_rewrite_groundtruth_in_own_words": 2.7391720163822173
}