{
    "winogrande_step_by_step": 3.421282527446747,
    "winogrande_claude": 3.1064017164707183,
    "winogrande_gpt4_style_in_context_examples": 3.318473720550537,
    "winogrande_gpt4": 4.050466630458832,
    "winogrande_mini_gpt4": 3.3432017517089845,
    "winogrande_groundtruth": 38.3305184006691
}