{
    "plan_bench_replaning_step_by_step": 3.1160772681236266,
    "plan_bench_replaning_claude": 2.9744177579879763,
    "plan_bench_replaning_gpt4_style_in_context_examples": 3.323053014278412,
    "plan_bench_replaning_gpt4": 3.1298607349395753,
    "plan_bench_replaning_mini_gpt4": 3.383964419364929,
    "plan_bench_replaning_groundtruth": 674.762147951126,
    "plan_bench_replaning_openai_human_written_examples": 4.65869311094284,
    "plan_bench_replaning_rewrite_groundtruth_in_own_words": 4.1701120138168335
}