{
    "plan_bench_replaning_step_by_step": 2.7362917721271516,
    "plan_bench_replaning_claude": 2.685005923509598,
    "plan_bench_replaning_gpt4_style_in_context_examples": 3.0574146270751954,
    "plan_bench_replaning_gpt4": 3.055684162378311,
    "plan_bench_replaning_mini_gpt4": 3.007335138320923,
    "plan_bench_replaning_groundtruth": 8.650965267419815,
    "plan_bench_replaning_openai_human_written_examples": 3.61063880443573,
    "plan_bench_replaning_rewrite_groundtruth_in_own_words": 3.6099941754341125
}