{
    "plan_bench_replaning_step_by_step": 2.5968810319900513,
    "plan_bench_replaning_claude": 2.551735246181488,
    "plan_bench_replaning_gpt4_style_in_context_examples": 3.088090129693349,
    "plan_bench_replaning_gpt4": 3.278569531440735,
    "plan_bench_replaning_mini_gpt4": 2.8544652024904886,
    "plan_bench_replaning_groundtruth": 5.386085975170135,
    "plan_bench_replaning_openai_human_written_examples": 3.57584966023763,
    "plan_bench_replaning_rewrite_groundtruth_in_own_words": 3.527260927359263
}