{
    "mmlu_moral_scenarios_step_by_step": 3.777536392211914,
    "mmlu_moral_scenarios_claude": 3.135002613067627,
    "mmlu_moral_scenarios_gpt4_style_in_context_examples": 3.5263489723205566,
    "mmlu_moral_scenarios_gpt4": 3.482453155517578,
    "mmlu_moral_scenarios_mini_gpt4": 3.307398819923401,
    "mmlu_moral_scenarios_groundtruth": 205.8291072845459,
    "mmlu_moral_scenarios_openai_human_written_examples": 4.692569732666016
}