{
    "plan_bench_generalization_step_by_step": 1.5707625985145568,
    "plan_bench_generalization_claude": 1.9405143070220947,
    "plan_bench_generalization_gpt4_style_in_context_examples": 1.3689796257019042,
    "plan_bench_generalization_gpt4": 1.801547555923462,
    "plan_bench_generalization_mini_gpt4": 1.8616274857521058,
    "plan_bench_generalization_groundtruth": 2.5538000154495237,
    "plan_bench_generalization_openai_human_written_examples": 2.3210195469856263,
    "plan_bench_generalization_rewrite_groundtruth_in_own_words": 2.226414759159088
}