{
    "squad_step_by_step": 3.284833586215973,
    "squad_claude": 2.249336504936218,
    "squad_gpt4_style_in_context_examples": 2.6313398122787475,
    "squad_gpt4": 4.029181659221649,
    "squad_mini_gpt4": 2.783523976802826,
    "squad_groundtruth": 7.297851979732513,
    "squad_openai_human_written_examples": 2.0556252241134643
}