{
    "piqa_step_by_step": 4.087921774387359,
    "piqa_claude": 3.726781840324402,
    "piqa_gpt4_style_in_context_examples": 4.832814197540284,
    "piqa_gpt4": 5.110235540866852,
    "piqa_mini_gpt4": 4.204712171554565,
    "piqa_groundtruth": 126.61561447143555,
    "piqa_openai_human_written_examples": 4.732926738262177
}