{
    "mmlu_moral_scenarios_step_by_step": 4.210392260551453,
    "mmlu_moral_scenarios_claude": 3.50464129447937,
    "mmlu_moral_scenarios_gpt4_style_in_context_examples": 4.01746506690979,
    "mmlu_moral_scenarios_gpt4": 3.7385518312454225,
    "mmlu_moral_scenarios_mini_gpt4": 4.056187772750855,
    "mmlu_moral_scenarios_groundtruth": 30.318151569366456,
    "mmlu_moral_scenarios_openai_human_written_examples": 4.754610753059387
}