{
    "piqa_step_by_step": 4.095469636917114,
    "piqa_claude": 3.811343536376953,
    "piqa_gpt4_style_in_context_examples": 4.813301773071289,
    "piqa_gpt4": 5.131040019989014,
    "piqa_mini_gpt4": 4.27082401752472,
    "piqa_groundtruth": 157.35013397216798,
    "piqa_openai_human_written_examples": 4.804492011070251
}