{
    "boolq_step_by_step": 4.237281566858291,
    "boolq_claude": 2.8865833222866057,
    "boolq_gpt4_style_in_context_examples": 3.8511172091960906,
    "boolq_gpt4": 4.7436409854888915,
    "boolq_mini_gpt4": 4.476385650634765,
    "boolq_groundtruth": 5.854316217899322,
    "boolq_openai_human_written_examples": 3.359833775758743
}