{
    "agieval_step_by_step": 3.502431067228317,
    "agieval_claude": 2.68478342294693,
    "agieval_gpt4_style_in_context_examples": 3.422709220647812,
    "agieval_gpt4": 3.7478657388687133,
    "agieval_mini_gpt4": 3.3303421115875245,
    "agieval_groundtruth": 2434841.3383868407,
    "agieval_openai_human_written_examples": 3.7775490033626555
}