{
    "drop_step_by_step": 3.197047795057297,
    "drop_claude": 2.6217580103874205,
    "drop_gpt4_style_in_context_examples": 2.756923546791077,
    "drop_gpt4": 3.171262754201889,
    "drop_mini_gpt4": 2.9765386879444122,
    "drop_groundtruth": 77.73455006361007,
    "drop_openai_human_written_examples": 2.5674754965305326
}