{
    "arc_challenge_step_by_step": 3.8308408093452453,
    "arc_challenge_claude": 2.8498716950416565,
    "arc_challenge_gpt4_style_in_context_examples": 3.285748393535614,
    "arc_challenge_gpt4": 3.8626320600509643,
    "arc_challenge_mini_gpt4": 3.368963918685913,
    "arc_challenge_groundtruth": 35801819.81803253,
    "arc_challenge_openai_human_written_examples": 4.2454978203773495
}