{
    "ecqa_step_by_step": 4.019394183158875,
    "ecqa_claude": 3.8248664140701294,
    "ecqa_gpt4_style_in_context_examples": 4.541613221168518,
    "ecqa_gpt4": 4.298960828781128,
    "ecqa_mini_gpt4": 4.684340286254883,
    "ecqa_groundtruth": 12.593639898300172,
    "ecqa_openai_human_written_examples": 5.113291049003601,
    "ecqa_rewrite_groundtruth_in_own_words": 5.610279607772827
}