{
    "boolq_step_by_step": 3.3155845332145693,
    "boolq_claude": 2.6257318472862243,
    "boolq_gpt4_style_in_context_examples": 2.9084646821022035,
    "boolq_gpt4": 3.434877836704254,
    "boolq_mini_gpt4": 3.1804240489006044,
    "boolq_groundtruth": 39.61564779281616,
    "boolq_openai_human_written_examples": 2.5774318838119505
}