{
    "plan_bench_generation_step_by_step": 2.28775443315506,
    "plan_bench_generation_claude": 2.0207596755027772,
    "plan_bench_generation_gpt4_style_in_context_examples": 2.2847816359996798,
    "plan_bench_generation_gpt4": 2.4909733366966247,
    "plan_bench_generation_mini_gpt4": 2.6888026607036593,
    "plan_bench_generation_groundtruth": 3.491615649461746,
    "plan_bench_generation_openai_human_written_examples": 2.5906583058834074,
    "plan_bench_generation_rewrite_groundtruth_in_own_words": 2.4084284257888795
}