{
    "math_algebra_step_by_step": 1.8568389678001405,
    "math_algebra_claude": 2.1207794618606566,
    "math_algebra_gpt4_style_in_context_examples": 2.7730858087539674,
    "math_algebra_gpt4": 1.8284343194961548,
    "math_algebra_mini_gpt4": 1.8101245498657226,
    "math_algebra_groundtruth": 5.895799100399017,
    "math_algebra_openai_human_written_examples": 1.959248547554016,
    "math_algebra_rewrite_groundtruth_in_own_words": 3.2528721785545347
}