{
    "arc_challenge_step_by_step": 3.681821331977844,
    "arc_challenge_claude": 2.817648751735687,
    "arc_challenge_gpt4_style_in_context_examples": 3.068921570777893,
    "arc_challenge_gpt4": 3.93475177526474,
    "arc_challenge_mini_gpt4": 3.538507523536682,
    "arc_challenge_groundtruth": 68165920.33164063,
    "arc_challenge_openai_human_written_examples": 4.172733421325684
}