{
    "plan_bench_replaning_step_by_step": 2.5619115447998047,
    "plan_bench_replaning_claude": 2.6265795683860778,
    "plan_bench_replaning_gpt4_style_in_context_examples": 3.062903916835785,
    "plan_bench_replaning_gpt4": 3.1027081847190856,
    "plan_bench_replaning_mini_gpt4": 2.9157030725479127,
    "plan_bench_replaning_groundtruth": 6.376969182491303,
    "plan_bench_replaning_openai_human_written_examples": 3.575523853302002,
    "plan_bench_replaning_rewrite_groundtruth_in_own_words": 3.574980981349945
}