{
    "piqa_step_by_step": 4.057757148742676,
    "piqa_claude": 3.585209529399872
}