{
    "mbpp_step_by_step": 2.351731299161911,
    "mbpp_claude": 2.85773557305336,
    "mbpp_gpt4_style_in_context_examples": 2.7840513479709625,
    "mbpp_gpt4": 3.2152250254154207,
    "mbpp_mini_gpt4": 3.6113507461547854,
    "mbpp_groundtruth": 6.26080227971077,
    "mbpp_openai_human_written_examples": 2.6762375831604004,
    "mbpp_rewrite_groundtruth_in_own_words": 3.8994146955013274
}