{
    "math_algebra_step_by_step": 1.8118326246738434,
    "math_algebra_claude": 2.106144322156906
}