{
    "plan_bench_generation_step_by_step": 2.0582452750205995,
    "plan_bench_generation_claude": 1.9450331979990005,
    "plan_bench_generation_gpt4_style_in_context_examples": 2.0175469172000886,
    "plan_bench_generation_gpt4": 2.207508673667908,
    "plan_bench_generation_mini_gpt4": 2.4267074167728424,
    "plan_bench_generation_groundtruth": 4.107022386789322,
    "plan_bench_generation_openai_human_written_examples": 2.423286811709404,
    "plan_bench_generation_rewrite_groundtruth_in_own_words": 2.275731016397476
}