{
    "plan_bench_generation_step_by_step": 2.3302097511291504,
    "plan_bench_generation_claude": 2.064448059797287,
    "plan_bench_generation_gpt4_style_in_context_examples": 2.34322536110878,
    "plan_bench_generation_gpt4": 2.565358327627182,
    "plan_bench_generation_mini_gpt4": 2.79245570063591,
    "plan_bench_generation_groundtruth": 11.789455419778823,
    "plan_bench_generation_openai_human_written_examples": 2.6567551267147063,
    "plan_bench_generation_rewrite_groundtruth_in_own_words": 2.7240626287460326
}