{
    "plan_bench_optimality_step_by_step": 1.844396061897278,
    "plan_bench_optimality_claude": 1.996552734375,
    "plan_bench_optimality_gpt4_style_in_context_examples": 1.692398121356964,
    "plan_bench_optimality_gpt4": 2.076295461654663,
    "plan_bench_optimality_mini_gpt4": 2.0853297448158266,
    "plan_bench_optimality_groundtruth": 5.921332032680511,
    "plan_bench_optimality_openai_human_written_examples": 2.5163160133361817,
    "plan_bench_optimality_rewrite_groundtruth_in_own_words": 2.460025887489319
}