{
    "mmlu_pro_law_step_by_step": 4.59005704720815,
    "mmlu_pro_law_claude": 3.095222274462382,
    "mmlu_pro_law_gpt4_style_in_context_examples": 4.661952543258667,
    "mmlu_pro_law_gpt4": 5.01000341574351,
    "mmlu_pro_law_mini_gpt4": 4.484691055615743,
    "mmlu_pro_law_groundtruth": 134.8297306338946,
    "mmlu_pro_law_openai_human_written_examples": 5.994953695933024
}