{
    "math_geometry_step_by_step": 2.496135377883911,
    "math_geometry_claude": 2.502260076999664,
    "math_geometry_gpt4_style_in_context_examples": 3.164533567428589,
    "math_geometry_gpt4": 3.0356597185134886,
    "math_geometry_mini_gpt4": 2.1574410676956175,
    "math_geometry_groundtruth": 5.095590209960937,
    "math_geometry_openai_human_written_examples": 3.8177894830703734,
    "math_geometry_rewrite_groundtruth_in_own_words": 3.9376580476760865
}