{
    "api_bank_step_by_step": 3.2620583534240724,
    "api_bank_claude": 3.270748567581177,
    "api_bank_gpt4_style_in_context_examples": 4.290500211715698,
    "api_bank_gpt4": 4.100698852539063,
    "api_bank_mini_gpt4": 4.892852306365967,
    "api_bank_groundtruth": 7.333739006519318,
    "api_bank_openai_human_written_examples": 4.4255057096481325
}