{
    "drop_step_by_step": 2.9256131756305694,
    "drop_claude": 1.8633125627040863,
    "drop_gpt4_style_in_context_examples": 2.2421766269207,
    "drop_gpt4": 2.1945005214214324
}