{
    "agieval_step_by_step": 4.241161354780197,
    "agieval_claude": 3.1363105714321136,
    "agieval_gpt4_style_in_context_examples": 4.401709813475609,
    "agieval_gpt4": 4.6548162364959715,
    "agieval_mini_gpt4": 4.16264881670475,
    "agieval_groundtruth": 72109.13336914062,
    "agieval_openai_human_written_examples": 4.515974720716477
}