{
    "plan_bench_optimality_step_by_step": 1.806862862110138,
    "plan_bench_optimality_claude": 2.077030215263367,
    "plan_bench_optimality_gpt4_style_in_context_examples": 1.6739623928070069,
    "plan_bench_optimality_gpt4": 2.0298954677581786,
    "plan_bench_optimality_mini_gpt4": 2.099059298038483,
    "plan_bench_optimality_groundtruth": 6.529979131221771,
    "plan_bench_optimality_openai_human_written_examples": 2.52855313539505,
    "plan_bench_optimality_rewrite_groundtruth_in_own_words": 2.576421890258789
}