{
    "plan_bench_replaning_step_by_step": 3.004230043888092,
    "plan_bench_replaning_claude": 3.0793108534812927
}