{
    "squad_step_by_step": 3.073634620507558,
    "squad_claude": 2.7126748005549115,
    "squad_gpt4_style_in_context_examples": 3.2405627489089968,
    "squad_gpt4": 4.159831325213115,
    "squad_mini_gpt4": 3.8621759176254273,
    "squad_groundtruth": 7.870074820518494,
    "squad_openai_human_written_examples": 2.6585222164789837
}