{
    "plan_bench_optimality_step_by_step": 1.9253615140914917,
    "plan_bench_optimality_claude": 2.03072612285614,
    "plan_bench_optimality_gpt4_style_in_context_examples": 1.736108160018921,
    "plan_bench_optimality_gpt4": 2.001553424199422,
    "plan_bench_optimality_mini_gpt4": 2.1045663436253865,
    "plan_bench_optimality_groundtruth": 4.218101974328359,
    "plan_bench_optimality_openai_human_written_examples": 2.5009529829025268,
    "plan_bench_optimality_rewrite_groundtruth_in_own_words": 2.5603346625963845
}