{
    "plan_bench_execution_step_by_step": 2.3114960392316184,
    "plan_bench_execution_claude": 2.528054432074229,
    "plan_bench_execution_gpt4_style_in_context_examples": 2.460249618689219,
    "plan_bench_execution_gpt4": 2.625109930833181,
    "plan_bench_execution_mini_gpt4": 3.9794845660527547,
    "plan_bench_execution_groundtruth": 12.147029002507528,
    "plan_bench_execution_openai_human_written_examples": 3.5059011379877725,
    "plan_bench_execution_rewrite_groundtruth_in_own_words": 3.726339550813039
}