{
    "math_geometry_step_by_step": 1.923197082678477,
    "math_geometry_claude": 1.8880980094273885,
    "math_geometry_gpt4_style_in_context_examples": 2.543694301446279,
    "math_geometry_gpt4": 2.120217184225718,
    "math_geometry_mini_gpt4": 1.7183382232983908,
    "math_geometry_groundtruth": 2.5425267020861306,
    "math_geometry_openai_human_written_examples": 3.216551379362742,
    "math_geometry_rewrite_groundtruth_in_own_words": 2.447303064664205
}