{
    "plan_bench_generalization_step_by_step": 1.693921160697937,
    "plan_bench_generalization_claude": 2.026503348350525,
    "plan_bench_generalization_gpt4_style_in_context_examples": 1.6796289324760436,
    "plan_bench_generalization_gpt4": 2.2893858432769774,
    "plan_bench_generalization_mini_gpt4": 2.3617205142974855,
    "plan_bench_generalization_groundtruth": 1.5993613004684448,
    "plan_bench_generalization_openai_human_written_examples": 2.3496821761131286,
    "plan_bench_generalization_rewrite_groundtruth_in_own_words": 2.111015808582306
}