{
    "plan_bench_reuse_step_by_step": 2.114963678518931,
    "plan_bench_reuse_claude": 2.4692912379900616,
    "plan_bench_reuse_gpt4_style_in_context_examples": 2.1592708826065063,
    "plan_bench_reuse_gpt4": 2.339710295200348,
    "plan_bench_reuse_mini_gpt4": 3.0891141653060914,
    "plan_bench_reuse_groundtruth": 2.5281105915705364,
    "plan_bench_reuse_openai_human_written_examples": 2.8806928277015684,
    "plan_bench_reuse_rewrite_groundtruth_in_own_words": 3.1517871459325155
}