{
    "mmlu_pro_law_step_by_step": 4.500248146057129,
    "mmlu_pro_law_claude": 3.2070781230926513,
    "mmlu_pro_law_gpt4_style_in_context_examples": 4.758790040016175,
    "mmlu_pro_law_gpt4": 4.225313687324524,
    "mmlu_pro_law_mini_gpt4": 3.9041448831558228,
    "mmlu_pro_law_groundtruth": 549.1159755706788,
    "mmlu_pro_law_openai_human_written_examples": 5.826890087127685
}