{
    "gsm8k_step_by_step": 1.9925957655906676,
    "gsm8k_claude": 2.0094441080093386,
    "gsm8k_gpt4_style_in_context_examples": 1.9469601941108703,
    "gsm8k_gpt4": 1.9077651143074035,
    "gsm8k_mini_gpt4": 1.9589348936080933,
    "gsm8k_groundtruth": 3.3028700399398803,
    "gsm8k_openai_human_written_examples": 2.13453471660614,
    "gsm8k_rewrite_groundtruth_in_own_words": 3.6876496696472167
}