{
    "plan_bench_generalization_step_by_step": 1.552217721939087,
    "plan_bench_generalization_claude": 1.878686797618866,
    "plan_bench_generalization_gpt4_style_in_context_examples": 1.4715993881225586,
    "plan_bench_generalization_gpt4": 2.0092923402786256,
    "plan_bench_generalization_mini_gpt4": 2.282810699939728,
    "plan_bench_generalization_groundtruth": 2.2506840467453,
    "plan_bench_generalization_openai_human_written_examples": 2.1108717560768127,
    "plan_bench_generalization_rewrite_groundtruth_in_own_words": 1.983013963699341
}