{
    "boolq_step_by_step": 3.3743091583251954,
    "boolq_claude": 2.6182835698127747,
    "boolq_gpt4_style_in_context_examples": 2.9435747623443604,
    "boolq_gpt4": 3.427235984802246,
    "boolq_mini_gpt4": 3.224864625930786,
    "boolq_groundtruth": 365.21276836395265,
    "boolq_openai_human_written_examples": 2.8818980932235716
}