{
    "plan_bench_execution_step_by_step": 1.8111660838127137,
    "plan_bench_execution_claude": 1.9857250809669496,
    "plan_bench_execution_gpt4_style_in_context_examples": 2.324135661125183,
    "plan_bench_execution_gpt4": 1.9681207180023192,
    "plan_bench_execution_mini_gpt4": 2.6213084936141966,
    "plan_bench_execution_groundtruth": 4.610743546485901,
    "plan_bench_execution_openai_human_written_examples": 2.5961055755615234,
    "plan_bench_execution_rewrite_groundtruth_in_own_words": 2.559074032306671
}