{
    "mmlu_step_by_step": 3.652664542198181,
    "mmlu_claude": 2.8276882195472717,
    "mmlu_gpt4_style_in_context_examples": 3.7264950323104857,
    "mmlu_gpt4": 4.072845239639282,
    "mmlu_mini_gpt4": 3.6835514736175536,
    "mmlu_groundtruth": 450.4978648757935,
    "mmlu_openai_human_written_examples": 4.276217541694641
}