{
    "plan_bench_reuse_step_by_step": 2.19883339881897,
    "plan_bench_reuse_claude": 2.3549786138534547,
    "plan_bench_reuse_gpt4_style_in_context_examples": 2.141026010513306,
    "plan_bench_reuse_gpt4": 2.406090984344482,
    "plan_bench_reuse_mini_gpt4": 3.16048721075058,
    "plan_bench_reuse_groundtruth": 2.3644357228279116,
    "plan_bench_reuse_openai_human_written_examples": 2.956500563621521,
    "plan_bench_reuse_rewrite_groundtruth_in_own_words": 3.295175416469574
}