{
    "mmlu_pro_law_step_by_step": 4.518889504671097,
    "mmlu_pro_law_claude": 3.380859627723694,
    "mmlu_pro_law_gpt4_style_in_context_examples": 4.915044934749603,
    "mmlu_pro_law_gpt4": 5.017088344097138,
    "mmlu_pro_law_mini_gpt4": 4.341435875892639,
    "mmlu_pro_law_groundtruth": 33.44068752288818,
    "mmlu_pro_law_openai_human_written_examples": 4.950505309104919
}