{
    "mmlu_moral_scenarios_step_by_step": 3.329641349315643,
    "mmlu_moral_scenarios_claude": 2.9169674348831176,
    "mmlu_moral_scenarios_gpt4_style_in_context_examples": 3.2376435589790344,
    "mmlu_moral_scenarios_gpt4": 3.438086040019989,
    "mmlu_moral_scenarios_mini_gpt4": 3.07017652630806,
    "mmlu_moral_scenarios_groundtruth": 343.671983833313,
    "mmlu_moral_scenarios_openai_human_written_examples": 4.2485107016563415
}