{
    "plan_bench_reuse_step_by_step": 2.4865527828534444,
    "plan_bench_reuse_claude": 2.753464098771413,
    "plan_bench_reuse_gpt4_style_in_context_examples": 2.36757777929306,
    "plan_bench_reuse_gpt4": 2.735992626349131,
    "plan_bench_reuse_mini_gpt4": 3.4932188034057616,
    "plan_bench_reuse_groundtruth": 55.85405695438385,
    "plan_bench_reuse_openai_human_written_examples": 3.549010745684306,
    "plan_bench_reuse_rewrite_groundtruth_in_own_words": 4.050236344337463
}