{
    "plan_bench_generalization_step_by_step": 1.8025676250457763,
    "plan_bench_generalization_claude": 1.9997290921211244,
    "plan_bench_generalization_gpt4_style_in_context_examples": 1.6119905495643616,
    "plan_bench_generalization_gpt4": 2.0836511945724485,
    "plan_bench_generalization_mini_gpt4": 2.1438850426673888,
    "plan_bench_generalization_groundtruth": 1.859718279838562,
    "plan_bench_generalization_openai_human_written_examples": 2.343881063461304,
    "plan_bench_generalization_rewrite_groundtruth_in_own_words": 2.313905942440033
}