{
    "plan_bench_replaning_step_by_step": 2.769306911230087,
    "plan_bench_replaning_claude": 2.8425548923015596,
    "plan_bench_replaning_gpt4_style_in_context_examples": 3.2194253158569337,
    "plan_bench_replaning_gpt4": 3.463293038606644,
    "plan_bench_replaning_mini_gpt4": 3.0337748432159426,
    "plan_bench_replaning_groundtruth": 28.404444699287414,
    "plan_bench_replaning_openai_human_written_examples": 3.934822344779968,
    "plan_bench_replaning_rewrite_groundtruth_in_own_words": 4.315702141523361
}