{
    "boolq_step_by_step": 3.161457061767578,
    "boolq_claude": 2.878544044494629,
    "boolq_gpt4_style_in_context_examples": 2.7923694014549256,
    "boolq_gpt4": 3.557675075531006,
    "boolq_mini_gpt4": 3.371443176269531,
    "boolq_groundtruth": 78.53970704078674,
    "boolq_openai_human_written_examples": 2.471411740779877
}