{
    "mmlu_pro_law_step_by_step": 4.522921506563822,
    "mmlu_pro_law_claude": 3.489190395673116,
    "mmlu_pro_law_gpt4_style_in_context_examples": 5.186570358276367,
    "mmlu_pro_law_gpt4": 4.90953544775645,
    "mmlu_pro_law_mini_gpt4": 4.228460224469503,
    "mmlu_pro_law_groundtruth": 42.900819842020674,
    "mmlu_pro_law_openai_human_written_examples": 5.273830874760946
}