{
    "arc_challenge_step_by_step": 2.567470403512319,
    "arc_challenge_claude": 2.5591865181922913,
    "arc_challenge_gpt4_style_in_context_examples": 2.442952871322632,
    "arc_challenge_gpt4": 2.909286908308665,
    "arc_challenge_mini_gpt4": 2.5640389879544574,
    "arc_challenge_groundtruth": 18989183.162190754,
    "arc_challenge_openai_human_written_examples": 2.897763025760651
}