{
    "piqa_step_by_step": 4.33939573764801,
    "piqa_claude": 3.636669659614563,
    "piqa_gpt4_style_in_context_examples": 5.173470664024353,
    "piqa_gpt4": 5.115064263343811,
    "piqa_mini_gpt4": 4.369996333122254,
    "piqa_groundtruth": 166.04838333129882,
    "piqa_openai_human_written_examples": 5.3890789270401
}