{
    "plan_bench_reuse_step_by_step": 2.27282600402832,
    "plan_bench_reuse_claude": 2.324892449378967,
    "plan_bench_reuse_gpt4_style_in_context_examples": 2.032680022716522,
    "plan_bench_reuse_gpt4": 2.2885109543800355,
    "plan_bench_reuse_mini_gpt4": 3.2307300329208375,
    "plan_bench_reuse_groundtruth": 2.572659599781036,
    "plan_bench_reuse_openai_human_written_examples": 2.8005564212799072,
    "plan_bench_reuse_rewrite_groundtruth_in_own_words": 3.0802305221557615
}