{
    "plan_bench_verification_step_by_step": 198.08236694335938,
    "plan_bench_verification_claude": 179.78912353515625,
    "plan_bench_verification_gpt4_style_in_context_examples": 190.7411651611328,
    "plan_bench_verification_gpt4": 188.28494262695312,
    "plan_bench_verification_mini_gpt4": 225.22853088378906,
    "plan_bench_verification_groundtruth": 3596.1484375,
    "plan_bench_verification_openai_human_written_examples": 210.40414428710938,
    "plan_bench_verification_rewrite_groundtruth_in_own_words": 188.63656616210938
}