{
    "plan_bench_generation_step_by_step": 2.134215490023295,
    "plan_bench_generation_claude": 2.0795842965443927,
    "plan_bench_generation_gpt4_style_in_context_examples": 2.263329029083252,
    "plan_bench_generation_gpt4": 2.3323504169782003,
    "plan_bench_generation_mini_gpt4": 2.501209239164988,
    "plan_bench_generation_groundtruth": 96.50191276868185,
    "plan_bench_generation_openai_human_written_examples": 2.791387677192688,
    "plan_bench_generation_rewrite_groundtruth_in_own_words": 3.1112138549486796
}