{
    "piqa_step_by_step": 4.077314805984497,
    "piqa_claude": 3.6084494590759277,
    "piqa_gpt4_style_in_context_examples": 4.871822206179301,
    "piqa_gpt4": 4.970617198944092,
    "piqa_mini_gpt4": 4.084019899368286,
    "piqa_groundtruth": 128.3831864674886,
    "piqa_openai_human_written_examples": 4.970621148745219
}