{
    "math_algebra_step_by_step": 150.81576538085938,
    "math_algebra_claude": 101.58386993408203,
    "math_algebra_gpt4_style_in_context_examples": 263.6968994140625,
    "math_algebra_gpt4": 151.2387237548828,
    "math_algebra_mini_gpt4": 142.0598602294922,
    "math_algebra_groundtruth": 135.21163940429688,
    "math_algebra_openai_human_written_examples": 200.69508361816406,
    "math_algebra_rewrite_groundtruth_in_own_words": 134.5123291015625
}