{
    "mmlu_moral_scenarios_step_by_step": 3.7839836931228636,
    "mmlu_moral_scenarios_claude": 3.3668542194366453,
    "mmlu_moral_scenarios_gpt4_style_in_context_examples": 3.7671268367767334,
    "mmlu_moral_scenarios_gpt4": 3.7862054681777955,
    "mmlu_moral_scenarios_mini_gpt4": 3.675419888496399,
    "mmlu_moral_scenarios_groundtruth": 24.59044771194458,
    "mmlu_moral_scenarios_openai_human_written_examples": 3.872242283821106
}