{
    "plan_bench_replaning_step_by_step": 2.770048294067383,
    "plan_bench_replaning_claude": 2.6800782457987467,
    "plan_bench_replaning_gpt4_style_in_context_examples": 3.1292997300624847,
    "plan_bench_replaning_gpt4": 3.3410573895772298,
    "plan_bench_replaning_mini_gpt4": 3.0563410449028017,
    "plan_bench_replaning_groundtruth": 28.38943920413653,
    "plan_bench_replaning_openai_human_written_examples": 3.771526476939519,
    "plan_bench_replaning_rewrite_groundtruth_in_own_words": 4.090981715917588
}