{
    "winogrande_step_by_step": 15.988316535949707,
    "winogrande_claude": 15.708526611328125,
    "winogrande_gpt4_style_in_context_examples": 20.56204605102539,
    "winogrande_gpt4": 33.89635467529297,
    "winogrande_mini_gpt4": 25.884689331054688,
    "winogrande_groundtruth": 19714.197265625,
    "winogrande_openai_human_written_examples": 33.842342376708984
}