{
    "winogrande_step_by_step": 4.751311062574387,
    "winogrande_claude": 3.8570755821466447,
    "winogrande_gpt4_style_in_context_examples": 4.681303208470345,
    "winogrande_gpt4": 6.511954792737961,
    "winogrande_mini_gpt4": 5.42897630751133,
    "winogrande_groundtruth": 21.350718864798544,
    "winogrande_openai_human_written_examples": 5.53785314232111
}