{
    "plan_bench_replaning_step_by_step": 2.761113963127136,
    "plan_bench_replaning_claude": 2.535267057418823,
    "plan_bench_replaning_gpt4_style_in_context_examples": 3.152708376646042,
    "plan_bench_replaning_gpt4": 3.3573807787895205,
    "plan_bench_replaning_mini_gpt4": 3.0997547161579133,
    "plan_bench_replaning_groundtruth": 24.173006896972655,
    "plan_bench_replaning_openai_human_written_examples": 3.62040558218956,
    "plan_bench_replaning_rewrite_groundtruth_in_own_words": 4.05963458776474
}