{
    "plan_bench_replaning_step_by_step": 291.80780029296875,
    "plan_bench_replaning_claude": 210.98458862304688,
    "plan_bench_replaning_gpt4_style_in_context_examples": 348.2417907714844,
    "plan_bench_replaning_gpt4": 298.7373962402344,
    "plan_bench_replaning_mini_gpt4": 212.81460571289062,
    "plan_bench_replaning_groundtruth": 2558.15771484375,
    "plan_bench_replaning_openai_human_written_examples": 304.6851501464844,
    "plan_bench_replaning_rewrite_groundtruth_in_own_words": 271.69891357421875
}