{
    "agieval_step_by_step": 56.277374267578125,
    "agieval_claude": 34.755123138427734,
    "agieval_gpt4_style_in_context_examples": 66.16072082519531,
    "agieval_gpt4": 74.4710464477539,
    "agieval_mini_gpt4": 42.729347229003906,
    "agieval_groundtruth": 702763264.0,
    "agieval_openai_human_written_examples": 78.02996826171875
}