{
    "drop_step_by_step": 186.0834503173828,
    "drop_claude": 206.41773986816406,
    "drop_gpt4_style_in_context_examples": 238.1470184326172,
    "drop_gpt4": 232.33514404296875,
    "drop_mini_gpt4": 184.10565185546875,
    "drop_groundtruth": 4199.23828125,
    "drop_openai_human_written_examples": 163.89356994628906
}