{
    "mmlu_step_by_step": 13.948847770690918,
    "mmlu_claude": 9.804012298583984,
    "mmlu_gpt4_style_in_context_examples": 14.683221817016602,
    "mmlu_gpt4": 16.588747024536133,
    "mmlu_mini_gpt4": 14.605208396911621,
    "mmlu_groundtruth": NaN,
    "mmlu_openai_human_written_examples": 15.279870986938477
}