{
    "plan_bench_execution_step_by_step": 1.8079562187194824,
    "plan_bench_execution_claude": 1.7558990716934204,
    "plan_bench_execution_gpt4_style_in_context_examples": 2.1685667037963867,
    "plan_bench_execution_gpt4": 1.8762702941894531,
    "plan_bench_execution_mini_gpt4": 2.459355115890503,
    "plan_bench_execution_groundtruth": 5.21262264251709,
    "plan_bench_execution_openai_human_written_examples": 2.3405299186706543,
    "plan_bench_execution_rewrite_groundtruth_in_own_words": 2.4780924320220947
}