{
    "api_bank_step_by_step": 3.3093782472610473,
    "api_bank_claude": 3.3786240404844285,
    "api_bank_gpt4_style_in_context_examples": 4.173455095291137,
    "api_bank_gpt4": 3.8732954275608065,
    "api_bank_mini_gpt4": 4.265578171014786,
    "api_bank_groundtruth": 9.222926536798477,
    "api_bank_openai_human_written_examples": 3.8391730177402494
}