{
    "ecqa_step_by_step": 3.412911605834961,
    "ecqa_claude": 2.905836892127991,
    "ecqa_gpt4_style_in_context_examples": 3.3038176012039187,
    "ecqa_gpt4": 3.7801311683654784,
    "ecqa_mini_gpt4": 3.5389382147789004,
    "ecqa_groundtruth": 17.17485428571701,
    "ecqa_openai_human_written_examples": 3.804235064983368,
    "ecqa_rewrite_groundtruth_in_own_words": 5.741001403331756
}