{
    "math_geometry_step_by_step": 2.382411328156789,
    "math_geometry_claude": 2.378309974273046,
    "math_geometry_gpt4_style_in_context_examples": 3.9571020535628,
    "math_geometry_gpt4": 2.5043804979324342,
    "math_geometry_mini_gpt4": 2.298413211107254,
    "math_geometry_groundtruth": 2.877579334974289,
    "math_geometry_openai_human_written_examples": 4.463801471392314,
    "math_geometry_rewrite_groundtruth_in_own_words": 2.8058877189954123
}