{
    "math_algebra_step_by_step": 1.9005713703632354,
    "math_algebra_claude": 1.927918665409088,
    "math_algebra_gpt4_style_in_context_examples": 3.7449263932704926,
    "math_algebra_gpt4": 2.0198088903427123,
    "math_algebra_mini_gpt4": 1.8759313955307007,
    "math_algebra_groundtruth": 2.5216341466903684,
    "math_algebra_openai_human_written_examples": 2.0364374105930327,
    "math_algebra_rewrite_groundtruth_in_own_words": 2.708289275884628
}