{
    "boolq_step_by_step": 199.68289184570312,
    "boolq_claude": 52.57737350463867,
    "boolq_gpt4_style_in_context_examples": 158.51547241210938,
    "boolq_gpt4": 193.68215942382812,
    "boolq_mini_gpt4": 279.3484191894531,
    "boolq_groundtruth": 69107104.0,
    "boolq_openai_human_written_examples": 192.921142578125
}