{
    "squad_step_by_step": 3.356229543685913,
    "squad_claude": 2.659200668334961,
    "squad_gpt4_style_in_context_examples": 3.364192485809326,
    "squad_gpt4": 4.183206558227539,
    "squad_mini_gpt4": 3.8386456966400146,
    "squad_groundtruth": 5.139534950256348,
    "squad_openai_human_written_examples": 2.6656811237335205
}