{
    "plan_bench_execution_step_by_step": 1.9739109945297242,
    "plan_bench_execution_claude": 2.061494972705841,
    "plan_bench_execution_gpt4_style_in_context_examples": 2.13500727891922,
    "plan_bench_execution_gpt4": 2.060076901912689,
    "plan_bench_execution_mini_gpt4": 2.774845860004425,
    "plan_bench_execution_groundtruth": 5.922762007713318,
    "plan_bench_execution_openai_human_written_examples": 2.4219630646705625,
    "plan_bench_execution_rewrite_groundtruth_in_own_words": 2.8266702771186827
}