{
    "drop_step_by_step": 461.66619873046875,
    "drop_claude": 162.80508422851562,
    "drop_gpt4_style_in_context_examples": 333.3296203613281,
    "drop_gpt4": 1031.6182861328125,
    "drop_mini_gpt4": 268.49627685546875,
    "drop_groundtruth": Infinity,
    "drop_openai_human_written_examples": 288.80157470703125
}