{
    "ecqa_step_by_step": 4.18853684981664,
    "ecqa_claude": 3.8345096937815346,
    "ecqa_gpt4_style_in_context_examples": 4.5544626609484355,
    "ecqa_gpt4": 4.727357546488444,
    "ecqa_mini_gpt4": 4.807865381240845,
    "ecqa_groundtruth": 11.25159318447113,
    "ecqa_openai_human_written_examples": 4.479831471443176,
    "ecqa_rewrite_groundtruth_in_own_words": 6.1137273637453715
}