{
    "boolq_step_by_step": 3.2854756188392638,
    "boolq_claude": 2.5023796939849854,
    "boolq_gpt4_style_in_context_examples": 2.737363851070404,
    "boolq_gpt4": 3.351632788181305,
    "boolq_mini_gpt4": 3.315679953098297,
    "boolq_groundtruth": 28.166845078468324,
    "boolq_openai_human_written_examples": 2.4229914331436158
}