{
    "ecqa_step_by_step": 3.161418914794922,
    "ecqa_claude": 3.154023313522339,
    "ecqa_gpt4_style_in_context_examples": 3.4315812587738037,
    "ecqa_gpt4": 3.5882557153701784,
    "ecqa_mini_gpt4": 3.5157257556915282,
    "ecqa_groundtruth": 17.791667413711547,
    "ecqa_openai_human_written_examples": 3.995228958129883,
    "ecqa_rewrite_groundtruth_in_own_words": 4.989160704612732
}