{
    "arc_challenge_step_by_step": 2.770473673820496,
    "arc_challenge_claude": 2.595771553516388,
    "arc_challenge_gpt4_style_in_context_examples": 2.683329825401306,
    "arc_challenge_gpt4": 2.978675170660019,
    "arc_challenge_mini_gpt4": 2.670901196241379,
    "arc_challenge_groundtruth": 31365408.497658934,
    "arc_challenge_openai_human_written_examples": 3.0673690202236177
}