{
    "hellaswag_step_by_step": 4.841891298294067,
    "hellaswag_claude": 3.8740273332595825,
    "hellaswag_gpt4_style_in_context_examples": 3.703249716758728,
    "hellaswag_gpt4": 6.564134049415588,
    "hellaswag_mini_gpt4": 6.548326416015625,
    "hellaswag_groundtruth": 27261580.2846875,
    "hellaswag_openai_human_written_examples": 6.394390430450439
}