{
    "boolq_step_by_step": 3.3241249486804008,
    "boolq_claude": 2.510187875032425,
    "boolq_gpt4_style_in_context_examples": 2.7498871517181396,
    "boolq_gpt4": 3.200778819322586,
    "boolq_mini_gpt4": 3.2799986091256144,
    "boolq_groundtruth": 22.722008971571924,
    "boolq_openai_human_written_examples": 2.511427013576031
}