{
    "plan_bench_generalization_step_by_step": 1.7185327450434367,
    "plan_bench_generalization_claude": 1.9402315179506937,
    "plan_bench_generalization_gpt4_style_in_context_examples": 1.6482638756434123,
    "plan_bench_generalization_gpt4": 2.034559432665507,
    "plan_bench_generalization_mini_gpt4": 2.190274663766225,
    "plan_bench_generalization_groundtruth": 1.5257068077723186,
    "plan_bench_generalization_openai_human_written_examples": 2.2548462986946105,
    "plan_bench_generalization_rewrite_groundtruth_in_own_words": 2.261100260416667
}