{
    "plan_bench_verification_step_by_step": 1.5714952111244203,
    "plan_bench_verification_claude": 1.717647171020508,
    "plan_bench_verification_gpt4_style_in_context_examples": 1.5192962050437928,
    "plan_bench_verification_gpt4": 1.6084662675857544,
    "plan_bench_verification_mini_gpt4": 2.4035466432571413,
    "plan_bench_verification_groundtruth": 33.41893081665039,
    "plan_bench_verification_openai_human_written_examples": 2.0902575135231016,
    "plan_bench_verification_rewrite_groundtruth_in_own_words": 3.48874089717865
}