{
    "winogrande_step_by_step": 4.062816056013108,
    "winogrande_claude": 3.531649034619331,
    "winogrande_gpt4_style_in_context_examples": 4.0637109845876696,
    "winogrande_gpt4": 4.578648332357407,
    "winogrande_mini_gpt4": 4.094557222425937,
    "winogrande_groundtruth": 5.316774611473083,
    "winogrande_openai_human_written_examples": 3.796376576721668
}