{
    "plan_bench_optimality_step_by_step": 2.4093987067540485,
    "plan_bench_optimality_claude": 2.9398574431737265,
    "plan_bench_optimality_gpt4_style_in_context_examples": 2.2310062328974407,
    "plan_bench_optimality_gpt4": 2.6806625564893087,
    "plan_bench_optimality_mini_gpt4": 2.6850865642229715,
    "plan_bench_optimality_groundtruth": 19.173999897638957,
    "plan_bench_optimality_openai_human_written_examples": 3.3403698205947876,
    "plan_bench_optimality_rewrite_groundtruth_in_own_words": 3.2446436603864033
}