{
    "ecqa_step_by_step": {
        "perplexity": 4.55092955827713,
        "IDF_score": 0.629,
        "log_propability": -414.0,
        "skywork_reward_score": 4.479654947916667,
        "CAR_score": 0.817,
        "cos_similarity": 0.754375
    },
    "ecqa_claude": {
        "perplexity": 4.0795702958107,
        "IDF_score": 0.483,
        "log_propability": -263.0,
        "skywork_reward_score": 4.479654947916667,
        "CAR_score": 0.872,
        "cos_similarity": 0.778155517578125
    },
    "ecqa_gpt4_style_in_context_examples": {
        "perplexity": 4.435913226604462,
        "IDF_score": 0.608,
        "log_propability": -432.0,
        "skywork_reward_score": 4.479654947916667,
        "CAR_score": 0.825,
        "cos_similarity": 0.74621826171875
    },
    "ecqa_gpt4": {
        "perplexity": 5.866693780422211,
        "IDF_score": 0.545,
        "log_propability": -323.0,
        "skywork_reward_score": 4.479654947916667,
        "CAR_score": 0.736,
        "cos_similarity": 0.775877685546875
    },
    "ecqa_mini_gpt4": {
        "perplexity": 5.871292510032654,
        "IDF_score": 0.458,
        "log_propability": -269.0,
        "skywork_reward_score": 4.479654947916667,
        "CAR_score": 0.732,
        "cos_similarity": 0.77965576171875
    },
    "ecqa_groundtruth": {
        "perplexity": 100.63796325206756,
        "IDF_score": 1.6,
        "log_propability": -263.0,
        "skywork_reward_score": 4.479654947916667,
        "CAR_score": 0.325,
        "cos_similarity": 0.6754150390625
    },
    "ecqa_openai_human_written_examples": {
        "perplexity": 5.631167670488358,
        "IDF_score": 0.441,
        "log_propability": -268.0,
        "skywork_reward_score": 4.479654947916667,
        "CAR_score": 0.74,
        "cos_similarity": 0.77957275390625
    },
    "ecqa_rewrite_groundtruth_in_own_words": {
        "perplexity": 11.142114958763123,
        "IDF_score": 0.396,
        "log_propability": -201.0,
        "skywork_reward_score": 4.479654947916667,
        "CAR_score": 0.568,
        "cos_similarity": 0.75244140625
    }
}