{
    "gsm8k_step_by_step": 8.027044296264648,
    "gsm8k_claude": 10.930938720703125,
    "gsm8k_gpt4_style_in_context_examples": 9.707744598388672,
    "gsm8k_gpt4": 11.086343765258789,
    "gsm8k_mini_gpt4": 11.44885540008545,
    "gsm8k_groundtruth": 223.53897094726562,
    "gsm8k_openai_human_written_examples": 62.64178466796875,
    "gsm8k_rewrite_groundtruth_in_own_words": 23.825891494750977
}