{
    "api_bank_step_by_step": 5.426942348480225,
    "api_bank_claude": 4.673166275024414,
    "api_bank_gpt4_style_in_context_examples": 10.087404251098633,
    "api_bank_gpt4": 7.1259765625,
    "api_bank_mini_gpt4": 8.484010696411133,
    "api_bank_groundtruth": 15842.7236328125,
    "api_bank_openai_human_written_examples": 7.004542350769043
}