{
    "plan_bench_execution_step_by_step": 170.34388732910156,
    "plan_bench_execution_claude": 133.9474639892578,
    "plan_bench_execution_gpt4_style_in_context_examples": 297.7958068847656,
    "plan_bench_execution_gpt4": 186.21511840820312,
    "plan_bench_execution_mini_gpt4": 171.53826904296875,
    "plan_bench_execution_groundtruth": 437.23187255859375,
    "plan_bench_execution_openai_human_written_examples": 149.4392547607422,
    "plan_bench_execution_rewrite_groundtruth_in_own_words": 160.65435791015625
}