{
    "api_bank_step_by_step": 3.35805659532547,
    "api_bank_claude": 3.351357105255127,
    "api_bank_gpt4_style_in_context_examples": 4.1502954127788545,
    "api_bank_gpt4": 3.9329043707847595,
    "api_bank_mini_gpt4": 4.180883503675461,
    "api_bank_groundtruth": 8.93849234175682,
    "api_bank_openai_human_written_examples": 3.833852207660675
}