{
    "ecqa_step_by_step": 4.405531269311905,
    "ecqa_claude": 3.7133453387022017,
    "ecqa_gpt4_style_in_context_examples": 4.269680460691452,
    "ecqa_gpt4": 5.552989768981933,
    "ecqa_mini_gpt4": 5.280221698284149,
    "ecqa_groundtruth": 37.04323165416717,
    "ecqa_openai_human_written_examples": 5.150114679336548,
    "ecqa_rewrite_groundtruth_in_own_words": 8.804615161418916
}