{
    "math_geometry_step_by_step": {
        "perplexity": 2.5207805025577543,
        "IDF_score": 0.898,
        "log_propability": -589.0,
        "skywork_reward_score": 15.224173177083333,
        "CAR_score": 4.2,
        "cos_similarity": 0.823436279296875
    },
    "math_geometry_claude": {
        "perplexity": 2.612794517874718,
        "IDF_score": 0.797,
        "log_propability": -341.0,
        "skywork_reward_score": 15.224173177083333,
        "CAR_score": 3.99,
        "cos_similarity": 0.7580218505859375
    },
    "math_geometry_gpt4_style_in_context_examples": {
        "perplexity": 4.040860158801078,
        "IDF_score": 0.905,
        "log_propability": -749.0,
        "skywork_reward_score": 15.224173177083333,
        "CAR_score": 3.33,
        "cos_similarity": 0.8075286865234375
    },
    "math_geometry_gpt4": {
        "perplexity": 2.682948244214058,
        "IDF_score": 0.893,
        "log_propability": -565.0,
        "skywork_reward_score": 15.224173177083333,
        "CAR_score": 4.06,
        "cos_similarity": 0.826614990234375
    },
    "math_geometry_mini_gpt4": {
        "perplexity": 2.368279403448105,
        "IDF_score": 0.891,
        "log_propability": -541.0,
        "skywork_reward_score": 15.224173177083333,
        "CAR_score": 4.39,
        "cos_similarity": 0.829222412109375
    },
    "math_geometry_groundtruth": {
        "perplexity": 7.1512868195772175,
        "IDF_score": 1.26,
        "log_propability": -504.0,
        "skywork_reward_score": 15.224173177083333,
        "CAR_score": 2.42,
        "cos_similarity": 0.766405029296875
    },
    "math_geometry_openai_human_written_examples": {
        "perplexity": 4.817161364555359,
        "IDF_score": 0.89,
        "log_propability": -716.0,
        "skywork_reward_score": 15.224173177083333,
        "CAR_score": 3.11,
        "cos_similarity": 0.8121240234375
    },
    "math_geometry_rewrite_groundtruth_in_own_words": {
        "perplexity": 3.4980648535490038,
        "IDF_score": 0.873,
        "log_propability": -447.0,
        "skywork_reward_score": 15.224173177083333,
        "CAR_score": 3.33,
        "cos_similarity": 0.82963623046875
    }
}