{
    "arc_challenge_step_by_step": 3.480250039100647,
    "arc_challenge_claude": 2.890143711566925,
    "arc_challenge_gpt4_style_in_context_examples": 3.1583815944194793,
    "arc_challenge_gpt4": 3.793222750425339,
    "arc_challenge_mini_gpt4": 3.4267357742786406,
    "arc_challenge_groundtruth": 48771420.51257114,
    "arc_challenge_openai_human_written_examples": 4.124332376718521
}