{
    "hellaswag_step_by_step": 4.663015254338583,
    "hellaswag_claude": 3.871460525194804,
    "hellaswag_gpt4_style_in_context_examples": 3.4943306048711142,
    "hellaswag_gpt4": 4.986666345596314,
    "hellaswag_mini_gpt4": 5.520121677716573,
    "hellaswag_groundtruth": 270.8705032348633,
    "hellaswag_openai_human_written_examples": 5.025890159606933
}