{
    "plan_bench_verification_step_by_step": 1.5697611945867538,
    "plan_bench_verification_claude": 1.799161942601204,
    "plan_bench_verification_gpt4_style_in_context_examples": 1.5037891298532486,
    "plan_bench_verification_gpt4": 1.6384053540229797,
    "plan_bench_verification_mini_gpt4": 2.295961305499077,
    "plan_bench_verification_groundtruth": 4.203100510835648,
    "plan_bench_verification_openai_human_written_examples": 1.9397200393676757,
    "plan_bench_verification_rewrite_groundtruth_in_own_words": 2.7202470010519026
}