{
    "piqa_step_by_step": 3.4573248624801636,
    "piqa_claude": 3.039819931983948,
    "piqa_gpt4_style_in_context_examples": 4.007134413719177,
    "piqa_gpt4": 4.023214101791382,
    "piqa_mini_gpt4": 3.3335138320922852,
    "piqa_groundtruth": 1665105.5505615235,
    "piqa_openai_human_written_examples": 4.403471803665161
}