{
    "drop_step_by_step": 13.511995315551758,
    "drop_claude": 15.405157089233398,
    "drop_gpt4_style_in_context_examples": 16.393733978271484,
    "drop_gpt4": 25.821706771850586,
    "drop_mini_gpt4": 21.28622817993164,
    "drop_groundtruth": 44245.94921875,
    "drop_openai_human_written_examples": 27.23159408569336
}