{
    "plan_bench_verification_step_by_step": {
        "perplexity": 1.442243344783783,
        "IDF_score": 0.744,
        "log_propability": -173.0,
        "skywork_reward_score": -2.088102315266927,
        "CAR_score": -1.02,
        "cos_similarity": 0.98396484375
    },
    "plan_bench_verification_claude": {
        "perplexity": 1.451492874622345,
        "IDF_score": 0.545,
        "log_propability": -92.1,
        "skywork_reward_score": -2.088102315266927,
        "CAR_score": -0.993,
        "cos_similarity": 0.97708984375
    },
    "plan_bench_verification_gpt4_style_in_context_examples": {
        "perplexity": 1.3023083209991455,
        "IDF_score": 0.697,
        "log_propability": -125.0,
        "skywork_reward_score": -2.088102315266927,
        "CAR_score": -1.17,
        "cos_similarity": 0.98873046875
    },
    "plan_bench_verification_gpt4": {
        "perplexity": 1.44092679977417,
        "IDF_score": 0.718,
        "log_propability": -169.0,
        "skywork_reward_score": -2.088102315266927,
        "CAR_score": -1.01,
        "cos_similarity": 0.982548828125
    },
    "plan_bench_verification_mini_gpt4": {
        "perplexity": 1.8548903346061707,
        "IDF_score": 0.652,
        "log_propability": -244.0,
        "skywork_reward_score": -2.088102315266927,
        "CAR_score": -0.743,
        "cos_similarity": 0.96978515625
    },
    "plan_bench_verification_groundtruth": {
        "perplexity": 69.00886009216309,
        "IDF_score": 1.33,
        "log_propability": -38.0,
        "skywork_reward_score": -2.088102315266927,
        "CAR_score": -0.153,
        "cos_similarity": 0.775849609375
    },
    "plan_bench_verification_openai_human_written_examples": {
        "perplexity": 1.674959352016449,
        "IDF_score": 0.641,
        "log_propability": -156.0,
        "skywork_reward_score": -2.088102315266927,
        "CAR_score": -0.841,
        "cos_similarity": 0.97841796875
    },
    "plan_bench_verification_rewrite_groundtruth_in_own_words": {
        "perplexity": 2.3955231165885924,
        "IDF_score": 0.556,
        "log_propability": -227.0,
        "skywork_reward_score": -2.088102315266927,
        "CAR_score": -0.594,
        "cos_similarity": 0.94873046875
    }
}