{
    "plan_bench_optimality_step_by_step": 2.3489009141921997,
    "plan_bench_optimality_claude": 2.8784663915634154,
    "plan_bench_optimality_gpt4_style_in_context_examples": 2.2477487087249757,
    "plan_bench_optimality_gpt4": 2.418974244594574,
    "plan_bench_optimality_mini_gpt4": 2.5683535814285277,
    "plan_bench_optimality_groundtruth": 19.38852252960205,
    "plan_bench_optimality_openai_human_written_examples": 3.5131735801696777,
    "plan_bench_optimality_rewrite_groundtruth_in_own_words": 2.9923613548278807
}