{
    "ecqa_step_by_step": 4.3201403594017025,
    "ecqa_claude": 3.6759415960311888,
    "ecqa_gpt4_style_in_context_examples": 4.294357495307922,
    "ecqa_gpt4": 5.339233770370483,
    "ecqa_mini_gpt4": 5.277243301868439,
    "ecqa_groundtruth": 38.61704288482666,
    "ecqa_openai_human_written_examples": 5.134008045196533,
    "ecqa_rewrite_groundtruth_in_own_words": 8.48009512424469
}