{
    "plan_bench_replaning_step_by_step": 2.696212363640467,
    "plan_bench_replaning_claude": 2.5875335343678794,
    "plan_bench_replaning_gpt4_style_in_context_examples": 3.1312766166528068,
    "plan_bench_replaning_gpt4": 3.198368718226751,
    "plan_bench_replaning_mini_gpt4": 2.9628625337282815,
    "plan_bench_replaning_groundtruth": 7.360005114873251,
    "plan_bench_replaning_openai_human_written_examples": 3.512958220243454,
    "plan_bench_replaning_rewrite_groundtruth_in_own_words": 3.7332767208417255
}