{
    "agieval_step_by_step": 3.27354474067688,
    "agieval_claude": 2.4784252524375914,
    "agieval_gpt4_style_in_context_examples": 2.9134775042533874,
    "agieval_gpt4": 3.2916656255722048,
    "agieval_mini_gpt4": 3.138566732406616,
    "agieval_groundtruth": 9012542.233691406,
    "agieval_openai_human_written_examples": 2.8432299375534056
}