{
    "piqa_step_by_step": 4.012996673583984,
    "piqa_claude": 3.6317436695098877,
    "piqa_gpt4_style_in_context_examples": 4.769694805145264,
    "piqa_gpt4": 5.030372619628906,
    "piqa_mini_gpt4": 4.135790824890137,
    "piqa_groundtruth": 79.90113830566406,
    "piqa_openai_human_written_examples": 4.435286045074463
}