{
    "piqa_step_by_step": 4.112055177688599,
    "piqa_claude": 3.6537926530838014,
    "piqa_gpt4_style_in_context_examples": 4.994621357917786,
    "piqa_gpt4": 5.156541714668274,
    "piqa_mini_gpt4": 4.239043612480163,
    "piqa_groundtruth": 125.80652618408203,
    "piqa_openai_human_written_examples": 4.78885971069336
}