{
    "plan_bench_generalization_step_by_step": 1.7381533622741698,
    "plan_bench_generalization_claude": 1.9500617861747742,
    "plan_bench_generalization_gpt4_style_in_context_examples": 1.5440282344818115,
    "plan_bench_generalization_gpt4": 1.8656275749206543,
    "plan_bench_generalization_mini_gpt4": 1.9496490359306335,
    "plan_bench_generalization_groundtruth": 1.4878231644630433,
    "plan_bench_generalization_openai_human_written_examples": 2.029926931858063,
    "plan_bench_generalization_rewrite_groundtruth_in_own_words": 2.4832399129867553
}