{
    "plan_bench_reuse_step_by_step": 2.191180531978607,
    "plan_bench_reuse_claude": 2.3407809805870055,
    "plan_bench_reuse_gpt4_style_in_context_examples": 2.136908257007599,
    "plan_bench_reuse_gpt4": 2.3911604475975037,
    "plan_bench_reuse_mini_gpt4": 3.149041328430176,
    "plan_bench_reuse_groundtruth": 2.379525406360626,
    "plan_bench_reuse_openai_human_written_examples": 2.9357633638381957,
    "plan_bench_reuse_rewrite_groundtruth_in_own_words": 3.278186581134796
}