{
    "plan_bench_execution_step_by_step": 2.002419217824936,
    "plan_bench_execution_claude": 2.6457283163070677,
    "plan_bench_execution_gpt4_style_in_context_examples": 2.1884759879112243,
    "plan_bench_execution_gpt4": 2.1137839579582214,
    "plan_bench_execution_mini_gpt4": 3.6953822338581084,
    "plan_bench_execution_groundtruth": 9.61888503074646,
    "plan_bench_execution_openai_human_written_examples": 3.123601026535034,
    "plan_bench_execution_rewrite_groundtruth_in_own_words": 3.350338759422302
}