{
    "mbpp_step_by_step": 3.373934726423352,
    "mbpp_claude": 5.9858052154633565,
    "mbpp_gpt4_style_in_context_examples": 5.174756882059926,
    "mbpp_gpt4": 7.349550807274847,
    "mbpp_mini_gpt4": 7.290541405164743,
    "mbpp_groundtruth": 20.591308479319142,
    "mbpp_openai_human_written_examples": 3.916749873996284,
    "mbpp_rewrite_groundtruth_in_own_words": 11.389784449514961
}