{
    "agieval_step_by_step": 3.525006148815155,
    "agieval_claude": 2.623449669480324,
    "agieval_gpt4_style_in_context_examples": 3.4716495040059088,
    "agieval_gpt4": 3.9849440628290176,
    "agieval_mini_gpt4": 3.3251242405176162,
    "agieval_groundtruth": 3794001.642971878,
    "agieval_openai_human_written_examples": 3.5914201873540876
}