{
    "mmlu_pro_law_step_by_step": 4.041411743760109,
    "mmlu_pro_law_claude": 3.0073708322644235,
    "mmlu_pro_law_gpt4_style_in_context_examples": 4.217504055202007,
    "mmlu_pro_law_gpt4": 4.449365120530128,
    "mmlu_pro_law_mini_gpt4": 3.6073037979006766,
    "mmlu_pro_law_groundtruth": 881.783035724163,
    "mmlu_pro_law_openai_human_written_examples": 4.705492662787438
}