{
    "piqa_step_by_step": 13.624656677246094,
    "piqa_claude": 8.879329681396484,
    "piqa_gpt4_style_in_context_examples": 23.354278564453125,
    "piqa_gpt4": 26.374801635742188,
    "piqa_mini_gpt4": 15.874649047851562,
    "piqa_groundtruth": 1064672.25,
    "piqa_openai_human_written_examples": 33.36885452270508
}