{
    "plan_bench_replaning_step_by_step": 3.0657188057899476,
    "plan_bench_replaning_claude": 3.102997696399689,
    "plan_bench_replaning_gpt4_style_in_context_examples": 3.2027830839157105,
    "plan_bench_replaning_gpt4": 5.713940453529358,
    "plan_bench_replaning_mini_gpt4": 3.26736319065094,
    "plan_bench_replaning_groundtruth": 21.607717275619507,
    "plan_bench_replaning_openai_human_written_examples": 3.7934086084365846,
    "plan_bench_replaning_rewrite_groundtruth_in_own_words": 3.81358060836792
}