{
    "ecqa_step_by_step": 10.96576976776123,
    "ecqa_claude": 7.046573638916016,
    "ecqa_gpt4_style_in_context_examples": 10.857625961303711,
    "ecqa_gpt4": 14.367680549621582,
    "ecqa_mini_gpt4": 14.787071228027344,
    "ecqa_groundtruth": 360.9082946777344,
    "ecqa_openai_human_written_examples": 12.535924911499023,
    "ecqa_rewrite_groundtruth_in_own_words": 48.41870880126953
}