{
    "plan_bench_generation_step_by_step": 2.1592129135131835,
    "plan_bench_generation_claude": 2.183593487739563,
    "plan_bench_generation_gpt4_style_in_context_examples": 2.1969801318645477,
    "plan_bench_generation_gpt4": 2.325784946680069,
    "plan_bench_generation_mini_gpt4": 2.63319570183754,
    "plan_bench_generation_groundtruth": 63.13484543323517,
    "plan_bench_generation_openai_human_written_examples": 2.678095455169678,
    "plan_bench_generation_rewrite_groundtruth_in_own_words": 2.934092811346054
}