{
    "plan_bench_verification_step_by_step": 1.5103894869486492,
    "plan_bench_verification_claude": 1.7549265424410503,
    "plan_bench_verification_gpt4_style_in_context_examples": 1.522938104470571,
    "plan_bench_verification_gpt4": 1.6559439659118653,
    "plan_bench_verification_mini_gpt4": 2.390894953409831,
    "plan_bench_verification_groundtruth": 3.922040359179179,
    "plan_bench_verification_openai_human_written_examples": 1.949646786848704,
    "plan_bench_verification_rewrite_groundtruth_in_own_words": 2.820420002937317
}