{
    "mmlu_step_by_step": 4.556362152099609,
    "mmlu_claude": 3.233834743499756,
    "mmlu_gpt4_style_in_context_examples": 4.517776012420654,
    "mmlu_gpt4": 5.0483269691467285,
    "mmlu_mini_gpt4": 4.271175384521484,
    "mmlu_groundtruth": 26.090173721313477,
    "mmlu_openai_human_written_examples": 4.948840141296387
}