{
    "piqa_step_by_step": 4.351865291595459,
    "piqa_claude": 3.6666855812072754,
    "piqa_gpt4_style_in_context_examples": 5.8626251220703125,
    "piqa_gpt4": 6.492584705352783,
    "piqa_mini_gpt4": 5.075491428375244,
    "piqa_groundtruth": 9599353.0,
    "piqa_openai_human_written_examples": 6.3424072265625
}