{
    "plan_bench_reuse_step_by_step": 2.0894556323687237,
    "plan_bench_reuse_claude": 2.414332087834676,
    "plan_bench_reuse_gpt4_style_in_context_examples": 2.130432339509328,
    "plan_bench_reuse_gpt4": 2.315016281604767,
    "plan_bench_reuse_mini_gpt4": 3.0490663687388104,
    "plan_bench_reuse_groundtruth": 2.386012581984202,
    "plan_bench_reuse_openai_human_written_examples": 2.7930063605308533,
    "plan_bench_reuse_rewrite_groundtruth_in_own_words": 3.0764787077903746
}