{
    "plan_bench_verification_step_by_step": 1.5614536881446839,
    "plan_bench_verification_claude": 1.8517523288726807,
    "plan_bench_verification_gpt4_style_in_context_examples": 1.5146937847137452,
    "plan_bench_verification_gpt4": 1.5981552720069885,
    "plan_bench_verification_mini_gpt4": 2.2413300395011904,
    "plan_bench_verification_groundtruth": 3.9285927057266234,
    "plan_bench_verification_openai_human_written_examples": 1.9225882530212401,
    "plan_bench_verification_rewrite_groundtruth_in_own_words": 2.602241563796997
}