{
    "plan_bench_generalization_step_by_step": 1.5772133827209474,
    "plan_bench_generalization_claude": 1.8946110010147095,
    "plan_bench_generalization_gpt4_style_in_context_examples": 1.446911358833313,
    "plan_bench_generalization_gpt4": 1.7880439639091492,
    "plan_bench_generalization_mini_gpt4": 1.8195020079612731,
    "plan_bench_generalization_groundtruth": 2.446777820587158,
    "plan_bench_generalization_openai_human_written_examples": 1.9334838747978211,
    "plan_bench_generalization_rewrite_groundtruth_in_own_words": 2.3501037478446962
}