{
    "gsm8k_step_by_step": 1.938777072429657,
    "gsm8k_claude": 2.0781742513179777,
    "gsm8k_gpt4_style_in_context_examples": 2.0420537507534027,
    "gsm8k_gpt4": 2.0283140885829924,
    "gsm8k_mini_gpt4": 1.9407412362098695,
    "gsm8k_groundtruth": 4.552028554677963,
    "gsm8k_openai_human_written_examples": 2.1469819378852844,
    "gsm8k_rewrite_groundtruth_in_own_words": 3.915023946762085
}