{
    "mmlu_moral_scenarios_step_by_step": 3.2854050266742707,
    "mmlu_moral_scenarios_claude": 2.9260993361473084,
    "mmlu_moral_scenarios_gpt4_style_in_context_examples": 3.2791260826587676,
    "mmlu_moral_scenarios_gpt4": 3.4544251310825347,
    "mmlu_moral_scenarios_mini_gpt4": 3.03996824324131,
    "mmlu_moral_scenarios_groundtruth": 226.94334743499755,
    "mmlu_moral_scenarios_openai_human_written_examples": 4.211910347938538
}