{
    "hellaswag_step_by_step": 165.87525939941406,
    "hellaswag_claude": 79.00250244140625,
    "hellaswag_gpt4_style_in_context_examples": 155.0103759765625,
    "hellaswag_gpt4": 192.50677490234375,
    "hellaswag_mini_gpt4": 113.64361572265625,
    "hellaswag_groundtruth": 1641207.375,
    "hellaswag_openai_human_written_examples": 159.31101989746094
}