{
    "plan_bench_generalization_step_by_step": 1.6489753246307373,
    "plan_bench_generalization_claude": 2.063755762577057,
    "plan_bench_generalization_gpt4_style_in_context_examples": 1.7507935523986817,
    "plan_bench_generalization_gpt4": 1.9691550016403199,
    "plan_bench_generalization_mini_gpt4": 2.381588864326477,
    "plan_bench_generalization_groundtruth": 1.895386242866516,
    "plan_bench_generalization_openai_human_written_examples": 2.370800805091858,
    "plan_bench_generalization_rewrite_groundtruth_in_own_words": 2.4420600056648256
}