{
    "plan_bench_replaning_step_by_step": 2.6027689599990844,
    "plan_bench_replaning_claude": 2.7412506675720216,
    "plan_bench_replaning_gpt4_style_in_context_examples": 3.050716292858124,
    "plan_bench_replaning_gpt4": 3.188417067527771,
    "plan_bench_replaning_mini_gpt4": 2.9669472432136534,
    "plan_bench_replaning_groundtruth": 29.76938818693161,
    "plan_bench_replaning_openai_human_written_examples": 3.669290442466736,
    "plan_bench_replaning_rewrite_groundtruth_in_own_words": 3.908224632740021
}