{
    "plan_bench_generation_step_by_step": 2.155461593468984,
    "plan_bench_generation_claude": 2.185247576236725,
    "plan_bench_generation_gpt4_style_in_context_examples": 2.2192105412483216,
    "plan_bench_generation_gpt4": 2.1662285327911377,
    "plan_bench_generation_mini_gpt4": 2.552175760269165,
    "plan_bench_generation_groundtruth": 105.03900230725607,
    "plan_bench_generation_openai_human_written_examples": 2.5861512422561646,
    "plan_bench_generation_rewrite_groundtruth_in_own_words": 3.370708680152893
}