{
    "ecqa_step_by_step": 156.28712463378906,
    "ecqa_claude": 85.53166961669922,
    "ecqa_gpt4_style_in_context_examples": 122.97967529296875,
    "ecqa_gpt4": 154.22412109375,
    "ecqa_mini_gpt4": 100.8550033569336,
    "ecqa_groundtruth": 1263.00390625,
    "ecqa_openai_human_written_examples": 120.29366302490234,
    "ecqa_rewrite_groundtruth_in_own_words": 192.1609344482422
}