{
    "squad_step_by_step": 2.6436124830245973,
    "squad_claude": 2.177006492614746,
    "squad_gpt4_style_in_context_examples": 2.5166082134246825,
    "squad_gpt4": 3.426224501609802,
    "squad_mini_gpt4": 2.692495486497879,
    "squad_groundtruth": 52.28020960235596,
    "squad_openai_human_written_examples": 2.0932129549980165
}