{
    "plan_bench_optimality_step_by_step": {
        "perplexity": 1.986179850101471,
        "IDF_score": 0.694,
        "log_propability": -289.0,
        "skywork_reward_score": -7.439677734375,
        "CAR_score": -2.47,
        "cos_similarity": 0.90669921875
    },
    "plan_bench_optimality_claude": {
        "perplexity": 2.233024275302887,
        "IDF_score": 0.576,
        "log_propability": -192.0,
        "skywork_reward_score": -7.439677734375,
        "CAR_score": -2.2,
        "cos_similarity": 0.91396484375
    },
    "plan_bench_optimality_gpt4_style_in_context_examples": {
        "perplexity": 1.8564934897422791,
        "IDF_score": 0.677,
        "log_propability": -262.0,
        "skywork_reward_score": -7.439677734375,
        "CAR_score": -2.65,
        "cos_similarity": 0.901962890625
    },
    "plan_bench_optimality_gpt4": {
        "perplexity": 2.214111659526825,
        "IDF_score": 0.67,
        "log_propability": -311.0,
        "skywork_reward_score": -7.439677734375,
        "CAR_score": -2.24,
        "cos_similarity": 0.91607421875
    },
    "plan_bench_optimality_mini_gpt4": {
        "perplexity": 2.3382064509391784,
        "IDF_score": 0.661,
        "log_propability": -323.0,
        "skywork_reward_score": -7.439677734375,
        "CAR_score": -2.12,
        "cos_similarity": 0.913271484375
    },
    "plan_bench_optimality_groundtruth": {
        "perplexity": 15.627851123809814,
        "IDF_score": 0.319,
        "log_propability": -71.1,
        "skywork_reward_score": -7.439677734375,
        "CAR_score": -1.05,
        "cos_similarity": 0.4852880859375
    },
    "plan_bench_optimality_openai_human_written_examples": {
        "perplexity": 2.719783923625946,
        "IDF_score": 0.613,
        "log_propability": -289.0,
        "skywork_reward_score": -7.439677734375,
        "CAR_score": -1.88,
        "cos_similarity": 0.91052734375
    },
    "plan_bench_optimality_rewrite_groundtruth_in_own_words": {
        "perplexity": 2.9311425638198854,
        "IDF_score": 0.633,
        "log_propability": -276.0,
        "skywork_reward_score": -7.439677734375,
        "CAR_score": -1.8,
        "cos_similarity": 0.903466796875
    }
}