{
    "plan_bench_verification_step_by_step": {
        "perplexity": 1.404712200164795,
        "IDF_score": 0.76,
        "log_propability": -185.0,
        "skywork_reward_score": -2.088102315266927,
        "CAR_score": -1.05,
        "cos_similarity": 0.982763671875
    },
    "plan_bench_verification_claude": {
        "perplexity": 1.4284493883450826,
        "IDF_score": 0.567,
        "log_propability": -91.1,
        "skywork_reward_score": -2.088102315266927,
        "CAR_score": -1.01,
        "cos_similarity": 0.9750325520833333
    },
    "plan_bench_verification_gpt4_style_in_context_examples": {
        "perplexity": 1.3597834825515747,
        "IDF_score": 0.702,
        "log_propability": -133.0,
        "skywork_reward_score": -2.088102315266927,
        "CAR_score": -1.11,
        "cos_similarity": 0.988037109375
    },
    "plan_bench_verification_gpt4": {
        "perplexity": 1.5020347913106282,
        "IDF_score": 0.729,
        "log_propability": -185.0,
        "skywork_reward_score": -2.088102315266927,
        "CAR_score": -0.958,
        "cos_similarity": 0.9785319010416667
    },
    "plan_bench_verification_mini_gpt4": {
        "perplexity": 1.9775337855021158,
        "IDF_score": 0.624,
        "log_propability": -218.0,
        "skywork_reward_score": -2.088102315266927,
        "CAR_score": -0.728,
        "cos_similarity": 0.9646809895833334
    },
    "plan_bench_verification_groundtruth": {
        "perplexity": 66.05457255045573,
        "IDF_score": 1.27,
        "log_propability": -37.6,
        "skywork_reward_score": -2.088102315266927,
        "CAR_score": -0.154,
        "cos_similarity": 0.775537109375
    },
    "plan_bench_verification_openai_human_written_examples": {
        "perplexity": 1.7615189750989277,
        "IDF_score": 0.627,
        "log_propability": -156.0,
        "skywork_reward_score": -2.088102315266927,
        "CAR_score": -0.804,
        "cos_similarity": 0.9750651041666667
    },
    "plan_bench_verification_rewrite_groundtruth_in_own_words": {
        "perplexity": 2.4094512422879535,
        "IDF_score": 0.54,
        "log_propability": -201.0,
        "skywork_reward_score": -2.088102315266927,
        "CAR_score": -0.605,
        "cos_similarity": 0.9462076822916666
    }
}