{
    "boolq_step_by_step": 3.2405726035435993,
    "boolq_claude": 2.5605785131454466,
    "boolq_gpt4_style_in_context_examples": 2.8045049786567686,
    "boolq_gpt4": 3.4722913702329,
    "boolq_mini_gpt4": 3.305740404129028,
    "boolq_groundtruth": 11.456474769115449,
    "boolq_openai_human_written_examples": 2.519530975818634
}