{
    "boolq_step_by_step": 3.2148008227348326,
    "boolq_claude": 2.4670843255519865,
    "boolq_gpt4_style_in_context_examples": 2.7278070390224456,
    "boolq_gpt4": 3.216482180356979,
    "boolq_mini_gpt4": 3.242484909296036,
    "boolq_groundtruth": 27.68558446407318,
    "boolq_openai_human_written_examples": 2.492699384689331
}