{
    "plan_bench_verification_step_by_step": 1.4747859239578247,
    "plan_bench_verification_claude": 1.5117640495300293,
    "plan_bench_verification_gpt4_style_in_context_examples": 1.4428499937057495,
    "plan_bench_verification_gpt4": 1.531762957572937,
    "plan_bench_verification_mini_gpt4": 2.0746986865997314,
    "plan_bench_verification_groundtruth": 60.196929931640625,
    "plan_bench_verification_openai_human_written_examples": 1.8004803657531738,
    "plan_bench_verification_rewrite_groundtruth_in_own_words": 2.316582441329956
}