{
    "math_algebra_step_by_step": 9.669976234436035,
    "math_algebra_claude": 9.187154769897461,
    "math_algebra_gpt4_style_in_context_examples": 19.045719146728516,
    "math_algebra_gpt4": 10.059599876403809,
    "math_algebra_mini_gpt4": 8.348039627075195,
    "math_algebra_groundtruth": 49.7790412902832,
    "math_algebra_openai_human_written_examples": 11.526166915893555,
    "math_algebra_rewrite_groundtruth_in_own_words": 10.744245529174805
}