{
    "plan_bench_execution_step_by_step": 1.8465348958969117,
    "plan_bench_execution_claude": 1.9053463459014892,
    "plan_bench_execution_gpt4_style_in_context_examples": 2.667858695983887,
    "plan_bench_execution_gpt4": 2.1260217785835267,
    "plan_bench_execution_mini_gpt4": 2.58051438331604,
    "plan_bench_execution_groundtruth": 1.7338795065879822,
    "plan_bench_execution_openai_human_written_examples": 2.554039442539215,
    "plan_bench_execution_rewrite_groundtruth_in_own_words": 2.676397180557251
}