{
    "plan_bench_replaning_step_by_step": 2.5686307168006897,
    "plan_bench_replaning_claude": 2.618010938167572,
    "plan_bench_replaning_gpt4_style_in_context_examples": 3.05324063539505,
    "plan_bench_replaning_gpt4": 3.084348158836365,
    "plan_bench_replaning_mini_gpt4": 2.922404320240021,
    "plan_bench_replaning_groundtruth": 6.10050745010376,
    "plan_bench_replaning_openai_human_written_examples": 3.562284173965454,
    "plan_bench_replaning_rewrite_groundtruth_in_own_words": 3.571132047176361
}