{
    "plan_bench_generalization_step_by_step": 1.6708805958429973,
    "plan_bench_generalization_claude": 2.011153229077657,
    "plan_bench_generalization_gpt4_style_in_context_examples": 1.6965224544207256,
    "plan_bench_generalization_gpt4": 2.042843214670817,
    "plan_bench_generalization_mini_gpt4": 2.2685574094454446,
    "plan_bench_generalization_groundtruth": 1.838508145014445,
    "plan_bench_generalization_openai_human_written_examples": 2.210477614402771,
    "plan_bench_generalization_rewrite_groundtruth_in_own_words": 2.3757699489593507
}