{
    "plan_bench_verification_step_by_step": 1.6149450540542603,
    "plan_bench_verification_claude": 1.743545651435852,
    "plan_bench_verification_gpt4_style_in_context_examples": 1.6138336658477783,
    "plan_bench_verification_gpt4": 1.6919957399368286,
    "plan_bench_verification_mini_gpt4": 2.5334794521331787,
    "plan_bench_verification_groundtruth": 13.328845024108887,
    "plan_bench_verification_openai_human_written_examples": 2.1480777263641357,
    "plan_bench_verification_rewrite_groundtruth_in_own_words": 2.75795316696167
}