{
    "plan_bench_verification_step_by_step": 1.4962188573678334,
    "plan_bench_verification_claude": 1.6810578393936157,
    "plan_bench_verification_gpt4_style_in_context_examples": 1.3859434688091279,
    "plan_bench_verification_gpt4": 1.5631797246138255,
    "plan_bench_verification_mini_gpt4": 2.094776397148768,
    "plan_bench_verification_groundtruth": 10.335166557232538,
    "plan_bench_verification_openai_human_written_examples": 1.8087023997306824,
    "plan_bench_verification_rewrite_groundtruth_in_own_words": 2.4798290550708773
}