{
    "plan_bench_generalization_step_by_step": 1.6355830907821656,
    "plan_bench_generalization_claude": 1.8474743676185608,
    "plan_bench_generalization_gpt4_style_in_context_examples": 1.433448337316513,
    "plan_bench_generalization_gpt4": 1.957198063135147,
    "plan_bench_generalization_mini_gpt4": 1.9745254147052764,
    "plan_bench_generalization_groundtruth": 2.6121397495269774,
    "plan_bench_generalization_openai_human_written_examples": 2.1561109685897826,
    "plan_bench_generalization_rewrite_groundtruth_in_own_words": 2.14520059466362
}