{
    "winogrande_step_by_step": 3.749297857284546,
    "winogrande_claude": 2.906285285949707,
    "winogrande_gpt4_style_in_context_examples": 3.419924736022949,
    "winogrande_gpt4": 4.278473377227783,
    "winogrande_mini_gpt4": 3.3868050575256348,
    "winogrande_groundtruth": 2.231459856033325,
    "winogrande_openai_human_written_examples": 3.3612868785858154
}