{
    "math_geometry_step_by_step": 2.3859551668167116,
    "math_geometry_claude": 2.649096268415451,
    "math_geometry_gpt4_style_in_context_examples": 3.7734395623207093,
    "math_geometry_gpt4": 2.4858899652957915,
    "math_geometry_mini_gpt4": 2.3744586765766145,
    "math_geometry_groundtruth": 5.353523223400116,
    "math_geometry_openai_human_written_examples": 4.0918330121040345,
    "math_geometry_rewrite_groundtruth_in_own_words": 3.3051945114135743
}