{
    "mmlu_pro_law_step_by_step": 4.876495361328125,
    "mmlu_pro_law_claude": 3.4445667266845703,
    "mmlu_pro_law_gpt4_style_in_context_examples": 5.271933078765869,
    "mmlu_pro_law_gpt4": 5.486077785491943,
    "mmlu_pro_law_mini_gpt4": 4.730203151702881,
    "mmlu_pro_law_groundtruth": 36149.11328125,
    "mmlu_pro_law_openai_human_written_examples": 7.158889293670654
}