{
    "math_geometry_step_by_step": 2.4415144774317743,
    "math_geometry_claude": 2.634786829352379,
    "math_geometry_gpt4_style_in_context_examples": 3.811975622177124,
    "math_geometry_gpt4": 2.558335887789726,
    "math_geometry_mini_gpt4": 2.297598750889301,
    "math_geometry_groundtruth": 5.418489034473896,
    "math_geometry_openai_human_written_examples": 4.4591358947753905,
    "math_geometry_rewrite_groundtruth_in_own_words": 3.338422641158104
}