{
    "plan_bench_execution_step_by_step": 1.8848810410499572,
    "plan_bench_execution_claude": 2.055645778179169,
    "plan_bench_execution_gpt4_style_in_context_examples": 2.190241358280182,
    "plan_bench_execution_gpt4": 1.992994966506958,
    "plan_bench_execution_mini_gpt4": 2.6839797115325927,
    "plan_bench_execution_groundtruth": 5.556042408943176,
    "plan_bench_execution_openai_human_written_examples": 2.527501890659332,
    "plan_bench_execution_rewrite_groundtruth_in_own_words": 2.6848780131340027
}