{
    "arc_challenge_step_by_step": 2.748476839065552,
    "arc_challenge_claude": 2.8098597884178163,
    "arc_challenge_gpt4_style_in_context_examples": 2.8368022203445435,
    "arc_challenge_gpt4": 2.985897350311279,
    "arc_challenge_mini_gpt4": 3.0095396041870117,
    "arc_challenge_groundtruth": 52984613.84257813,
    "arc_challenge_openai_human_written_examples": 3.482222926616669
}