{
    "piqa_step_by_step": 3.35717773938179,
    "piqa_claude": 3.0896983840465544,
    "piqa_gpt4_style_in_context_examples": 3.762916467189789,
    "piqa_gpt4": 4.260185936212539,
    "piqa_mini_gpt4": 3.244799342393875,
    "piqa_groundtruth": 1089344.0306770934,
    "piqa_openai_human_written_examples": 4.223486668109894
}