{
    "winogrande_step_by_step": 3.6260693311691283,
    "winogrande_claude": 3.0941678603490193,
    "winogrande_gpt4_style_in_context_examples": 3.560447406768799,
    "winogrande_gpt4": 4.327589424451192,
    "winogrande_mini_gpt4": 3.656343913078308,
    "winogrande_groundtruth": 32.028991015752155,
    "winogrande_openai_human_written_examples": 3.434360102812449
}