{
    "math_algebra_step_by_step": 57.89329147338867,
    "math_algebra_claude": 47.71186447143555,
    "math_algebra_gpt4_style_in_context_examples": 124.11018371582031,
    "math_algebra_gpt4": 58.499183654785156,
    "math_algebra_mini_gpt4": 44.80125045776367,
    "math_algebra_groundtruth": 366.44329833984375,
    "math_algebra_openai_human_written_examples": 62.18701934814453,
    "math_algebra_rewrite_groundtruth_in_own_words": 50.77906036376953
}