{
    "plan_bench_generalization_step_by_step": 1.743077346086502,
    "plan_bench_generalization_claude": 2.032783361673355,
    "plan_bench_generalization_gpt4_style_in_context_examples": 1.6294526886940002,
    "plan_bench_generalization_gpt4": 1.974099863767624,
    "plan_bench_generalization_mini_gpt4": 2.1951124715805053,
    "plan_bench_generalization_groundtruth": 1.9016872346401215,
    "plan_bench_generalization_openai_human_written_examples": 2.4026216173172,
    "plan_bench_generalization_rewrite_groundtruth_in_own_words": 2.369073929786682
}