{
    "hellaswag_step_by_step": 3.878197431564331,
    "hellaswag_claude": 2.811800241470337,
    "hellaswag_gpt4_style_in_context_examples": 2.853703260421753,
    "hellaswag_gpt4": 4.267011642456055,
    "hellaswag_mini_gpt4": 4.089916229248047,
    "hellaswag_groundtruth": 92590.2265625,
    "hellaswag_openai_human_written_examples": 4.097145080566406
}