{
    "ecqa_step_by_step": 4.908060550689697,
    "ecqa_claude": 3.758047580718994,
    "ecqa_gpt4_style_in_context_examples": 4.790722846984863,
    "ecqa_gpt4": 5.767696857452393,
    "ecqa_mini_gpt4": 6.241179466247559,
    "ecqa_groundtruth": 101.11067962646484,
    "ecqa_openai_human_written_examples": 4.908462047576904,
    "ecqa_rewrite_groundtruth_in_own_words": 14.547021865844727
}