{
    "plan_bench_generalization_step_by_step": 1.7451921570301057,
    "plan_bench_generalization_claude": 2.0162609028816223,
    "plan_bench_generalization_gpt4_style_in_context_examples": 1.5709331500530244,
    "plan_bench_generalization_gpt4": 1.96601966381073,
    "plan_bench_generalization_mini_gpt4": 2.0366346764564516,
    "plan_bench_generalization_groundtruth": 1.6398411309719085,
    "plan_bench_generalization_openai_human_written_examples": 2.604880019426346,
    "plan_bench_generalization_rewrite_groundtruth_in_own_words": 2.2493658101558687
}