{
    "api_bank_step_by_step": 392.1183166503906,
    "api_bank_claude": 356.233154296875,
    "api_bank_gpt4_style_in_context_examples": 872.146484375,
    "api_bank_gpt4": 622.704833984375,
    "api_bank_mini_gpt4": 533.9826049804688,
    "api_bank_groundtruth": 1945168.375,
    "api_bank_openai_human_written_examples": 729.138916015625
}