{
    "arc_challenge_step_by_step": 2.7903928205370905,
    "arc_challenge_claude": 2.605383613407612,
    "arc_challenge_gpt4_style_in_context_examples": 2.7155348670482637,
    "arc_challenge_gpt4": 2.9794890537858008,
    "arc_challenge_mini_gpt4": 2.6803857558965682,
    "arc_challenge_groundtruth": 32840554.711593017,
    "arc_challenge_openai_human_written_examples": 3.0942158138751985
}