{
    "plan_bench_generation_step_by_step": 2.1849863028526304,
    "plan_bench_generation_claude": 2.175026925802231,
    "plan_bench_generation_gpt4_style_in_context_examples": 2.1379164981842043,
    "plan_bench_generation_gpt4": 2.4220839416980744,
    "plan_bench_generation_mini_gpt4": 2.5924117767810824,
    "plan_bench_generation_groundtruth": 80.73029953956603,
    "plan_bench_generation_openai_human_written_examples": 2.5379063487052917,
    "plan_bench_generation_rewrite_groundtruth_in_own_words": 3.210824590921402
}