{
    "math_geometry_step_by_step": 1.8484448832273483,
    "math_geometry_claude": 1.909430387020111,
    "math_geometry_gpt4_style_in_context_examples": 2.9471041709184647,
    "math_geometry_gpt4": 1.9595435225963593,
    "math_geometry_mini_gpt4": 1.7476977384090424,
    "math_geometry_groundtruth": 2.7874565929174424,
    "math_geometry_openai_human_written_examples": 3.4624574267864228,
    "math_geometry_rewrite_groundtruth_in_own_words": 2.340818138122559
}