{
    "plan_bench_generation_step_by_step": {
        "perplexity": 2.4169155383110046,
        "IDF_score": 0.704,
        "log_propability": -345.0,
        "skywork_reward_score": -7.711735026041667,
        "CAR_score": -2.18,
        "cos_similarity": 0.8553125
    },
    "plan_bench_generation_claude": {
        "perplexity": 2.1894966769218445,
        "IDF_score": 0.631,
        "log_propability": -187.0,
        "skywork_reward_score": -7.711735026041667,
        "CAR_score": -2.34,
        "cos_similarity": 0.867353515625
    },
    "plan_bench_generation_gpt4_style_in_context_examples": {
        "perplexity": 2.4658536672592164,
        "IDF_score": 0.768,
        "log_propability": -406.0,
        "skywork_reward_score": -7.711735026041667,
        "CAR_score": -2.12,
        "cos_similarity": 0.85328125
    },
    "plan_bench_generation_gpt4": {
        "perplexity": 2.6770096588134766,
        "IDF_score": 0.694,
        "log_propability": -333.0,
        "skywork_reward_score": -7.711735026041667,
        "CAR_score": -1.98,
        "cos_similarity": 0.864619140625
    },
    "plan_bench_generation_mini_gpt4": {
        "perplexity": 3.0075016736984255,
        "IDF_score": 0.66,
        "log_propability": -377.0,
        "skywork_reward_score": -7.711735026041667,
        "CAR_score": -1.83,
        "cos_similarity": 0.874345703125
    },
    "plan_bench_generation_groundtruth": {
        "perplexity": 88.4179892539978,
        "IDF_score": 1.16,
        "log_propability": -132.0,
        "skywork_reward_score": -7.711735026041667,
        "CAR_score": -0.824,
        "cos_similarity": 0.48638671875
    },
    "plan_bench_generation_openai_human_written_examples": {
        "perplexity": 2.8695052552223204,
        "IDF_score": 0.654,
        "log_propability": -332.0,
        "skywork_reward_score": -7.711735026041667,
        "CAR_score": -1.9,
        "cos_similarity": 0.8716796875
    },
    "plan_bench_generation_rewrite_groundtruth_in_own_words": {
        "perplexity": 3.3596405673027037,
        "IDF_score": 0.697,
        "log_propability": -250.0,
        "skywork_reward_score": -7.711735026041667,
        "CAR_score": -1.76,
        "cos_similarity": 0.852978515625
    }
}