{
    "math_algebra_step_by_step": 1.907100560963154,
    "math_algebra_claude": 1.9346258425712586,
    "math_algebra_gpt4_style_in_context_examples": 4.02788856357336,
    "math_algebra_gpt4": 2.051533789634705,
    "math_algebra_mini_gpt4": 1.8824582839012145,
    "math_algebra_groundtruth": 2.5428800237178804,
    "math_algebra_openai_human_written_examples": 2.0479511722922323,
    "math_algebra_rewrite_groundtruth_in_own_words": 2.713117913901806
}