{
    "hellaswag_step_by_step": 4.637451171875,
    "hellaswag_claude": 3.699845790863037,
    "hellaswag_gpt4_style_in_context_examples": 3.8912131786346436,
    "hellaswag_gpt4": 6.884178161621094,
    "hellaswag_mini_gpt4": 7.215083122253418,
    "hellaswag_groundtruth": 133628048.0,
    "hellaswag_openai_human_written_examples": 5.327651023864746
}