{
    "mbpp_step_by_step": {
        "perplexity": 3.2389225792884826,
        "IDF_score": 1.18,
        "log_propability": -153.0,
        "skywork_reward_score": 9.701966145833333,
        "CAR_score": 2.26,
        "cos_similarity": 0.7611962890625
    },
    "mbpp_claude": {
        "perplexity": 5.144566045999527,
        "IDF_score": 1.03,
        "log_propability": -59.4,
        "skywork_reward_score": 9.701966145833333,
        "CAR_score": 2.12,
        "cos_similarity": 0.860732421875
    },
    "mbpp_gpt4_style_in_context_examples": {
        "perplexity": 4.91089497089386,
        "IDF_score": 1.08,
        "log_propability": -71.7,
        "skywork_reward_score": 9.701966145833333,
        "CAR_score": 2.09,
        "cos_similarity": 0.8519580078125
    },
    "mbpp_gpt4": {
        "perplexity": 6.450008550882339,
        "IDF_score": 1.18,
        "log_propability": -66.7,
        "skywork_reward_score": 9.701966145833333,
        "CAR_score": 1.84,
        "cos_similarity": 0.8450390625
    },
    "mbpp_mini_gpt4": {
        "perplexity": 5.82447988152504,
        "IDF_score": 1.14,
        "log_propability": -89.1,
        "skywork_reward_score": 9.701966145833333,
        "CAR_score": 1.78,
        "cos_similarity": 0.8353369140625
    },
    "mbpp_groundtruth": {
        "perplexity": 20.53151817679405,
        "IDF_score": 1.94,
        "log_propability": -140.0,
        "skywork_reward_score": 9.701966145833333,
        "CAR_score": 1.18,
        "cos_similarity": 0.78130126953125
    },
    "mbpp_openai_human_written_examples": {
        "perplexity": 4.111433316469192,
        "IDF_score": 1.32,
        "log_propability": -232.0,
        "skywork_reward_score": 9.701966145833333,
        "CAR_score": 1.92,
        "cos_similarity": 0.71232666015625
    },
    "mbpp_rewrite_groundtruth_in_own_words": {
        "perplexity": 11.392736746072769,
        "IDF_score": 1.86,
        "log_propability": -110.0,
        "skywork_reward_score": 9.701966145833333,
        "CAR_score": 1.4,
        "cos_similarity": 0.8396240234375
    }
}