{
    "math_algebra_step_by_step": 13.583281517028809,
    "math_algebra_claude": 13.261990547180176,
    "math_algebra_gpt4_style_in_context_examples": 47.95158767700195,
    "math_algebra_gpt4": 10.527905464172363,
    "math_algebra_mini_gpt4": 11.047640800476074,
    "math_algebra_groundtruth": NaN,
    "math_algebra_openai_human_written_examples": 17.924373626708984,
    "math_algebra_rewrite_groundtruth_in_own_words": 15.171300888061523
}