{
    "hellaswag_step_by_step": 3.766684319972992,
    "hellaswag_claude": 2.8267897152900696,
    "hellaswag_gpt4_style_in_context_examples": 2.7880640661716463,
    "hellaswag_gpt4": 4.208411455154419,
    "hellaswag_mini_gpt4": 3.943196635246277,
    "hellaswag_groundtruth": 1061587.916767578,
    "hellaswag_openai_human_written_examples": 3.9228666967153547
}