{
    "plan_bench_execution_step_by_step": {
        "perplexity": 2.345642177263896,
        "IDF_score": 0.705,
        "log_propability": -291.0,
        "skywork_reward_score": -7.148235066731771,
        "CAR_score": -2.03,
        "cos_similarity": 0.8546712239583333
    },
    "plan_bench_execution_claude": {
        "perplexity": 2.1942801674207053,
        "IDF_score": 0.542,
        "log_propability": -169.0,
        "skywork_reward_score": -7.148235066731771,
        "CAR_score": -2.15,
        "cos_similarity": 0.8754069010416666
    },
    "plan_bench_execution_gpt4_style_in_context_examples": {
        "perplexity": 2.536269776026408,
        "IDF_score": 0.739,
        "log_propability": -382.0,
        "skywork_reward_score": -7.148235066731771,
        "CAR_score": -1.93,
        "cos_similarity": 0.8068684895833333
    },
    "plan_bench_execution_gpt4": {
        "perplexity": 2.4774966994921366,
        "IDF_score": 0.664,
        "log_propability": -291.0,
        "skywork_reward_score": -7.148235066731771,
        "CAR_score": -1.96,
        "cos_similarity": 0.87421875
    },
    "plan_bench_execution_mini_gpt4": {
        "perplexity": 3.383489386240641,
        "IDF_score": 0.675,
        "log_propability": -378.0,
        "skywork_reward_score": -7.148235066731771,
        "CAR_score": -1.58,
        "cos_similarity": 0.8906575520833333
    },
    "plan_bench_execution_groundtruth": {
        "perplexity": 12.705460500717162,
        "IDF_score": 0.634,
        "log_propability": -93.3,
        "skywork_reward_score": -7.148235066731771,
        "CAR_score": -0.898,
        "cos_similarity": 0.793701171875
    },
    "plan_bench_execution_openai_human_written_examples": {
        "perplexity": 3.185479787985484,
        "IDF_score": 0.541,
        "log_propability": -215.0,
        "skywork_reward_score": -7.148235066731771,
        "CAR_score": -1.64,
        "cos_similarity": 0.877734375
    },
    "plan_bench_execution_rewrite_groundtruth_in_own_words": {
        "perplexity": 3.471760567029317,
        "IDF_score": 0.588,
        "log_propability": -296.0,
        "skywork_reward_score": -7.148235066731771,
        "CAR_score": -1.54,
        "cos_similarity": 0.8813802083333333
    }
}