{
    "agieval_step_by_step": 12.54072380065918,
    "agieval_claude": 8.37848949432373,
    "agieval_gpt4_style_in_context_examples": 15.763714790344238,
    "agieval_gpt4": 17.193248748779297,
    "agieval_mini_gpt4": 10.719834327697754,
    "agieval_groundtruth": 702763200.0,
    "agieval_openai_human_written_examples": 18.891483306884766
}