{
    "boolq_step_by_step": 3.615045284509659,
    "boolq_claude": 2.850257446050644,
    "boolq_gpt4_style_in_context_examples": 3.3664439182281494,
    "boolq_gpt4": 3.8123319828510285,
    "boolq_mini_gpt4": 3.95088583445549,
    "boolq_groundtruth": 10.843555555343627,
    "boolq_openai_human_written_examples": 2.816710291147232
}