{
    "piqa_step_by_step": 4.078466100692749,
    "piqa_claude": 3.7975061082839967,
    "piqa_gpt4_style_in_context_examples": 4.771607704162598,
    "piqa_gpt4": 5.09560721874237,
    "piqa_mini_gpt4": 4.234165287017822,
    "piqa_groundtruth": 140.77347152709962,
    "piqa_openai_human_written_examples": 4.725136222839356
}