{
    "math_algebra_step_by_step": 1.7722739458084107,
    "math_algebra_claude": 1.7533884406089784,
    "math_algebra_gpt4_style_in_context_examples": 2.4788379669189453,
    "math_algebra_gpt4": 1.762972903251648,
    "math_algebra_mini_gpt4": 1.708719789981842,
    "math_algebra_groundtruth": 2.631565606594086,
    "math_algebra_openai_human_written_examples": 1.812688946723938,
    "math_algebra_rewrite_groundtruth_in_own_words": 2.5121923804283144
}