{
    "drop_step_by_step": 3.4926250982284546,
    "drop_claude": 2.73239391040802,
    "drop_gpt4_style_in_context_examples": 3.1239370119571688,
    "drop_gpt4": 3.580549479961395,
    "drop_mini_gpt4": 3.498486698150635,
    "drop_groundtruth": 118.43999331045151,
    "drop_openai_human_written_examples": 3.1815137865543366
}