{
    "mmlu_moral_scenarios_step_by_step": 12.38768196105957,
    "mmlu_moral_scenarios_claude": 10.096708297729492,
    "mmlu_moral_scenarios_gpt4_style_in_context_examples": 11.220178604125977,
    "mmlu_moral_scenarios_gpt4": 16.45850372314453,
    "mmlu_moral_scenarios_mini_gpt4": 11.061805725097656,
    "mmlu_moral_scenarios_groundtruth": 4892911.0,
    "mmlu_moral_scenarios_openai_human_written_examples": 19.80190658569336
}