{
    "plan_bench_generalization_step_by_step": 1.872031569480896,
    "plan_bench_generalization_claude": 2.119072675704956,
    "plan_bench_generalization_gpt4_style_in_context_examples": 1.809747576713562,
    "plan_bench_generalization_gpt4": 2.3460278511047363,
    "plan_bench_generalization_mini_gpt4": 2.490575075149536,
    "plan_bench_generalization_groundtruth": 8.645018577575684,
    "plan_bench_generalization_openai_human_written_examples": 2.5999062061309814,
    "plan_bench_generalization_rewrite_groundtruth_in_own_words": 2.628150224685669
}