{
    "agieval_step_by_step": 3.2702222061157227,
    "agieval_claude": 2.5132535552978514,
    "agieval_gpt4_style_in_context_examples": 3.2603540873527526,
    "agieval_gpt4": 3.36146178483963,
    "agieval_mini_gpt4": 3.1493756103515627,
    "agieval_groundtruth": 5039065.23355957,
    "agieval_openai_human_written_examples": 3.4860275483131407
}