{
    "plan_bench_generation_step_by_step": 2.3006303799152374,
    "plan_bench_generation_claude": 2.0109778416156767,
    "plan_bench_generation_gpt4_style_in_context_examples": 2.323063155412674,
    "plan_bench_generation_gpt4": 2.5312376630306246,
    "plan_bench_generation_mini_gpt4": 2.7092191588878634,
    "plan_bench_generation_groundtruth": 5.6996696662902835,
    "plan_bench_generation_openai_human_written_examples": 2.607097556591034,
    "plan_bench_generation_rewrite_groundtruth_in_own_words": 2.4656653463840486
}