{
    "mmlu_moral_scenarios_step_by_step": 3.4601683616638184,
    "mmlu_moral_scenarios_claude": 3.372605037689209,
    "mmlu_moral_scenarios_gpt4_style_in_context_examples": 3.704633045196533,
    "mmlu_moral_scenarios_gpt4": 3.7718356609344483,
    "mmlu_moral_scenarios_mini_gpt4": 3.5140236616134644,
    "mmlu_moral_scenarios_groundtruth": 21.250469398498534,
    "mmlu_moral_scenarios_openai_human_written_examples": 3.4425429105758667
}