{
    "plan_bench_verification_step_by_step": 1.5685475587844848,
    "plan_bench_verification_claude": 1.7913647095362346,
    "plan_bench_verification_gpt4_style_in_context_examples": 1.5112503488858542,
    "plan_bench_verification_gpt4": 1.5751094142595927,
    "plan_bench_verification_mini_gpt4": 2.1900417804718018,
    "plan_bench_verification_groundtruth": 7.705552426973979,
    "plan_bench_verification_openai_human_written_examples": 1.859534990787506,
    "plan_bench_verification_rewrite_groundtruth_in_own_words": 2.5282352725664774
}