{
    "mmlu_pro_law_step_by_step": 4.6120682134628295,
    "mmlu_pro_law_claude": 3.1892888083457946,
    "mmlu_pro_law_gpt4_style_in_context_examples": 4.905922809123993,
    "mmlu_pro_law_gpt4": 5.372181335926056,
    "mmlu_pro_law_mini_gpt4": 4.349489927530288,
    "mmlu_pro_law_groundtruth": 277.5135742800236,
    "mmlu_pro_law_openai_human_written_examples": 6.083353875637054
}