{
    "plan_bench_reuse_step_by_step": 2.6809115409851074,
    "plan_bench_reuse_claude": 3.0238983631134033,
    "plan_bench_reuse_gpt4_style_in_context_examples": 2.4339842796325684,
    "plan_bench_reuse_gpt4": 2.901965856552124,
    "plan_bench_reuse_mini_gpt4": 3.5990729331970215,
    "plan_bench_reuse_groundtruth": 1083.417236328125,
    "plan_bench_reuse_openai_human_written_examples": 4.264128684997559,
    "plan_bench_reuse_rewrite_groundtruth_in_own_words": 4.501762390136719
}