{
    "drop_step_by_step": 3.398406432271004,
    "drop_claude": 2.680611030459404,
    "drop_gpt4_style_in_context_examples": 2.9950355914235116,
    "drop_gpt4": 3.4424781453609468,
    "drop_mini_gpt4": 3.3348484349250795,
    "drop_groundtruth": 114.23963060975075,
    "drop_openai_human_written_examples": 2.962688736021519
}