{
    "plan_bench_replaning_step_by_step": 3.2984613299369814,
    "plan_bench_replaning_claude": 2.6806950688362123,
    "plan_bench_replaning_gpt4_style_in_context_examples": 3.0401676535606383,
    "plan_bench_replaning_gpt4": 3.093916094303131,
    "plan_bench_replaning_mini_gpt4": 2.671638584136963,
    "plan_bench_replaning_groundtruth": 10.911907076835632,
    "plan_bench_replaning_openai_human_written_examples": 3.5300005435943604,
    "plan_bench_replaning_rewrite_groundtruth_in_own_words": 4.689571475982666
}