{
    "mmlu_moral_scenarios_step_by_step": 10.602761268615723,
    "mmlu_moral_scenarios_claude": 8.386187553405762,
    "mmlu_moral_scenarios_gpt4_style_in_context_examples": 11.003681182861328,
    "mmlu_moral_scenarios_gpt4": 11.164752960205078,
    "mmlu_moral_scenarios_mini_gpt4": 10.71504020690918,
    "mmlu_moral_scenarios_groundtruth": NaN,
    "mmlu_moral_scenarios_openai_human_written_examples": 10.854321479797363
}