{
    "mbpp_step_by_step": {
        "perplexity": 3.4604462218284606,
        "IDF_score": 1.22,
        "log_propability": -167.0,
        "skywork_reward_score": 9.701966145833333,
        "CAR_score": 2.16,
        "cos_similarity": 0.751513671875
    },
    "mbpp_claude": {
        "perplexity": 4.292005605697632,
        "IDF_score": 0.933,
        "log_propability": -52.1,
        "skywork_reward_score": 9.701966145833333,
        "CAR_score": 2.18,
        "cos_similarity": 0.882568359375
    },
    "mbpp_gpt4_style_in_context_examples": {
        "perplexity": 3.790623264312744,
        "IDF_score": 1.02,
        "log_propability": -68.9,
        "skywork_reward_score": 9.701966145833333,
        "CAR_score": 2.17,
        "cos_similarity": 0.88
    },
    "mbpp_gpt4": {
        "perplexity": 6.6812526631355285,
        "IDF_score": 1.28,
        "log_propability": -68.0,
        "skywork_reward_score": 9.701966145833333,
        "CAR_score": 1.78,
        "cos_similarity": 0.867841796875
    },
    "mbpp_mini_gpt4": {
        "perplexity": 7.2062952423095705,
        "IDF_score": 1.2,
        "log_propability": -87.7,
        "skywork_reward_score": 9.701966145833333,
        "CAR_score": 1.67,
        "cos_similarity": 0.851337890625
    },
    "mbpp_groundtruth": {
        "perplexity": 14.284232385158539,
        "IDF_score": 1.69,
        "log_propability": -132.0,
        "skywork_reward_score": 9.701966145833333,
        "CAR_score": 1.23,
        "cos_similarity": 0.7968896484375
    },
    "mbpp_openai_human_written_examples": {
        "perplexity": 4.050577335357666,
        "IDF_score": 1.34,
        "log_propability": -222.0,
        "skywork_reward_score": 9.701966145833333,
        "CAR_score": 1.92,
        "cos_similarity": 0.6946875
    },
    "mbpp_rewrite_groundtruth_in_own_words": {
        "perplexity": 8.641640803813935,
        "IDF_score": 1.71,
        "log_propability": -108.0,
        "skywork_reward_score": 9.701966145833333,
        "CAR_score": 1.47,
        "cos_similarity": 0.858603515625
    }
}