{
    "mmlu_moral_scenarios_step_by_step": 3.718422831535339,
    "mmlu_moral_scenarios_claude": 3.2638826847076414,
    "mmlu_moral_scenarios_gpt4_style_in_context_examples": 3.809647340297699,
    "mmlu_moral_scenarios_gpt4": 3.8140688743591307,
    "mmlu_moral_scenarios_mini_gpt4": 3.8974450969696046,
    "mmlu_moral_scenarios_groundtruth": 23.02074976348877,
    "mmlu_moral_scenarios_openai_human_written_examples": 4.064287395954132
}