{
    "winogrande_step_by_step": 3.418578748703003,
    "winogrande_claude": 2.9508400058746336,
    "winogrande_gpt4_style_in_context_examples": 3.1079364156723024,
    "winogrande_gpt4": 4.016824011802673,
    "winogrande_mini_gpt4": 3.4035234832763672,
    "winogrande_groundtruth": 28.324495754241944,
    "winogrande_openai_human_written_examples": 3.524287075996399
}