{
    "api_bank_step_by_step": 3.346281862258911,
    "api_bank_claude": 3.0485180616378784,
    "api_bank_gpt4_style_in_context_examples": 4.3956838846206665,
    "api_bank_gpt4": 4.2198319911956785,
    "api_bank_mini_gpt4": 3.9692933559417725,
    "api_bank_groundtruth": 12.84792114496231,
    "api_bank_openai_human_written_examples": 3.846391296386719
}