{
    "ecqa_step_by_step": 3.4037215919494628,
    "ecqa_claude": 3.0053400316238403,
    "ecqa_gpt4_style_in_context_examples": 3.361765618801117,
    "ecqa_gpt4": 3.750920310974121,
    "ecqa_mini_gpt4": 3.516568224668503,
    "ecqa_groundtruth": 16.985797858715056,
    "ecqa_openai_human_written_examples": 3.638083317756653,
    "ecqa_rewrite_groundtruth_in_own_words": 5.8301540780067445
}