{
    "plan_bench_verification_step_by_step": 1.566006588935852,
    "plan_bench_verification_claude": 1.7526541392008463,
    "plan_bench_verification_gpt4_style_in_context_examples": 1.555730656782786,
    "plan_bench_verification_gpt4": 1.703086551030477,
    "plan_bench_verification_mini_gpt4": 2.544014298915863,
    "plan_bench_verification_groundtruth": 28.106443023681642,
    "plan_bench_verification_openai_human_written_examples": 2.2055299520492553,
    "plan_bench_verification_rewrite_groundtruth_in_own_words": 3.1044852415720623
}