{
    "ecqa_step_by_step": 4.438576340675354,
    "ecqa_claude": 3.666571311712265,
    "ecqa_gpt4_style_in_context_examples": 4.222246872901916,
    "ecqa_gpt4": 5.6744206166267395,
    "ecqa_mini_gpt4": 5.1683485465049745,
    "ecqa_groundtruth": 35.58277262401581,
    "ecqa_openai_human_written_examples": 5.379539789676667,
    "ecqa_rewrite_groundtruth_in_own_words": 8.843611080646514
}