{
    "plan_bench_reuse_step_by_step": 926.7965087890625,
    "plan_bench_reuse_claude": 578.6700439453125,
    "plan_bench_reuse_gpt4_style_in_context_examples": 858.177978515625,
    "plan_bench_reuse_gpt4": 769.4450073242188,
    "plan_bench_reuse_mini_gpt4": 457.07733154296875,
    "plan_bench_reuse_groundtruth": 177448.515625,
    "plan_bench_reuse_openai_human_written_examples": 1218.9058837890625,
    "plan_bench_reuse_rewrite_groundtruth_in_own_words": 1151.17724609375
}