{
    "plan_bench_generalization_step_by_step": 236.1005859375,
    "plan_bench_generalization_claude": 150.24371337890625,
    "plan_bench_generalization_gpt4_style_in_context_examples": 177.48191833496094,
    "plan_bench_generalization_gpt4": 298.3133544921875,
    "plan_bench_generalization_mini_gpt4": 404.33636474609375,
    "plan_bench_generalization_groundtruth": 13940.267578125,
    "plan_bench_generalization_openai_human_written_examples": 275.377685546875,
    "plan_bench_generalization_rewrite_groundtruth_in_own_words": 242.9912567138672
}