{
    "agieval_step_by_step": 4.280902878940106,
    "agieval_claude": 2.9357458278536797,
    "agieval_gpt4_style_in_context_examples": 4.203787528276443,
    "agieval_gpt4": 4.881265325248242,
    "agieval_mini_gpt4": 3.9270995464920997,
    "agieval_groundtruth": 27262223.65251709,
    "agieval_openai_human_written_examples": 4.342737971842289
}