{
    "plan_bench_execution_step_by_step": {
        "perplexity": 1.8381036678949991,
        "IDF_score": 0.69,
        "log_propability": -203.0,
        "skywork_reward_score": -7.148235066731771,
        "CAR_score": -2.57,
        "cos_similarity": 0.9828287760416666
    },
    "plan_bench_execution_claude": {
        "perplexity": 1.799679128328959,
        "IDF_score": 0.532,
        "log_propability": -120.0,
        "skywork_reward_score": -7.148235066731771,
        "CAR_score": -2.61,
        "cos_similarity": 0.9802083333333333
    },
    "plan_bench_execution_gpt4_style_in_context_examples": {
        "perplexity": 2.0866408189137777,
        "IDF_score": 0.694,
        "log_propability": -264.0,
        "skywork_reward_score": -7.148235066731771,
        "CAR_score": -2.27,
        "cos_similarity": 0.9666666666666667
    },
    "plan_bench_execution_gpt4": {
        "perplexity": 1.941239317258199,
        "IDF_score": 0.617,
        "log_propability": -202.0,
        "skywork_reward_score": -7.148235066731771,
        "CAR_score": -2.43,
        "cos_similarity": 0.9822265625
    },
    "plan_bench_execution_mini_gpt4": {
        "perplexity": 2.687253459294637,
        "IDF_score": 0.586,
        "log_propability": -275.0,
        "skywork_reward_score": -7.148235066731771,
        "CAR_score": -1.85,
        "cos_similarity": 0.9688802083333333
    },
    "plan_bench_execution_groundtruth": {
        "perplexity": 5.4245922009150185,
        "IDF_score": 0.545,
        "log_propability": -64.5,
        "skywork_reward_score": -7.148235066731771,
        "CAR_score": -1.22,
        "cos_similarity": 0.8734375
    },
    "plan_bench_execution_openai_human_written_examples": {
        "perplexity": 2.3270806312561034,
        "IDF_score": 0.474,
        "log_propability": -163.0,
        "skywork_reward_score": -7.148235066731771,
        "CAR_score": -2.05,
        "cos_similarity": 0.9608723958333333
    },
    "plan_bench_execution_rewrite_groundtruth_in_own_words": {
        "perplexity": 2.569973568121592,
        "IDF_score": 0.544,
        "log_propability": -209.0,
        "skywork_reward_score": -7.148235066731771,
        "CAR_score": -1.9,
        "cos_similarity": 0.9661458333333334
    }
}