{
    "arc_challenge_step_by_step": {
        "perplexity": 3.3471928143501284,
        "IDF_score": 0.713,
        "log_propability": -355.0,
        "skywork_reward_score": 13.338352864583333,
        "CAR_score": 2.94,
        "cos_similarity": 0.846025390625
    },
    "arc_challenge_claude": {
        "perplexity": 3.1316010427474974,
        "IDF_score": 0.589,
        "log_propability": -228.0,
        "skywork_reward_score": 13.338352864583333,
        "CAR_score": 3.09,
        "cos_similarity": 0.864853515625
    },
    "arc_challenge_gpt4_style_in_context_examples": {
        "perplexity": 3.355674452781677,
        "IDF_score": 0.616,
        "log_propability": -302.0,
        "skywork_reward_score": 13.338352864583333,
        "CAR_score": 2.95,
        "cos_similarity": 0.8443359375
    },
    "arc_challenge_gpt4": {
        "perplexity": 3.7566209506988524,
        "IDF_score": 0.616,
        "log_propability": -259.0,
        "skywork_reward_score": 13.338352864583333,
        "CAR_score": 2.77,
        "cos_similarity": 0.85998046875
    },
    "arc_challenge_mini_gpt4": {
        "perplexity": 3.60809139251709,
        "IDF_score": 0.571,
        "log_propability": -240.0,
        "skywork_reward_score": 13.338352864583333,
        "CAR_score": 2.85,
        "cos_similarity": 0.85017578125
    },
    "arc_challenge_groundtruth": {
        "perplexity": 1441210811.355984,
        "IDF_score": 144000.0,
        "log_propability": -17.5,
        "skywork_reward_score": 13.338352864583333,
        "CAR_score": 0.254,
        "cos_similarity": 0.024445877075195313
    },
    "arc_challenge_openai_human_written_examples": {
        "perplexity": 4.31783038854599,
        "IDF_score": 0.463,
        "log_propability": -169.0,
        "skywork_reward_score": 13.338352864583333,
        "CAR_score": 2.58,
        "cos_similarity": 0.839013671875
    }
}