{
    "winogrande_step_by_step": 4.075818401813507,
    "winogrande_claude": 3.555790633201599,
    "winogrande_gpt4_style_in_context_examples": 4.0349159393310545,
    "winogrande_gpt4": 4.593645707130432,
    "winogrande_mini_gpt4": 4.058417939424515,
    "winogrande_groundtruth": 5.322589340686798,
    "winogrande_openai_human_written_examples": 3.7967198259830477
}