{
    "plan_bench_reuse_step_by_step": 2.4045626020431516,
    "plan_bench_reuse_claude": 2.478659656047821,
    "plan_bench_reuse_gpt4_style_in_context_examples": 2.2263076078891753,
    "plan_bench_reuse_gpt4": 2.6328206610679628,
    "plan_bench_reuse_mini_gpt4": 3.059925035238266,
    "plan_bench_reuse_groundtruth": 9.337330907583237,
    "plan_bench_reuse_openai_human_written_examples": 3.5374192285537718,
    "plan_bench_reuse_rewrite_groundtruth_in_own_words": 3.7437568795681
}