{
    "hellaswag_step_by_step": 4.90238439242045,
    "hellaswag_claude": 3.8408901691436768,
    "hellaswag_gpt4_style_in_context_examples": 3.58005747795105,
    "hellaswag_gpt4": 6.558948262532552,
    "hellaswag_mini_gpt4": 6.524010539054871,
    "hellaswag_groundtruth": 29269524.022916667,
    "hellaswag_openai_human_written_examples": 5.81553692817688
}