{
    "plan_bench_execution_step_by_step": {
        "perplexity": 2.0332079267501832,
        "IDF_score": 0.642,
        "log_propability": -225.0,
        "skywork_reward_score": -7.148235066731771,
        "CAR_score": -2.32,
        "cos_similarity": 0.9262548828125
    },
    "plan_bench_execution_claude": {
        "perplexity": 1.91260932803154,
        "IDF_score": 0.52,
        "log_propability": -132.0,
        "skywork_reward_score": -7.148235066731771,
        "CAR_score": -2.45,
        "cos_similarity": 0.9334521484375
    },
    "plan_bench_execution_gpt4_style_in_context_examples": {
        "perplexity": 2.500914304256439,
        "IDF_score": 0.675,
        "log_propability": -328.0,
        "skywork_reward_score": -7.148235066731771,
        "CAR_score": -1.95,
        "cos_similarity": 0.9034130859375
    },
    "plan_bench_execution_gpt4": {
        "perplexity": 2.1869676792621613,
        "IDF_score": 0.632,
        "log_propability": -237.0,
        "skywork_reward_score": -7.148235066731771,
        "CAR_score": -2.17,
        "cos_similarity": 0.9388623046875
    },
    "plan_bench_execution_mini_gpt4": {
        "perplexity": 2.8706054973602293,
        "IDF_score": 0.622,
        "log_propability": -306.0,
        "skywork_reward_score": -7.148235066731771,
        "CAR_score": -1.75,
        "cos_similarity": 0.9301611328125
    },
    "plan_bench_execution_groundtruth": {
        "perplexity": 2.9513044691085817,
        "IDF_score": 0.206,
        "log_propability": -41.6,
        "skywork_reward_score": -7.148235066731771,
        "CAR_score": -1.73,
        "cos_similarity": 0.76712890625
    },
    "plan_bench_execution_openai_human_written_examples": {
        "perplexity": 2.4849525237083436,
        "IDF_score": 0.519,
        "log_propability": -174.0,
        "skywork_reward_score": -7.148235066731771,
        "CAR_score": -1.94,
        "cos_similarity": 0.90328125
    },
    "plan_bench_execution_rewrite_groundtruth_in_own_words": {
        "perplexity": 2.8935884606838225,
        "IDF_score": 0.584,
        "log_propability": -240.0,
        "skywork_reward_score": -7.148235066731771,
        "CAR_score": -1.74,
        "cos_similarity": 0.91693359375
    }
}