{
    "plan_bench_generalization_step_by_step": {
        "perplexity": 1.679019860426585,
        "IDF_score": 0.785,
        "log_propability": -231.0,
        "skywork_reward_score": -12.653723958333334,
        "CAR_score": -5.07,
        "cos_similarity": 0.952099609375
    },
    "plan_bench_generalization_claude": {
        "perplexity": 1.9552738746007283,
        "IDF_score": 0.665,
        "log_propability": -162.0,
        "skywork_reward_score": -12.653723958333334,
        "CAR_score": -4.23,
        "cos_similarity": 0.9515462239583333
    },
    "plan_bench_generalization_gpt4_style_in_context_examples": {
        "perplexity": 1.5187963525454202,
        "IDF_score": 0.702,
        "log_propability": -158.0,
        "skywork_reward_score": -12.653723958333334,
        "CAR_score": -5.77,
        "cos_similarity": 0.9697916666666667
    },
    "plan_bench_generalization_gpt4": {
        "perplexity": 1.895509405930837,
        "IDF_score": 0.745,
        "log_propability": -237.0,
        "skywork_reward_score": -12.653723958333334,
        "CAR_score": -4.45,
        "cos_similarity": 0.956591796875
    },
    "plan_bench_generalization_mini_gpt4": {
        "perplexity": 1.970040782292684,
        "IDF_score": 0.727,
        "log_propability": -266.0,
        "skywork_reward_score": -12.653723958333334,
        "CAR_score": -4.25,
        "cos_similarity": 0.9544596354166667
    },
    "plan_bench_generalization_groundtruth": {
        "perplexity": 7.626341915130615,
        "IDF_score": 0.626,
        "log_propability": -88.8,
        "skywork_reward_score": -12.653723958333334,
        "CAR_score": -2.17,
        "cos_similarity": 0.694384765625
    },
    "plan_bench_generalization_openai_human_written_examples": {
        "perplexity": 2.354916195074717,
        "IDF_score": 0.709,
        "log_propability": -232.0,
        "skywork_reward_score": -12.653723958333334,
        "CAR_score": -3.69,
        "cos_similarity": 0.9538411458333333
    },
    "plan_bench_generalization_rewrite_groundtruth_in_own_words": {
        "perplexity": 2.283062922954559,
        "IDF_score": 0.691,
        "log_propability": -240.0,
        "skywork_reward_score": -12.653723958333334,
        "CAR_score": -3.71,
        "cos_similarity": 0.9346354166666667
    }
}