{
    "plan_bench_generation_step_by_step": 2.109617821375529,
    "plan_bench_generation_claude": 2.177269228299459,
    "plan_bench_generation_gpt4_style_in_context_examples": 2.1168572386105855,
    "plan_bench_generation_gpt4": 2.457590075333913,
    "plan_bench_generation_mini_gpt4": 2.669266684850057,
    "plan_bench_generation_groundtruth": 111.98403633435568,
    "plan_bench_generation_openai_human_written_examples": 2.731923532485962,
    "plan_bench_generation_rewrite_groundtruth_in_own_words": 3.1513349215189614
}