{
    "squad_step_by_step": 294.9520568847656,
    "squad_claude": 95.03942108154297,
    "squad_gpt4_style_in_context_examples": 131.29515075683594,
    "squad_gpt4": 231.0368194580078,
    "squad_mini_gpt4": 155.76605224609375,
    "squad_groundtruth": Infinity,
    "squad_openai_human_written_examples": 322.1349792480469
}