{
    "math_algebra_step_by_step": 1.8518947203954061,
    "math_algebra_claude": 2.1917910536130267,
    "math_algebra_gpt4_style_in_context_examples": 182.26492031812668,
    "math_algebra_gpt4": 3.027841258049011,
    "math_algebra_mini_gpt4": 1.8778812090555828,
    "math_algebra_groundtruth": 5.52119353612264,
    "math_algebra_openai_human_written_examples": 2.2265102823575336,
    "math_algebra_rewrite_groundtruth_in_own_words": 3.354963254928589
}