{
    "gsm8k_step_by_step": 1.9518580102920533,
    "gsm8k_claude": 2.076634863615036,
    "gsm8k_gpt4_style_in_context_examples": 2.017613730430603,
    "gsm8k_gpt4": 1.994369045495987,
    "gsm8k_mini_gpt4": 2.0293657398223877,
    "gsm8k_groundtruth": 4.293774740695953,
    "gsm8k_openai_human_written_examples": 2.259159970283508,
    "gsm8k_rewrite_groundtruth_in_own_words": 4.214514685869217
}