{
    "plan_bench_reuse_step_by_step": 2.246019228299459,
    "plan_bench_reuse_claude": 2.638766340414683,
    "plan_bench_reuse_gpt4_style_in_context_examples": 2.139615257581075,
    "plan_bench_reuse_gpt4": 2.5324315388997394,
    "plan_bench_reuse_mini_gpt4": 3.168487310409546,
    "plan_bench_reuse_groundtruth": 4.584086513519287,
    "plan_bench_reuse_openai_human_written_examples": 3.5379266579945883,
    "plan_bench_reuse_rewrite_groundtruth_in_own_words": 3.551919416586558
}