{
    "plan_bench_optimality_step_by_step": 2.084083993434906,
    "plan_bench_optimality_claude": 2.0216258192062377,
    "plan_bench_optimality_gpt4_style_in_context_examples": 1.828694031238556,
    "plan_bench_optimality_gpt4": 2.2270895266532897,
    "plan_bench_optimality_mini_gpt4": 2.2417821252346037,
    "plan_bench_optimality_groundtruth": 5.01540391921997,
    "plan_bench_optimality_openai_human_written_examples": 2.7153716123104097,
    "plan_bench_optimality_rewrite_groundtruth_in_own_words": 2.5827902615070344
}