{
    "api_bank_step_by_step": {
        "perplexity": 3.6394593572616576,
        "IDF_score": 0.508,
        "log_propability": -337.0,
        "skywork_reward_score": -2.7916389973958333,
        "CAR_score": -0.583,
        "cos_similarity": 0.834150390625
    },
    "api_bank_claude": {
        "perplexity": 3.6885948300361635,
        "IDF_score": 0.41,
        "log_propability": -230.0,
        "skywork_reward_score": -2.7916389973958333,
        "CAR_score": -0.58,
        "cos_similarity": 0.810908203125
    },
    "api_bank_gpt4_style_in_context_examples": {
        "perplexity": 5.553809030056,
        "IDF_score": 0.296,
        "log_propability": -211.0,
        "skywork_reward_score": -2.7916389973958333,
        "CAR_score": -0.473,
        "cos_similarity": 0.8288818359375
    },
    "api_bank_gpt4": {
        "perplexity": 4.672844905853271,
        "IDF_score": 0.437,
        "log_propability": -299.0,
        "skywork_reward_score": -2.7916389973958333,
        "CAR_score": -0.508,
        "cos_similarity": 0.842080078125
    },
    "api_bank_mini_gpt4": {
        "perplexity": 5.551065740585327,
        "IDF_score": 0.447,
        "log_propability": -310.0,
        "skywork_reward_score": -2.7916389973958333,
        "CAR_score": -0.466,
        "cos_similarity": 0.8304833984375
    },
    "api_bank_groundtruth": {
        "perplexity": 45.011469864845274,
        "IDF_score": 0.183,
        "log_propability": -64.6,
        "skywork_reward_score": -2.7916389973958333,
        "CAR_score": -0.292,
        "cos_similarity": 0.644453125
    },
    "api_bank_openai_human_written_examples": {
        "perplexity": 4.958017301559448,
        "IDF_score": 0.356,
        "log_propability": -235.0,
        "skywork_reward_score": -2.7916389973958333,
        "CAR_score": -0.497,
        "cos_similarity": 0.8291845703125
    }
}