{
    "plan_bench_verification_step_by_step": 1.6222428625822067,
    "plan_bench_verification_claude": 1.7847723960876465,
    "plan_bench_verification_gpt4_style_in_context_examples": 1.5433722019195557,
    "plan_bench_verification_gpt4": 1.70687220454216,
    "plan_bench_verification_mini_gpt4": 2.4064069956541063,
    "plan_bench_verification_groundtruth": 29.008452389240265,
    "plan_bench_verification_openai_human_written_examples": 2.1120954406261445,
    "plan_bench_verification_rewrite_groundtruth_in_own_words": 2.9729210543632507
}