{
    "math_algebra_step_by_step": 1.9431180953979492,
    "math_algebra_claude": 2.0427918434143066,
    "math_algebra_gpt4_style_in_context_examples": 3.1068642139434814,
    "math_algebra_gpt4": 1.8869415521621704,
    "math_algebra_mini_gpt4": 1.8489196300506592,
    "math_algebra_groundtruth": 5.672682285308838,
    "math_algebra_openai_human_written_examples": 2.1136314868927,
    "math_algebra_rewrite_groundtruth_in_own_words": 3.5083513259887695
}