{
    "gsm8k_step_by_step": 2.059990882873535,
    "gsm8k_claude": 2.100130558013916,
    "gsm8k_gpt4_style_in_context_examples": 2.3825526237487793,
    "gsm8k_gpt4": 2.2648913860321045,
    "gsm8k_mini_gpt4": 2.2711288928985596,
    "gsm8k_groundtruth": 3.8892154693603516,
    "gsm8k_openai_human_written_examples": 2.702197551727295,
    "gsm8k_rewrite_groundtruth_in_own_words": 5.163470268249512
}