{
    "plan_bench_execution_step_by_step": 599.457275390625,
    "plan_bench_execution_claude": 381.04901123046875,
    "plan_bench_execution_gpt4_style_in_context_examples": 460.6976318359375,
    "plan_bench_execution_gpt4": 429.2959289550781,
    "plan_bench_execution_mini_gpt4": 420.1044616699219,
    "plan_bench_execution_groundtruth": 24790.921875,
    "plan_bench_execution_openai_human_written_examples": 648.2792358398438,
    "plan_bench_execution_rewrite_groundtruth_in_own_words": 485.63616943359375
}