{
    "hellaswag_step_by_step": 3.760164151191711,
    "hellaswag_claude": 2.8013483810424806,
    "hellaswag_gpt4_style_in_context_examples": 2.807293887138367,
    "hellaswag_gpt4": 4.136460576057434,
    "hellaswag_mini_gpt4": 4.022736701965332,
    "hellaswag_groundtruth": 1272087.4147851563,
    "hellaswag_openai_human_written_examples": 4.075879240036011
}