{
    "plan_bench_generation_step_by_step": 2.2534062737226486,
    "plan_bench_generation_claude": 2.2057316744327546,
    "plan_bench_generation_gpt4_style_in_context_examples": 2.313721523284912,
    "plan_bench_generation_gpt4": 2.431901537179947,
    "plan_bench_generation_mini_gpt4": 2.785744870901108,
    "plan_bench_generation_groundtruth": 16.741793937683106,
    "plan_bench_generation_openai_human_written_examples": 2.6662786382436754,
    "plan_bench_generation_rewrite_groundtruth_in_own_words": 2.951802816390991
}