{
    "plan_bench_verification_step_by_step": 1.4994850265979767,
    "plan_bench_verification_claude": 1.6945461165904998,
    "plan_bench_verification_gpt4_style_in_context_examples": 1.4142705070972443,
    "plan_bench_verification_gpt4": 1.546170619726181,
    "plan_bench_verification_mini_gpt4": 2.178785331249237,
    "plan_bench_verification_groundtruth": 8.168982102870942,
    "plan_bench_verification_openai_human_written_examples": 1.825870887041092,
    "plan_bench_verification_rewrite_groundtruth_in_own_words": 2.5224573802948
}