{
    "squad_step_by_step": 3.561939014196396,
    "squad_claude": 2.719337202310562,
    "squad_gpt4_style_in_context_examples": 3.166938169002533,
    "squad_gpt4": 5.35751326084137,
    "squad_mini_gpt4": 3.6876583170890807,
    "squad_groundtruth": 11.637049777507782,
    "squad_openai_human_written_examples": 2.985085257291794
}