{
    "squad_step_by_step": 3.3185714960098265,
    "squad_claude": 2.3869598865509034,
    "squad_gpt4_style_in_context_examples": 3.0936365365982055,
    "squad_gpt4": 4.471365540027619,
    "squad_mini_gpt4": 3.5662828493118286,
    "squad_groundtruth": 103.37895472288132,
    "squad_openai_human_written_examples": 2.867884075641632
}