{
    "squad_step_by_step": 2.8557913303375244,
    "squad_claude": 2.0849759578704834,
    "squad_gpt4_style_in_context_examples": 2.3554816246032715,
    "squad_gpt4": 3.280923366546631,
    "squad_mini_gpt4": 2.8418128490448,
    "squad_groundtruth": 1.3435583114624023,
    "squad_openai_human_written_examples": 2.002723455429077
}