{
    "plan_bench_optimality_step_by_step": 1.811849857568741,
    "plan_bench_optimality_claude": 1.9545540964603425,
    "plan_bench_optimality_gpt4_style_in_context_examples": 1.6674952614307403,
    "plan_bench_optimality_gpt4": 1.952829158306122,
    "plan_bench_optimality_mini_gpt4": 2.0158302116394045,
    "plan_bench_optimality_groundtruth": 4.109814590215683,
    "plan_bench_optimality_openai_human_written_examples": 2.415669994354248,
    "plan_bench_optimality_rewrite_groundtruth_in_own_words": 2.4148691654205323
}