{
    "piqa_step_by_step": 58.002601623535156,
    "piqa_claude": 33.41472625732422,
    "piqa_gpt4_style_in_context_examples": 85.3943099975586,
    "piqa_gpt4": 90.58534240722656,
    "piqa_mini_gpt4": 61.522247314453125,
    "piqa_groundtruth": 1074796.75,
    "piqa_openai_human_written_examples": 156.04104614257812
}