{
    "drop_step_by_step": 2.7689244747161865,
    "drop_claude": 2.0540964603424072,
    "drop_gpt4_style_in_context_examples": 2.49257493019104,
    "drop_gpt4": 2.856508731842041,
    "drop_mini_gpt4": 3.071122646331787,
    "drop_groundtruth": 44.49357986450195,
    "drop_openai_human_written_examples": 2.3603529930114746
}