{
    "math_geometry_step_by_step": 2.5290459831555685,
    "math_geometry_claude": 2.344226555029551,
    "math_geometry_gpt4_style_in_context_examples": 4.443502918879191,
    "math_geometry_gpt4": 2.589936637878418,
    "math_geometry_mini_gpt4": 2.196294049421946,
    "math_geometry_groundtruth": 3.2532801707585652,
    "math_geometry_openai_human_written_examples": 4.922292049725851,
    "math_geometry_rewrite_groundtruth_in_own_words": 2.842038079102834
}