{
    "boolq_step_by_step": 16.073026657104492,
    "boolq_claude": 9.268044471740723,
    "boolq_gpt4_style_in_context_examples": 12.507564544677734,
    "boolq_gpt4": 16.373292922973633,
    "boolq_mini_gpt4": 12.074793815612793,
    "boolq_groundtruth": NaN,
    "boolq_openai_human_written_examples": 8.963208198547363
}