{
    "plan_bench_replaning_step_by_step": 2.7776745158433913,
    "plan_bench_replaning_claude": 2.555608658790588,
    "plan_bench_replaning_gpt4_style_in_context_examples": 3.1139972370862963,
    "plan_bench_replaning_gpt4": 3.2278339567780496,
    "plan_bench_replaning_mini_gpt4": 2.909471145570278,
    "plan_bench_replaning_groundtruth": 7.494763302505016,
    "plan_bench_replaning_openai_human_written_examples": 3.562107191681862,
    "plan_bench_replaning_rewrite_groundtruth_in_own_words": 3.7333572471141814
}