{
    "hellaswag_step_by_step": 15.137928009033203,
    "hellaswag_claude": 11.741990089416504,
    "hellaswag_gpt4_style_in_context_examples": 24.400827407836914,
    "hellaswag_gpt4": 20.462299346923828,
    "hellaswag_mini_gpt4": 24.45269012451172,
    "hellaswag_groundtruth": NaN,
    "hellaswag_openai_human_written_examples": 29.19174575805664
}