{
    "plan_bench_generation_step_by_step": {
        "perplexity": 2.378268711566925,
        "IDF_score": 0.739,
        "log_propability": -376.0,
        "skywork_reward_score": -7.711735026041667,
        "CAR_score": -2.21,
        "cos_similarity": 0.85712890625
    },
    "plan_bench_generation_claude": {
        "perplexity": 2.1316422033309936,
        "IDF_score": 0.609,
        "log_propability": -177.0,
        "skywork_reward_score": -7.711735026041667,
        "CAR_score": -2.39,
        "cos_similarity": 0.867041015625
    },
    "plan_bench_generation_gpt4_style_in_context_examples": {
        "perplexity": 2.541179568767548,
        "IDF_score": 0.772,
        "log_propability": -412.0,
        "skywork_reward_score": -7.711735026041667,
        "CAR_score": -2.06,
        "cos_similarity": 0.856533203125
    },
    "plan_bench_generation_gpt4": {
        "perplexity": 2.7147468018531797,
        "IDF_score": 0.722,
        "log_propability": -378.0,
        "skywork_reward_score": -7.711735026041667,
        "CAR_score": -1.97,
        "cos_similarity": 0.85505859375
    },
    "plan_bench_generation_mini_gpt4": {
        "perplexity": 2.930495190620422,
        "IDF_score": 0.668,
        "log_propability": -388.0,
        "skywork_reward_score": -7.711735026041667,
        "CAR_score": -1.86,
        "cos_similarity": 0.87451171875
    },
    "plan_bench_generation_groundtruth": {
        "perplexity": 51.12728419303894,
        "IDF_score": 1.07,
        "log_propability": -131.0,
        "skywork_reward_score": -7.711735026041667,
        "CAR_score": -0.837,
        "cos_similarity": 0.480087890625
    },
    "plan_bench_generation_openai_human_written_examples": {
        "perplexity": 2.9920010018348693,
        "IDF_score": 0.675,
        "log_propability": -348.0,
        "skywork_reward_score": -7.711735026041667,
        "CAR_score": -1.84,
        "cos_similarity": 0.874462890625
    },
    "plan_bench_generation_rewrite_groundtruth_in_own_words": {
        "perplexity": 3.1117277717590333,
        "IDF_score": 0.703,
        "log_propability": -238.0,
        "skywork_reward_score": -7.711735026041667,
        "CAR_score": -1.81,
        "cos_similarity": 0.869599609375
    }
}