{
    "math_algebra_step_by_step": 1.4263843924999238,
    "math_algebra_claude": 1.6942052142620088,
    "math_algebra_gpt4_style_in_context_examples": 3.430104101419449,
    "math_algebra_gpt4": 1.5136768562793732,
    "math_algebra_mini_gpt4": 1.3887183985710143,
    "math_algebra_groundtruth": 2.9424112553596498,
    "math_algebra_openai_human_written_examples": 1.565403119325638,
    "math_algebra_rewrite_groundtruth_in_own_words": 2.37465306186676
}