{
    "math_algebra_step_by_step": 1.4506269216537475,
    "math_algebra_claude": 1.7080883002281189,
    "math_algebra_gpt4_style_in_context_examples": 6.747650096416473,
    "math_algebra_gpt4": 2.258671839237213,
    "math_algebra_mini_gpt4": 1.426890151500702,
    "math_algebra_groundtruth": 2.9951804518699645,
    "math_algebra_openai_human_written_examples": 1.631520779132843,
    "math_algebra_rewrite_groundtruth_in_own_words": 2.370341923236847
}