{
    "math_algebra_step_by_step": {
        "perplexity": 2.0489950662851335,
        "IDF_score": 0.873,
        "log_propability": -277.0,
        "skywork_reward_score": 7.9027490234375,
        "CAR_score": 2.6,
        "cos_similarity": 0.858056640625
    },
    "math_algebra_claude": {
        "perplexity": 2.0945802146196364,
        "IDF_score": 0.726,
        "log_propability": -165.0,
        "skywork_reward_score": 7.9027490234375,
        "CAR_score": 2.51,
        "cos_similarity": 0.82779296875
    },
    "math_algebra_gpt4_style_in_context_examples": {
        "perplexity": 190.9453528112173,
        "IDF_score": 2.35,
        "log_propability": -257.0,
        "skywork_reward_score": 7.9027490234375,
        "CAR_score": 1.79,
        "cos_similarity": 0.545736083984375
    },
    "math_algebra_gpt4": {
        "perplexity": 2.2297820222377776,
        "IDF_score": 0.831,
        "log_propability": -255.0,
        "skywork_reward_score": 7.9027490234375,
        "CAR_score": 2.58,
        "cos_similarity": 0.85892333984375
    },
    "math_algebra_mini_gpt4": {
        "perplexity": 1.9272588634490966,
        "IDF_score": 0.806,
        "log_propability": -214.0,
        "skywork_reward_score": 7.9027490234375,
        "CAR_score": 2.72,
        "cos_similarity": 0.85744140625
    },
    "math_algebra_groundtruth": {
        "perplexity": 9.57711502969265,
        "IDF_score": 1.3,
        "log_propability": -201.0,
        "skywork_reward_score": 7.9027490234375,
        "CAR_score": 1.14,
        "cos_similarity": 0.794237060546875
    },
    "math_algebra_openai_human_written_examples": {
        "perplexity": 2.3351326006650925,
        "IDF_score": 0.838,
        "log_propability": -234.0,
        "skywork_reward_score": 7.9027490234375,
        "CAR_score": 2.38,
        "cos_similarity": 0.8600537109375
    },
    "math_algebra_rewrite_groundtruth_in_own_words": {
        "perplexity": 3.4808058565855027,
        "IDF_score": 0.829,
        "log_propability": -285.0,
        "skywork_reward_score": 7.9027490234375,
        "CAR_score": 1.72,
        "cos_similarity": 0.86022705078125
    }
}