{
    "plan_bench_optimality_step_by_step": 2.092040244738261,
    "plan_bench_optimality_claude": 2.0068788131078086,
    "plan_bench_optimality_gpt4_style_in_context_examples": 1.8213167945543924,
    "plan_bench_optimality_gpt4": 2.174459767341614,
    "plan_bench_optimality_mini_gpt4": 2.371537280082703,
    "plan_bench_optimality_groundtruth": 4.091741700967153,
    "plan_bench_optimality_openai_human_written_examples": 2.745750923951467,
    "plan_bench_optimality_rewrite_groundtruth_in_own_words": 2.5583632787068686
}