{
    "plan_bench_generation_step_by_step": 2.273448199033737,
    "plan_bench_generation_claude": 2.224217666387558,
    "plan_bench_generation_gpt4_style_in_context_examples": 2.3394797909259797,
    "plan_bench_generation_gpt4": 2.357679634094238,
    "plan_bench_generation_mini_gpt4": 2.761277550458908,
    "plan_bench_generation_groundtruth": 13.757378511428833,
    "plan_bench_generation_openai_human_written_examples": 2.6919080901145933,
    "plan_bench_generation_rewrite_groundtruth_in_own_words": 2.7937408077716825
}