{
    "plan_bench_execution_step_by_step": 1.9090630650520324,
    "plan_bench_execution_claude": 1.9020052361488342,
    "plan_bench_execution_gpt4_style_in_context_examples": 2.537237830162048,
    "plan_bench_execution_gpt4": 2.0893445873260497,
    "plan_bench_execution_mini_gpt4": 2.7084968376159666,
    "plan_bench_execution_groundtruth": 1.8368805575370788,
    "plan_bench_execution_openai_human_written_examples": 2.395280542373657,
    "plan_bench_execution_rewrite_groundtruth_in_own_words": 2.6858354306221006
}