{
    "plan_bench_optimality_step_by_step": 2.0444791960716246,
    "plan_bench_optimality_claude": 2.035190236568451,
    "plan_bench_optimality_gpt4_style_in_context_examples": 1.851894085407257,
    "plan_bench_optimality_gpt4": 2.27603440284729,
    "plan_bench_optimality_mini_gpt4": 2.273133180141449,
    "plan_bench_optimality_groundtruth": 5.0676625537872315,
    "plan_bench_optimality_openai_human_written_examples": 2.748404853343964,
    "plan_bench_optimality_rewrite_groundtruth_in_own_words": 2.618607211112976
}