{
    "mmlu_moral_scenarios_step_by_step": 3.731598418354988,
    "mmlu_moral_scenarios_claude": 3.2781113141775133,
    "mmlu_moral_scenarios_gpt4_style_in_context_examples": 3.8224299693107606,
    "mmlu_moral_scenarios_gpt4": 3.8328598988056184,
    "mmlu_moral_scenarios_mini_gpt4": 3.878605892062187,
    "mmlu_moral_scenarios_groundtruth": 23.09621985912323,
    "mmlu_moral_scenarios_openai_human_written_examples": 4.063835164904594
}