{
    "squad_step_by_step": 5.048975944519043,
    "squad_claude": 4.139880180358887,
    "squad_gpt4_style_in_context_examples": 5.240415096282959,
    "squad_gpt4": 19.59966278076172,
    "squad_mini_gpt4": 19.1663761138916,
    "squad_groundtruth": 66.38641357421875,
    "squad_openai_human_written_examples": 4.8689374923706055
}