{
    "plan_bench_execution_step_by_step": 2.262387673060099,
    "plan_bench_execution_claude": 2.534595286846161,
    "plan_bench_execution_gpt4_style_in_context_examples": 2.3908667882283527,
    "plan_bench_execution_gpt4": 2.5592713197072348,
    "plan_bench_execution_mini_gpt4": 3.9149755954742433,
    "plan_bench_execution_groundtruth": 12.344407494862875,
    "plan_bench_execution_openai_human_written_examples": 3.5338855028152465,
    "plan_bench_execution_rewrite_groundtruth_in_own_words": 3.763759398460388
}