{
    "plan_bench_verification_step_by_step": 1.8970706582069397,
    "plan_bench_verification_claude": 2.0861291766166685,
    "plan_bench_verification_gpt4_style_in_context_examples": 2.060831356048584,
    "plan_bench_verification_gpt4": 1.8823137760162354,
    "plan_bench_verification_mini_gpt4": 2.76984760761261,
    "plan_bench_verification_groundtruth": 3.311879277229309,
    "plan_bench_verification_openai_human_written_examples": 2.1136893033981323,
    "plan_bench_verification_rewrite_groundtruth_in_own_words": 2.5762570977210997
}