{
    "arc_challenge_step_by_step": 3.301565358638763,
    "arc_challenge_claude": 3.1995682907104492,
    "arc_challenge_gpt4_style_in_context_examples": 3.369010317325592,
    "arc_challenge_gpt4": 3.515513529777527,
    "arc_challenge_mini_gpt4": 3.572151415348053,
    "arc_challenge_groundtruth": 76282.60940063477,
    "arc_challenge_openai_human_written_examples": 3.8879995226860045
}