{
    "piqa_step_by_step": 3.357983145415783,
    "piqa_claude": 3.0853302481770517,
    "piqa_gpt4_style_in_context_examples": 3.797317559719086,
    "piqa_gpt4": 4.258545187413692,
    "piqa_mini_gpt4": 3.2577901408076286,
    "piqa_groundtruth": 1031675.8335435486,
    "piqa_openai_human_written_examples": 4.219964107275009
}