{
    "ecqa_step_by_step": 12.741131782531738,
    "ecqa_claude": 11.996517181396484,
    "ecqa_gpt4_style_in_context_examples": 14.665495872497559,
    "ecqa_gpt4": 18.50548553466797,
    "ecqa_mini_gpt4": 23.493566513061523,
    "ecqa_groundtruth": 498.9122009277344,
    "ecqa_openai_human_written_examples": 19.679580688476562,
    "ecqa_rewrite_groundtruth_in_own_words": 73.16007995605469
}