{
    "plan_bench_execution_step_by_step": 2.107638647556305,
    "plan_bench_execution_claude": 2.577372325658798,
    "plan_bench_execution_gpt4_style_in_context_examples": 2.265467991232872,
    "plan_bench_execution_gpt4": 2.2451495254039764,
    "plan_bench_execution_mini_gpt4": 3.6701745161414148,
    "plan_bench_execution_groundtruth": 10.764019114375115,
    "plan_bench_execution_openai_human_written_examples": 3.2419054445624353,
    "plan_bench_execution_rewrite_groundtruth_in_own_words": 3.492854844033718
}