{
    "plan_bench_optimality_step_by_step": 2.293643021583557,
    "plan_bench_optimality_claude": 3.0332504987716673,
    "plan_bench_optimality_gpt4_style_in_context_examples": 2.17862890958786,
    "plan_bench_optimality_gpt4": 2.6679768323898316,
    "plan_bench_optimality_mini_gpt4": 2.7097168922424317,
    "plan_bench_optimality_groundtruth": 19.812993717193603,
    "plan_bench_optimality_openai_human_written_examples": 3.2523218393325806,
    "plan_bench_optimality_rewrite_groundtruth_in_own_words": 3.2347413897514343
}