{
    "plan_bench_generation_step_by_step": 453.6205139160156,
    "plan_bench_generation_claude": 307.3638916015625,
    "plan_bench_generation_gpt4_style_in_context_examples": 878.9044799804688,
    "plan_bench_generation_gpt4": 652.0039672851562,
    "plan_bench_generation_mini_gpt4": 332.1491394042969,
    "plan_bench_generation_groundtruth": 63025.4609375,
    "plan_bench_generation_openai_human_written_examples": 607.22900390625,
    "plan_bench_generation_rewrite_groundtruth_in_own_words": 2116.11474609375
}