{
    "step_by_step": [
        2.7238409519195557,
        3.7818567752838135,
        2.7370734214782715,
        2.074465036392212,
        2.9762473106384277,
        3.2334978580474854,
        2.8688595294952393,
        2.17368745803833,
        1.7595311403274536,
        2.885791063308716,
        2.895468235015869,
        2.0028750896453857,
        2.68650484085083,
        3.5850002765655518,
        2.677988052368164,
        3.3908274173736572,
        2.449155330657959,
        2.3699047565460205,
        5.079433917999268,
        6.777497291564941,
        1.8438318967819214,
        3.262956142425537,
        4.3706769943237305,
        3.48413348197937,
        3.811277389526367,
        1.7451908588409424,
        2.883694887161255,
        4.000555515289307,
        3.2367053031921387,
        2.30924654006958,
        2.3603246212005615,
        3.597996711730957,
        3.043656349182129,
        2.0752971172332764,
        2.198655605316162,
        2.177356719970703,
        2.9316537380218506,
        2.1777517795562744,
        3.2445287704467773,
        4.046992301940918,
        2.7026920318603516,
        3.3140721321105957,
        2.8450794219970703,
        2.390559196472168,
        3.4674172401428223,
        3.0775949954986572,
        2.754148483276367,
        2.2039992809295654,
        2.2848596572875977,
        3.0405051708221436
    ],
    "claude": [
        3.5193932056427,
        2.700873851776123,
        2.4004967212677,
        2.418889284133911,
        2.8787341117858887,
        2.278167724609375,
        2.8724234104156494,
        1.9767104387283325,
        2.7127063274383545,
        2.5667953491210938,
        2.881831169128418,
        2.4851632118225098,
        3.6188271045684814,
        3.834155559539795,
        2.900127649307251,
        2.5786123275756836,
        3.3755569458007812,
        2.6638894081115723,
        1.7106170654296875,
        4.232674598693848,
        3.215590715408325,
        3.091168165206909,
        2.8843605518341064,
        3.8432884216308594,
        4.1247124671936035,
        1.7746217250823975,
        3.8142127990722656,
        2.9483306407928467,
        2.5265660285949707,
        3.910031318664551,
        3.225823402404785,
        3.223483085632324,
        4.960638046264648,
        4.951200485229492,
        3.2983782291412354,
        3.436025381088257,
        2.759169816970825,
        2.857355833053589,
        2.5452842712402344,
        2.3249754905700684,
        3.0523276329040527,
        3.8630430698394775,
        2.8516159057617188,
        2.835815906524658,
        3.37394380569458,
        4.0796661376953125,
        2.969676971435547,
        2.220261573791504,
        3.9058849811553955,
        4.014987945556641
    ],
    "gpt4_style_in_context_examples": [
        2.8541786670684814,
        1.7192966938018799,
        5.003570556640625,
        6.040864944458008,
        1.9925931692123413,
        3.1658341884613037,
        3.192847728729248,
        2.6473090648651123,
        3.036839008331299,
        3.3683955669403076,
        2.48903489112854,
        2.060250759124756,
        3.998842477798462,
        4.357651710510254,
        2.529035806655884,
        3.326678514480591,
        3.546889543533325,
        2.9579474925994873,
        2.9048449993133545,
        3.713524341583252,
        3.626612901687622,
        3.2767066955566406,
        4.292466163635254,
        3.6034843921661377,
        2.684229612350464,
        1.9094882011413574,
        2.1245641708374023,
        3.9865095615386963,
        4.182516574859619,
        5.299768924713135,
        5.267848014831543,
        5.501414775848389,
        2.889477491378784,
        1.9349031448364258,
        5.332050323486328,
        2.861222982406616,
        1.8745909929275513,
        3.539707660675049,
        4.629426002502441,
        7.54477071762085,
        2.7581229209899902,
        5.782479286193848,
        2.250525712966919,
        2.9703733921051025,
        5.707098007202148,
        2.4554550647735596,
        3.6188409328460693,
        2.598815679550171,
        3.5165040493011475,
        5.506851673126221
    ]
}