{
    "step_by_step": [
        3.896089553833008,
        3.7916159629821777,
        3.65429949760437,
        2.0977158546447754,
        2.541959524154663,
        3.6090548038482666,
        3.1212899684906006,
        2.3639323711395264,
        1.6120578050613403,
        2.4573845863342285,
        2.7996413707733154,
        2.0345942974090576,
        2.658766031265259,
        3.9171276092529297,
        2.798858165740967,
        3.172764778137207,
        2.2420437335968018,
        2.2088189125061035,
        4.6949310302734375,
        5.928629398345947,
        1.8283385038375854,
        3.2380242347717285,
        4.353428363800049,
        3.2176382541656494,
        3.554356098175049,
        1.5927950143814087,
        2.9150829315185547,
        3.9414899349212646,
        3.4321086406707764,
        2.575861692428589,
        2.31400465965271,
        3.9136533737182617,
        2.8334128856658936,
        2.0267302989959717,
        2.0634775161743164,
        1.97806715965271,
        2.778090476989746,
        2.121333360671997,
        3.0261754989624023,
        3.945072650909424,
        2.7170069217681885,
        3.2495639324188232,
        2.8825786113739014,
        2.430854320526123,
        3.46474552154541,
        2.745110034942627,
        2.416250705718994,
        2.105360507965088,
        2.1889636516571045,
        3.13124418258667
    ],
    "claude": [
        4.546019077301025,
        2.250934362411499,
        3.2282907962799072,
        2.950141191482544,
        2.5064797401428223,
        2.055898666381836,
        2.472113609313965,
        2.031770944595337,
        2.149407386779785,
        2.00968337059021,
        3.1810779571533203,
        2.0650503635406494,
        4.922329902648926,
        2.796217918395996,
        2.260557174682617,
        2.1838831901550293,
        2.896381139755249,
        2.00878643989563,
        1.9219990968704224,
        5.494646072387695,
        2.9363231658935547,
        2.2705225944519043,
        2.2635459899902344,
        3.020273447036743,
        3.415493965148926,
        1.454968810081482,
        6.449165344238281,
        2.2538862228393555,
        2.103924512863159,
        4.9053144454956055,
        2.903442144393921,
        2.426079273223877,
        5.6157917976379395,
        3.9589202404022217,
        2.635465621948242,
        2.447723627090454,
        2.2961995601654053,
        2.6451635360717773,
        2.0746095180511475,
        2.502851963043213,
        2.445796251296997,
        4.059556484222412,
        2.2228028774261475,
        2.4667327404022217,
        3.151231050491333,
        2.65840220451355,
        3.1763253211975098,
        2.1910927295684814,
        3.688141345977783,
        3.119919538497925
    ]
}