{
    "step_by_step": [
        2.350860595703125,
        3.070114850997925,
        2.5938398838043213,
        1.835676670074463,
        2.3882973194122314,
        2.9740653038024902,
        2.374922752380371,
        2.0133206844329834,
        1.6172714233398438,
        2.4566352367401123,
        2.529034376144409,
        1.8510372638702393,
        2.3008031845092773,
        3.3051910400390625,
        2.2521138191223145,
        2.6769931316375732,
        2.0405116081237793,
        1.9806404113769531,
        4.779359340667725,
        5.639285087585449,
        1.7183457612991333,
        2.644317865371704,
        3.71199631690979,
        3.020663022994995,
        3.0859153270721436,
        1.4253441095352173,
        2.696427345275879,
        3.341386079788208,
        2.8352415561676025,
        2.2005863189697266,
        2.111556053161621,
        2.6245787143707275,
        2.653817653656006,
        1.8117574453353882,
        1.950189232826233,
        1.7558633089065552,
        2.456092596054077,
        1.8144738674163818,
        2.917524576187134,
        3.5691850185394287,
        2.345667600631714,
        2.7785348892211914,
        3.082557201385498,
        2.118792772293091,
        2.7976269721984863,
        2.5579943656921387,
        2.2408955097198486,
        1.9562650918960571,
        1.9447270631790161,
        2.73020339012146
    ],
    "claude": [
        2.7263221740722656,
        2.2507846355438232,
        1.8425278663635254,
        2.635496139526367,
        2.3433425426483154,
        1.8564863204956055,
        1.9927136898040771,
        1.6857351064682007,
        2.53505539894104,
        1.8960561752319336,
        2.9390127658843994,
        2.042412519454956,
        3.47824764251709,
        2.527512788772583,
        2.161029100418091,
        2.053300142288208,
        1.9404537677764893,
        1.8233630657196045,
        1.664556860923767,
        3.32916259765625,
        3.2266793251037598,
        2.0557453632354736,
        2.138795852661133,
        2.1594955921173096,
        3.038095474243164,
        1.5494714975357056,
        2.865952968597412,
        2.6160528659820557,
        1.9379504919052124,
        2.9936764240264893,
        2.4465417861938477,
        2.101644992828369,
        3.3217198848724365,
        2.717158555984497,
        2.585966110229492,
        2.4611217975616455,
        2.147664785385132,
        2.7227673530578613,
        2.3094794750213623,
        2.1918768882751465,
        2.257676839828491,
        2.811410903930664,
        2.595086097717285,
        2.485790252685547,
        2.370004177093506,
        2.2819249629974365,
        2.072887420654297,
        1.7463089227676392,
        2.4210104942321777,
        3.708289861679077
    ],
    "gpt4_style_in_context_examples": [
        2.2823266983032227,
        1.477033019065857,
        4.668542385101318,
        4.647159576416016,
        1.6879158020019531,
        2.8587446212768555,
        2.6690237522125244,
        2.4252941608428955,
        2.750300168991089,
        2.9589760303497314,
        2.323965072631836,
        1.8238320350646973,
        3.3599462509155273,
        3.3655781745910645,
        2.261730670928955,
        3.208141565322876,
        3.006209135055542,
        2.3964903354644775,
        2.55427622795105,
        3.124065637588501,
        3.1942250728607178,
        2.492100238800049,
        3.289263963699341,
        2.805940866470337,
        2.159975528717041,
        1.657911777496338,
        2.0049734115600586,
        3.459043025970459,
        3.165208101272583,
        4.692004680633545,
        4.910163879394531,
        4.445016384124756,
        2.4398112297058105,
        1.8099969625473022,
        4.332983493804932,
        2.4096713066101074,
        1.7424534559249878,
        3.130767583847046,
        4.122372627258301,
        6.152627468109131,
        2.6450321674346924,
        5.5880656242370605,
        2.126528739929199,
        2.4622178077697754,
        4.404759407043457,
        2.0728158950805664,
        2.8887407779693604,
        2.1841237545013428,
        2.9526002407073975,
        5.502228260040283
    ]
}