{
    "math_algebra_step_by_step": 1.855226562023163,
    "math_algebra_claude": 2.137469058036804
}