{
    "gsm8k_step_by_step": 1.5613747382164,
    "gsm8k_claude": 1.7273165893554687
}