{
    "gsm8k_step_by_step": {
        "in_context_perplexity": 1.6427786747614543
    },
    "gsm8k_gpt4": {
        "in_context_perplexity": 1.6249420245488484
    },
    "gsm8k_claude": {
        "in_context_perplexity": 1.8278665741284688
    },
    "gsm8k_mini_gpt4": {
        "in_context_perplexity": 1.6368183890978496
    },
    "gsm8k_groundtruth": {
        "in_context_perplexity": 2.3106778939565022
    },
    "gsm8k_gpt4_style_in_context_examples": {
        "in_context_perplexity": 1.8913412690162659
    },
    "gsm8k_openai_human_written_examples": {
        "in_context_perplexity": 2.2234938780466718
    },
    "gsm8k_rewrite_groundtruth_in_own_words": {
        "in_context_perplexity": 3.474884875615438
    }
}