{
    "hellaswag_step_by_step": {
        "perplexity": 4.5686431407928465,
        "diversity_score": 0.155,
        "complexity_score": 0.0335,
        "IDF_score": 0.403,
        "average_token_len": 269.6,
        "Average_Char_Lenth": 1304.4333333333334
    },
    "hellaswag_gpt4": {
        "perplexity": 4.952621181805928,
        "diversity_score": 0.123,
        "complexity_score": 0.0438,
        "IDF_score": 0.362,
        "average_token_len": 197.66666666666666,
        "Average_Char_Lenth": 971.5666666666667
    },
    "hellaswag_claude": {
        "perplexity": 3.9267027457555135,
        "diversity_score": 0.11,
        "complexity_score": 0.0375,
        "IDF_score": 0.416,
        "average_token_len": 163.63333333333333,
        "Average_Char_Lenth": 818.5333333333333
    },
    "hellaswag_mini_gpt4": {
        "perplexity": 5.702073097229004,
        "diversity_score": 0.0898,
        "complexity_score": 0.0398,
        "IDF_score": 0.406,
        "average_token_len": 150.06666666666666,
        "Average_Char_Lenth": 753.4333333333333
    },
    "hellaswag_groundtruth": {
        "perplexity": 59.79131943384807,
        "diversity_score": 0.317,
        "complexity_score": 0.00507,
        "IDF_score": Infinity,
        "average_token_len": 1.0,
        "Average_Char_Lenth": 1.0
    },
    "hellaswag_gpt4_style_in_context_examples": {
        "perplexity": 3.630279525121053,
        "diversity_score": 0.146,
        "complexity_score": 0.0308,
        "IDF_score": 0.346,
        "average_token_len": 259.56666666666666,
        "Average_Char_Lenth": 1186.3
    },
    "hellaswag_openai_human_written_examples": {
        "perplexity": 5.579994662602743,
        "diversity_score": 0.0863,
        "complexity_score": 0.0311,
        "IDF_score": 0.332,
        "average_token_len": 144.63333333333333,
        "Average_Char_Lenth": 713.1333333333333
    }
}