{
    "piqa_step_by_step": {
        "perplexity": 4.3711252053578695,
        "diversity_score": 0.127,
        "complexity_score": 0.0962,
        "IDF_score": 0.658,
        "average_token_len": 255.96666666666667,
        "Average_Char_Lenth": 1062.0666666666666
    },
    "piqa_gpt4": {
        "perplexity": 6.4249344110488895,
        "diversity_score": 0.0884,
        "complexity_score": 0.119,
        "IDF_score": 0.603,
        "average_token_len": 135.13333333333333,
        "Average_Char_Lenth": 603.0
    },
    "piqa_claude": {
        "perplexity": 3.6245561440785727,
        "diversity_score": 0.106,
        "complexity_score": 0.12,
        "IDF_score": 0.57,
        "average_token_len": 196.3,
        "Average_Char_Lenth": 872.1
    },
    "piqa_mini_gpt4": {
        "perplexity": 5.031507555643717,
        "diversity_score": 0.0789,
        "complexity_score": 0.105,
        "IDF_score": 0.401,
        "average_token_len": 122.16666666666667,
        "Average_Char_Lenth": 537.7666666666667
    },
    "piqa_groundtruth": {
        "perplexity": 4459320.714339193,
        "diversity_score": 0.346,
        "complexity_score": 0.00151,
        "IDF_score": 41800.0,
        "average_token_len": 3.0,
        "Average_Char_Lenth": 1.0
    },
    "piqa_gpt4_style_in_context_examples": {
        "perplexity": 5.7124061187108355,
        "diversity_score": 0.0864,
        "complexity_score": 0.0953,
        "IDF_score": 0.424,
        "average_token_len": 111.03333333333333,
        "Average_Char_Lenth": 499.93333333333334
    },
    "piqa_openai_human_written_examples": {
        "perplexity": 6.397565507888794,
        "diversity_score": 0.0949,
        "complexity_score": 0.0784,
        "IDF_score": 0.317,
        "average_token_len": 70.6,
        "Average_Char_Lenth": 301.2
    }
}