{
    "piqa_step_by_step": {
        "in_context_perplexity": 3.9867954810460406
    },
    "piqa_gpt4": {
        "in_context_perplexity": 5.325834918022156
    },
    "piqa_claude": {
        "in_context_perplexity": 3.8007628440856935
    },
    "piqa_mini_gpt4": {
        "in_context_perplexity": 4.276800799369812
    },
    "piqa_groundtruth": {
        "in_context_perplexity": 126.27053718566894
    },
    "piqa_gpt4_style_in_context_examples": {
        "in_context_perplexity": 5.014286080996196
    },
    "piqa_openai_human_written_examples": {
        "in_context_perplexity": 4.82507639726003
    }
}