{
    "drop_step_by_step": {
        "in_context_perplexity": 3.1857666993141174
    },
    "drop_gpt4": {
        "in_context_perplexity": 2.883240485191345
    },
    "drop_claude": {
        "in_context_perplexity": 3.5802240562438965
    },
    "drop_mini_gpt4": {
        "in_context_perplexity": 2.659653172492981
    },
    "drop_groundtruth": {
        "in_context_perplexity": 498.2709071588516
    },
    "drop_gpt4_style_in_context_examples": {
        "in_context_perplexity": 3.0282815504074097
    },
    "drop_openai_human_written_examples": {
        "in_context_perplexity": 3.030762882232666
    }
}