{
    "piqa_step_by_step": {
        "in_context_perplexity": 4.085204537709554
    },
    "piqa_gpt4": {
        "in_context_perplexity": 5.358969974517822
    },
    "piqa_claude": {
        "in_context_perplexity": 3.8496084610621133
    },
    "piqa_mini_gpt4": {
        "in_context_perplexity": 4.536961936950684
    },
    "piqa_groundtruth": {
        "in_context_perplexity": 111.11115964253743
    },
    "piqa_gpt4_style_in_context_examples": {
        "in_context_perplexity": 4.9945435126622515
    },
    "piqa_openai_human_written_examples": {
        "in_context_perplexity": 4.978766099611918
    }
}