{
    "gsm8k_step_by_step": {
        "in_context_perplexity": 1.9282180166244507
    },
    "gsm8k_gpt4": {
        "in_context_perplexity": 2.011354103088379
    },
    "gsm8k_claude": {
        "in_context_perplexity": 2.072163166999817
    },
    "gsm8k_mini_gpt4": {
        "in_context_perplexity": 2.10187682390213
    },
    "gsm8k_groundtruth": {
        "in_context_perplexity": 3.3954397678375243
    },
    "gsm8k_gpt4_style_in_context_examples": {
        "in_context_perplexity": 2.1158196926116943
    },
    "gsm8k_openai_human_written_examples": {
        "in_context_perplexity": 2.164841477870941
    },
    "gsm8k_rewrite_groundtruth_in_own_words": {
        "in_context_perplexity": 3.9898272800445556
    }
}