{
    "squad_step_by_step": {
        "in_context_perplexity": 3.6279287735621133
    },
    "squad_gpt4": {
        "in_context_perplexity": 5.2615222056706745
    },
    "squad_claude": {
        "in_context_perplexity": 2.9777002970377606
    },
    "squad_mini_gpt4": {
        "in_context_perplexity": 4.654480330149332
    },
    "squad_groundtruth": {
        "in_context_perplexity": 38.997151680787404
    },
    "squad_gpt4_style_in_context_examples": {
        "in_context_perplexity": 3.553131612141927
    },
    "squad_openai_human_written_examples": {
        "in_context_perplexity": 4.1990284125010175
    }
}