{
    "boolq_step_by_step": {
        "perplexity": 3.3670868396759035,
        "diversity_score": 0.0244,
        "complexity_score": 0.0204,
        "IDF_score": 0.525,
        "average_token_len": 152.6,
        "Average_Char_Lenth": 723.3666666666667
    },
    "boolq_gpt4": {
        "perplexity": 3.467946974436442,
        "diversity_score": 0.0218,
        "complexity_score": 0.0244,
        "IDF_score": 0.408,
        "average_token_len": 105.16666666666667,
        "Average_Char_Lenth": 520.0666666666667
    },
    "boolq_claude": {
        "perplexity": 2.580771442254384,
        "diversity_score": 0.0222,
        "complexity_score": 0.0235,
        "IDF_score": 0.495,
        "average_token_len": 168.46666666666667,
        "Average_Char_Lenth": 864.4333333333333
    },
    "boolq_mini_gpt4": {
        "perplexity": 3.1858699321746826,
        "diversity_score": 0.0222,
        "complexity_score": 0.0223,
        "IDF_score": 0.377,
        "average_token_len": 90.8,
        "Average_Char_Lenth": 460.7
    },
    "boolq_groundtruth": {
        "perplexity": 259986.79723307292,
        "diversity_score": 0.142,
        "complexity_score": 0.00183,
        "IDF_score": 2560.0,
        "average_token_len": 4.0,
        "Average_Char_Lenth": 18.433333333333334
    },
    "boolq_gpt4_style_in_context_examples": {
        "perplexity": 2.9038636326789855,
        "diversity_score": 0.0261,
        "complexity_score": 0.0197,
        "IDF_score": 0.308,
        "average_token_len": 96.3,
        "Average_Char_Lenth": 478.06666666666666
    },
    "boolq_openai_human_written_examples": {
        "perplexity": 2.504185430208842,
        "diversity_score": 0.0312,
        "complexity_score": 0.0175,
        "IDF_score": 0.24,
        "average_token_len": 80.5,
        "Average_Char_Lenth": 393.1
    }
}