{
    "gsm8k_step_by_step": {
        "in_context_perplexity": 2.118017542362213
    },
    "gsm8k_gpt4": {
        "in_context_perplexity": 2.1998030066490175
    },
    "gsm8k_claude": {
        "in_context_perplexity": 2.492047464847565
    },
    "gsm8k_mini_gpt4": {
        "in_context_perplexity": 2.1608548188209533
    },
    "gsm8k_groundtruth": {
        "in_context_perplexity": 4.826660008430481
    },
    "gsm8k_gpt4_style_in_context_examples": {
        "in_context_perplexity": 2.5583580565452575
    },
    "gsm8k_openai_human_written_examples": {
        "in_context_perplexity": 2.610372281074524
    },
    "gsm8k_rewrite_groundtruth_in_own_words": {
        "in_context_perplexity": 4.634273805618286
    }
}