{
    "gsm8k_step_by_step": {
        "in_context_perplexity": 2.040042527516683
    },
    "gsm8k_gpt4": {
        "in_context_perplexity": 2.2531947692235312
    },
    "gsm8k_claude": {
        "in_context_perplexity": 2.443790300687154
    },
    "gsm8k_mini_gpt4": {
        "in_context_perplexity": 2.3263841112454733
    },
    "gsm8k_groundtruth": {
        "in_context_perplexity": 4.060831654071808
    },
    "gsm8k_gpt4_style_in_context_examples": {
        "in_context_perplexity": 2.5115890224774677
    },
    "gsm8k_openai_human_written_examples": {
        "in_context_perplexity": 2.502107771237691
    },
    "gsm8k_rewrite_groundtruth_in_own_words": {
        "in_context_perplexity": 4.525656255086263
    }
}