{
    "boolq_step_by_step": {
        "in_context_perplexity": 3.4913337151209514
    },
    "boolq_gpt4": {
        "in_context_perplexity": 4.085577591260274
    },
    "boolq_claude": {
        "in_context_perplexity": 2.8698097387949626
    },
    "boolq_mini_gpt4": {
        "in_context_perplexity": 4.011447477340698
    },
    "boolq_groundtruth": {
        "in_context_perplexity": 11.135674730936687
    },
    "boolq_gpt4_style_in_context_examples": {
        "in_context_perplexity": 3.3693244298299154
    },
    "boolq_openai_human_written_examples": {
        "in_context_perplexity": 2.7894272963205973
    }
}