{
    "piqa_step_by_step": {
        "in_context_perplexity": 3.309049117565155
    },
    "piqa_gpt4": {
        "in_context_perplexity": 4.702302575111389
    },
    "piqa_claude": {
        "in_context_perplexity": 3.366362204551697
    },
    "piqa_mini_gpt4": {
        "in_context_perplexity": 3.778581042289734
    },
    "piqa_groundtruth": {
        "in_context_perplexity": 40538143.47501953
    },
    "piqa_gpt4_style_in_context_examples": {
        "in_context_perplexity": 3.8881851959228517
    },
    "piqa_openai_human_written_examples": {
        "in_context_perplexity": 4.6731390333175655
    }
}