{
    "mmlu_step_by_step": {
        "in_context_perplexity": 3.7180172109603884
    },
    "mmlu_gpt4": {
        "in_context_perplexity": 4.552082071304321
    },
    "mmlu_claude": {
        "in_context_perplexity": 3.0524350690841673
    },
    "mmlu_mini_gpt4": {
        "in_context_perplexity": 3.7610061359405518
    },
    "mmlu_groundtruth": {
        "in_context_perplexity": 2660.8461111450197
    },
    "mmlu_gpt4_style_in_context_examples": {
        "in_context_perplexity": 3.8442863416671753
    },
    "mmlu_openai_human_written_examples": {
        "in_context_perplexity": 4.485511469841003
    }
}