{
    "drop_step_by_step": {
        "in_context_perplexity": 3.1277164975802103
    },
    "drop_gpt4": {
        "in_context_perplexity": 3.61400336821874
    },
    "drop_claude": {
        "in_context_perplexity": 2.9215819478034972
    },
    "drop_mini_gpt4": {
        "in_context_perplexity": 3.2529459476470945
    },
    "drop_groundtruth": {
        "in_context_perplexity": 1058.3064254124959
    },
    "drop_gpt4_style_in_context_examples": {
        "in_context_perplexity": 3.1778189261754353
    },
    "drop_openai_human_written_examples": {
        "in_context_perplexity": 3.2106800198554994
    }
}