{
    "squad_step_by_step": {
        "in_context_perplexity": 3.0322364497184755
    },
    "squad_gpt4": {
        "in_context_perplexity": 3.990878584384918
    },
    "squad_claude": {
        "in_context_perplexity": 2.3267239546775818
    },
    "squad_mini_gpt4": {
        "in_context_perplexity": 3.3306896543502806
    },
    "squad_groundtruth": {
        "in_context_perplexity": 14.222676205635072
    },
    "squad_gpt4_style_in_context_examples": {
        "in_context_perplexity": 3.0648537826538087
    },
    "squad_openai_human_written_examples": {
        "in_context_perplexity": 2.4562464451789854
    }
}