{
    "mmlu_step_by_step": {
        "in_context_perplexity": 4.4117695069313045
    },
    "mmlu_gpt4": {
        "in_context_perplexity": 4.579983835220337
    },
    "mmlu_claude": {
        "in_context_perplexity": 3.208802661895752
    },
    "mmlu_mini_gpt4": {
        "in_context_perplexity": 4.274470384120941
    },
    "mmlu_groundtruth": {
        "in_context_perplexity": 5363.9279821777345
    },
    "mmlu_gpt4_style_in_context_examples": {
        "in_context_perplexity": 4.017297224998474
    },
    "mmlu_openai_human_written_examples": {
        "in_context_perplexity": 4.387391510009766
    }
}