{
    "piqa_step_by_step": {
        "in_context_perplexity": 3.3613190333048504
    },
    "piqa_gpt4": {
        "in_context_perplexity": 4.962287092208863
    },
    "piqa_claude": {
        "in_context_perplexity": 3.343965522448222
    },
    "piqa_mini_gpt4": {
        "in_context_perplexity": 3.948510829607646
    },
    "piqa_groundtruth": {
        "in_context_perplexity": 12150721.810058594
    },
    "piqa_gpt4_style_in_context_examples": {
        "in_context_perplexity": 4.100457549095154
    },
    "piqa_openai_human_written_examples": {
        "in_context_perplexity": 5.034445277849833
    }
}