{
    "squad_step_by_step": {
        "in_context_perplexity": 3.2977578294277192
    },
    "squad_gpt4": {
        "in_context_perplexity": 4.548080084323883
    },
    "squad_claude": {
        "in_context_perplexity": 2.659775756597519
    },
    "squad_mini_gpt4": {
        "in_context_perplexity": 3.9981652808189394
    },
    "squad_groundtruth": {
        "in_context_perplexity": 17.820120179653166
    },
    "squad_gpt4_style_in_context_examples": {
        "in_context_perplexity": 3.4600515127182008
    },
    "squad_openai_human_written_examples": {
        "in_context_perplexity": 2.8344263255596163
    }
}