{
    "mmlu_step_by_step": {
        "in_context_perplexity": 3.5721410115559897
    },
    "mmlu_gpt4": {
        "in_context_perplexity": 4.354914140701294
    },
    "mmlu_claude": {
        "in_context_perplexity": 3.082616130510966
    },
    "mmlu_mini_gpt4": {
        "in_context_perplexity": 3.6627010424931843
    },
    "mmlu_groundtruth": {
        "in_context_perplexity": 2546.5116307576495
    },
    "mmlu_gpt4_style_in_context_examples": {
        "in_context_perplexity": 3.613728332519531
    },
    "mmlu_openai_human_written_examples": {
        "in_context_perplexity": 4.6768196741739905
    }
}