{
    "boolq_step_by_step": {
        "in_context_perplexity": 2.9894750928878784
    },
    "boolq_gpt4": {
        "in_context_perplexity": 3.3056270909309386
    },
    "boolq_claude": {
        "in_context_perplexity": 2.418534183502197
    },
    "boolq_mini_gpt4": {
        "in_context_perplexity": 3.3575689458847044
    },
    "boolq_groundtruth": {
        "in_context_perplexity": 65.96328304290772
    },
    "boolq_gpt4_style_in_context_examples": {
        "in_context_perplexity": 2.7229708099365233
    },
    "boolq_openai_human_written_examples": {
        "in_context_perplexity": 2.4880704855918885
    }
}