{
    "mmlu_step_by_step": {
        "perplexity": 4.744172652562459,
        "diversity_score": 0.098,
        "complexity_score": 0.0676,
        "IDF_score": 0.583,
        "average_token_len": 308.6,
        "Average_Char_Lenth": 1564.0666666666666
    },
    "mmlu_gpt4": {
        "perplexity": 5.178313493728638,
        "diversity_score": 0.0843,
        "complexity_score": 0.0805,
        "IDF_score": 0.536,
        "average_token_len": 241.93333333333334,
        "Average_Char_Lenth": 1260.5
    },
    "mmlu_claude": {
        "perplexity": 3.2174240271250407,
        "diversity_score": 0.0841,
        "complexity_score": 0.0805,
        "IDF_score": 0.567,
        "average_token_len": 246.66666666666666,
        "Average_Char_Lenth": 1280.0
    },
    "mmlu_mini_gpt4": {
        "perplexity": 4.384777188301086,
        "diversity_score": 0.07,
        "complexity_score": 0.0768,
        "IDF_score": 0.506,
        "average_token_len": 203.6,
        "Average_Char_Lenth": 1074.0333333333333
    },
    "mmlu_groundtruth": {
        "perplexity": 26.83635950088501,
        "diversity_score": 0.425,
        "complexity_score": 0.00153,
        "IDF_score": 0.121,
        "average_token_len": 4.0,
        "Average_Char_Lenth": 15.0
    },
    "mmlu_gpt4_style_in_context_examples": {
        "perplexity": 4.594831418991089,
        "diversity_score": 0.122,
        "complexity_score": 0.0728,
        "IDF_score": 0.582,
        "average_token_len": 382.1666666666667,
        "Average_Char_Lenth": 1939.7666666666667
    },
    "mmlu_openai_human_written_examples": {
        "perplexity": 4.67346469561259,
        "diversity_score": 0.0907,
        "complexity_score": 0.0756,
        "IDF_score": 0.531,
        "average_token_len": 280.76666666666665,
        "Average_Char_Lenth": 1442.5
    }
}