{
    "squad_step_by_step": {
        "in_context_perplexity": 2.4651363611221315
    },
    "squad_gpt4": {
        "in_context_perplexity": 3.596179144382477
    },
    "squad_claude": {
        "in_context_perplexity": 2.0455635833740233
    },
    "squad_mini_gpt4": {
        "in_context_perplexity": 2.819360933303833
    },
    "squad_groundtruth": {
        "in_context_perplexity": 15.977399201393128
    },
    "squad_gpt4_style_in_context_examples": {
        "in_context_perplexity": 2.5686328268051146
    },
    "squad_openai_human_written_examples": {
        "in_context_perplexity": 2.1225711274147034
    }
}