{
    "hellaswag_step_by_step": {
        "perplexity": 4.969911519686381,
        "diversity_score": 0.128,
        "complexity_score": 0.0565,
        "IDF_score": 0.488,
        "average_token_len": 291.96666666666664,
        "Average_Char_Lenth": 1230.3
    },
    "hellaswag_gpt4": {
        "perplexity": 6.731436491012573,
        "diversity_score": 0.104,
        "complexity_score": 0.0697,
        "IDF_score": 0.443,
        "average_token_len": 184.0,
        "Average_Char_Lenth": 807.2333333333333
    },
    "hellaswag_claude": {
        "perplexity": 3.9689822594324746,
        "diversity_score": 0.102,
        "complexity_score": 0.0604,
        "IDF_score": 0.413,
        "average_token_len": 184.03333333333333,
        "Average_Char_Lenth": 796.7
    },
    "hellaswag_mini_gpt4": {
        "perplexity": 7.027185352643331,
        "diversity_score": 0.0955,
        "complexity_score": 0.062,
        "IDF_score": 0.437,
        "average_token_len": 144.36666666666667,
        "Average_Char_Lenth": 648.4666666666667
    },
    "hellaswag_groundtruth": {
        "perplexity": 49622090.60789388,
        "diversity_score": 0.346,
        "complexity_score": 0.00217,
        "IDF_score": 268000.0,
        "average_token_len": 3.0,
        "Average_Char_Lenth": 1.0
    },
    "hellaswag_gpt4_style_in_context_examples": {
        "perplexity": 3.79470948378245,
        "diversity_score": 0.131,
        "complexity_score": 0.0521,
        "IDF_score": 0.41,
        "average_token_len": 281.73333333333335,
        "Average_Char_Lenth": 1121.7666666666667
    },
    "hellaswag_openai_human_written_examples": {
        "perplexity": 5.951167249679566,
        "diversity_score": 0.0998,
        "complexity_score": 0.0556,
        "IDF_score": 0.356,
        "average_token_len": 151.26666666666668,
        "Average_Char_Lenth": 669.1666666666666
    }
}