{
    "math_geometry_step_by_step": {
        "perplexity": 2.6168933391571043,
        "diversity_score": 0.11,
        "complexity_score": 0.0744,
        "IDF_score": 0.897,
        "average_token_len": 681.5666666666667,
        "Average_Char_Lenth": 1782.3666666666666
    },
    "math_geometry_gpt4": {
        "perplexity": 2.6908613602320353,
        "diversity_score": 0.109,
        "complexity_score": 0.0784,
        "IDF_score": 0.909,
        "average_token_len": 637.6666666666666,
        "Average_Char_Lenth": 1695.7666666666667
    },
    "math_geometry_claude": {
        "perplexity": 2.5800461610158285,
        "diversity_score": 0.119,
        "complexity_score": 0.0697,
        "IDF_score": 0.799,
        "average_token_len": 387.56666666666666,
        "Average_Char_Lenth": 917.0
    },
    "math_geometry_mini_gpt4": {
        "perplexity": 2.3067296107610065,
        "diversity_score": 0.111,
        "complexity_score": 0.0766,
        "IDF_score": 0.904,
        "average_token_len": 740.1666666666666,
        "Average_Char_Lenth": 1803.7666666666667
    },
    "math_geometry_groundtruth": {
        "perplexity": 10.460841981569926,
        "diversity_score": 0.175,
        "complexity_score": 0.11,
        "IDF_score": 1.56,
        "average_token_len": 359.93333333333334,
        "Average_Char_Lenth": 875.8333333333334
    },
    "math_geometry_gpt4_style_in_context_examples": {
        "perplexity": 4.246127629280091,
        "diversity_score": 0.12,
        "complexity_score": 0.0801,
        "IDF_score": 0.92,
        "average_token_len": 703.0333333333333,
        "Average_Char_Lenth": 1916.0
    },
    "math_geometry_openai_human_written_examples": {
        "perplexity": 4.987514813741048,
        "diversity_score": 0.121,
        "complexity_score": 0.087,
        "IDF_score": 0.892,
        "average_token_len": 592.2,
        "Average_Char_Lenth": 1679.2
    },
    "math_geometry_rewrite_groundtruth_in_own_words": {
        "perplexity": 3.423983081181844,
        "diversity_score": 0.114,
        "complexity_score": 0.0829,
        "IDF_score": 0.869,
        "average_token_len": 438.5,
        "Average_Char_Lenth": 1230.6
    }
}