{
    "mmlu_step_by_step": {
        "in_context_perplexity": 4.493974232673645
    },
    "mmlu_gpt4": {
        "in_context_perplexity": 4.535678362846374
    },
    "mmlu_claude": {
        "in_context_perplexity": 3.4401881217956545
    },
    "mmlu_mini_gpt4": {
        "in_context_perplexity": 4.339188146591186
    },
    "mmlu_groundtruth": {
        "in_context_perplexity": 50.649281120300294
    },
    "mmlu_gpt4_style_in_context_examples": {
        "in_context_perplexity": 4.235974669456482
    },
    "mmlu_openai_human_written_examples": {
        "in_context_perplexity": 5.0827319622039795
    }
}