{
    "piqa_step_by_step": {
        "in_context_perplexity": 3.2689966917037965
    },
    "piqa_gpt4": {
        "in_context_perplexity": 4.699784688949585
    },
    "piqa_claude": {
        "in_context_perplexity": 3.3400163221359254
    },
    "piqa_mini_gpt4": {
        "in_context_perplexity": 3.6386993026733396
    },
    "piqa_groundtruth": {
        "in_context_perplexity": 15259222.005668946
    },
    "piqa_gpt4_style_in_context_examples": {
        "in_context_perplexity": 3.9131910037994384
    },
    "piqa_openai_human_written_examples": {
        "in_context_perplexity": 5.05719856262207
    }
}