{
    "piqa_gpt4_style_in_context_examples": {
        "in_context_perplexity": 4.49380886554718
    },
    "piqa_claude": {
        "in_context_perplexity": 3.3050552368164063
    },
    "piqa_step_by_step": {
        "in_context_perplexity": 3.6698320388793944
    },
    "piqa_gpt4": {
        "in_context_perplexity": 5.102511644363403
    },
    "piqa_mini_gpt4": {
        "in_context_perplexity": 4.485927724838257
    },
    "piqa_groundtruth": {
        "in_context_perplexity": 2731458.3189453124
    },
    "piqa_openai_human_written_examples": {
        "in_context_perplexity": 5.281652426719665
    }
}