{
    "mmlu_gpt4_style_in_context_examples": {
        "in_context_perplexity": 3.901460369427999
    },
    "mmlu_claude": {
        "in_context_perplexity": 3.0905308802922566
    },
    "mmlu_step_by_step": {
        "in_context_perplexity": 4.205127263069153
    },
    "mmlu_gpt4": {
        "in_context_perplexity": 4.826863050460815
    },
    "mmlu_mini_gpt4": {
        "in_context_perplexity": 4.1765419244766235
    },
    "mmlu_groundtruth": {
        "in_context_perplexity": 275.8261140823364
    },
    "mmlu_openai_human_written_examples": {
        "in_context_perplexity": 4.8759459813435875
    }
}