{
    "mmlu_gpt4_style_in_context_examples": {
        "in_context_perplexity": 4.544611678123474
    },
    "mmlu_claude": {
        "in_context_perplexity": 3.4407572746276855
    },
    "mmlu_step_by_step": {
        "in_context_perplexity": 4.672636942863464
    },
    "mmlu_gpt4": {
        "in_context_perplexity": 5.057180075645447
    },
    "mmlu_mini_gpt4": {
        "in_context_perplexity": 4.500153775215149
    },
    "mmlu_groundtruth": {
        "in_context_perplexity": 27.827886428833008
    },
    "mmlu_openai_human_written_examples": {
        "in_context_perplexity": 4.971674361228943
    }
}