{
    "mmlu_gpt4_style_in_context_examples": {
        "in_context_perplexity": 4.0443106412887575
    },
    "mmlu_claude": {
        "in_context_perplexity": 3.032746696472168
    },
    "mmlu_step_by_step": {
        "in_context_perplexity": 4.284176349639893
    },
    "mmlu_gpt4": {
        "in_context_perplexity": 5.081814312934876
    },
    "mmlu_mini_gpt4": {
        "in_context_perplexity": 4.1549642324447635
    },
    "mmlu_groundtruth": {
        "in_context_perplexity": 375.7817102193832
    },
    "mmlu_openai_human_written_examples": {
        "in_context_perplexity": 4.873088026046753
    }
}