{
    "drop_gpt4_style_in_context_examples": {
        "in_context_perplexity": 3.3193722009658813
    },
    "drop_claude": {
        "in_context_perplexity": 3.181758721669515
    },
    "drop_step_by_step": {
        "in_context_perplexity": 3.601915490627289
    },
    "drop_gpt4": {
        "in_context_perplexity": 4.248417894045512
    },
    "drop_mini_gpt4": {
        "in_context_perplexity": 4.633848659197489
    },
    "drop_groundtruth": {
        "in_context_perplexity": 132.85651582082113
    },
    "drop_openai_human_written_examples": {
        "in_context_perplexity": 3.5374973893165587
    }
}