{
    "gsm8k_gpt4_style_in_context_examples": {
        "in_context_perplexity": 2.038822817802429
    },
    "gsm8k_claude": {
        "in_context_perplexity": 2.345854938030243
    },
    "gsm8k_step_by_step": {
        "in_context_perplexity": 2.0210054397583006
    },
    "gsm8k_gpt4": {
        "in_context_perplexity": 1.926724660396576
    },
    "gsm8k_mini_gpt4": {
        "in_context_perplexity": 2.3308900713920595
    },
    "gsm8k_groundtruth": {
        "in_context_perplexity": 4.382209372520447
    },
    "gsm8k_openai_human_written_examples": {
        "in_context_perplexity": 2.1899629712104796
    },
    "gsm8k_rewrite_groundtruth_in_own_words": {
        "in_context_perplexity": 4.516085147857666
    }
}