{
    "mbpp_step_by_step": {
        "perplexity": 3.2403193076451617,
        "IDF_score": 1.17,
        "average_token_len": 162.93333333333334,
        "log_propability": -169.0,
        "skywork_reward_score": 10.441545059912315,
        "CAR_score": 2.45
    },
    "mbpp_claude": {
        "perplexity": 8.399937796592713,
        "IDF_score": 1.18,
        "average_token_len": 57.333333333333336,
        "log_propability": -61.9,
        "skywork_reward_score": 12.266118174363791,
        "CAR_score": 2.53
    },
    "mbpp_gpt4_style_in_context_examples": {
        "perplexity": 7.545241097609202,
        "IDF_score": 1.25,
        "average_token_len": 66.66666666666667,
        "log_propability": -73.9,
        "skywork_reward_score": 14.328004217349024,
        "CAR_score": 2.93
    },
    "mbpp_gpt4": {
        "perplexity": 8.973510464032492,
        "IDF_score": 1.36,
        "average_token_len": 60.03333333333333,
        "log_propability": -72.2,
        "skywork_reward_score": 11.308378195460838,
        "CAR_score": 2.09
    },
    "mbpp_mini_gpt4": {
        "perplexity": 6.652979365984598,
        "IDF_score": 1.23,
        "average_token_len": 80.06666666666666,
        "log_propability": -98.9,
        "skywork_reward_score": 13.030968517190797,
        "CAR_score": 2.43
    },
    "mbpp_groundtruth": {
        "perplexity": 30.79610331058502,
        "IDF_score": 2.04,
        "average_token_len": 77.33333333333333,
        "log_propability": -147.0,
        "skywork_reward_score": 13.549902292243539,
        "CAR_score": 1.6
    },
    "mbpp_openai_human_written_examples": {
        "perplexity": 4.510975193977356,
        "IDF_score": 1.32,
        "average_token_len": 185.36666666666667,
        "log_propability": -248.0,
        "skywork_reward_score": 14.62748698946796,
        "CAR_score": 2.77
    },
    "mbpp_rewrite_groundtruth_in_own_words": {
        "perplexity": 15.974182657400767,
        "IDF_score": 1.93,
        "average_token_len": 73.43333333333334,
        "log_propability": -119.0,
        "skywork_reward_score": 15.180344979974288,
        "CAR_score": 2.11
    }
}