{
    "piqa_step_by_step": {
        "in_context_perplexity": 3.338813638687134
    },
    "piqa_gpt4": {
        "in_context_perplexity": 4.924412512779236
    },
    "piqa_claude": {
        "in_context_perplexity": 3.2798039436340334
    },
    "piqa_mini_gpt4": {
        "in_context_perplexity": 3.7825729131698607
    },
    "piqa_groundtruth": {
        "in_context_perplexity": 14364946.684765626
    },
    "piqa_gpt4_style_in_context_examples": {
        "in_context_perplexity": 4.1078993558883665
    },
    "piqa_openai_human_written_examples": {
        "in_context_perplexity": 4.480617952346802
    }
}