{
    "drop_step_by_step": {
        "in_context_perplexity": 3.25370812813441
    },
    "drop_gpt4": {
        "in_context_perplexity": 3.4194989800453186
    },
    "drop_claude": {
        "in_context_perplexity": 3.0431944886843363
    },
    "drop_mini_gpt4": {
        "in_context_perplexity": 3.4336591800053915
    },
    "drop_groundtruth": {
        "in_context_perplexity": 387.71452645460766
    },
    "drop_gpt4_style_in_context_examples": {
        "in_context_perplexity": 3.1411546071370444
    },
    "drop_openai_human_written_examples": {
        "in_context_perplexity": 3.056581111749013
    }
}