{
    "gsm8k_step_by_step": {
        "in_context_perplexity": 2.1750309069951377
    },
    "gsm8k_gpt4": {
        "in_context_perplexity": 2.0705432256062823
    },
    "gsm8k_claude": {
        "in_context_perplexity": 2.4207454562187194
    },
    "gsm8k_mini_gpt4": {
        "in_context_perplexity": 2.1267441670099894
    },
    "gsm8k_groundtruth": {
        "in_context_perplexity": 5.356363280614217
    },
    "gsm8k_gpt4_style_in_context_examples": {
        "in_context_perplexity": 2.0073822776476544
    },
    "gsm8k_openai_human_written_examples": {
        "in_context_perplexity": 2.3555710514386496
    },
    "gsm8k_rewrite_groundtruth_in_own_words": {
        "in_context_perplexity": 4.248560774326324
    }
}