{
    "gsm8k_step_by_step": {
        "in_context_perplexity": 2.0028070628643038
    },
    "gsm8k_gpt4": {
        "in_context_perplexity": 1.8951939046382904
    },
    "gsm8k_claude": {
        "in_context_perplexity": 2.3468720436096193
    },
    "gsm8k_mini_gpt4": {
        "in_context_perplexity": 2.066678947210312
    },
    "gsm8k_groundtruth": {
        "in_context_perplexity": 4.01893994808197
    },
    "gsm8k_gpt4_style_in_context_examples": {
        "in_context_perplexity": 1.9166687071323394
    },
    "gsm8k_openai_human_written_examples": {
        "in_context_perplexity": 2.299051433801651
    },
    "gsm8k_rewrite_groundtruth_in_own_words": {
        "in_context_perplexity": 3.7007568895816805
    }
}