{
    "piqa_step_by_step": {
        "in_context_perplexity": 3.593734788894653
    },
    "piqa_gpt4": {
        "in_context_perplexity": 4.953540825843811
    },
    "piqa_claude": {
        "in_context_perplexity": 3.3903180599212646
    },
    "piqa_mini_gpt4": {
        "in_context_perplexity": 4.086016101837158
    },
    "piqa_groundtruth": {
        "in_context_perplexity": 4088871.3678515623
    },
    "piqa_gpt4_style_in_context_examples": {
        "in_context_perplexity": 4.514301147460937
    },
    "piqa_openai_human_written_examples": {
        "in_context_perplexity": 5.810689659118652
    }
}