{
    "mmlu_step_by_step": {
        "in_context_perplexity": 3.924922671318054
    },
    "mmlu_claude": {
        "in_context_perplexity": 2.9904722595214843
    },
    "mmlu_gpt4_style_in_context_examples": {
        "in_context_perplexity": 3.7840498304367065
    },
    "mmlu_gpt4": {
        "in_context_perplexity": 4.541835618019104
    },
    "mmlu_mini_gpt4": {
        "in_context_perplexity": 3.6013191747665405
    },
    "mmlu_groundtruth": {
        "in_context_perplexity": 930.8359450531005
    },
    "mmlu_openai_human_written_examples": {
        "in_context_perplexity": 4.483276615142822
    }
}