{
    "piqa_step_by_step": {
        "in_context_perplexity": 4.040455389022827
    },
    "piqa_claude": {
        "in_context_perplexity": 3.326019287109375
    },
    "piqa_gpt4_style_in_context_examples": {
        "in_context_perplexity": 5.262365360260009
    },
    "piqa_gpt4": {
        "in_context_perplexity": 5.929872646331787
    },
    "piqa_mini_gpt4": {
        "in_context_perplexity": 4.3761192798614506
    },
    "piqa_groundtruth": {
        "in_context_perplexity": 1167362.2629394531
    },
    "piqa_openai_human_written_examples": {
        "in_context_perplexity": 5.491890549659729
    }
}