{
    "mmlu_step_by_step": {
        "in_context_perplexity": 3.9147717475891115
    },
    "mmlu_gpt4": {
        "in_context_perplexity": 4.666461300849915
    },
    "mmlu_claude": {
        "in_context_perplexity": 2.9550761699676515
    },
    "mmlu_mini_gpt4": {
        "in_context_perplexity": 3.8955905199050904
    },
    "mmlu_groundtruth": {
        "in_context_perplexity": 236.37506923675537
    },
    "mmlu_gpt4_style_in_context_examples": {
        "in_context_perplexity": 4.066387248039246
    },
    "mmlu_openai_human_written_examples": {
        "in_context_perplexity": 4.5481973648071286
    }
}