{
    "gsm8k_step_by_step": {
        "in_context_perplexity": 1.5627075159549713
    },
    "gsm8k_gpt4": {
        "in_context_perplexity": 1.657272870540619
    },
    "gsm8k_claude": {
        "in_context_perplexity": 1.8481347835063935
    },
    "gsm8k_mini_gpt4": {
        "in_context_perplexity": 1.6392882800102233
    },
    "gsm8k_groundtruth": {
        "in_context_perplexity": 2.269010478258133
    },
    "gsm8k_gpt4_style_in_context_examples": {
        "in_context_perplexity": 1.7039949917793273
    },
    "gsm8k_openai_human_written_examples": {
        "in_context_perplexity": 1.799019376039505
    },
    "gsm8k_rewrite_groundtruth_in_own_words": {
        "in_context_perplexity": 3.0804844546318053
    }
}