{
    "piqa_step_by_step": {
        "in_context_perplexity": 3.8991029262542725
    },
    "piqa_gpt4": {
        "in_context_perplexity": 5.222370023727417
    },
    "piqa_claude": {
        "in_context_perplexity": 3.6878204011917113
    },
    "piqa_mini_gpt4": {
        "in_context_perplexity": 4.309139122962952
    },
    "piqa_groundtruth": {
        "in_context_perplexity": 108.6481015777588
    },
    "piqa_gpt4_style_in_context_examples": {
        "in_context_perplexity": 4.973721399307251
    },
    "piqa_openai_human_written_examples": {
        "in_context_perplexity": 5.107427697181702
    }
}