{
    "drop_step_by_step": {
        "in_context_perplexity": 3.2376614713668825
    },
    "drop_gpt4": {
        "in_context_perplexity": 3.406113168001175
    },
    "drop_claude": {
        "in_context_perplexity": 2.9902207255363464
    },
    "drop_mini_gpt4": {
        "in_context_perplexity": 3.6254124414920805
    },
    "drop_groundtruth": {
        "in_context_perplexity": 292.3104225373268
    },
    "drop_gpt4_style_in_context_examples": {
        "in_context_perplexity": 3.0378191459178923
    },
    "drop_openai_human_written_examples": {
        "in_context_perplexity": 3.1102921497821807
    }
}