{
    "drop_step_by_step": {
        "in_context_perplexity": 2.15592972834905
    },
    "drop_gpt4": {
        "in_context_perplexity": 2.2437374353408814
    },
    "drop_claude": {
        "in_context_perplexity": 2.4931159218152366
    },
    "drop_mini_gpt4": {
        "in_context_perplexity": 2.1899999340375262
    },
    "drop_groundtruth": {
        "in_context_perplexity": 49.904547754923506
    },
    "drop_gpt4_style_in_context_examples": {
        "in_context_perplexity": 2.3750938614209494
    },
    "drop_openai_human_written_examples": {
        "in_context_perplexity": 2.0193186958630878
    }
}