{
    "drop_step_by_step": {
        "in_context_perplexity": 2.890157604217529
    },
    "drop_claude": {
        "in_context_perplexity": 2.3599485993385314
    },
    "drop_gpt4_style_in_context_examples": {
        "in_context_perplexity": 2.6997518301010133
    },
    "drop_gpt4": {
        "in_context_perplexity": 2.634198272228241
    },
    "drop_mini_gpt4": {
        "in_context_perplexity": 2.6692384481430054
    },
    "drop_groundtruth": {
        "in_context_perplexity": 12.249759578704834
    },
    "drop_openai_human_written_examples": {
        "in_context_perplexity": 2.3893821120262144
    }
}