{
    "gsm8k_step_by_step": {
        "in_context_perplexity": 1.5907571911811829
    },
    "gsm8k_gpt4": {
        "in_context_perplexity": 1.6950554060935974
    },
    "gsm8k_claude": {
        "in_context_perplexity": 1.885995864868164
    },
    "gsm8k_mini_gpt4": {
        "in_context_perplexity": 1.6518860816955567
    },
    "gsm8k_groundtruth": {
        "in_context_perplexity": 2.451780138015747
    },
    "gsm8k_gpt4_style_in_context_examples": {
        "in_context_perplexity": 1.7290670347213746
    },
    "gsm8k_openai_human_written_examples": {
        "in_context_perplexity": 1.8191442918777465
    },
    "gsm8k_rewrite_groundtruth_in_own_words": {
        "in_context_perplexity": 3.0627516293525696
    }
}