{
    "gsm8k_step_by_step": {
        "in_context_perplexity": 1.8054177641868592
    },
    "gsm8k_claude": {
        "in_context_perplexity": 1.9402509331703186
    },
    "gsm8k_gpt4_style_in_context_examples": {
        "in_context_perplexity": 1.8881989479064942
    },
    "gsm8k_gpt4": {
        "in_context_perplexity": 1.9860720872879027
    },
    "gsm8k_mini_gpt4": {
        "in_context_perplexity": 2.0172470808029175
    },
    "gsm8k_groundtruth": {
        "in_context_perplexity": 3.0836759328842165
    },
    "gsm8k_openai_human_written_examples": {
        "in_context_perplexity": 1.9295831561088561
    },
    "gsm8k_rewrite_groundtruth_in_own_words": {
        "in_context_perplexity": 3.8187272548675537
    }
}