{
    "piqa_step_by_step": {
        "in_context_perplexity": 4.158871865272522
    },
    "piqa_gpt4": {
        "in_context_perplexity": 5.6127500295639035
    },
    "piqa_claude": {
        "in_context_perplexity": 3.7252710342407225
    },
    "piqa_mini_gpt4": {
        "in_context_perplexity": 4.105427575111389
    },
    "piqa_groundtruth": {
        "in_context_perplexity": 120.44649772644043
    },
    "piqa_gpt4_style_in_context_examples": {
        "in_context_perplexity": 5.1024336338043215
    },
    "piqa_openai_human_written_examples": {
        "in_context_perplexity": 5.010371398925781
    }
}