{
    "drop_step_by_step": {
        "in_context_perplexity": 3.4888855457305907
    },
    "drop_claude": {
        "in_context_perplexity": 2.588844418525696
    },
    "drop_gpt4_style_in_context_examples": {
        "in_context_perplexity": 2.931345081329346
    },
    "drop_gpt4": {
        "in_context_perplexity": 3.7884882211685182
    },
    "drop_mini_gpt4": {
        "in_context_perplexity": 3.1134745121002196
    },
    "drop_groundtruth": {
        "in_context_perplexity": 80.86439634561539
    },
    "drop_openai_human_written_examples": {
        "in_context_perplexity": 2.994435358047485
    }
}