{
    "piqa_step_by_step": {
        "in_context_perplexity": 3.8759390830993654
    },
    "piqa_gpt4": {
        "in_context_perplexity": 5.246922087669373
    },
    "piqa_claude": {
        "in_context_perplexity": 3.7499149799346925
    },
    "piqa_mini_gpt4": {
        "in_context_perplexity": 4.204207289218902
    },
    "piqa_groundtruth": {
        "in_context_perplexity": 106.90116119384766
    },
    "piqa_gpt4_style_in_context_examples": {
        "in_context_perplexity": 4.688918960094452
    },
    "piqa_openai_human_written_examples": {
        "in_context_perplexity": 4.973064410686493
    }
}