{
    "squad_step_by_step": {
        "in_context_perplexity": 2.4849689745903016
    },
    "squad_gpt4": {
        "in_context_perplexity": 3.483034360408783
    },
    "squad_claude": {
        "in_context_perplexity": 2.1785892248153687
    },
    "squad_mini_gpt4": {
        "in_context_perplexity": 2.9603736209869385
    },
    "squad_groundtruth": {
        "in_context_perplexity": 220.77435802936554
    },
    "squad_gpt4_style_in_context_examples": {
        "in_context_perplexity": 2.5298587703704833
    },
    "squad_openai_human_written_examples": {
        "in_context_perplexity": 2.1618691205978395
    }
}