{
    "gsm8k_step_by_step": {
        "in_context_perplexity": 1.4727750182151795
    },
    "gsm8k_gpt4": {
        "in_context_perplexity": 1.6318037629127502
    },
    "gsm8k_claude": {
        "in_context_perplexity": 1.8774147272109984
    },
    "gsm8k_mini_gpt4": {
        "in_context_perplexity": 1.5560245156288146
    },
    "gsm8k_groundtruth": {
        "in_context_perplexity": 1.9403850555419921
    },
    "gsm8k_gpt4_style_in_context_examples": {
        "in_context_perplexity": 1.8447698473930358
    },
    "gsm8k_openai_human_written_examples": {
        "in_context_perplexity": 1.7852888345718383
    },
    "gsm8k_rewrite_groundtruth_in_own_words": {
        "in_context_perplexity": 2.950050437450409
    }
}