{
    "mmlu_step_by_step": {
        "in_context_perplexity": 3.606578254699707
    },
    "mmlu_gpt4": {
        "in_context_perplexity": 3.931789517402649
    },
    "mmlu_claude": {
        "in_context_perplexity": 2.9891391038894652
    },
    "mmlu_mini_gpt4": {
        "in_context_perplexity": 3.6631605863571166
    },
    "mmlu_groundtruth": {
        "in_context_perplexity": 101.50357141494752
    },
    "mmlu_gpt4_style_in_context_examples": {
        "in_context_perplexity": 3.4271642208099364
    },
    "mmlu_openai_human_written_examples": {
        "in_context_perplexity": 3.7058310747146606
    }
}