{
    "piqa_step_by_step": {
        "in_context_perplexity": 4.046611166000366
    },
    "piqa_gpt4": {
        "in_context_perplexity": 4.918336963653564
    },
    "piqa_claude": {
        "in_context_perplexity": 3.6245157599449156
    },
    "piqa_mini_gpt4": {
        "in_context_perplexity": 4.1070932149887085
    },
    "piqa_groundtruth": {
        "in_context_perplexity": 120.41528339385987
    },
    "piqa_gpt4_style_in_context_examples": {
        "in_context_perplexity": 4.85974200963974
    },
    "piqa_openai_human_written_examples": {
        "in_context_perplexity": 5.265938329696655
    }
}