{
    "mmlu_step_by_step": {
        "in_context_perplexity": 3.620310778617859
    },
    "mmlu_claude": {
        "in_context_perplexity": 2.9812703728675842
    },
    "mmlu_gpt4_style_in_context_examples": {
        "in_context_perplexity": 3.586622943878174
    },
    "mmlu_gpt4": {
        "in_context_perplexity": 4.148748021125794
    },
    "mmlu_mini_gpt4": {
        "in_context_perplexity": 3.5109672069549562
    },
    "mmlu_groundtruth": {
        "in_context_perplexity": 79.15837635040283
    },
    "mmlu_openai_human_written_examples": {
        "in_context_perplexity": 4.108489379882813
    }
}