{
    "drop_step_by_step": {
        "in_context_perplexity": 1.9372224998474121
    },
    "drop_gpt4": {
        "in_context_perplexity": 2.1276240730285645
    },
    "drop_claude": {
        "in_context_perplexity": 1.8948877668380737
    },
    "drop_mini_gpt4": {
        "in_context_perplexity": 2.1150732040405273
    },
    "drop_groundtruth": {
        "in_context_perplexity": 18.914018721580504
    },
    "drop_gpt4_style_in_context_examples": {
        "in_context_perplexity": 2.1571226263046266
    },
    "drop_openai_human_written_examples": {
        "in_context_perplexity": 1.933180422782898
    }
}