{
    "drop_step_by_step": {
        "in_context_perplexity": 2.810734431743622
    },
    "drop_claude": {
        "in_context_perplexity": 2.591712601184845
    },
    "drop_gpt4_style_in_context_examples": {
        "in_context_perplexity": 2.8763536524772646
    },
    "drop_gpt4": {
        "in_context_perplexity": 3.1283722925186157
    },
    "drop_mini_gpt4": {
        "in_context_perplexity": 3.5509062385559083
    },
    "drop_groundtruth": {
        "in_context_perplexity": 16.190464611053468
    },
    "drop_openai_human_written_examples": {
        "in_context_perplexity": 2.43650488615036
    }
}