{
    "drop_step_by_step": {
        "in_context_perplexity": 2.049492576122284
    },
    "drop_gpt4": {
        "in_context_perplexity": 2.057684109210968
    },
    "drop_claude": {
        "in_context_perplexity": 1.9525805711746216
    },
    "drop_mini_gpt4": {
        "in_context_perplexity": 2.1355854272842407
    },
    "drop_groundtruth": {
        "in_context_perplexity": 17.16905550956726
    },
    "drop_gpt4_style_in_context_examples": {
        "in_context_perplexity": 2.280430619716644
    },
    "drop_openai_human_written_examples": {
        "in_context_perplexity": 1.8431582045555115
    }
}