{
    "drop_step_by_step": {
        "in_context_perplexity": 1.9887270212173462
    },
    "drop_claude": {
        "in_context_perplexity": 1.8633433723449706
    },
    "drop_gpt4_style_in_context_examples": {
        "in_context_perplexity": 2.112868673801422
    },
    "drop_gpt4": {
        "in_context_perplexity": 2.1180617904663084
    },
    "drop_mini_gpt4": {
        "in_context_perplexity": 2.1357490968704225
    },
    "drop_groundtruth": {
        "in_context_perplexity": 21.249874353408813
    },
    "drop_openai_human_written_examples": {
        "in_context_perplexity": 1.9211038303375245
    }
}