{
    "drop_step_by_step": {
        "in_context_perplexity": 2.511032294034958
    },
    "drop_gpt4": {
        "in_context_perplexity": 2.4609526014328003
    },
    "drop_claude": {
        "in_context_perplexity": 2.592018027305603
    },
    "drop_mini_gpt4": {
        "in_context_perplexity": 2.6362671279907226
    },
    "drop_groundtruth": {
        "in_context_perplexity": 29.62008755683899
    },
    "drop_gpt4_style_in_context_examples": {
        "in_context_perplexity": 2.599048830270767
    },
    "drop_openai_human_written_examples": {
        "in_context_perplexity": 2.2416326677799225
    }
}