{
    "piqa_step_by_step": {
        "in_context_perplexity": 4.087921774387359
    },
    "piqa_claude": {
        "in_context_perplexity": 3.720649309158325
    },
    "piqa_gpt4_style_in_context_examples": {
        "in_context_perplexity": 4.787958405017853
    },
    "piqa_gpt4": {
        "in_context_perplexity": 5.1180534839630125
    },
    "piqa_mini_gpt4": {
        "in_context_perplexity": 4.2137433576583865
    },
    "piqa_groundtruth": {
        "in_context_perplexity": 127.59913478851318
    },
    "piqa_openai_human_written_examples": {
        "in_context_perplexity": 4.706874034404755
    }
}