{
    "piqa_step_by_step": {
        "in_context_perplexity": 3.8175158143043517
    },
    "piqa_gpt4": {
        "in_context_perplexity": 5.528273725509644
    },
    "piqa_claude": {
        "in_context_perplexity": 3.770337975025177
    },
    "piqa_mini_gpt4": {
        "in_context_perplexity": 4.403330481052398
    },
    "piqa_groundtruth": {
        "in_context_perplexity": 102.86759452819824
    },
    "piqa_gpt4_style_in_context_examples": {
        "in_context_perplexity": 5.163683319091797
    },
    "piqa_openai_human_written_examples": {
        "in_context_perplexity": 4.760020637512207
    }
}