{
    "gsm8k_step_by_step": {
        "in_context_perplexity": 2.1048683428764345
    },
    "gsm8k_gpt4": {
        "in_context_perplexity": 2.1146264553070067
    },
    "gsm8k_claude": {
        "in_context_perplexity": 2.4862671971321104
    },
    "gsm8k_mini_gpt4": {
        "in_context_perplexity": 2.1653158020973207
    },
    "gsm8k_groundtruth": {
        "in_context_perplexity": 5.105552642345429
    },
    "gsm8k_gpt4_style_in_context_examples": {
        "in_context_perplexity": 2.185920741558075
    },
    "gsm8k_openai_human_written_examples": {
        "in_context_perplexity": 2.4405867671966552
    },
    "gsm8k_rewrite_groundtruth_in_own_words": {
        "in_context_perplexity": 3.863974914550781
    }
}