{
    "gsm8k_step_by_step": {
        "in_context_perplexity": 1.6079049587249756
    },
    "gsm8k_gpt4": {
        "in_context_perplexity": 1.6601896739006043
    },
    "gsm8k_claude": {
        "in_context_perplexity": 1.807957911491394
    },
    "gsm8k_mini_gpt4": {
        "in_context_perplexity": 1.6818168663978577
    },
    "gsm8k_groundtruth": {
        "in_context_perplexity": 2.2094071984291075
    },
    "gsm8k_gpt4_style_in_context_examples": {
        "in_context_perplexity": 1.6634123301506043
    },
    "gsm8k_openai_human_written_examples": {
        "in_context_perplexity": 1.7822292828559876
    },
    "gsm8k_rewrite_groundtruth_in_own_words": {
        "in_context_perplexity": 3.0349824905395506
    }
}