{
    "step_by_step": 10.86912109375,
    "claude": 14.723427734375,
    "gpt4_style_in_context_examples": 17.17769287109375,
    "gpt4": 11.73033203125,
    "mini_gpt4": 12.948203125,
    "groundtruth": -13.6784375,
    "openai_human_written_examples": 14.568134765625
}