{
    "step_by_step": 10.86912109375,
    "gpt4": 22.599453125,
    "claude": 37.322880859375
}