{
    "step_by_step": 19.602977541227826,
    "gpt4": 20.289303933966185,
    "claude": 21.220184529171284,
    "mini_gpt4": 22.109614268639135,
    "groundtruth": 21.22013256132206,
    "gpt4_style_in_context_examples": 22.4830205879296,
    "openai_human_written_examples": 23.408464046909646
}