{
    "step_by_step": 9.162109375,
    "claude": 11.74609375,
    "gpt4_style_in_context_examples": 14.590625,
    "gpt4": 12.6296875,
    "mini_gpt4": 14.659375,
    "groundtruth": -14.515625,
    "openai_human_written_examples": 14.4984375
}