{
    "step_by_step": -1.06355078125,
    "gpt4": -1.176705322265625,
    "claude": -1.372713134765625,
    "mini_gpt4": -1.664349853515625,
    "groundtruth": -2.067802978515625,
    "gpt4_style_in_context_examples": -2.253412353515625,
    "openai_human_written_examples": -2.380701416015625
}