{
    "step_by_step": -2.346580322265625,
    "gpt4": -2.433205322265625,
    "claude": -2.553951416015625,
    "mini_gpt4": -2.812510009765625,
    "groundtruth": -3.096869384765625,
    "gpt4_style_in_context_examples": -3.177712646484375,
    "openai_human_written_examples": -3.215036865234375
}