{
    "gpt4": 14.96065380859375,
    "claude": 32.65620703125
}