{
    "step_by_step": 4.293375,
    "gpt4": 4.992,
    "claude": 5.75059375,
    "mini_gpt4": 6.32603125,
    "groundtruth": 5.8653125,
    "gpt4_style_in_context_examples": 6.8216875,
    "openai_human_written_examples": 7.4495625
}