{
    "step_by_step": 18.38515625,
    "claude": 18.4426416015625,
    "gpt4_style_in_context_examples": 21.884375,
    "gpt4": 15.2178125,
    "mini_gpt4": 13.7196875,
    "groundtruth": -13.6121875,
    "openai_human_written_examples": 13.88109375
}