{
    "step_by_step": 7.7725,
    "claude": 8.6402734375,
    "gpt4_style_in_context_examples": 8.571328125,
    "gpt4": 6.812421875,
    "mini_gpt4": 8.0455078125,
    "groundtruth": 2.67765625,
    "openai_human_written_examples": 9.6519140625
}