{
    "gpt4": 6.952697570800781,
    "claude": 15.996135375976563,
    "step_by_step": 23.193836547851564,
    "mini_gpt4": 31.279681823730467,
    "groundtruth": 35.07722975158691,
    "gpt4_style_in_context_examples": 44.657530532836915,
    "openai_human_written_examples": 53.904353088378905,
    "simple_response": 57.93912390136719
}