{
    "step_by_step": 7.7745703125,
    "gpt4": 15.402861328125,
    "claude": 24.202685546875,
    "mini_gpt4": 32.73047424316406
}