{
    "step_by_step": 7.1546875,
    "claude": 9.4390625,
    "gpt4_style_in_context_examples": 6.646875,
    "gpt4": 6.753125,
    "mini_gpt4": 9.6859375,
    "groundtruth": 3.95,
    "openai_human_written_examples": 10.522265625
}