{
    "gpt4": 4.4731574096679685,
    "claude": 10.131637023925782
}