{
    "step_by_step": 1.18068310546875,
    "gpt4": 1.27749560546875,
    "claude": 1.42290185546875,
    "mini_gpt4": 1.41352099609375,
    "groundtruth": 1.38607568359375,
    "gpt4_style_in_context_examples": 1.57402880859375,
    "openai_human_written_examples": 1.71586279296875
}