{
    "step_by_step": 3.382384765625,
    "gpt4": 3.867421875,
    "claude": 4.365453125,
    "mini_gpt4": 4.80506640625,
    "groundtruth": 4.92032421875,
    "gpt4_style_in_context_examples": 5.70153515625,
    "openai_human_written_examples": 6.15770068359375,
    "rewrite_groundtruth_in_own_words": 6.40226318359375
}