{
    "step_by_step": 12.72984375,
    "claude": 11.9279296875,
    "gpt4_style_in_context_examples": 18.147421875,
    "gpt4": 11.42474609375,
    "mini_gpt4": 7.4275390625,
    "groundtruth": 1.96228515625,
    "openai_human_written_examples": 11.0839990234375,
    "rewrite_groundtruth_in_own_words": 4.68484375
}