{
    "step_by_step": 12.59701171875,
    "claude": 11.93869140625,
    "gpt4_style_in_context_examples": 18.1303515625,
    "gpt4": 10.82961669921875,
    "mini_gpt4": 7.60150390625,
    "groundtruth": 2.138232421875,
    "openai_human_written_examples": 11.1918603515625,
    "rewrite_groundtruth_in_own_words": 4.32465087890625
}