{
    "gpt4": 12.40015869140625,
    "claude": 27.70669580078125,
    "step_by_step": 41.399490600585935,
    "mini_gpt4": 53.89564709472656,
    "groundtruth": 57.50963092041015,
    "gpt4_style_in_context_examples": 64.7296284790039,
    "openai_human_written_examples": 71.38566558837891,
    "simple_response": 74.24821141052246,
    "rewrite_groundtruth_in_own_words": 72.69621307373046
}