{
    "step_by_step": 16.01875,
    "claude": 18.475,
    "gpt4_style_in_context_examples": 10.3609375,
    "gpt4": 13.515625,
    "mini_gpt4": 16.95,
    "groundtruth": 4.81796875,
    "openai_human_written_examples": 9.43125,
    "rewrite_groundtruth_in_own_words": -1.7197265625
}