{
    "step_by_step": 13.62515625,
    "claude": 15.71421875,
    "gpt4_style_in_context_examples": 7.456513671875,
    "gpt4": 12.57046875,
    "mini_gpt4": 12.69953125,
    "groundtruth": 3.5452734375,
    "openai_human_written_examples": 6.746259765625,
    "rewrite_groundtruth_in_own_words": -2.04734375
}