{
    "step_by_step": 3.141572265625,
    "gpt4": 3.623072265625,
    "claude": 4.255634765625,
    "mini_gpt4": 4.766791015625,
    "groundtruth": 4.911744140625,
    "gpt4_style_in_context_examples": 5.234470703125,
    "openai_human_written_examples": 5.554095703125,
    "rewrite_groundtruth_in_own_words": 5.452802734375
}