{
    "step_by_step": 5.730382690429687,
    "gpt4": 11.141144409179688,
    "claude": 18.752785034179688,
    "mini_gpt4": 21.735988159179687,
    "groundtruth": 4.434113159179687,
    "gpt4_style_in_context_examples": 10.415397338867187
}