{
    "gpt4": 4.999284240722656,
    "claude": 12.010510803222656
}