{
    "step_by_step": 25.38125,
    "claude": 22.28125,
    "gpt4_style_in_context_examples": 11.593341064453124,
    "gpt4": 26.9375,
    "mini_gpt4": 23.38125,
    "groundtruth": 14.475,
    "openai_human_written_examples": 5.374072265625,
    "rewrite_groundtruth_in_own_words": 21.015625
}