{
    "step_by_step": 22.426015625,
    "claude": 16.3634765625,
    "gpt4_style_in_context_examples": 11.554255981445312,
    "gpt4": 20.88734375,
    "mini_gpt4": 20.3828125,
    "groundtruth": 8.50780517578125,
    "openai_human_written_examples": 7.9575244140625,
    "rewrite_groundtruth_in_own_words": 15.823359375
}