{
    "step_by_step": 22.426015625,
    "gpt4": 43.313359375,
    "claude": 59.6768359375,
    "mini_gpt4": 80.0596484375,
    "groundtruth": 88.56745361328124,
    "gpt4_style_in_context_examples": 100.12170959472657,
    "openai_human_written_examples": 108.07923400878906,
    "rewrite_groundtruth_in_own_words": 123.90259338378907
}