{
    "step_by_step": 22.426015625,
    "gpt4": 43.313359375,
    "claude": 59.6768359375,
    "mini_gpt4": 80.0596484375
}