{
    "step_by_step": 7.89607421875,
    "claude": 15.1948828125,
    "gpt4_style_in_context_examples": 12.96017578125,
    "gpt4": 13.78646484375,
    "mini_gpt4": 13.496734619140625,
    "groundtruth": 8.923515625,
    "openai_human_written_examples": 3.98309814453125,
    "rewrite_groundtruth_in_own_words": 9.04900390625
}