{
    "step_by_step": 15.520192850491165,
    "gpt4": 16.355116703339267,
    "claude": 17.206127054077662,
    "mini_gpt4": 17.96655118918117,
    "groundtruth": 18.46027564197653,
    "gpt4_style_in_context_examples": 19.216357524887922,
    "openai_human_written_examples": 19.379871996143198,
    "rewrite_groundtruth_in_own_words": 19.870942836069357
}