{
    "gpt4": 12.646688432835822,
    "anthropic": 16.515032260572138,
    "step_by_step": 14.195642879353233,
    "mini_gpt4": 10.344255286069652,
    "groundtruth": -3.0103910835228156,
    "provide_gpt4_style_example": 21.020075404228855,
    "human_written_examples": 16.676130759775344
}