{
    "gpt4": 6.964841059745179,
    "anthropic": 10.20628794100002,
    "step_by_step": 10.409618199035812,
    "mini_gpt4": 7.3826235095988295,
    "groundtruth": -3.438366514263731,
    "provide_gpt4_style_example": 10.075230453953598,
    "human_written_examples": 7.848154535635115
}