{
    "step_by_step": 8.333203125,
    "claude": 7.546875,
    "gpt4_style_in_context_examples": 9.95543212890625,
    "gpt4": 0.7515625,
    "mini_gpt4": 3.030126953125,
    "groundtruth": -8.21796875,
    "openai_human_written_examples": 1.70869140625
}