{
    "step_by_step": 13.851244140625,
    "gpt4": 14.420056640625,
    "claude": 15.339181640625,
    "mini_gpt4": 15.7773134765625,
    "groundtruth": 15.4096416015625,
    "gpt4_style_in_context_examples": 16.4554775390625,
    "openai_human_written_examples": 17.2447958984375
}