{
    "step_by_step": 7.21953125,
    "claude": 9.5796875,
    "gpt4_style_in_context_examples": 4.35,
    "gpt4": 3.59326171875,
    "mini_gpt4": 5.416796875,
    "groundtruth": -8.802001953125,
    "openai_human_written_examples": -1.65107421875
}