{
    "step_by_step": 12.7699267578125,
    "gpt4": 22.7822314453125,
    "claude": 38.3166064453125,
    "mini_gpt4": 46.10298461914063,
    "groundtruth": 40.56380615234375,
    "gpt4_style_in_context_examples": 59.25458740234375
}