{
    "step_by_step": 7.4625,
    "claude": 1.7109375,
    "gpt4_style_in_context_examples": 5.68359375,
    "gpt4": 3.07314453125,
    "mini_gpt4": 5.80625,
    "groundtruth": -16.865625,
    "openai_human_written_examples": -1.1015625
}