{
    "step_by_step": 5.810166015625,
    "gpt4": 6.34244873046875,
    "claude": 7.02238623046875,
    "mini_gpt4": 7.38830810546875,
    "groundtruth": 6.57599560546875,
    "gpt4_style_in_context_examples": 7.32990966796875,
    "openai_human_written_examples": 7.72901123046875
}