{
    "step_by_step": 8.683876953125,
    "claude": 9.4371875,
    "gpt4_style_in_context_examples": 8.11249267578125,
    "gpt4": 3.61876953125,
    "mini_gpt4": 5.741201171875,
    "groundtruth": -8.341923828125,
    "openai_human_written_examples": 2.090390625
}