{
    "step_by_step": 1.227555908203125,
    "gpt4": 1.411317626953125,
    "claude": 1.799911376953125,
    "mini_gpt4": 2.063348876953125,
    "groundtruth": 1.729524658203125,
    "gpt4_style_in_context_examples": 2.061852783203125,
    "openai_human_written_examples": 2.190458251953125
}