{
    "gpt4": 5.946508544921875,
    "claude": 15.040109817504883
}