{
    "step_by_step": 9.357373046875,
    "claude": 8.291833038330077,
    "gpt4_style_in_context_examples": 8.641328125,
    "gpt4": 4.850244140625,
    "mini_gpt4": 5.6226123046875,
    "groundtruth": -5.804345703125,
    "openai_human_written_examples": 6.465596618652344
}