{
    "step_by_step": 9.765625,
    "claude": 8.365234375,
    "gpt4_style_in_context_examples": 8.2064453125,
    "gpt4": 5.98984375,
    "mini_gpt4": 7.3984375,
    "groundtruth": -5.869921875,
    "openai_human_written_examples": 6.1390625
}