{
    "step_by_step": 0.7859890747070313,
    "gpt4": 0.3853365612030029,
    "claude": -2.4404413318634033,
    "mini_gpt4": -6.106882982254028,
    "groundtruth": -17.92723454475403
}