{
    "step_by_step": -3.042105407714844,
    "gpt4": -7.645470886230469
}