{
    "step_by_step": 2.844521484375,
    "claude": -0.5344482421875,
    "gpt4_style_in_context_examples": 2.51083740234375,
    "gpt4": 2.1948486328125,
    "mini_gpt4": -0.349189453125,
    "groundtruth": -15.09875,
    "openai_human_written_examples": -0.373876953125,
    "rewrite_groundtruth_in_own_words": -7.42302734375
}