{
    "gpt4": -4.603365478515625,
    "claude": -9.1318896484375,
    "step_by_step": -12.173995056152343,
    "mini_gpt4": -19.65087615966797,
    "groundtruth": -29.00306365966797,
    "gpt4_style_in_context_examples": -30.659471178054808,
    "openai_human_written_examples": -37.30713475227356
}