{
    "step_by_step": -0.2810546875,
    "claude": -3.904296875,
    "gpt4_style_in_context_examples": 0.52109375,
    "gpt4": 0.244140625,
    "mini_gpt4": -6.65703125,
    "groundtruth": -12.2625,
    "openai_human_written_examples": -1.0390625,
    "rewrite_groundtruth_in_own_words": -6.677734375
}