{
    "step_by_step": 0.7859890747070313,
    "gpt4": 0.3853365612030029
}