{
    "step_by_step": -8.263046875,
    "claude": -6.7010400390625,
    "gpt4_style_in_context_examples": -4.832314453125,
    "gpt4": -8.05814453125,
    "mini_gpt4": -12.685078125,
    "groundtruth": -19.7125,
    "openai_human_written_examples": -10.48349609375,
    "rewrite_groundtruth_in_own_words": -17.3309375
}