{
    "step_by_step": 0.273291015625,
    "claude": -2.8015625,
    "gpt4_style_in_context_examples": 1.62578125,
    "gpt4": -0.646484375,
    "mini_gpt4": -5.761328125,
    "groundtruth": -12.64375,
    "openai_human_written_examples": -1.94453125,
    "rewrite_groundtruth_in_own_words": -8.778125
}