{
    "gpt4_style_in_context_examples": -4.833987808227539,
    "claude": -5.079500503540039,
    "step_by_step": -5.153466567993164,
    "gpt4": -5.1805490875244145,
    "mini_gpt4": -5.588057632446289,
    "groundtruth": -6.151368179321289,
    "openai_human_written_examples": -6.632857437133789,
    "rewrite_groundtruth_in_own_words": -7.089339370727539
}