{
    "step_by_step": 2.799935607910156,
    "gpt4": 5.368230590820312
}