{
    "gpt4": -0.4006525135040283,
    "claude": -3.226430406570435,
    "step_by_step": -2.4404413318634033
}