{
    "gpt4_style_in_context_examples": -1.3854489135742187,
    "claude": -1.6221749877929688,
    "step_by_step": -1.7404318237304688,
    "gpt4": -1.8307736206054688,
    "mini_gpt4": -2.220539245605469,
    "groundtruth": -2.659865417480469,
    "openai_human_written_examples": -3.0491207885742186,
    "rewrite_groundtruth_in_own_words": -3.3952536010742187
}