{
    "step_by_step": -4.023017578125,
    "claude": -4.5125390625,
    "gpt4_style_in_context_examples": -4.776171875,
    "gpt4": -6.0451123046875,
    "mini_gpt4": -5.96138916015625,
    "groundtruth": -13.199375,
    "openai_human_written_examples": -6.2324609375,
    "rewrite_groundtruth_in_own_words": -13.91490234375
}