{
    "step_by_step": -2.953089599609375,
    "claude": -4.080244140625,
    "gpt4_style_in_context_examples": -1.1806005859375,
    "gpt4": -4.4150732421875,
    "mini_gpt4": -7.6235498046875,
    "groundtruth": -9.210625,
    "openai_human_written_examples": -6.0418701171875,
    "rewrite_groundtruth_in_own_words": -12.832109375
}