{
    "step_by_step": 7.03671875,
    "claude": 1.140625,
    "gpt4_style_in_context_examples": 6.63359375,
    "gpt4": 6.50859375,
    "mini_gpt4": 0.6869140625,
    "groundtruth": -7.238671875,
    "openai_human_written_examples": 3.096875,
    "rewrite_groundtruth_in_own_words": -2.9955078125
}