{
    "step_by_step": -0.259375,
    "claude": -1.7787109375,
    "gpt4_style_in_context_examples": 1.93125,
    "gpt4": 1.25185546875,
    "mini_gpt4": -5.528515625,
    "groundtruth": -7.421875,
    "openai_human_written_examples": -5.21875,
    "rewrite_groundtruth_in_own_words": -5.95849609375
}