{
    "step_by_step": 2.2264794921875,
    "gpt4": 3.87812255859375
}