{
    "gpt4": 2.428056884765625,
    "claude": 5.244384552001953
}