{
    "step_by_step": 11.94578125,
    "claude": 13.2184375,
    "gpt4_style_in_context_examples": 13.6137109375,
    "gpt4": 11.498125,
    "mini_gpt4": 11.10655517578125,
    "groundtruth": 5.934599609375,
    "openai_human_written_examples": 12.182265625
}