{
    "gpt4": 10.851316711425781,
    "claude": 22.57213165283203,
    "step_by_step": 34.14819659423828,
    "mini_gpt4": 44.59609332275391
}