{
    "gpt4": 11.451875,
    "anthropic": 13.548125,
    "step_by_step": 12.10828125,
    "mini_gpt4": 11.08885986328125,
    "groundtruth": 5.934599609375,
    "provide_gpt4_style_example": 13.5758203125,
    "human_written_examples": 12.182265625
}