{
    "step_by_step": 11.2375,
    "claude": 10.778125,
    "gpt4_style_in_context_examples": 11.646875,
    "gpt4": 8.7359375,
    "mini_gpt4": 7.9276611328125,
    "groundtruth": 5.89951171875,
    "openai_human_written_examples": 11.875
}